initialization_kind,initialization_seed,iteration,total_objective,feature_raw,feature_normalized,gw_raw,gw_normalized,coverage_loss,entropy_loss,shannon_plan_entropy,gradient_norm,step_norm,source_marginal_feasibility_error,objective_improvement,learning_rate
uniform,0,0,0.9720477948239378,0.16273564111570363,0.894621894648115,0.20141702643631434,0.9965054863807323,0.10132063763597493,-3.766108822047345,3.766108822047345,12.322478714705444,0.0682804741306783,8.326672684688674e-17,0.02795220517103736,0.05
uniform,0,1,0.9616986375079138,0.16926667823018773,0.9305255771931252,0.19638619140134442,0.9716155612233421,0.035557229212600926,-3.820349450706213,3.820349450706213,11.799323730897985,0.03828061774968512,9.71445146547012e-17,0.010349157316023927,0.052500000000000005
uniform,0,2,0.9405620102598599,0.16344408258853566,0.8985164763655992,0.19272848348687688,0.9535191466905936,0.07935311505148267,-3.719955343018328,3.719955343018328,12.017018821262846,0.03559022600869053,2.7755575615628914e-17,0.021136627248053985,0.05512500000000001
uniform,0,3,0.8669858252841521,0.16574501568418276,0.9111656115604077,0.17213586244240325,0.8516376910219702,0.046615412757258425,-3.5608362809099336,3.5608362809099336,11.890480899482835,0.051557035706240255,9.71445146547012e-17,0.07357618497570773,0.05788125000000001
uniform,0,4,0.7636431160637943,0.1677341049869499,0.9221004186405644,0.14353520305893136,0.71013667447932,0.05155055441630853,-3.3653182929207914,3.3653182929207914,12.17735473947873,0.0620077794744491,8.326672684688674e-17,0.10334270922035782,0.06077531250000001
uniform,0,5,0.6493512274501151,0.17185307310915535,0.9447440082084002,0.11105140824634396,0.5494239466531826,0.10972654081280345,-3.0672459443153506,3.0672459443153506,12.56718330600816,0.0701698646960059,2.7755575615628914e-17,0.11429188861367923,0.06381407812500002
uniform,0,6,0.6169428594358961,0.16825822823718262,0.9249817305150722,0.10357118692799425,0.5124157467260801,0.13856167625679955,-2.982769698158129,2.982769698158129,13.204897302194741,0.041304950765185956,1.3877787807814457e-17,0.03240836801421898,0.06700478203125003
uniform,0,7,0.5977740111115016,0.16565947561687133,0.9106953641299013,0.09934915038617659,0.49152733102428486,0.14546718108127293,-2.90638501337748,2.90638501337748,13.20821884559797,0.036299945010496174,2.7755575615628914e-17,0.019168848324394472,0.07035502113281253
uniform,0,8,0.576710783593999,0.16550844365483033,0.9098650819673264,0.09377525310511849,0.4639506195646244,0.12815484286990705,-2.813839714039701,2.813839714039701,13.172342530983228,0.03625539321456584,5.551115123125783e-17,0.02106322751750267,0.07387277218945316
uniform,0,9,0.5512342099345365,0.16560400664724878,0.9103904293635667,0.08689251464322809,0.4298984504905958,0.12127647256979657,-2.6871254180564987,2.6871254180564987,13.162065783992993,0.04022072090606355,2.7755575615628914e-17,0.02547657365946243,0.07756641079892583
uniform,0,10,0.5188447367114668,0.165711792029813,0.9109829680508751,0.0781508677347563,0.38664938034781093,0.11119594378897371,-2.5515990754607376,2.5515990754607376,13.192943874007835,0.04602771810487423,1.3877787807814457e-17,0.03238947322306973,0.08144473133887213
uniform,0,11,0.5002991659049857,0.16507051288351965,0.9074576040868287,0.0733666331899553,0.36297950468546797,0.12001363691775607,-2.4467712304525686,2.4467712304525686,13.24862490375972,0.03231228338677328,2.7755575615628914e-17,0.018545570806481115,0.08551696790581574
uniform,0,12,0.4926844616010711,0.16503506122786588,0.907262712376986,0.07130386528365057,0.35277401425532945,0.12882728153275538,-2.3810401751310755,2.3810401751310755,13.246979442019883,0.023386070071445855,1.3877787807814457e-17,0.007614704303914588,0.08979281630110653
uniform,0,13,0.48824958553883097,0.16495670257792505,0.9068319440253728,0.07014625824430672,0.3470467836125722,0.1256511823058556,-2.3336088937327433,2.3336088937327433,13.264852624017154,0.01920062474469408,1.3877787807814457e-17,0.004434876062240134,0.09428245711616186
uniform,0,14,0.4826399209354486,0.16465132948362582,0.9051531878885883,0.06875868673308339,0.34018180974147366,0.12152666571962714,-2.2750218492317456,2.2750218492317456,13.26444891538187,0.022085022906229927,0.0,0.005609664603382358,0.09899657997196995
uniform,0,15,0.4798888550611014,0.1640901075150966,0.9020679297523772,0.0682311288973438,0.3375717311051283,0.11930742941609018,-2.2429854158284845,2.2429854158284845,13.25818041490508,0.012267458789135795,0.0,0.0027510658743472027,0.1
uniform,0,16,0.47967766539206447,0.16432122008515823,0.9033384465481327,0.06809985158838108,0.3369222400420676,0.11513737234805425,-2.240652708704097,2.240652708704097,13.25067659089445,0.004591125354334535,1.3877787807814457e-17,0.00021118966903693748,0.1
uniform,0,17,0.4794646529289989,0.16455539729931978,0.9046258108991766,0.06796643202062128,0.3362621502094673,0.11115875471043239,-2.2379493478874672,2.2379493478874672,13.250200614515734,0.0046097929986494415,1.3877787807814457e-17,0.00021301246306554278,0.1
uniform,0,18,0.479249382474373,0.16479287511433544,0.905931319952692,0.06783067176804396,0.3355904798997653,0.10736925613760165,-2.2348503851086265,2.2348503851086265,13.249796997737255,0.004633007932421592,1.3877787807814457e-17,0.00021527045462593764,0.1
uniform,0,19,0.47903138838005116,0.16503389613368008,0.9072563073955032,0.06769235920002938,0.33490618207598866,0.1037674974183886,-2.2313237055495128,2.2313237055495128,13.249468809693584,0.004661017112988928,1.3877787807814457e-17,0.00021799409432182726,0.1
uniform,0,20,0.47881017003660264,0.1652787104368739,0.9086021480131985,0.0675512679581293,0.3342081368356169,0.10035304065903454,-2.2273278894607786,2.2273278894607786,13.249219242223559,0.0046940948023664305,0.0,0.00022121834344851488,0.1
uniform,0,21,0.47858518709361175,0.16552757637447968,0.9099702620605447,0.0674071553342004,0.33349514338643954,0.09712640386458823,-2.2228089784949114,2.2228089784949114,13.249051640321683,0.004732541596800932,0.0,0.00022498294299089228,0.1
uniform,0,22,0.4783558543591043,0.16578076133744232,0.9113621194908479,0.0672597605340528,0.3327659114560024,0.0940890894390593,-2.217695344890251,2.217695344890251,13.248969531719789,0.004776683448558835,1.3877787807814457e-17,0.00022933273450742586,0.1
uniform,0,23,0.47812153632758875,0.166038542507415,0.9127792440807931,0.06710880281083077,0.332019052056557,0.09124362649726794,-2.211889012237903,2.211889012237903,13.248976656177971,0.004826870629898721,0.0,0.00023431803151557906,0.1
uniform,0,24,0.4778815412869212,0.16630120759302375,0.9142232174779799,0.06695397945220366,0.3312530675267408,0.08859362723706334,-2.205249640767961,2.205249640767961,13.24907699494451,0.004883476600695148,0.0,0.00023999504066757327,0.1
uniform,0,25,0.47763511495456257,0.16656905555554197,0.9156956831902409,0.06679496360517441,0.3304663407698733,0.08614385795974393,-2.197561083508986,2.197561083508986,13.249274800747564,0.004946896751239491,0.0,0.0002464263323586069,0.1
uniform,0,26,0.4773814335941158,0.16684239732609105,0.9171983505283762,0.06663140192198519,0.3296571236071363,0.08390032566695436,-2.1884466870275547,2.1884466870275547,13.249574628596454,0.005017547000447005,1.3877787807814457e-17,0.00025368136044678913,0.1
uniform,0,27,0.4771195965636323,0.1671215565151619,0.9187329985066727,0.06646291201028359,0.3288235241623369,0.0818703815211472,-2.177060773019318,2.177060773019318,13.249981367589596,0.005095862236832578,1.3877787807814457e-17,0.0002618370304834916,0.1
uniform,0,28,0.4769065856185519,0.16734857900460592,0.9199810305188473,0.06632480309528323,0.32814023390653785,0.08061525589366536,-2.164081681242796,2.164081681242796,13.250500273841112,0.004084114109312748,0.0,0.00021301094508036078,0.1
uniform,0,29,0.476889660749893,0.16737733747005196,0.9201391271267453,0.06630742544748809,0.3280542584471905,0.0814185132813795,-2.1643968271607354,2.1643968271607354,13.251168212262328,0.0012883177867853601,0.0,1.692486865895182e-05,0.1
uniform,0,30,0.476871375850856,0.16740722961090404,0.9203034559947231,0.06628913007940204,0.3279637425906332,0.08227049092002664,-2.164695472104387,2.164695472104387,13.252041833932628,0.0013391040219823225,0.0,1.8284899036991042e-05,0.1
uniform,0,31,0.4768516244609964,0.16743829793468434,0.9204742508033668,0.06626986346987275,0.32786842154236046,0.08317456033843236,-2.164974772968681,2.164974772968681,13.252955291155187,0.0013917945033211602,0.0,1.9751389859601343e-05,0.1
uniform,0,32,0.4768302922480016,0.16747058628307648,0.9206517525676736,0.06624956877568183,0.3277680140720314,0.08413435520596729,-2.165231606887789,2.165231606887789,13.253910488708124,0.001446448998384329,0.0,2.1332212994773503e-05,0.1
uniform,0,33,0.4768072565070449,0.1675041398380637,0.9208362096707952,0.0662281856330884,0.327662221531612,0.08515379406371143,-2.165462546224787,2.165462546224787,13.254909420881788,0.001503127549730483,0.0,2.3035740956689477e-05,0.1
uniform,0,34,0.47678238564438535,0.16753900512165984,0.9210278778625594,0.06620564995145994,0.3275507268343691,0.08623710529687004,-2.165663831156789,2.165663831156789,13.255954174149657,0.0015618901878646787,0.0,2.4870862659565063e-05,0.1
uniform,0,35,0.47675553864862563,0.16757522998790672,0.9212270202154759,0.06618189369969156,0.327433193398185,0.08738885461179183,-2.1658313395735695,2.1658313395735695,13.257046929501378,0.0016227965847955565,0.0,2.6846995759721715e-05,0.1
uniform,0,36,0.476726564554274,0.16761286360555763,0.9214339070295413,0.0661568446864369,0.3273092640582561,0.08861397531965645,-2.165960553965151,2.165960553965151,13.258189964311226,0.001685905636784204,0.0,2.8974094351652546e-05,0.1
uniform,0,37,0.4766953019038085,0.1676519564295566,0.921648815675449,0.06613042633558375,0.32717855995626394,0.08991780177482889,-2.1660465249230874,2.1660465249230874,13.259385653582909,0.0017512749624289813,0.0,3.126265046549115e-05,0.1
uniform,0,38,0.4766615782163971,0.16769256015904588,0.92187203036374,0.06610255745892557,0.32704067941567355,0.09130610637069331,-2.1660838308194306,2.1660838308194306,13.260636470370788,0.0018189602991504554,0.0,3.372368741139109e-05,0.1
uniform,0,39,0.47662520947388176,0.16773472767916853,0.9221038418248686,0.06607315202863755,0.3268951968160649,0.09278514056159598,-2.166066533154118,2.166066533154118,13.26194498512606,0.0018890147772515878,1.3877787807814457e-17,3.636874251533584e-05,0.1
uniform,0,40,0.47658599963773757,0.16777851298335839,0.9223445468820001,0.06604211895299975,0.3267416614835288,0.09436168045909075,-2.1659881269725942,2.1659881269725942,13.263313863650747,0.0019614880457870685,0.0,3.920983614419393e-05,0.1
uniform,0,41,0.4765437402146345,0.16782397107209251,0.9225944478944126,0.06600936185987069,0.3265795966194081,0.09604307764752712,-2.1658414856468298,2.1658414856468298,13.264745863258321,0.002036425218142918,0.0,4.225942310304154e-05,0.1
uniform,0,42,0.47649820989320735,0.16787115782318277,0.9228538520444391,0.0659747788937679,0.32640849829635926,0.09783731598281306,-2.165618799179091,2.165618799179091,13.266243826631602,0.0021138655970449867,0.0,4.55303214271785e-05,0.1
uniform,0,43,0.4764491742809667,0.1679201298275454,0.9231230704346285,0.06593826253414425,0.3262278345592788,0.09975307528505394,-2.1653115050216636,2.1653115050216636,13.267810672727904,0.002193841128042455,0.0,4.903561224062214e-05,0.1
uniform,0,44,0.4763963857784069,0.16797094418293607,0.9234024169538253,0.06589969944468028,0.3260370446796815,0.10179980301894019,-2.164910210197698,2.164910210197698,13.269449383897483,0.002276374516458511,0.0,5.27885025598529e-05,0.1
uniform,0,45,0.47633958363781537,0.16802365823626964,0.9236922068606,0.06585897036630088,0.3258355386264028,0.10398779528632535,-2.164404603245332,2.164404603245332,13.271162988138004,0.0023614769240930334,0.0,5.6802140591505346e-05,0.1
uniform,0,46,0.47627849426786245,0.16807832926271266,0.9239927550190951,0.0658159500703914,0.32562269683413714,0.10632828874858649,-2.163783354171398,2.163783354171398,13.272954535083162,0.002449145136778829,1.3877787807814457e-17,6.10893699529158e-05,0.1
uniform,0,47,0.4762128318627952,0.16813501406654002,0.9243043737047751,0.06577050739364151,0.32539787037582674,0.10883356547313952,-2.1630340001674426,2.1630340001674426,13.27482706388485,0.002539358059567991,0.0,6.566240506722387e-05,0.1
uniform,0,48,0.47614229945851294,0.1681937684844904,0.9246273698741783,0.06572250538251956,0.3251603816774447,0.1115170731884848,-2.1621428142743144,2.1621428142743144,13.276783560548646,0.0026320723489120785,0.0,7.053240428228635e-05,0.1
uniform,0,49,0.4760665905491005,0.16825464676661822,0.9249620417612137,0.06567180158420197,0.3249095259573609,0.11439356407764187,-2.161094653431828,2.161094653431828,13.27882690145053,0.0027272169247466605,0.0,7.57089094124419e-05,0.1
uniform,0,50,0.4759853914397042,0.1683177008017867,0.9253086746193933,0.06561824853276817,0.3246445736317784,0.11747925610220705,-2.1598727813434024,2.1598727813434024,13.28095977859159,0.0028246860107538755,0.0,8.11991093963016e-05,0.1
uniform,0,51,0.4758983845696151,0.16838297914403494,0.9256675353693877,0.06556169449598528,0.32436477400943153,0.1207920220194491,-2.1584586602127875,2.1584586602127875,13.28318460046943,0.0029243302139338443,0.0,8.700687008911245e-05,0.1
uniform,0,52,0.47580525312016775,0.16845052578061515,0.9260388658264418,0.06550198457113054,0.3240693607131383,0.12435161287035598,-2.1568317035048423,2.1568317035048423,13.285503359995607,0.0030259449520021954,0.0,9.313144944733676e-05,0.1
uniform,0,53,0.47570568733655166,0.16852037856023638,0.9264228740598119,0.06543896225127087,0.32375755942892825,0.1281799249902502,-2.1549689791865183,2.1549689791865183,13.287917457235615,0.0031292552313435446,0.0,9.956578361608459e-05,0.1
uniform,0,54,0.4755993931583706,0.16859256716723783,0.9268197232559984,0.06537247163142554,0.3234285988209745,0.13230132286401042,-2.1528448490052203,2.1528448490052203,13.290427459170584,0.0032338953056350248,0.0,0.00010629417818108777,0.1
uniform,0,55,0.47548610399948,0.16866711047785737,0.9272295171851129,0.06530236049561182,0.3230817258046715,0.13674303496981213,-2.1504305235808534,2.1504305235808534,13.293032769933454,0.0033393809950394244,0.0,0.00011328915889058377,0.1
uniform,0,56,0.4753655968919508,0.1687440130578055,0.9276522809466642,0.06522848463544227,0.32271622691278246,0.14153564706979244,-2.1476935042694225,2.1476935042694225,13.295731170835046,0.0034450712185163856,0.0,0.00012050710752919969,0.1
uniform,0,57,0.4752377147976344,0.16882326043700718,0.9280879349929521,0.06515071392435182,0.3223314583475198,0.14671372887565384,-2.1445968688523647,2.1445968688523647,13.298518165842731,0.0035501132135565693,0.0,0.00012788209431641162,0.1
uniform,0,58,0.4751023978513837,0.16890481259229617,0.928536259300873,0.06506894095595701,0.32192688871860203,0.15231664872138911,-2.141098335316126,2.141098335316126,13.301386026995388,0.0036533622562931627,0.0,0.00013531694625068535,0.1
uniform,0,59,0.47495972793771707,0.1689885947129695,0.928996842606537,0.06498309354205054,0.3215021608767557,0.15838966285160316,-2.137148998854498,2.137148998854498,13.30432235914532,0.0037532599394285776,1.3877787807814457e-17,0.0001426699136666265,0.1
uniform,0,60,0.47480999394549206,0.1690744836743594,0.9294690080451661,0.06489315324333131,0.3210571835940195,0.164985423868591,-2.1326915661081376,2.1326915661081376,13.307307858765126,0.003847641900598501,1.3877787807814457e-17,0.0001497339922250096,0.1
uniform,0,61,0.4746537906834809,0.16916228738320538,0.9299516996044728,0.06479918378827103,0.3205922721653455,0.17216616583535585,-2.127657771881677,2.127657771881677,13.310312643927666,0.003933418494258544,0.0,0.00015620326201115642,0.1
uniform,0,62,0.47449217614812617,0.16925171151693977,0.9304432992774163,0.0647013767162522,0.3201083742268343,0.18000706586463347,-2.121964366705483,2.121964366705483,13.31328986848215,0.004006010065942033,1.3877787807814457e-17,0.00016161453535473713,0.1
uniform,0,63,0.47432693882852256,0.16934230208602424,0.9309413113047508,0.06460012951700671,0.3196074563485698,0.1886018740907512,-2.1155063446896487,2.1155063446896487,13.316163691681552,0.00405826387661445,0.0,0.0001652373196036061,0.1
uniform,0,64,0.4741610985546588,0.16943333627759719,0.931441762099576,0.06449619211204906,0.3190932287476911,0.19807364689965437,-2.1081440029155063,2.1081440029155063,13.318804028833322,0.004078137215947408,1.3877787807814457e-17,0.00016584027386373767,0.1
uniform,0,65,0.4740000011502911,0.16952358392314454,0.9319378889412043,0.0643909814080038,0.31857270153277745,0.20860027654070123,-2.09967250504434,2.09967250504434,13.32096463450952,0.004042901635078339,1.3877787807814457e-17,0.00016109740436770492,0.1
uniform,0,66,0.47385451483884755,0.16961065391798197,0.932416546985714,0.06428742614193823,0.3180603645541031,0.22051046768417532,-2.089712228496367,2.089712228496367,13.322088536961298,0.0039005496748354767,0.0,0.0001454863114435656,0.1
uniform,0,67,0.4737664820404137,0.16966537089297823,0.9327173477414978,0.06421604240291563,0.317707195366607,0.2306748580084007,-2.0809449966366134,2.0809449966366134,13.320307605652356,0.0028485049131639164,0.0,8.803279843383471e-05,0.1
uniform,0,68,0.4737450732415265,0.16960526779303944,0.9323869373361753,0.06425186965605176,0.3178844497673088,0.2235001582001048,-2.088119696444909,2.088119696444909,13.306949862122215,0.0020139108853774626,0.0,2.140879888723468e-05,0.1
uniform,0,69,0.47374204196013503,0.16958765432462947,0.9322901091652089,0.06426230971750409,0.31793610169912145,0.22174383944917422,-2.0898760151958395,2.0898760151958395,13.31903078798159,0.0005901851284912643,0.0,3.0312813914523673e-06,0.1
uniform,0,70,0.4737402825447977,0.16957442789389793,0.9322173982677107,0.0642701317817537,0.31797480115803745,0.22048321093419643,-2.0911366437108176,2.0911366437108176,13.319882201917492,0.0004431860062474753,0.0,1.7594153373101662e-06,0.1
uniform,0,71,0.4737391476294887,0.16956388713310103,0.9321594515552972,0.0642763547034459,0.31800558890084807,0.21950930650283684,-2.0921105481421773,2.0921105481421773,13.320317847604635,0.00035319564100130715,0.0,1.1349153090089992e-06,0.1
uniform,0,72,0.47373837143318925,0.16955521285899577,0.9321117656551371,0.06428146849567298,0.31803088925455036,0.2187263078492192,-2.092893546795795,2.092893546795795,13.320573408535772,0.0002906541436486531,0.0,7.761962994567995e-07,0.1
uniform,0,73,0.4737378200687134,0.16954792713701933,0.9320717131727567,0.06428575865262762,0.3180521146942183,0.21808057548605225,-2.0935392791589615,2.0935392791589615,13.32073441009947,0.00024412708847105773,0.0,5.513644758536884e-07,0.1
uniform,0,74,0.4737374178013519,0.1695417197807364,0.9320375888911887,0.06428941019355341,0.3180701805977354,0.2175385130253165,-2.0940813416196975,2.0940813416196975,13.32084025221175,0.00020799363760528935,1.3877787807814457e-17,4.0226736147674913e-07,0.1
uniform,0,75,0.47373711841202365,0.16953637513907924,0.9320082072916032,0.06429255156056742,0.3180857224291266,0.21707747672779504,-2.094542377917219,2.094542377917219,13.320911704264919,0.0001790861373672792,0.0,2.993893282732252e-07,0.1
uniform,0,76,0.4737368921329668,0.16953173585868464,0.9319827033406066,0.06429527633896202,0.31809920319918583,0.21668138984258445,-2.0949384648024294,2.0949384648024294,13.320960718616181,0.000155451171345418,0.0,2.2627905682526261e-07,0.1
uniform,0,77,0.4737367190041942,0.16952768292803966,0.9319604227850525,0.06429765521254537,0.3181109726142107,0.21633838472730665,-2.0952814699177074,2.0952814699177074,13.320994611504192,0.00013580399599927645,1.3877787807814457e-17,1.731287726514097e-07,0.1
uniform,0,78,0.47373658521769324,0.16952412380674658,0.9319408568939382,0.0642997430710018,0.3181213022394834,0.21603943145961443,-2.0955804231853996,2.0955804231853996,13.321018070210055,0.00011925762767316854,1.3877787807814457e-17,1.3378650093320843e-07,0.1
uniform,0,79,0.4737364809808666,0.16952098493751655,0.9319236012938842,0.06430158349012394,0.31813040766510153,0.2157774908569385,-2.0958423637880754,2.0958423637880754,13.321034204017378,0.00010517598786978822,1.3877787807814457e-17,1.042368266146454e-07,0.1
uniform,0,80,0.47373639920705524,0.16951820679898966,0.9319083287725393,0.06430321168960888,0.3181384631395983,0.21554696592216643,-2.0960728887228477,2.0960728887228477,13.321045132153744,9.308876623905086e-05,0.0,8.177381138896322e-08,0.1
uniform,0,81,0.4737363346814478,0.16951574051220314,0.9318947706229995,0.06430465656035561,0.318145611599943,0.21534333257407026,-2.096276522070944,2.096276522070944,13.321052330330843,8.26393615458311e-05,1.3877787807814457e-17,6.452560741276869e-08,0.1
uniform,0,82,0.4737362835126124,0.16951354543923594,0.931882703442612,0.06430594209784349,0.31815197176314414,0.21516288296012223,-2.0964569716848915,2.0964569716848915,13.321056843806732,7.355163622701664e-05,0.0,5.116883544653561e-08,0.1
uniform,0,83,0.4737362427620753,0.16951158743877254,0.9318719395431228,0.0643070884424983,0.31815764327343304,0.21500254212198155,-2.0966173125230325,2.0966173125230325,13.321059423020053,6.560790459737342e-05,1.3877787807814457e-17,4.0750537055878056e-08,0.1
uniform,0,84,0.4737362101884044,0.16950983757010976,0.9318623198260912,0.06430811265193109,0.31816271052289574,0.21485973397097616,-2.0967601206740376,2.0967601206740376,13.32106061248356,5.8633906596553654e-05,0.0,3.2573670927238396e-08,0.1
uniform,0,85,0.47373618406691786,0.16950827111142439,0.9318537083859212,0.06430902928539758,0.31816724554307013,0.2147322813135004,-2.0968875733315135,2.0968875733315135,13.321060810496318,5.248827766271113e-05,0.0,2.6121486529362414e-08,0.1
uniform,0,86,0.4737361630605103,0.16950686680334098,0.9318459883514554,0.06430985085372345,0.31817131023094014,0.21461832994413413,-2.0970015247008797,2.0970015247008797,13.321060310105949,4.705499946742264e-05,0.0,2.1006407557866424e-08,0.1
uniform,0,87,0.4737361461257268,0.16950560625728073,0.9318390586334354,0.06431058817090089,0.3181749580884501,0.21451629010303883,-2.097103564541975,2.097103564541975,13.321059327720583,4.223787849328937e-05,1.3877787807814457e-17,1.69347835199396e-08,0.1
uniform,0,88,0.47373613244358237,0.1695044734864789,0.9318328313463213,0.06431125063253768,0.31817823560012454,0.21442479069086437,-2.0971950639541497,2.0971950639541497,13.321058023408275,3.795643570260801e-05,0.0,1.3682144417437314e-08,0.1
uniform,0,89,0.47373612136802057,0.1695034545297735,0.9318272297401083,0.06431184643902674,0.3181811833371936,0.21434264300983175,-2.0972772116351823,2.0972772116351823,13.321056515494705,3.414279800714634e-05,0.0,1.107556180102165e-08,0.1
uniform,0,90,0.47373611238712693,0.16950253714655505,0.9318221865233466,0.06431238277634393,0.3181838368520855,0.21426881172261472,-2.097351042922399,2.097351042922399,13.32105489118419,3.0739313804848126e-05,0.0,8.980893639876086e-09,0.1
uniform,0,91,0.4737361050936769,0.1695017105670078,0.9318176424901184,0.06431286596394868,0.318186227410161,0.21420239135266034,-2.097417463292354,2.097417463292354,13.321053214366101,2.769670032954167e-05,0.0,7.293450010603664e-09,0.1
uniform,0,92,0.4737360991625936,0.16950096528581254,0.9318135453859415,0.0643133015768449,0.3181883825936065,0.2141425870903362,-2.0974772675546776,2.0974772675546776,13.321051531402892,2.497258732544753e-05,0.0,5.931083291166317e-09,0.1
uniform,0,93,0.4737360943335692,0.16950029289038082,0.9318098489635047,0.06431369454712768,0.3181903268038339,0.2140886989817636,-2.0975311556632503,2.0975311556632503,13.321049875453896,2.2530360008059245e-05,0.0,4.829024402575044e-09,0.1
uniform,0,94,0.4737360903975842,0.16949968591679232,0.9318065121906993,0.06431404924908482,0.31819208168251806,0.21404010880208005,-2.0975797458429337,2.0975797458429337,13.321048269725903,2.033823077737808e-05,0.0,3.935985037895051e-09,0.1
uniform,0,95,0.4737360871863862,0.16949913772816028,0.9318034985819456,0.06431436957099448,0.3181936664668138,0.2139962690789475,-2.0976235855660663,2.0976235855660663,13.321046729929842,1.8368487724137567e-05,0.0,3.2111979741955565e-09,0.1
uniform,0,96,0.4737360845642401,0.16949864241130422,0.931800775630162,0.06431465897607191,0.3181950982908882,0.21395669385334615,-2.097663160791668,2.097663160791668,13.321045266145465,1.6596881177242052e-05,1.3877787807814457e-17,2.6221461113529188e-09,0.1
uniform,0,97,0.47373608242142734,0.16949819468848404,0.9317983143215334,0.06431492055449611,0.3181963924433213,0.2139209508552989,-2.097698903789715,2.097698903789715,13.321043884241414,1.5002119060810754e-05,0.0,2.142812760563828e-09,0.1
uniform,0,98,0.47373608066910133,0.1694977898416114,0.9317960887188703,0.0643151570680516,0.31819756258797005,0.21388865484062283,-2.0977311998043913,2.0977311998043913,13.321042586959178,1.356544877946865e-05,1.3877787807814457e-17,1.7523260065210877e-09,0.1
uniform,0,99,0.4737360792352033,0.16949742364686948,0.9317940756021886,0.06431537098861531,0.31819862095438106,0.21385946188702606,-2.097760392757988,2.097760392757988,13.321041374741737,1.2270308480616078e-05,0.0,1.4338980558470382e-09,0.1
uniform,0,100,0.47373607806120566,0.1694970923180673,0.9317922541573059,0.06431556453148139,0.3181995785026644,0.2138330644880915,-2.0977867901569227,2.0977867901569227,13.32104024636717,1.1102034372394452e-05,0.0,1.1739976213398506e-09,0.1
uniform,0,101,0.47373607709951077,0.16949679245736715,0.9317906057049702,0.06431573968433194,0.3182004450668254,0.21380918731492216,-2.0978106673300916,2.0978106673300916,13.321039199432837,1.0047613662160321e-05,0.0,9.616948903889977e-10,0.1
uniform,0,102,0.47373607631136483,0.16949652101227025,0.9317891134643939,0.0643158982325148,0.318201229479826,0.21378758353968735,-2.0978322711053266,2.0978322711053266,13.32103823072461,9.095474876368353e-06,0.0,7.881459374026178e-10,0.1
uniform,0,103,0.47373607566518133,0.16949627523793936,0.9317877623461259,0.06431604178117346,0.31820193968307176,0.21376803163460473,-2.0978518230104095,2.0978518230104095,13.321037336497522,8.235309007482818e-06,0.0,6.461834956006385e-10,0.1
uniform,0,104,0.4737360751351918,0.1694960526640965,0.9317865387700757,0.064316171774681,0.31820258282256075,0.2137503325752315,-2.0978695220697823,2.0978695220697823,13.321036512687956,7.457916237420476e-06,0.0,5.299895522448139e-10,0.1
uniform,0,105,0.473736074700356,0.16949585106585752,0.9317854305051788,0.06431628951375493,0.3182031653335589,0.2137343073892061,-2.0978855472558076,2.0978855472558076,13.321035755072941,6.755074003171923e-06,1.3877787807814457e-17,4.348357784955681e-10,0.1
uniform,0,106,0.47373607434348136,0.16949566843797023,0.9317844265277746,0.06431639617056872,0.31820369301536416,0.21371979500146154,-2.0979000596435524,2.0979000596435524,13.321035059388523,6.119422967639581e-06,0.0,3.568746409499113e-10,0.1
uniform,0,107,0.4737360740505097,0.16949550297200455,0.9317835168962108,0.06431649280212658,0.31820417109747695,0.21370665033493416,-2.09791320431008,2.09791320431008,13.321034421416503,5.544368090467021e-06,1.3877787807814457e-17,2.929716469424193e-10,0.1
uniform,0,108,0.4737360738099386,0.16949535303611357,0.9317826926395824,0.06431658036212644,0.31820460429829317,0.2136947426323132,-2.0979251120127005,2.0979251120127005,13.32103383704677,5.023992493954055e-06,1.3877787807814457e-17,2.405711185815562e-10,0.1
uniform,0,109,0.4737360736123511,0.1694952171570399,0.9317819456588136,0.06431665971150355,0.3182049968772674,0.21368395396972048,-2.0979359006752936,2.0979359006752936,13.32103330232081,4.55298222240089e-06,0.0,1.9758750191556373e-10,0.1
uniform,0,110,0.47373607345003427,0.16949509400408969,0.9317812686385559,0.0643167316278182,0.31820535268135897,0.21367417793760882,-2.097945676707405,2.097945676707405,13.321032813460828,4.126560315270177e-06,0.0,1.6231682664624714e-10,0.1
uniform,0,111,0.47373607331666745,0.1694949823748353,0.9317806549685917,0.0643167968136284,0.31820567518645515,0.21366531846781509,-2.097954536177199,2.097954536177199,13.32103236688783,3.7404288771734095e-06,0.0,1.3336681758957525e-10,0.1
uniform,0,112,0.47373607320706884,0.16949488118234124,0.9317800986736084,0.0643168559039686,0.3182059675343726,0.21365728878873327,-2.097962565856281,2.097962565856281,13.321031959231401,3.39071804052397e-06,0.0,1.0959860796688758e-10,0.1
uniform,0,113,0.4737360731169891,0.16949478944373556,0.9317795943503718,0.06431690947303938,0.31820623256595343,0.2136500104931091,-2.097969844151905,2.097969844151905,13.321031587333202,3.073940891214881e-06,0.0,9.007972145980148e-11,0.1
uniform,0,114,0.4737360730429419,0.16949470626997143,0.9317791371114417,0.06431695804019864,0.3182064728507075,0.21364341270508605,-2.097976441939928,2.097976441939928,13.321031248245847,2.7869535704694304e-06,0.0,7.404721280579452e-11,0.1
uniform,0,115,0.47373607298206616,0.1694946308566453,0.9317787225346947,0.06431700207533389,0.3182066907133909,0.21363743133492694,-2.097982423310087,2.097982423310087,13.321030939228399,2.5269198855851917e-06,0.0,6.087574888624658e-11,0.1
uniform,0,116,0.47373607293201325,0.16949456247575345,0.9317783466180081,0.06431704200368432,0.3182068882578636,0.21363200841135754,-2.0979878462336563,2.0979878462336563,13.321030657739472,2.291279859068524e-06,0.0,5.005290626414194e-11,0.1
uniform,0,117,0.47373607289085506,0.16949450046828451,0.9317780057385365,0.06431707821017342,0.31820706738852433,0.21362709148277081,-2.0979927631622433,2.0979927631622433,13.321030401428718,2.0777217288911787e-06,1.3877787807814457e-17,4.1158187968903803e-11,0.1
uniform,0,118,0.4737360728570076,0.16949444423755647,0.9317776966160841,0.06431711104330506,0.318207229829587,0.2136226330796336,-2.0979972215653806,2.0979972215653806,13.321030168127223,1.8841569804482444e-06,0.0,3.384748037404961e-11,0.1
uniform,0,119,0.47373607282917013,0.16949439324321985,0.9317774162801373,0.06431714081867013,0.31820737714242925,0.21361859023138677,-2.098001264413627,2.098001264413627,13.321029955837323,1.7086980484975744e-06,1.3877787807814457e-17,2.783745456369502e-11,0.1
uniform,0,120,0.4737360728062738,0.16949434699585564,0.9317771620401668,0.06431716782210453,0.3182075107412169,0.21361492403193894,-2.098004930613075,2.098004930613075,13.321029762722137,1.5496383764949053e-06,0.0,2.2896351481449528e-11,0.1
uniform,0,121,0.4737360727874401,0.16949430505210605,0.9317769314588604,0.06431719231253556,0.3182076319069858,0.21361159924856166,-2.0980082553964525,2.0980082553964525,13.32102958709509,1.405434561247278e-06,0.0,1.8833656856287462e-11,0.1
uniform,0,122,0.47373607277194735,0.16949426701028314,0.9317767223279813,0.06431721452454865,0.3182077418003414,0.2136085839695964,-2.0980112706754177,2.0980112706754177,13.32102942740958,1.2746903465760266e-06,1.3877787807814457e-17,1.549277373058544e-11,0.1
uniform,0,123,0.4737360727592021,0.169494232506406,0.9317765326465831,0.0643172346707033,0.3182078414729162,0.21360584928691684,-2.098014005358097,2.098014005358097,13.321029282248965,1.1561422593357369e-06,0.0,1.2745249300394335e-11,0.1
uniform,0,124,0.4737360727487166,0.16949420121062309,0.9317763606013421,0.06431725294362385,0.3182079318777142,0.21360336900954638,-2.0980164856354673,2.0980164856354673,13.32102915031693,1.0486467064532948e-06,1.3877787807814457e-17,1.0485501356072291e-11,0.1
uniform,0,125,0.4737360727400897,0.16949417282398083,0.9317762045487926,0.0643172695178877,0.3182080138784524,0.21360111940523457,-2.0980187352397794,2.0980187352397794,13.321029030428313,9.511683745254598e-07,1.3877787807814457e-17,8.626876990547316e-12,0.1
uniform,0,126,0.4737360727329919,0.16949414707550337,0.9317760629992738,0.06431728455173151,0.3182080882580026,0.21359907896714905,-2.098020775677865,2.098020775677865,13.32102892150043,8.627697916871884e-07,1.3877787807814457e-17,7.0978223298823195e-12,0.1
uniform,0,127,0.4737360727271518,0.1694941237195534,0.9317759346024208,0.06431729818859319,0.31820815572602024,0.21359722820314592,-2.098022626441868,2.098022626441868,13.321028822544895,7.826019285867759e-07,0.0,5.840106176435711e-12,0.1
uniform,0,128,0.4737360727223463,0.16949410253344516,0.9317758181340419,0.06431731055850634,0.318208216925843,0.21359554944535752,-2.0980243051996563,2.0980243051996563,13.321028732659963,7.098957291403109e-07,0.0,4.8054893397875276e-12,0.1
uniform,0,129,0.4737360727183922,0.16949408331528593,0.9317757124842536,0.06431732177936138,0.3182082724407307,0.21359402667807403,-2.09802582796694,2.09802582796694,13.32102865102341,6.439544744262559e-07,0.0,3.954114813353726e-12,0.1
uniform,0,130,0.4737360727151384,0.16949406588202243,0.93177561664674,0.06431733195804645,0.3182083227995097,0.21359264538210918,-2.098027209262905,2.098027209262905,13.321028576885878,5.84146893894971e-07,0.0,3.2537861294201775e-12,0.1
uniform,0,131,0.4737360727124608,0.16949405006767343,0.9317755297090369,0.06431734119148005,0.3182083684816817,0.21359139239402816,-2.098028462250986,2.098028462250986,13.321028509564727,5.299009476455685e-07,0.0,2.6775803796397213e-12,0.1
uniform,0,132,0.4737360727102573,0.16949403572172947,0.9317754508437344,0.06431734956754565,0.3182084099220478,0.2135902557787827,-2.098029598866231,2.098029598866231,13.321028448438339,4.806982116182716e-07,0.0,2.2035151481247794e-12,0.1
uniform,0,133,0.4737360727084441,0.1694940227077043,0.9317753793005139,0.06431735716593778,0.3182084475148948,0.21358922471444763,-2.0980306299305664,2.0980306299305664,13.321028392940873,4.360688052340906e-07,0.0,1.8132162438178057e-12,0.1
uniform,0,134,0.4737360727069518,0.1694940109018227,0.9317753143989342,0.06431736405892834,0.3182084816177858,0.2135882893878851,-2.098031565257129,2.098031565257129,13.321028342557426,3.9558680718605907e-07,0.0,1.4923062785499042e-12,0.1
uniform,0,135,0.4737360727057237,0.16949400019183258,0.9317752555219017,0.06431737031206047,0.318208512554994,0.21358744090028026,-2.098032413744734,2.098032413744734,13.321028296819568,3.588661109152355e-07,0.0,1.228073198689117e-12,0.1
uniform,0,136,0.47373607270471296,0.16949399047592822,0.9317752021097498,0.06431737598477733,0.3182085406206127,0.2135866711815984,-2.0980331834634156,2.0980331834634156,13.32102825530128,3.2555667674112585e-07,1.3877787807814457e-17,1.0107470416187425e-12,0.1
uniform,0,137,0.47373607270388124,0.16949398166177554,0.9317751536548821,0.06431738113099143,0.3182085660813728,0.21358597291310805,-2.098033881731906,2.098033881731906,13.321028217615194,2.953411410115056e-07,0.0,8.31723578897936e-13,0.1
uniform,0,138,0.47373607270319656,0.16949397366562796,0.9317751096969105,0.0643173857996008,0.318208589179196,0.21358533945719782,-2.098034515187816,2.098034515187816,13.32102818340916,2.6793174822025983e-07,1.3877787807814457e-17,6.84674539286334e-13,0.1
uniform,0,139,0.4737360727026332,0.1694939664115261,0.9317750698182562,0.0643173900349566,0.3182086101335083,0.21358476479379146,-2.0980350898512223,2.0980350898512223,13.32102815236311,2.4306757411242145e-07,0.0,5.633826738460357e-13,0.1
uniform,0,140,0.4737360727021695,0.1694939598305718,0.9317750336401593,0.06431739387728673,0.3182086291433365,0.21358424346273402,-2.0980356111822798,2.0980356111822798,13.321028124186187,2.2051201176988362e-07,0.0,4.636846462346966e-13,0.1
uniform,0,141,0.47373607270178786,0.16949395386027044,0.931775000819062,0.0643173973630802,0.31820864638920876,0.21358377051158112,-2.0980360841334327,2.0980360841334327,13.321028098614107,2.0005049558574516e-07,0.0,3.8163916471489756e-13,0.1
uniform,0,142,0.47373607270147383,0.16949394844393453,0.9317749710433308,0.0643174005254352,0.3182086620348777,0.2135833414482804,-2.0980365131967336,2.0980365131967336,13.321028075406781,1.814884397427257e-07,0.0,3.1402658251522553e-13,0.1
uniform,0,143,0.4737360727012152,0.1694939435301433,0.9317749440302857,0.06431740339437475,0.31820867622888127,0.21358295219828258,-2.098036902446731,2.098036902446731,13.321028054346124,1.6464937105921346e-07,1.3877787807814457e-17,2.586264535864302e-13,0.1
uniform,0,144,0.4737360727010025,0.1694939390722526,0.9317749195235053,0.0643174059971329,0.31820868910595934,0.21358259906566357,-2.0980372555793503,2.0980372555793503,13.321028035234052,1.4937323756791207e-07,0.0,2.1271873151818e-13,0.1
uniform,0,145,0.47373607270082746,0.16949393502795046,0.931774897290384,0.06431740835841415,0.3182087007883368,0.2135822786978802,-2.0980375759471337,2.0980375759471337,13.321028017890681,1.3551487590933932e-07,1.3877787807814457e-17,1.7502665983215593e-13,0.1
uniform,0,146,0.47373607270068324,0.16949393135885427,0.9317748771199176,0.06431741050062872,0.3182087113868875,0.213581988053817,-2.0980378665911967,2.0980378665911967,13.321028002152651,1.229426227028042e-07,1.3877787807814457e-17,1.4421797089880783e-13,0.1
uniform,0,147,0.4737360727005646,0.1694939280301455,0.9317748588206949,0.06431741244410592,0.3182087210021903,0.21358172437481576,-2.098038130270198,2.098038130270198,13.321027987871643,1.1153705585234839e-07,0.0,1.1862733018119798e-13,0.1
uniform,0,148,0.473736072700467,0.16949392501023836,0.9317748422190762,0.0643174142072875,0.31820872972548514,0.21358148515840725,-2.098038369486607,2.098038369486607,13.321027974912989,1.0118985402177111e-07,0.0,9.758860386455126e-14,0.1
uniform,0,149,0.4737360727003866,0.16949392227047927,0.9317748271575418,0.0643174158069031,0.31820873763954166,0.21358126813449135,-2.0980385865105227,2.0980385865105227,13.321027963154425,9.180276265024037e-08,0.0,8.043565813409259e-14,0.1
uniform,0,150,0.47373607270032037,0.16949391978487463,0.9317748134931944,0.0643174172581294,0.3182087448194459,0.2135810712437377,-2.098038783401276,2.098038783401276,13.321027952484965,8.3286656695413e-08,0.0,6.622480341889059e-14,0.1
uniform,0,151,0.473736072700266,0.1694939175298435,0.9317748010964003,0.06431741857473434,0.31820875133331455,0.21358089261799723,-2.0980389620270166,2.0980389620270166,13.321027942803855,7.556069097790046e-08,1.3877787807814457e-17,5.434541705540141e-14,0.1
uniform,0,152,0.4737360727002212,0.16949391548399356,0.9317747898495577,0.064317419769208,0.31820875724294184,0.21358073056253818,-2.098039124082476,2.098039124082476,13.321027934019643,6.855152976633873e-08,0.0,4.4797499043625066e-14,0.1
uniform,0,153,0.4737360727001843,0.1694939136279179,0.9317747796459791,0.06431742085288124,0.3182087626043869,0.21358058353993525,-2.098039271105079,2.098039271105079,13.321027926049323,6.219264829231877e-08,0.0,3.6914915568786455e-14,0.1
uniform,0,154,0.47373607270015394,0.1694939119440106,0.9317747703888775,0.06431742183603341,0.3182087674685066,0.21358045015545776,-2.0980394044895565,2.0980394044895565,13.32102791881755,5.642369945359331e-08,0.0,3.036459972349803e-14,0.1
uniform,0,155,0.47373607270012885,0.16949391041629946,0.931774761990448,0.06431742272798995,0.3182087718814383,0.2135803291438167,-2.098039525501197,2.098039525501197,13.32102791225595,5.118993945462934e-08,0.0,2.5091040356528538e-14,0.1
uniform,0,156,0.47373607270010837,0.1694939090302945,0.9317747543710329,0.06431742353721097,0.31820877588503826,0.2135802193571447,-2.0980396352878694,2.0980396352878694,13.32102790630246,4.6441706997126437e-08,0.0,2.0483614804334138e-14,0.1
uniform,0,157,0.4737360727000915,0.16949390777285006,0.9317747474583657,0.0643174242713716,0.31820877951727883,0.21358011975409308,-2.098039734890921,2.098039734890921,13.321027900900765,4.213395101583141e-08,0.0,1.687538997430238e-14,0.1
uniform,0,158,0.4737360727000775,0.16949390663204028,0.9317747411868852,0.06431742493743478,0.31820878281260906,0.2135800293899422,-2.098039825255072,2.098039825255072,13.321027895999748,3.822580230825012e-08,1.3877787807814457e-17,1.3988810110276972e-14,0.1
uniform,0,159,0.47373607270006607,0.1694939055970458,0.931774735497113,0.06431742554171749,0.31820878580228196,0.21357994740763125,-2.098039907237383,2.098039907237383,13.321027891553033,3.468018506433404e-08,0.0,1.1435297153639112e-14,0.1
uniform,0,160,0.47373607270005663,0.16949390465805103,0.9317747303350891,0.06431742608995057,0.31820878851465084,0.21357987302962128,-2.0980399816153925,2.0980399816153925,13.321027887518527,3.146346449848011e-08,0.0,9.43689570931383e-15,0.1
uniform,0,161,0.4737360727000488,0.16949390380615106,0.9317747256518595,0.06431742658733319,0.3182087909754384,0.21357980555051406,-2.0980400490945,2.0980400490945,13.321027883858036,2.8545127345528584e-08,0.0,7.827072323607354e-15,0.1
uniform,0,162,0.47373607270004237,0.16949390303326703,0.9317747214030117,0.06431742703858222,0.3182087932079812,0.21357974433035654,-2.098040110314657,2.098040110314657,13.321027880536903,2.5897491933377396e-08,1.3877787807814457e-17,6.439293542825908e-15,0.1
uniform,0,163,0.47373607270003715,0.16949390233206962,0.9317747175482535,0.06431742744797693,0.31820879523345086,0.2135796887885672,-2.098040165856447,2.098040165856447,13.32102787752368,2.3495445339691498e-08,0.0,5.218048215738236e-15,0.1
uniform,0,164,0.4737360727000329,0.16949390169590942,0.9317747140510303,0.06431742781939957,0.3182087970710547,0.21357963839842647,-2.0980402162465874,2.0980402162465874,13.321027874789825,2.131620484579302e-08,0.0,4.274358644806853e-15,0.1
uniform,0,165,0.4737360727000292,0.1694939011187538,0.9317747108781785,0.06431742815637229,0.3182087987382184,0.2135795926820784,-2.0980402619629355,2.0980402619629355,13.321027872309449,1.9339101715303533e-08,0.0,3.6637359812630166e-15,0.1
uniform,0,166,0.4737360727000263,0.1694939005951298,0.9317747079996114,0.0643174284620905,0.3182088002507513,0.2135795512059968,-2.098040303439017,2.098040303439017,13.321027870059055,1.754538484426903e-08,1.3877787807814457e-17,2.886579864025407e-15,0.1
uniform,0,167,0.4737360727000239,0.1694939001200722,0.9317747053880326,0.0643174287394532,0.31820880162299603,0.2135795135768718,-2.098040341068142,2.098040341068142,13.321027868017325,1.5918042918749732e-08,0.0,2.4424906541753444e-15,0.1
uniform,0,168,0.473736072700022,0.16949389968907624,0.9317747030186782,0.06431742899109047,0.3182088028679649,0.2135794794378786,-2.0980403752071353,2.0980403752071353,13.321027866164915,1.4441642793427628e-08,0.0,1.887379141862766e-15,0.1
uniform,0,169,0.4737360727000202,0.16949389929805503,0.9317747008690805,0.0643174292193884,0.31820880399746293,0.21357944846529237,-2.0980404061797215,2.0980404061797215,13.321027864484273,1.310218320805472e-08,0.0,1.7763568394002505e-15,0.1
uniform,0,170,0.47373607270001894,0.16949389894330086,0.9317746989188572,0.06431742942651181,0.31820880502220056,0.21357942036541724,-2.098040434279597,2.098040434279597,13.321027862959477,1.1886961751556373e-08,0.0,1.27675647831893e-15,0.1
uniform,0,171,0.47373607270001783,0.16949389862144992,0.9317746971495159,0.06431742961442465,0.31820880595189444,0.2135793948718007,-2.0980404597732134,2.0980404597732134,13.321027861576077,1.0784454396687431e-08,1.3877787807814457e-17,1.1102230246251565e-15,0.1
uniform,0,172,0.4737360727000169,0.16949389832945033,0.9317746955442792,0.06431742978490873,0.31820880679536,0.21357937174270575,-2.098040482902308,2.098040482902308,13.32102786032096,9.784206182344776e-09,1.3877787807814457e-17,9.43689570931383e-16,0.1
uniform,0,173,0.4737360727000162,0.1694938980645334,0.9317746940879266,0.06431742993958062,0.31820880756059516,0.21357935075881845,-2.0980405038861956,2.0980405038861956,13.321027859182237,8.876732052415489e-09,0.0,6.661338147750939e-16,0.1
uniform,0,174,0.47373607270001555,0.16949389782418717,0.9317746927666486,0.06431743007990687,0.3182088082548556,0.21357933172116766,-2.0980405229238466,2.0980405229238466,13.32102785814911,8.05342670303048e-09,0.0,6.661338147750939e-16,0.1
uniform,0,175,0.47373607270001505,0.1694938976061327,0.9317746915679174,0.06431743020721807,0.31820880888472447,0.21357931444923786,-2.0980405401957762,2.0980405401957762,13.321027857211794,7.306483212522828e-09,0.0,4.996003610813204e-16,0.1
uniform,0,176,0.4737360727000146,0.1694938974083024,0.9317746904803663,0.06431743032272134,0.3182088094561739,0.2135792987792572,-2.0980405558657567,2.0980405558657567,13.321027856361402,6.628818697549852e-09,1.3877787807814457e-17,4.440892098500626e-16,0.1
uniform,0,177,0.4737360727000142,0.16949389722882052,0.9317746894936838,0.0643174304275119,0.3182088099746224,0.21357928456264447,-2.09804057008237,2.09804057008237,13.321027855589874,6.014007368275909e-09,0.0,3.885780586188048e-16,0.1
uniform,0,178,0.47373607270001405,0.16949389706598528,0.9317746885985143,0.06431743052258335,0.31820881044498595,0.2135792716645997,-2.0980405829804143,2.0980405829804143,13.321027854889895,5.4562194517757515e-09,0.0,1.6653345369377348e-16,0.1
uniform,0,179,0.4737360727000137,0.16949389691825267,0.9317746877863701,0.06431743060883707,0.318208810871724,0.21357925996282612,-2.098040594682188,2.098040594682188,13.321027854254833,4.950165924779977e-09,0.0,3.3306690738754696e-16,0.1
uniform,0,180,0.47373607270001356,0.16949389678422194,0.9317746870495504,0.06431743068709095,0.318208811258883,0.2135792493463702,-2.098040605298644,2.098040605298644,13.321027853678665,4.491048359034059e-09,0.0,1.6653345369377348e-16,0.1
uniform,0,181,0.47373607270001333,0.16949389666262227,0.931774686381069,0.06431743075808695,0.31820881161013387,0.2135792397145695,-2.0980406149304445,2.0980406149304445,13.321027853155934,4.07451342786935e-09,0.0,2.220446049250313e-16,0.1
uniform,0,182,0.4737360727000132,0.1694938965523007,0.931774685774588,0.06431743082249824,0.31820881192880707,0.21357923097609835,-2.0980406236689157,2.0980406236689157,13.321027852681679,3.6966115146406404e-09,1.3877787807814457e-17,1.1102230246251565e-16,0.1
uniform,0,183,0.4737360727000131,0.1694938964522112,0.9317746852243565,0.06431743088093553,0.318208812217924,0.21357922304810137,-2.0980406315969127,2.0980406315969127,13.32102785225141,3.3537594426564237e-09,0.0,1.1102230246251565e-16,0.1
uniform,0,184,0.47373607270001306,0.16949389636140477,0.9317746847251579,0.0643174309339529,0.31820881248022603,0.2135792158554082,-2.098040638789606,2.098040638789606,13.321027851861041,3.04270631585484e-09,0.0,5.551115123125783e-17,0.1
uniform,0,185,0.473736072700013,0.1694938962790204,0.9317746842722585,0.06431743098205303,0.31820881271820023,0.2135792093298206,-2.0980406453151934,2.0980406453151934,13.32102785150688,2.7605028038699515e-09,0.0,5.551115123125783e-17,0.1
uniform,0,186,0.47373607270001294,0.16949389620427696,0.9317746838613644,0.06431743102569201,0.31820881293410297,0.21357920340946554,-2.0980406512355483,2.0980406512355483,13.321027851185564,2.504473145320592e-09,0.0,5.551115123125783e-17,0.1
uniform,0,187,0.47373607270001294,0.16949389613646582,0.9317746834885798,0.06431743106528358,0.31820881312998117,0.21357919803820882,-2.098040656606805,2.098040656606805,13.321027850894048,2.2721897123125343e-09,0.0,0.0,0.1
uniform,0,188,0.47373607270001283,0.16949389607494394,0.9317746831503699,0.06431743110120312,0.3182088133076922,0.21357919316512264,-2.0980406614798914,2.0980406614798914,13.321027850629568,2.0614500772755145e-09,0.0,1.1102230246251565e-16,0.1
uniform,0,189,0.4737360727000128,0.16949389601912807,0.931774682843528,0.06431743113379124,0.31820881346892105,0.21357918874400267,-2.0980406659010113,2.0980406659010113,13.321027850389616,1.8702560620419896e-09,0.0,5.551115123125783e-17,0.1
uniform,0,190,0.47373607270001283,0.16949389596848896,0.931774682565145,0.06431743116335689,0.3182088136151964,0.21357918473292997,-2.098040669912084,2.098040669912084,13.32102785017192,1.6967948672983968e-09,0.0,-5.551115123125783e-17,0.1
uniform,0,191,0.4737360727000129,0.16949389592254654,0.9317746823125814,0.06431743119018041,0.318208813747905,0.21357918109387364,-2.0980406735511403,2.0980406735511403,13.321027849974413,1.5394217917550307e-09,0.0,-5.551115123125783e-17,0.1
uniform,0,192,0.4737360727000128,0.1694938958808651,0.9317746820834422,0.06431743121451611,0.31820881386830524,0.21357917779232996,-2.0980406768526842,2.0980406768526842,13.321027849795223,1.396644668604548e-09,0.0,1.1102230246251565e-16,0.1
uniform,0,193,0.4737360727000128,0.16949389584304952,0.931774681875555,0.06431743123659475,0.31820881397753875,0.21357917479699537,-2.098040679848019,2.098040679848019,13.321027849632655,1.267109793568305e-09,0.0,0.0,0.1
uniform,0,194,0.4737360727000127,0.1694938958087412,0.9317746816869485,0.06431743125662566,0.31820881407664114,0.21357917207946983,-2.098040682565544,2.098040682565544,13.32102784948516,1.1495889323812629e-09,0.0,5.551115123125783e-17,0.1
uniform,0,195,0.4737360727000127,0.16949389577761492,0.9317746815158352,0.06431743127479876,0.3182088141665521,0.2135791696139872,-2.0980406850310267,2.0980406850310267,13.321027849351347,1.0429678296778051e-09,0.0,0.0,0.1
uniform,0,196,0.47373607270001267,0.16949389574937546,0.9317746813605917,0.06431743129128636,0.3182088142481241,0.21357916737717114,-2.0980406872678428,2.0980406872678428,13.321027849229946,9.462355421760967e-10,1.3877787807814457e-17,5.551115123125783e-17,0.1
uniform,0,197,0.4737360727000127,0.16949389572375517,0.9317746812197469,0.06431743130624477,0.31820881432213044,0.21357916534781338,-2.098040689297201,2.098040689297201,13.321027849119801,8.584749396187089e-10,1.3877787807814457e-17,-5.551115123125783e-17,0.1
uniform,0,198,0.4737360727000127,0.1694938957005111,0.9317746810919652,0.06431743131981585,0.31820881438927295,0.2135791635066727,-2.0980406911383414,2.0980406911383414,13.321027849019874,7.788538828156176e-10,0.0,0.0,0.1
uniform,0,199,0.47373607270001267,0.1694938956794228,0.9317746809760344,0.06431743133212825,0.3182088144501882,0.21357916183629258,-2.0980406928087216,2.0980406928087216,13.321027848929214,7.066174418734532e-10,0.0,5.551115123125783e-17,0.1
uniform,0,200,0.4737360727000127,0.16949389566029044,0.9317746808708564,0.06431743134329869,0.3182088145054537,0.21357916032083535,-2.0980406943241787,2.0980406943241787,13.321027848846962,6.410807522748165e-10,0.0,-5.551115123125783e-17,0.1
uniform,0,201,0.4737360727000127,0.1694938956429325,0.9317746807754328,0.06431743135343312,0.3182088145555936,0.21357915894593235,-2.0980406956990816,2.0980406956990816,13.32102784877234,5.816224008637936e-10,0.0,0.0,0.1
uniform,0,202,0.47373607270001267,0.16949389562718448,0.9317746806888598,0.0643174313626276,0.31820881460108297,0.21357915769854763,-2.0980406969464664,2.0980406969464664,13.321027848704638,5.276786459430944e-10,1.3877787807814457e-17,5.551115123125783e-17,0.1
uniform,0,203,0.4737360727000127,0.16949389561289702,0.931774680610316,0.06431743137096933,0.3182088146423535,0.21357915656685408,-2.09804069807816,2.09804069807816,13.321027848643215,4.787380200812246e-10,0.0,-5.551115123125783e-17,0.1
uniform,0,204,0.47373607270001267,0.16949389559993472,0.9317746805390571,0.06431743137853739,0.3182088146797962,0.21357915554012175,-2.0980406991048923,2.0980406991048923,13.321027848587487,4.343365020781759e-10,0.0,5.551115123125783e-17,0.1
random,11,0,0.7105435647267558,0.16673983831922815,0.9166345432861281,0.12952838835327796,0.6408383239482877,0.07561859440080401,-3.097527545533399,3.097527545533399,12.286135580300732,0.09920282819394803,1.1102230246251565e-16,0.21034572972751875,0.1
random,11,1,0.6241938389102581,0.16628750771120396,0.914147903833433,0.10635439925615701,0.5261856171479019,0.1017650090973557,-2.910742474223337,2.910742474223337,12.52958453381246,0.0602192453789365,8.326672684688674e-17,0.08634972581649769,0.1
random,11,2,0.5643444821358355,0.1658341637613016,0.9116556936414412,0.09043603954881257,0.447429947564197,0.08580980523274606,-2.7593568816986958,2.7593568816986958,12.836670502766314,0.06468536433135717,4.163336342344337e-17,0.0598493567744226,0.1
random,11,3,0.5459222452858137,0.1658208337829685,0.9115824135020062,0.08546460660569631,0.422833912707354,0.0901207379796595,-2.7019015777381874,2.7019015777381874,12.828721396768278,0.033114241797793445,4.163336342344337e-17,0.018422236850021867,0.1
random,11,4,0.5417850900019078,0.1656796717082486,0.9108063899961991,0.08436842639514959,0.41741058969837697,0.10255502290753457,-2.704192183317266,2.704192183317266,12.877183657039605,0.020927719651173574,2.7755575615628914e-17,0.004137155283905902,0.1
random,11,5,0.5377581375110879,0.1657886226342166,0.9114053361345184,0.08321782328705232,0.41171801082283593,0.11182953603314133,-2.700433077464484,2.700433077464484,12.912063247475634,0.019631865566769255,2.7755575615628914e-17,0.004026952490819857,0.1
random,11,6,0.5321699343646897,0.16602802707205017,0.9127214365922512,0.08160834572718502,0.40375516256223193,0.11732032949530144,-2.6857218611089193,2.6857218611089193,12.938957272638662,0.02225944504269719,2.7755575615628914e-17,0.005588203146398185,0.1
random,11,7,0.52246581690156,0.16631042566124332,0.9142738928284996,0.07888490472656202,0.39028100922488657,0.11865867757702112,-2.643861493003276,2.643861493003276,12.95710634194471,0.02863176709895041,0.0,0.009704117463129713,0.1
random,11,8,0.5093333419445061,0.1665797466922325,0.9157544565781505,0.07526011893109372,0.3723474760174483,0.11341207868821886,-2.568458656870731,2.568458656870731,12.96653751318395,0.03191710988752382,1.3877787807814457e-17,0.013132474957053941,0.1
random,11,9,0.5040440196510145,0.166193574783177,0.9136315175429734,0.07393023281868558,0.36576789915285146,0.13102159006326736,-2.5134361018284186,2.5134361018284186,12.939484017856982,0.02026234104843255,1.3877787807814457e-17,0.00528932229349155,0.1
random,11,10,0.5018725036783419,0.16657483592126032,0.9157274601365524,0.07318432199280865,0.3620775247913167,0.13824950507163236,-2.4931656138010356,2.4931656138010356,12.936447148255509,0.013531486680794754,1.3877787807814457e-17,0.002171515972672622,0.1
random,11,11,0.49954594261543006,0.16700616955835088,0.9180986709726904,0.07237658025721179,0.35808124361617255,0.1460342160128018,-2.472153238984008,2.472153238984008,12.939055814112738,0.014837123219760209,1.3877787807814457e-17,0.002326561062911847,0.1
random,11,12,0.49660343157231907,0.16738165657787124,0.9201628709630308,0.07141618505840132,0.3533297134121907,0.15654287724183516,-2.4389759585882103,2.4389759585882103,12.940186433699127,0.016603399528976295,1.3877787807814457e-17,0.0029425110431109958,0.1
random,11,13,0.4930233009146168,0.16762896382702103,0.9215224162862172,0.07033113255363839,0.3479614444374261,0.1671613514992929,-2.3860837383224025,2.3860837383224025,12.939222511755338,0.017788407007397623,1.3877787807814457e-17,0.0035801306577022407,0.1
random,11,14,0.49163886938495016,0.1670681840854113,0.9184395892455047,0.07012569985260074,0.3469450715056632,0.18201684443265123,-2.3671662684423636,2.3671662684423636,12.935195879738815,0.010733362734537014,0.0,0.0013844315296666632,0.1
random,11,15,0.49049530088442134,0.16642283126265384,0.9148918306779682,0.07000749486946675,0.3463602554337816,0.2002151639593087,-2.3512480289307542,2.3512480289307542,12.931458443564594,0.010716910164764207,1.3877787807814457e-17,0.0011435685005288243,0.1
random,11,16,0.4893736199706169,0.1657659346286735,0.9112806112348861,0.06989243353427997,0.34579099247814876,0.22102228032838356,-2.3321380082112415,2.3321380082112415,12.927869472069888,0.010621860022731622,1.3877787807814457e-17,0.0011216809138044348,0.1
random,11,17,0.4882821878753402,0.16509786458086237,0.9076079671365628,0.06978126207883835,0.3452409746011272,0.24494651403541062,-2.308589031332148,2.308589031332148,12.923974894810703,0.010492800787330758,0.0,0.0010914320952766787,0.1
random,11,18,0.4873795154108195,0.16450116583201843,0.9043276791703552,0.06969355090134324,0.3448070258375234,0.2692326240088114,-2.280768616934268,2.280768616934268,12.919365642419221,0.008917088492819072,0.0,0.0009026724645207485,0.1
random,11,19,0.48706496305333025,0.16420861860708455,0.9027194318875222,0.06968565401110337,0.3447679561789716,0.28091379472209665,-2.273188734435302,2.273188734435302,12.913745371996182,0.005567436002638881,0.0,0.0003145523574892284,0.1
random,11,20,0.4867276757353214,0.16387424370874776,0.9008812414147902,0.06968505403548424,0.34476498781524023,0.2933624520193693,-2.2646478651484943,2.2646478651484943,12.909925266352836,0.0057505534232599725,1.3877787807814457e-17,0.0003372873180088609,0.1
random,11,21,0.4863596297982487,0.1634931241377453,0.8987860770711952,0.06969067915921827,0.34479281796824024,0.3068497054269736,-2.2548008585265515,2.2548008585265515,12.90484956688215,0.005997950584228166,1.3877787807814457e-17,0.00036804593707268074,0.1
random,11,22,0.48595799129933426,0.16306155845560272,0.896413590592041,0.06970137756794967,0.3448457480664797,0.3220282601464235,-2.242869184932649,2.242869184932649,12.897511625942542,0.0062861156539212116,1.3877787807814457e-17,0.00040163849891444725,0.1
random,11,23,0.4855892494121084,0.16263194959746205,0.894051861544904,0.06973637251741578,0.3450188846664763,0.3312120526025206,-2.2355472889341326,2.2355472889341326,12.882837039828466,0.005765200806149508,1.3877787807814457e-17,0.0003687418872258541,0.1
random,11,24,0.4855892415810111,0.1626319821346191,0.8940520404144675,0.06973639862696164,0.3450190138427736,0.331197109531396,-2.2355629920113125,2.2355629920113125,12.679120057458832,1.0151342394797375e-06,0.0,7.83109732616083e-09,6.103515625e-06
random,11,25,0.4855891855439485,0.16263193581176774,0.8940517857595144,0.06973639196681883,0.3450189808918907,0.3312003435151819,-2.2355591621301913,2.2355591621301913,12.81596906356611,4.819332205607535e-07,0.0,5.6037062601266285e-08,6.408691406250001e-06
random,11,26,0.4855891564126326,0.16263190375590003,0.8940516095357879,0.06973639574176166,0.34501899956832194,0.33120043524442333,-2.23555909410298,2.23555909410298,12.813510606983995,4.427516197774615e-07,0.0,2.913131585957629e-08,6.729125976562501e-06
random,11,27,0.48558912582513014,0.16263187007239355,0.8940514243642903,0.06973639969877202,0.3450190191455275,0.33120053749119405,-2.2355589893550163,2.2355589893550163,12.813574532138189,4.648861111846946e-07,0.0,3.058750247530995e-08,7.065582275390626e-06
random,11,28,0.4855890937085372,0.16263183467952064,0.8940512297957323,0.06973640384686573,0.34501903966811304,0.33120065085193706,-2.235558835649425,2.235558835649425,12.813636207078654,4.881280387261031e-07,1.3877787807814457e-17,3.211659294066749e-08,7.418861389160158e-06
random,11,29,0.4855890599863002,0.162631797491543,0.8940510253587769,0.06973640819553059,0.345019061183019,0.3312007759341712,-2.235558601717931,2.235558601717931,12.813695517119534,5.125328173443961e-07,1.3877787807814457e-17,3.3722237002820066e-08,7.789804458618167e-06
random,11,30,0.4855890255314266,0.16263176157842602,0.8940508279302324,0.06973641343791537,0.345019087119581,0.33120032091827273,-2.235558968334811,2.235558968334811,12.813752357224631,5.279782082480733e-07,0.0,3.4454873620859416e-08,8.179294681549076e-06
random,11,31,0.4855889901716894,0.1626317261201085,0.8940506330018997,0.06973641941525979,0.3450191166923367,0.33119944019619163,-2.2355598839592763,2.2355598839592763,12.814287142204813,5.513720781345839e-07,1.3877787807814457e-17,3.5359737193818574e-08,8.58825941562653e-06
random,11,32,0.48558895319612144,0.16263168874140965,0.8940504275164747,0.06973642563716498,0.34501914747505036,0.33119857107150125,-2.2355607919074605,2.2355607919074605,12.81511969747635,5.77717554172095e-07,0.0,3.697556794080015e-08,9.017672386407857e-06
random,11,33,0.4855889145135258,0.16263164935054372,0.8940502109693749,0.069736432117439,0.3450191795360371,0.33119771191542746,-2.23556169394024,2.23556169394024,12.815889870786396,6.054642027106638e-07,0.0,3.86825956266712e-08,9.46855600572825e-06
random,11,34,0.4855888740299771,0.16263160784995573,0.8940499828243023,0.06973643887014633,0.3450192129448805,0.3311968615241159,-2.2355625914175588,2.2355625914175588,12.81660770913836,6.34667152308905e-07,0.0,4.0483548735537056e-08,9.941983806014664e-06
random,11,35,0.48558883164825073,0.16263156413627514,0.8940497425129883,0.06973644590971009,0.3450192477729387,0.33119601902996504,-2.2355634853846835,2.2355634853846835,12.817280982710235,6.653878570687405e-07,0.0,4.2381726350626536e-08,1.0439082996315398e-05
random,11,36,0.4855887872673479,0.16263151810019857,0.8940494894345492,0.06973645325099453,0.34501928409375204,0.331195183839653,-2.235564376632675,2.235564376632675,12.817915820685025,6.97693391085827e-07,0.0,4.438090284164531e-08,1.0961037146131168e-05
random,11,37,0.4855887407820776,0.16263146962632066,0.8940492229545562,0.06973646090937413,0.3450193219833854,0.33119435558994553,-2.235565265741676,2.235565265741676,12.818517139362694,7.316560501203821e-07,0.0,4.6485270299712056e-08,1.1509089003437727e-05
random,11,38,0.48558869208267513,0.1626314185929241,0.8940489424038814,0.06973646890079464,0.34501936152073004,0.33119353411572183,-2.2355661531124134,2.2355661531124134,12.81908893902693,7.67353147386777e-07,0.0,4.8699402455110175e-08,1.2084543453609613e-05
random,11,39,0.48558864105444083,0.16263136487173682,0.8940486470773629,0.06973647724182873,0.34501940278777865,0.3311927194266172,-2.235567038989395,2.235567038989395,12.819634515075231,8.048669374092085e-07,0.0,5.1028234304695275e-08,1.2688770626290094e-05
random,11,40,0.48558858757738993,0.16263130832766012,0.8940483362323096,0.06973648594972831,0.3450194458698848,0.33119191168989337,-2.235567923478114,2.235567923478114,12.820156611510418,8.442846281963411e-07,0.0,5.347705089864263e-08,1.33232091576046e-05
random,11,41,0.4855885315259055,0.16263124881847155,0.8940480090868689,0.06973649504247506,0.34501949085601225,0.3311911112179057,-2.2355688065578385,2.2355688065578385,12.820657534700606,8.856984567976347e-07,0.0,5.605148445386732e-08,1.398936961548483e-05
random,11,42,0.48558847276839,0.162631186194503,0.8940476648182563,0.06973650453883005,0.345019537838981,0.33119031845902547,-2.235569688091096,2.235569688091096,12.82113923914169,9.292058127102323e-07,1.3877787807814457e-17,5.8757515464247234e-08,1.4688838096259072e-05
random,11,43,0.48558841116691165,0.16263112029829627,0.894047302560862,0.0697365144583833,0.345019586915712,0.33118953399121537,-2.2355705678306204,2.2355705678306204,12.82160339310278,9.749093988058675e-07,0.0,6.160147836276053e-08,1.5423280001072026e-05
random,11,44,0.48558834657684097,0.16263105096423564,0.894046921404231,0.06973652482160385,0.34501963818747544,0.331188758517664,-2.235571445424351,2.235571445424351,12.82205142956174,1.022917422917353e-06,0.0,6.459007068082556e-08,1.6194444001125628e-05
random,11,45,0.4855882788464781,0.16263097801815807,0.8940465203909209,0.06973653564989087,0.34501969176014313,0.33118799286405254,-2.235572320418886,2.235572320418886,12.822484586215834,1.0733438159893012e-06,0.0,6.773036287377465e-08,1.700416620118191e-05
random,11,46,0.4855882078166651,0.16263090127694046,0.8940460985142318,0.06973654696562603,0.3450197477444478,0.3311872379771296,-2.2355731922617093,2.2355731922617093,12.822903937263051,1.1263084736727185e-06,0.0,7.102981297579802e-08,1.7854374511241008e-05
random,11,47,0.4855881333203848,0.16263082054806363,0.8940456547158097,0.06973655879222784,0.3450198062562519,0.33118649492434726,-2.2355740603024357,2.2355740603024357,12.823310418903151,1.181937519470417e-06,0.0,7.449628031119815e-08,1.874709323680306e-05
random,11,48,0.4855880551823416,0.1626307356291525,0.8940451878831193,0.06973657115420755,0.3450198674168241,0.3311857648943698,-2.2355749237932474,2.2355749237932474,12.82370484999161,1.2403635886333556e-06,0.0,7.8138043202447e-08,1.9684447898643213e-05
random,11,49,0.485587973218525,0.16263064630749158,0.8940446968467797,0.06973658407722769,0.3450199313531293,0.3311850491983093,-2.23557578188868,2.23557578188868,12.8240879489106,1.3017261318234596e-06,0.0,8.196381662273211e-08,2.0668670293575374e-05
random,11,50,0.48558788723575314,0.16263055235951482,0.8940441803777605,0.06973659758816307,0.34501999819812984,0.3311843492715667,-2.235576633644856,2.235576633644856,12.824460347459285,1.3661717385884553e-06,0.0,8.598277184690417e-08,2.1702103808254144e-05
random,11,51,0.4855877970311949,0.16263045355026917,0.894043637184432,0.06973661171516429,0.34502006809110003,0.33118366667618665,-2.2355774780182815,2.2355774780182815,12.82482260237433,1.4338544805477713e-06,1.3877787807814457e-17,9.020455821184825e-08,2.2787208998666854e-05
random,11,52,0.4855877023918702,0.1626303496328505,0.8940430659094651,0.06973662648772454,0.34502014117795665,0.33118300310364596,-2.2355783138642615,2.2355783138642615,12.825175204950087,1.5049362748706328e-06,0.0,9.463932471032166e-08,2.3926569448600196e-05
random,11,53,0.4855876030941254,0.16263024034781018,0.8940424651265687,0.06973664193674936,0.3450202176116041,0.3311823603780114,-2.2355791399350124,2.2355791399350124,12.825518589124206,1.5795872681281204e-06,0.0,9.929774480443854e-08,2.5122897921030208e-05
random,11,54,0.485587498903084,0.16263012542253255,0.894041833337067,0.06973665809463006,0.3450202975522976,0.33118174045940857,-2.235579954877525,2.235579954877525,12.825853138314274,1.6579862414220765e-06,0.0,1.0419104140568791e-07,2.637904281708172e-05
random,11,55,0.4855873895720701,0.16263000457058002,0.8940411689662997,0.06973667499532063,0.34502038116802347,0.3311811454477564,-2.2355807572312267,2.2355807572312267,12.826179191232523,1.7403210374872488e-06,0.0,1.0933101390886435e-07,2.769799495793581e-05
random,11,56,0.4855872748420035,0.16262987749100594,0.8940404703598448,0.06973669267441869,0.34502046863490016,0.3311805775867167,-2.2355815454254855,2.2355815454254855,12.82649704685827,1.826789010529749e-06,1.3877787807814457e-17,1.1473006661377738e-07,2.90828947058326e-05
random,11,57,0.48558715444076445,0.16262974386763257,0.8940397357795485,0.0697367111692506,0.3450205601375988,0.33118003926782447,-2.2355823177770024,2.2355823177770024,12.826806968713829,1.9175974997752537e-06,0.0,1.2040123903434008e-07,3.053703944112423e-05
random,11,58,0.48558702808252807,0.16262960336829363,0.8940389633993623,0.06973673051896105,0.3450206558697867,0.3311795330347539,-2.235583072487128,2.235583072487128,12.827109188560753,2.0129643280279197e-06,0.0,1.2635823637419108e-07,3.206389141318045e-05
random,11,59,0.4855868954670632,0.16262945564403836,0.8940381513009662,0.06973675076460718,0.34502075603459303,0.3311790615876894,-2.2355838076391406,2.2355838076391406,12.827403909612247,2.1131183258688182e-06,0.0,1.3261546488729792e-07,3.366708598383947e-05
random,11,60,0.485586756278998,0.16262930032829678,0.8940372974691808,0.06973677194925794,0.34502086084510025,0.33117862778775825,-2.2355845211955265,2.2355845211955265,12.827691309340285,2.2182998831801403e-06,0.0,1.3918806518464777e-07,3.535044028303144e-05
random,11,61,0.4855866101870478,0.16262913703600293,0.8940363997871469,0.06973679411809863,0.3450209705248615,0.33117823466149315,-2.235585210995297,2.235585210995297,12.82797154194248,2.3287615292326555e-06,0.0,1.460919502038749e-07,3.7117962297183016e-05
random,11,62,0.485586456843204,0.16262896536267504,0.894035456031269,0.069736817318541,0.3450210853084452,0.33117788540528453,-2.2355858747513824,2.2355858747513824,12.828244740522722,2.4447685424512605e-06,0.0,1.5334384378951071e-07,3.8973860412042166e-05
random,11,63,0.48558629588188196,0.16262878488344998,0.894034463865907,0.06973684160033942,0.34502120544200976,0.33117758338978714,-2.235586510048137,2.235586510048137,12.828511019030959,2.5665995916952743e-06,0.0,1.6096132204879154e-07,4.0922553432644275e-05
random,11,64,0.48558612691902525,0.16262859515206998,0.8940334208378065,0.0697368670157131,0.3450213311839083,0.3311773321642395,-2.2355871143390007,2.2355871143390007,12.82877047400086,2.6945474104702566e-06,0.0,1.6896285670586764e-07,4.2968681104276494e-05
random,11,65,0.48558594955116574,0.16262839569981927,0.894032324370252,0.06973689361947533,0.34502146280532825,0.33117713546065924,-2.2355876849443566,2.2355876849443566,12.829023186117661,2.828919505902536e-06,0.0,1.773678595107242e-07,4.511711515949032e-05
random,11,66,0.48558576335443404,0.16262818603440798,0.8940311717569327,0.06973692146916928,0.34502160059096293,0.33117699719786875,-2.235588219049616,2.235588219049616,12.829269221644754,2.9700389039361172e-06,0.0,1.8619673169961715e-07,4.7372970917464834e-05
random,11,67,0.4855855678835205,0.1626279656388011,0.8940299601555033,0.06973695062521158,0.345021744839722,0.33117692148531425,-2.2355887137035957,2.2355887137035957,12.829508633733147,3.1182449331927033e-06,0.0,1.9547091356653112e-07,4.974161946333808e-05
random,11,68,0.48558536267058283,0.16262773396998928,0.8940286865808275,0.06973698115104354,0.3450218958654796,0.33117691262663057,-2.235589165817206,2.235589165817206,12.829741463635381,3.2738940489946468e-06,0.0,2.0521293764286241e-07,5.222870043650498e-05
random,11,69,0.4855851472240988,0.16262749045769886,0.8940273478978867,0.0697370131132907,0.345022053997864,0.3311769751229104,-2.2355895721625116,2.2355895721625116,12.829967741842701,3.437360700085645e-06,0.0,2.154464840420367e-07,5.484013545833023e-05
random,11,70,0.4855849210276574,0.16262723450303793,0.8940259408143361,0.06973704658193103,0.3450222195830894,0.3311771136756331,-2.235589929372204,2.235589929372204,12.830187489162409,3.6090382401492814e-06,0.0,2.2619644141075312e-07,5.7582142231246744e-05
random,11,71,0.48558468353869116,0.1626269654770754,0.8940244618726939,0.06973708163047244,0.3450223929848341,0.331177333189211,-2.2355902339395253,2.2355902339395253,12.830400717750567,3.7893398863955855e-06,0.0,2.374889662148938e-07,6.0461249342809084e-05
random,11,72,0.4855844341871405,0.16262668271934905,0.8940229074421393,0.06973711833613976,0.34502257458516605,0.3311776387731108,-2.2355904822186927,2.2355904822186927,12.830607432113837,3.978699728303265e-06,0.0,2.493515506851729e-07,6.348431180994954e-05
random,11,73,0.4855841723740503,0.16262638553629985,0.8940212737099053,0.06973715678007202,0.3450227647855185,0.33117803574351096,-2.2355906704258595,2.2355906704258595,12.830807630093187,4.177573788593498e-06,0.0,2.6181309015216314e-07,6.665852740044702e-05
random,11,74,0.4855838974700934,0.16262607319962757,0.8940195566722384,0.06973719704753041,0.3450229640077189,0.3311785296244601,-2.235590794640646,2.235590794640646,12.831001303841106,4.3864411398732455e-06,0.0,2.7490395693163805e-07,6.999145377046938e-05
random,11,75,0.48558360881401763,0.16262574494456455,0.8940177521249101,0.06973723922811743,0.3450231726950734,0.33117912614850864,-2.23559085080828,2.23559085080828,12.831188440803071,4.60580507965975e-06,0.0,2.8865607576422647e-07,7.349102645899285e-05
random,11,76,0.48558330571101166,0.1626253999680626,0.894015855653248,0.06973728341600785,0.345023391313509,0.33117983125678874,-2.2355908347423625,2.2355908347423625,12.831369024713148,4.83619436741481e-06,0.0,3.031030059719164e-07,7.71655777819425e-05
random,11,77,0.4855829874309847,0.16262503742688844,0.8940138626216669,0.06973732971019177,0.34502362035277684,0.3311806510985333,-2.2355907421282706,2.2355907421282706,12.831543036613072,5.078164526671035e-06,0.0,3.1828002694522795e-07,8.102385667103963e-05
random,11,78,0.48558265320675775,0.16262465643562302,0.8940117681626696,0.06973737821473101,0.34502386032772003,0.33118159203003317,-2.235590568527215,2.235590568527215,12.83171045590291,5.332299216368676e-06,0.0,3.3422422696105514e-07,8.507504950459162e-05
random,11,79,0.4855823022321576,0.1626242560645591,0.8940095671652893,0.06973742903902845,0.34502411177960635,0.3311826606130499,-2.235590309380916,2.235590309380916,12.831871261430791,5.599211675033925e-06,0.0,3.509746001606473e-07,8.932880197982121e-05
random,11,80,0.48558193366001123,0.16262383533749114,0.8940072542629399,0.06973748229811173,0.34502437527753216,0.33118386361271834,-2.235589960016893,2.235589960016893,12.832025432627939,5.879546242172916e-06,1.3877787807814457e-17,3.6857214635865887e-07,9.379524207881227e-05
random,11,81,0.48558154660003394,0.1626233932293922,0.8940048238206447,0.06973753811293137,0.34502465141989697,0.3311852079949974,-2.235589515654292,2.235589515654292,12.832172950694082,6.173979961266459e-06,0.0,3.870599772914929e-07,9.848500418275289e-05
random,11,82,0.4855811401166029,0.16262292866397,0.8940022699216011,0.06973759661067404,0.3450249408359535,0.33118670092375735,-2.235588971410188,2.235588971410188,12.832313799836692,6.483224269109962e-06,1.3877787807814457e-17,4.0648343102578366e-07,0.00010340925439189054
random,11,83,0.4855807132264153,0.16262244051109645,0.8939995863530502,0.06973765792509155,0.3450252441874354,0.3311883497576146,-2.2355883223062456,2.2355883223062456,12.832447968565528,6.808026776566326e-06,1.3877787807814457e-17,4.2689018764363595e-07,0.00010857971711148507
random,11,84,0.48558026489601613,0.16262192758410232,0.8939967665914039,0.06973772219684597,0.34502556217026453,0.33119016204667423,-2.2355875632755997,2.2355875632755997,12.832575451042281,7.149173146078745e-06,0.0,4.4833039913871886e-07,0.00011400870296705933
random,11,85,0.4855797940391961,0.16262138863692857,0.8939938037865851,0.06973778957387151,0.34502589551634155,0.3311921455293704,-2.2355866891697707,2.2355866891697707,12.832696248481346,7.507489071522006e-06,0.0,4.7085682003400464e-07,0.0001197091381154123
random,11,86,0.485579299514246,0.16262082236112657,0.8939906907455364,0.06973786021175346,0.3450262449954206,0.3311943081296429,-2.2355856947653905,2.2355856947653905,12.832810370595709,7.883842366635605e-06,1.3877787807814457e-17,4.945249501009386e-07,0.0001256945950211829
random,11,87,0.4855787801210619,0.16262022738269705,0.8939874199148429,0.06973793427412481,0.3450266114170717,0.33119665795474396,-2.2355845747704635,2.2355845747704635,12.83291783707733,8.27914516810817e-06,0.0,5.193931840730137e-07,0.00013197932477224206
random,11,88,0.48557823459809235,0.16261960225875804,0.8939839833624142,0.06973801193308082,0.3450269956327316,0.3311992032940105,-2.2355833238298457,2.2355833238298457,12.833018679097302,8.69435626041271e-06,0.0,5.455229695749964e-07,0.00013857829101085418
random,11,89,0.48557766161911586,0.16261894547403055,0.8939803727581652,0.069738093369612,0.34502739853784614,0.33120195261900065,-2.235581936529562,2.235581936529562,12.833112940806197,9.130483529306678e-06,0.0,5.729789764874482e-07,0.00014550720556139689
random,11,90,0.4855770597898418,0.16261825543713124,0.893976579353635,0.06973817877405576,0.3450278210741048,0.3312049145854433,-2.235580407399538,2.235580407399538,12.833200680809574,9.588586551704861e-06,0.0,6.018292740828102e-07,0.00015278256583946674
random,11,91,0.4855764276443197,0.16261753047665875,0.8939725939604721,0.06973826834656707,0.3450282642317689,0.3312080980375016,-2.2355787309142627,2.2355787309142627,12.833281973587338,1.0069779329868246e-05,0.0,6.321455220947847e-07,0.0001604216941314401
random,11,92,0.4855757636411502,0.16261676883706103,0.893968406927716,0.06973836229760844,0.3450287290520963,0.33121151201489774,-2.235576901490872,2.235576901490872,12.833356910819916,1.057523317848642e-05,0.0,6.640031695037685e-07,0.0001684427788380121
random,11,93,0.4855750661594809,0.16261596867426983,0.8939640081177971,0.06973846084845953,0.34502921662986236,0.33121516576348353,-2.2355749134840814,2.2355749134840814,12.833425602577682,1.1106179773558605e-05,0.0,6.974816693094965e-07,0.00017686491777991272
random,11,94,0.4855743334947771,0.1626151280510872,0.8939593868811756,0.06973856423174658,0.3450297281159794,0.3312190687498644,-2.2355727611773912,2.2355727611773912,12.833488178324167,1.1663914372670745e-05,1.3877787807814457e-17,7.326647037952938e-07,0.00018570816366890835
random,11,95,0.4855735638543515,0.16261424493230822,0.893954532029529,0.06973867269199222,0.34503026472021653,0.33122323068068904,-2.2355704387699795,2.2355704387699795,12.833544787678775,1.2249799216669967e-05,0.0,7.69640425557494e-07,0.00019499357185235377
random,11,96,0.48557275535263994,0.1626133171795647,0.893949431807405,0.06973878648618584,0.3450308277140223,0.33122766152719596,-2.235567940358698,2.235567940358698,12.833595600880566,1.2865267123527292e-05,0.0,8.085017115799786e-07,0.00020474325044497147
random,11,97,0.48557190600620487,0.16261234254587117,0.8939440738622401,0.06973890588437548,0.3450314184334523,0.33123237155556373,-2.235565259914657,2.235565259914657,12.833640808893161,1.3511825285890145e-05,0.0,8.493464350722846e-07,0.00021498041296722005
random,11,98,0.4855710137284516,0.162611318669857,0.8939384452126499,0.06973903117028143,0.3450320382822052,0.33123737136352677,-2.2355623912539215,2.2355623912539215,12.833680623092095,1.419105928432475e-05,0.0,8.922777532949233e-07,0.00022572943361558106
random,11,99,0.4855700763240388,0.16261024306966537,0.8939325322148902,0.06973916264193308,0.34503268873477366,0.33124267192360124,-2.2355593280019925,2.2355593280019925,12.833715274479815,1.4904637329553687e-05,0.0,9.374044127596903e-07,0.00023701590529636013
random,11,100,0.4855690914829628,0.16260911313650084,0.8939263205273855,0.06973930061232979,0.3450333713397138,0.3312482846331069,-2.2355560635518543,2.2355560635518543,12.833745012383218,1.565431474760419e-05,0.0,9.848410760238124e-07,0.0002488667005611781
random,11,101,0.4855680567742966,0.16260792612780592,0.8939197950732175,0.06973944541012767,0.3450340877230432,0.33125422137098154,-2.235552591015571,2.235552591015571,12.833770102601761,1.644193872294189e-05,0.0,1.0347086661921523e-06,0.000261310035589237
random,11,102,0.48556696963956,0.16260667916004728,0.893912940000468,0.06973959738035398,0.34503483959177533,0.3312604945611495,-2.235548903169616,2.235548903169616,12.833790824992963,1.7269453316158347e-05,0.0,1.0871347366214756e-06,0.0002743755373686989
random,11,103,0.4855658273856974,0.16260536920109092,0.8939057386403023,0.0697397568851517,0.34503562873760296,0.33126711724196267,-2.2355449923943516,2.2355449923943516,12.833807470506311,1.813890477354105e-05,0.0,1.1422538625516232e-06,0.00028809431423713384
random,11,104,0.4855646271776385,0.1626039930621463,0.8938981734626835,0.06973992430455674,0.3450364570407439,0.3312741031409677,-2.23554085060832,2.23554085060832,12.83382033770466,1.905244714813874e-05,0.0,1.200208058937946e-06,0.00030249902994899057
random,11,105,0.485563366030412,0.16260254738925745,0.8938902260295952,0.06974010003731115,0.34503732647396423,0.3312814667539997,-2.2355364691982302,2.2355364691982302,12.83382972884358,2.0012348252674105e-05,1.3877787807814457e-17,1.2611472264834056e-06,0.00031762398144644013
random,11,106,0.48556204080078497,0.16260102865431894,0.8938818769456525,0.069740284501716,0.3450382391067973,0.3312892234273815,-2.235531838945743,2.235531838945743,12.833835945612156,2.1020995967070842e-05,0.0,1.325229627036073e-06,0.00033350518051876216
random,11,107,0.48556064817839273,0.16259943314559291,0.8938731058059708,0.06974047813652696,0.3450391971099756,0.33129738944182896,-2.2355269499523045,2.2355269499523045,12.83383928466956,2.2080904925163397e-05,0.0,1.3926223922378078e-06,0.0003501804395447003
random,11,108,0.4855591846763283,0.1625977569577027,0.893863891141157,0.06974068140189779,0.34504020276009767,0.3313059820965744,-2.2355217915633556,2.2355217915633556,12.833840033139072,2.3194723606542655e-05,0.0,1.4635020644249153e-06,0.00036768946152193534
random,11,109,0.4855576466211481,0.1625959959810742,0.8938542103592643,0.06974089478037433,0.34504125844454653,0.331315019792213,-2.235516352293251,2.235516352293251,12.833838464240241,2.4365241862670626e-05,0.0,1.5380551802168796e-06,0.0003860739345980321
random,11,110,0.48555603014225873,0.16259414589079585,0.8938440396845507,0.06974111877794421,0.3450423666666828,0.3313245221108914,-2.2355106197520827,2.2355106197520827,12.833834833247634,2.559539890771245e-05,0.0,1.6164788893546778e-06,0.00040537763132793373
random,11,111,0.48555433116063546,0.1625922021348632,0.8938333540928557,0.06974135392514479,0.3450435300513262,0.33133450989268365,-2.2355045805753964,2.2355045805753964,12.83382937396006,2.688829180751664e-05,0.0,1.698981623277085e-06,0.0004256465128943304
random,11,112,0.48555254537682746,0.16259015992176967,0.8938221272433808,0.06974160077823335,0.34504475135054524,0.3313450053073342,-2.2354982203574476,2.2354982203574476,12.833822295843387,2.824718450267696e-05,0.0,1.7857838079948785e-06,0.000446928838539047
random,11,113,0.48555066825819665,0.16258801420740238,0.8938103314066514,0.0697418599204218,0.3450460334497655,0.33135603192096846,-2.235491523588226,2.235491523588226,12.83381378197559,2.9675517404357446e-05,0.0,1.877118630810859e-06,0.00046927528046599934
random,11,114,0.4855486950253318,0.16258575968119454,0.8937979373883912,0.06974213196317777,0.3450473793742072,0.33136761475786036,-2.2354844735940045,2.2354844735940045,12.833803987874797,3.117691760464896e-05,0.0,1.9732328648269792e-06,0.0004927390444892994
random,11,115,0.48554662063757975,0.16258339075148287,0.8937849144490251,0.06974241754759405,0.3450487922956602,0.3313797803578326,-2.2354770524806895,2.2354770524806895,12.833793041234452,3.275520974681938e-05,1.3877787807814457e-17,2.0743877520712495e-06,0.0005173759967137643
random,11,116,0.4855444397776226,0.16258090153001042,0.8937712302184865,0.06974271734582625,0.34505027553959683,0.33139255683033597,-2.2354692410787598,2.2354692410787598,12.833781042528981,3.441442760433037e-05,0.0,2.180859957123804e-06,0.0005432447965494525
random,11,117,0.48554214683503144,0.16257828581551242,0.8937568506059811,0.06974303206259955,0.3450518325926265,0.3314059739066331,-2.235461018888225,2.235461018888225,12.833768066395336,3.6158826421723354e-05,0.0,2.2929425911866197e-06,0.0005704070363769251
random,11,118,0.48553973588871624,0.1625755370763147,0.8937417397043242,0.06974336243678401,0.3450534671102897,0.33142006299178056,-2.2354523640217305,2.2354523640217305,12.833754163645859,3.7992896075271355e-05,0.0,2.4109463152011124e-06,0.0005989273881957714
random,11,119,0.4855372006881829,0.16257264843187044,0.8937258596884411,0.06974370924303774,0.34505518292518716,0.33143485721822025,-2.2354432531437918,2.2354432531437918,12.83373936373295,3.992137511607084e-05,0.0,2.535200533337889e-06,0.00062887375760556
random,11,120,0.4855345346335085,0.16256961263315495,0.8937091707075884,0.06974407329351787,0.345056984055445,0.3314503915027632,-2.235433661404145,2.235433661404145,12.833723677467832,4.194926576410373e-05,0.0,2.666054674416163e-06,0.000660317445485838
random,11,121,0.4855317307539265,0.16256642204183316,0.893691630770831,0.06974445543965835,0.34505887471351065,0.331466702608574,-2.2354235623632976,2.2354235623632976,12.83370709979792,4.40818499279331e-05,0.0,2.8038795819584905e-06,0.0006933333177601299
random,11,122,0.4855287816849118,0.16256306860810893,0.8936731956252698,0.06974485657401475,0.3450608593152794,0.3314838292134808,-2.2354129279086097,2.2354129279086097,12.833689612467582,4.6324706331736426e-05,0.0,2.949069014712702e-06,0.0007279999836481365
random,11,123,0.4855256796436424,0.16255954384715934,0.8936538186264927,0.06974527763217554,0.34506294248955094,0.3315018119855949,-2.2354017281594865,2.2354017281594865,12.833671186421316,4.868372883838402e-05,0.0,3.1020412694093835e-06,0.0007643999828305433
random,11,124,0.48552241640270055,0.1625558388140509,0.893633450600678,0.06974571959474044,0.34506512908781667,0.33152069366685316,-2.235389931360553,2.235389931360553,12.833651783852789,5.1165146066484e-05,0.0,3.2632409418531516e-06,0.0008026199819720706
random,11,125,0.4855189832618694,0.16255194407702758,0.8936120396977494,0.06974618348936569,0.34506742419437914,0.33154051916477045,-2.2353775037619377,2.2353775037619377,12.83363135984986,5.3775542407745894e-05,0.0,3.433140831177184e-06,0.0008427509810706741
random,11,126,0.4855153710178569,0.16254784968905106,0.8935895312349206,0.06974667039287658,0.3450698331368033,0.33156133565243273,-2.2353644094859337,2.2353644094859337,12.833609863629269,5.652188056157302e-05,0.0,3.612244012463073e-06,0.0008848885301242079
random,11,127,0.4855115699317729,0.16254354515746525,0.8935658675299296,0.06974718143344684,0.3450723614966994,0.331583192676596,-2.235350610379395,2.235350610379395,12.833587239389646,5.94115257150363e-05,1.3877787807814457e-17,3.8010860839987615e-06,0.0009291329566304184
random,11,128,0.48550756969415987,0.1625390194116456,0.8935409877231947,0.06974771779284422,0.3450750151208325,0.3316061422736871,-2.2353360658511825,2.2353360658511825,12.833563426835152,6.245227150879982e-05,0.0,4.000237613044355e-06,0.0009755896044619393
random,11,129,0.48550335938736205,0.16253426076848113,0.8935148275880541,0.06974828070874041,0.3450778001325509,0.33163023909353484,-2.235320732693832,2.235320732693832,12.833538361433892,6.565236794352373e-05,1.3877787807814457e-17,4.2103067978138675e-06,0.0010243690846850363
random,11,130,0.48549892744499307,0.1625292568955232,0.8934873193281824,0.06974887147708268,0.34508072294352016,0.331655540530735,-2.235304564888419,2.235304564888419,12.833511974475222,6.902055139634189e-05,1.3877787807814457e-17,4.431942368987585e-06,0.0010755875389192881
random,11,131,0.48549426160823833,0.16252399477162033,0.8934583913611828,0.06974949145452312,0.34508379026574093,0.3316821068636888,-2.2352875133913397,2.2352875133913397,12.833484192983374,7.25660769347427e-05,0.0,4.665836754735864e-06,0.0011293669158652525
random,11,132,0.4854893488787013,0.16251846064484035,0.8934279680872694,0.06975014206089991,0.3450870091238256,0.33171000140147583,-2.235269525901417,2.235269525901417,12.833454939532157,7.629875313336205e-05,0.0,4.912729537009941e-06,0.001185835261658515
random,11,133,0.48548417546747075,0.1625126399874636,0.8933959696418472,0.06975082478176295,0.3450903868674937,0.331739290638865,-2.2352505466054633,2.2352505466054633,12.833424131993086,8.022897962115254e-05,0.0,5.173411230574576e-06,0.0012451270247414408
random,11,134,0.48547872674004994,0.16250651744780933,0.8933623116306826,0.06975154117093461,0.3450939311842408,0.3317700444198669,-2.2352305159001,2.2352305159001,12.833391683236702,8.436778760937776e-05,0.0,5.448727420809263e-06,0.001307383375978513
random,11,135,0.48547298715675496,0.1625000767986365,0.8933269048462422,0.06975229285309342,0.3450976501121215,0.3318023361103273,-2.2352093700873206,2.2352093700873206,12.833357500798174,8.872688367773257e-05,0.0,5.7395832949724834e-06,0.0013727525447774387
random,11,136,0.4854669402081382,0.16249330088183345,0.8932896549636302,0.06975308152636583,0.34510155205257226,0.33183624278014184,-2.2351870410409367,2.2351870410409367,12.833321486511442,9.331869712491184e-05,0.0,6.046948616778014e-06,0.0014413901720163108
random,11,137,0.48546056834495005,0.1624861715490853,0.8932504622144144,0.06975390896490821,0.34510564578318537,0.33187184539574044,-2.235163455840686,2.235163455840686,12.833283536112939,9.815643122295044e-05,0.0,6.371863188137095e-06,0.0015134596806171264
random,11,138,0.48545385290209475,0.162478669598177,0.8932092210364578,0.06975477702145703,0.3451099404703262,0.3319092290235631,-2.2351385363703447,2.2351385363703447,12.833243538812939,0.00010325411875184947,0.0,6.715442855298459e-06,0.0015891326646479827
random,11,139,0.48544677401597053,0.16247077470455568,0.8931658196976906,0.06975568762982029,0.3451144456814595,0.33194848304532576,-2.235112198875751,2.235112198875751,12.833201376832701,0.00010862668223130952,0.0,7.078886124223249e-06,0.0016685892978803819
random,11,140,0.48543931053452016,0.1624624653477401,0.8931201398915541,0.0697566428072788,0.34511917139702936,0.3319897013859576,-2.235084353478084,2.235084353478084,12.833156924903966,0.00011428999931393469,1.3877787807814457e-17,7.463481450364906e-06,0.001752018762774401
random,11,141,0.4854314399192338,0.16245371873212258,0.8930720563016175,0.0697576446568588,0.3451241280217034,0.3320329827551914,-2.23505490363716,2.23505490363716,12.833110049727551,0.00012026097385487454,0.0,7.870615286342808e-06,0.0018396197009131212
random,11,142,0.4854231381382572,0.1624445107016626,0.8930214361326144,0.06975869536943011,0.3451293263947528,0.3320784309039038,-2.2350237455587907,2.2350237455587907,12.833060609387557,0.0001265576132323899,0.0,8.301780976605055e-06,0.0019316006859587773
random,11,143,0.48541437954965827,0.1624348156479213,0.8929681386048738,0.06975979722557538,0.3451347777993008,0.33212615489642283,-2.2349907675394745,2.2349907675394745,12.8330084527166,0.00013319911255846984,0.0,8.75858859894496e-06,0.0020281807202567163
random,11,144,0.485405136773787,0.16242460641082695,0.8929120144087872,0.0697609525971657,0.34514049397011787,0.3321762694001818,-2.234955849240743,2.234955849240743,12.832953418608268,0.00014020594649353865,0.0,9.242775871276532e-06,0.002129589756269552
random,11,145,0.485395380553535,0.1624138541714997,0.8928529051156249,0.06976216394856528,0.3451464870995815,0.3322288949942644,-2.2349188608844703,2.2349188608844703,12.832895335271136,0.00014759996946192225,1.3877787807814457e-17,9.756220252010728e-06,0.0022360692440830296
random,11,146,0.4853850796011496,0.16240252833639104,0.892790642540605,0.06976343383737388,0.3451527698413499,0.33228415849859444,-2.2348796623591927,2.2348796623591927,12.832834019419614,0.00015540452515931644,0.0,1.0300952385355888e-05,0.002347872706287181
random,11,147,0.48537420043008994,0.16239059641191497,0.8927250480536911,0.06976476491459886,0.3451593553112129,0.33234219332575443,-2.234838102226114,2.234838102226114,12.832769275395043,0.0001636445663498601,0.0,1.087917105968561e-05,0.0024652663416015403
random,11,148,0.4853627071702149,0.16237802386865752,0.8926559318330992,0.06976615992412806,0.345166257084484,0.33240313985770525,-2.2347940166118248,2.2347940166118248,12.83270089421118,0.00017234678607071875,0.0,1.1493259875039463e-05,0.0025885296586816175
random,11,149,0.4853505613643738,0.16236477399415256,0.8925830920559477,0.06976762170135176,0.34517348918918267,0.3324671458499884,-2.2347472279728953,2.2347472279728953,12.832628652516048,0.00018153976149861667,0.0,1.2145805841079493e-05,0.0027179561416156984
random,11,150,0.48533772174421924,0.16235080773309823,0.8925063140198647,0.06976915317075427,0.3451810660941188,0.33253436686639154,-2.2346975437152916,2.2346975437152916,12.832552311463104,0.00019125411188735788,0.0,1.2839620154581066e-05,0.0028538539486964833
random,11,151,0.4853241439827611,0.1623360835137641,0.8924253691886795,0.06977075734226137,0.3451890026908217,0.3326049667474927,-2.234644754649027,2.234644754649027,12.832471615482275,0.00020152267216119586,0.0,1.3577761458161142e-05,0.0029965466461313074
random,11,152,0.48530978042086026,0.1623205570591954,0.8923400141545383,0.06977243730609295,0.34519731426807365,0.3326791181170411,-2.234588633255498,2.234588633255498,12.83238629094185,0.00021238068394874605,0.0,1.4363561900820887e-05,0.003146373978437873
random,11,153,0.4852945797644629,0.16230418118166265,0.8922499895079125,0.06977419622582201,0.34520601647756965,0.33275700293075183,-2.2345289317414503,2.2345289317414503,12.832296044690047,0.0002238660060692761,0.0,1.520065639737389e-05,0.003303692677359767
random,11,154,0.4852784867489427,0.16228690555862493,0.8921550186059806,0.06977603732928751,0.3452151252889588,0.3328388130728451,-2.234465379849487,2.234465379849487,12.832200562465612,0.0002360193467429706,1.3877787807814457e-17,1.6093015520191045e-05,0.0034688773112277554
random,11,155,0.48526144176640185,0.16226867648827087,0.8920548062287409,0.0697779638969435,0.3452246569322019,0.3329247510065274,-2.234397682390232,2.234397682390232,12.832099507163207,0.0002488845200922061,0.0,1.7044982540848075e-05,0.0036423211767891432
random,11,156,0.485243380451192,0.16224943662247282,0.8919490371109556,0.06977997924714922,0.3452346278247948,0.33301503048569636,-2.234325516455646,2.234325516455646,12.831992516941623,0.000262508729839463,0.0,1.8061315209871864e-05,0.0038244372356286004
random,11,157,0.4852242332182293,0.16222912467473008,0.8918373743365995,0.06978208671781355,0.34524505448095466,0.3331098773363431,-2.2342485282664173,2.2342485282664173,12.831879203156157,0.00027694288349428367,1.3877787807814457e-17,1.914723296270182e-05,0.004015659097410031
random,11,158,0.4852039247478863,0.16220767510038114,0.8917194575808607,0.06978428964369758,0.345255953399325,0.3332095303177426,-2.234166329598398,2.234166329598398,12.831759148104027,0.000292241940765677,0.0,2.0308470342955687e-05,0.004216442052280533
random,11,159,0.48518237341031245,0.162185017746033,0.8915949011829156,0.06978659132854889,0.34526734092511085,0.33331424207503935,-2.2340784937240667,2.2340784937240667,12.831631902551445,0.00030846530044479237,1.3877787807814457e-17,2.155133757386629e-05,0.00442726415489456
random,11,160,0.4851594906209606,0.1621610774647719,0.8914632920305912,0.06978899501108471,0.3452792330817812,0.3334242801976873,-2.2339845507933047,2.2339845507933047,12.831496983052627,0.0003256772305885142,1.3877787807814457e-17,2.2882789351863497e-05,0.004648627362639288
random,11,161,0.4851351801178367,0.16213577369329585,0.8913241872356953,0.06979150382365724,0.345291645366567,0.333539928398756,-2.233883982566578,2.233883982566578,12.83135386895515,0.00034394734750728536,0.0,2.431050312390326e-05,0.004881058730771253
random,11,162,0.48510933714951743,0.16210901998659338,0.8911771115759632,0.06979412074220377,0.34530459250284024,0.3336614878396431,-2.2337762163918575,2.2337762163918575,12.831201999315615,0.0003633511498367705,0.0,2.5842968319256254e-05,0.005125111667309816
random,11,163,0.4850818475612504,0.1620807235053099,0.891021554676908,0.06979684852584642,0.34531808814128573,0.3337892786059085,-2.2336606183192504,2.2336606183192504,12.831040768874415,0.0003839706148689254,0.0,2.7489588267037846e-05,0.005381367250675307
random,11,164,0.48505258676442575,0.16205078444999357,0.8908569679016483,0.069799689644066,0.3453321444995955,0.33392364143170616,-2.2335364851420505,2.2335364851420505,12.830869526071563,0.00040589486535346446,0.0,2.9260796824637225e-05,0.005650435613209073
random,11,165,0.48502141857231257,0.16201909543697796,0.8906827609198882,0.06980264618950402,0.3453467719310587,0.3340649394046489,-2.2334030354776044,2.2334030354776044,12.830687560961795,0.00042922091618021407,0.0,3.1168192113184556e-05,0.005932957393869526
random,11,166,0.4849881938821379,0.16198554080374264,0.8904982978892122,0.06980571977155693,0.3453619783981224,0.33421356112430384,-2.233259398323712,2.233259398323712,12.830494136519873,0.00045405451174275176,0.0,3.322469017469354e-05,0.006229605263563003
random,11,167,0.48495274918024006,0.16194999586173553,0.8903028933475547,0.06980891139785052,0.3453777688859888,0.33436991788597414,-2.2331046059354343,2.2331046059354343,12.8302883033109,0.0004805110664036341,1.3877787807814457e-17,3.5444701897813236e-05,0.006541085526741154
random,11,168,0.48491490484308347,0.1619123259384069,0.890095806946884,0.06981222127938617,0.3453941444385819,0.3345344777426051,-2.2329375501388746,2.2329375501388746,12.830069884974328,0.0005087167223419521,0.0,3.7844337156589525e-05,0.006868139803078211
random,11,169,0.48487446320225724,0.1618723861318338,0.8898762421042757,0.0698156489332088,0.3454111026664939,0.3347075676317883,-2.2327571567973283,2.2327571567973283,12.829833497106966,0.0005388095415834066,0.0,4.044164082622759e-05,0.0072115467932321225
random,11,170,0.48483120634104276,0.16183001534281635,0.8896433131939974,0.06981919095800286,0.34542862674180486,0.33489079861897697,-2.2325610180090747,2.2325610180090747,12.829608042752994,0.000570940859649232,0.0,4.3256861214480136e-05,0.0075721241328937285
random,11,171,0.48478489390715085,0.16178507329754152,0.8893962490756674,0.06982285645257741,0.3454467616806353,0.3350760377757492,-2.232355837978278,2.232355837978278,12.829168740205796,0.0006052774285828235,1.3877787807814457e-17,4.6312433891915195e-05,0.007950730339538416
random,11,172,0.4847352991657076,0.161737151322635,0.8891328031108361,0.0698265478360531,0.34546502470412915,0.3353329859901722,-2.232074087767958,2.232074087767958,12.830262776051038,0.0006420329067150366,0.0,4.959474144322629e-05,0.008348266856515338
random,11,173,0.4847352855800505,0.1617372740758131,0.8891334779333889,0.06982668566699836,0.3454657066191369,0.3352636132350614,-2.232146828353511,2.232146828353511,12.679767368015932,5.76990068029673e-06,1.3877787807814457e-17,1.358565709930204e-08,3.4240938278676194e-05
random,11,174,0.48473488585524066,0.16173694658556764,0.8891316775905638,0.06982664271378689,0.3454654941092431,0.33528458756674184,-2.2321224275359866,2.2321224275359866,12.8326988664431,3.1523277724264525e-06,0.0,3.997248098630557e-07,3.5952985192610005e-05
random,11,175,0.4847346359227783,0.16173668456309448,0.8891302371498603,0.06982665036167106,0.3454655319469506,0.3352927675100315,-2.2321137747542092,2.2321137747542092,12.82906274506273,3.0749538480037097e-06,0.0,2.4993246233728783e-07,3.775063445224051e-05
random,11,176,0.4847343757082948,0.1617364129251258,0.8891287438489919,0.06982665938865887,0.34546557660773747,0.33530072902437597,-2.2321048856133876,2.2321048856133876,12.827428337274808,3.215149761217209e-06,1.3877787807814457e-17,2.602144835162079e-07,3.963816617485254e-05
random,11,177,0.4847341175624883,0.1617361606607842,0.8891273570525796,0.06982667620859893,0.34546565982395233,0.33530334313791876,-2.2321014671104784,2.2321014671104784,12.825574493597033,3.2503699983146724e-06,0.0,2.581458065087361e-07,4.1620074483595166e-05
random,11,178,0.4847338531239404,0.16173591075175123,0.8891259832042264,0.06982669714894044,0.3454657634257459,0.33530347535743676,-2.2321011218866347,2.2321011218866347,12.825100508734659,3.3994778956094014e-06,0.0,2.6443854789226506e-07,4.3701078207774926e-05
random,11,179,0.4847335754785064,0.16173564808147087,0.8891245392022716,0.06982671903074433,0.3454658716854001,0.33530369138884314,-2.232100685665682,2.232100685665682,12.825378394453047,3.569342035867592e-06,0.0,2.7764543403252517e-07,4.588613211816367e-05
random,11,180,0.48473328395851173,0.1617353720128254,0.8891230215442284,0.06982674190192084,0.34546598483994956,0.33530399424924306,-2.2321001550104578,2.2321001550104578,12.825640123702236,3.7477470437999068e-06,1.3877787807814457e-17,2.9151999464405165e-07,4.818043872407186e-05
random,11,181,0.48473297786284636,0.1617350818766658,0.889121426551521,0.06982676581274919,0.3454661031381493,0.33530438713540867,-2.232099526280888,2.232099526280888,12.825886587537685,3.935120199550905e-06,0.0,3.0609566536998756e-07,5.0589460660275455e-05
random,11,182,0.48473265645523306,0.16173477697025698,0.889119750360938,0.0698267908160201,0.34546622684118017,0.3353048734113388,-2.2320987956440765,2.2320987956440765,12.826118565592683,4.13191054248212e-06,1.3877787807814457e-17,3.21407613301794e-07,5.311893369328923e-05
random,11,183,0.484732318962411,0.1617344565556391,0.8891179889156237,0.06982681696718346,0.345466356223379,0.3353054565970789,-2.232097959083066,2.232097959083066,12.826336744778908,4.338589944698235e-06,0.0,3.3749282207784503e-07,5.5774880377953696e-05
random,11,184,0.4847319645722272,0.1617341198579004,0.8891161379555829,0.06982684432450104,0.3454664915729944,0.33530614035857215,-2.232097012404469,2.232097012404469,12.826541734883223,4.55565424766101e-06,0.0,3.543901837543828e-07,5.8563624396851384e-05
random,11,185,0.48473159243163444,0.1617337660633585,0.8891141930076831,0.06982687294920539,0.3454666331929728,0.335306928498402,-2.2320959512451166,2.2320959512451166,12.826734081729073,4.7836244641478564e-06,0.0,3.7214059278589673e-07,6.149180561669396e-05
random,11,186,0.48473120164458494,0.16173339431764433,0.8891121493751215,0.06982690290566479,0.34546678140177456,0.3353078249473602,-2.2320947710777626,2.2320947710777626,12.826914278412495,5.023048047947096e-06,0.0,3.907870494979093e-07,6.456639589752866e-05
random,11,187,0.484730791269816,0.16173300372368424,0.8891100021263306,0.06982693426155422,0.3454669365342199,0.33530883375684445,-2.23209346721584,2.23209346721584,12.827082774999985,5.274500233983853e-06,1.3877787807814457e-17,4.1037476894434377e-07,6.77947156924051e-05
random,11,188,0.48473036031852246,0.16173259333957427,0.8891077460832937,0.06982696708803346,0.34546709894237004,0.33530995909215,-2.232092034817204,2.232092034817204,12.827239986984795,5.53858545265868e-06,1.3877787807814457e-17,4.309512935396498e-07,7.118445147702536e-05
random,11,189,0.4847299077519048,0.16173216217634068,0.8891053758092328,0.06982700145993131,0.3454672689964384,0.33531120522678043,-2.232090468886716,2.232090468886716,12.827386302727797,5.815938821379142e-06,0.0,4.525666176813381e-07,7.474367405087664e-05
random,11,190,0.48472943247859074,0.16173170919557994,0.8891028855956346,0.06982703745593676,0.34546744708573673,0.33531257653795477,-2.232088764277512,2.232088764277512,12.827522090052154,6.107227717670724e-06,0.0,4.7527331403784956e-07,7.848085775342048e-05
random,11,191,0.48472893335191963,0.16173123330697134,0.889100269448577,0.06982707515879671,0.3454676336196533,0.33531407750354225,-2.232086915690701,2.232086915690701,12.827647702117131,6.413153437770867e-06,0.0,4.991266711051878e-07,8.240490064109151e-05
random,11,192,0.48472840916708243,0.1617307333656543,0.8890975210743106,0.06982711465552036,0.34546782902866363,0.33531571270070565,-2.232084917673226,2.232084917673226,12.82776348265851,6.734452945261799e-06,0.0,5.241848372028457e-07,8.652514567314609e-05
random,11,193,0.48472785865811,0.1617302081694625,0.889094633864054,0.06982715603759004,0.3454680337653744,0.3353174868065746,-2.2320827646135637,2.2320827646135637,12.82786977065256,7.071900714549032e-06,0.0,5.50508972407826e-07,9.08514029568034e-05
random,11,194,0.48472728049469826,0.161729656456006,0.8890916008779522,0.06982719940117822,0.3454682483055962,0.33531940460130955,-2.2320804507349026,2.2320804507349026,12.827966904433776,7.426310674049458e-06,1.3877787807814457e-17,5.781634117574264e-07,9.539397310464358e-05
random,11,195,0.4847266732788651,0.1617290768995925,0.889088414828153,0.06982724484737099,0.34546847314944995,0.33532147097393994,-2.2320779700854114,2.2320779700854114,12.828055225274872,7.798538254751167e-06,0.0,6.072158331704713e-07,0.00010016367175987576
random,11,196,0.4847260355414239,0.16172846810797778,0.8890850680609416,0.06982729248239712,0.34546870882249964,0.3353236909313783,-2.232075316525207,2.232075316525207,12.828135080418228,8.189482549379538e-06,0.0,6.377374411892234e-07,0.00010517185534786956
random,11,197,0.4847253657382686,0.1617278286189357,0.8890815525378852,0.06982734241786326,0.3454689558769163,0.3353260696110011,-2.232072483709617,2.232072483709617,12.828206825532408,8.600088588544917e-06,0.0,6.698031553287187e-07,0.00011043044811526305
random,11,198,0.4847246622464542,0.16172715689663678,0.8890778598159245,0.06982739477099457,0.3454692148926684,0.3353286122971738,-2.2320694650683537,2.2320694650683537,12.82827082655736,9.031349739958998e-06,0.0,7.034918143578039e-07,0.0001159519705210262
random,11,199,0.4847239233600658,0.1617264513278253,0.8890739810263575,0.06982744966488127,0.3454694864787415,0.3353313244420367,-2.2320662537802813,2.2320662537802813,12.82832746089334,9.484310237516498e-06,0.0,7.38886388407245e-07,0.00012174956904707751
random,11,200,0.48472314728586013,0.16172571021778284,0.88906990685265,0.06982750722873081,0.3454697712743861,0.33533421169080896,-2.232062842743483,2.232062842743483,12.828377117888788,9.960067847505007e-06,0.0,7.760742056772685e-07,0.0001278370474994314
random,11,201,0.4847223321386675,0.16172493178606803,0.8890656275070145,0.06982756759812613,0.3454700699503953,0.3353372799117481,-2.2320592245404813,2.2320592245404813,12.828420198585041,1.0459776679490906e-05,0.0,8.151471926343135e-07,0.00013422889987440296
random,11,202,0.4847214759365418,0.16172411416202004,0.8890611327056918,0.06982763091529041,0.3454703832104146,0.3353405352307889,-2.232055391398537,2.232055391398537,12.828457114688588,1.0984650150113959e-05,0.0,8.562021256985908e-07,0.00014094034486812312
random,11,203,0.48472057659564116,0.1617232553800148,0.8890564116428727,0.06982769732935912,0.34547071179228783,0.3353439840707134,-2.2320513351451345,2.2320513351451345,12.82848828675828,1.1535964108643193e-05,1.3877787807814457e-17,8.993409006397002e-07,0.00014798736211152927
random,11,204,0.4847196319248254,0.1617223533744619,0.8890514529631932,0.06982776699665999,0.3454710564694423,0.3353476331945374,-2.2320470471589053,2.2320470471589053,12.828514141621909,1.2115060133683657e-05,0.0,9.446708157390127e-07,0.00015538673021710573
random,11,205,0.4847186396199527,0.1617214059745304,0.8890462447327412,0.06982784008100261,0.3454714180523218,0.3353514897526038,-2.2320425183164185,2.2320425183164185,12.828535109067529,1.2723349011318081e-05,0.0,9.923048727156214e-07,0.00016315606672796101
random,11,206,0.4847175972578563,0.16172041089859138,0.8890407744085037,0.06982791675397862,0.3454717973898713,0.3353555613326913,-2.2320377389354475,2.2320377389354475,12.828551617893078,1.3362314405644286e-05,0.0,1.0423620964150615e-06,0.00017131387006435908
random,11,207,0.484716502289985,0.16171936574836465,0.8890350288061906,0.06982799719527469,0.34547219537108614,0.33535985601227625,-2.232032698715468,2.232032698715468,12.828564091438347,1.4033516733579129e-05,0.0,1.094967871317909e-06,0.00017987956356757705
random,11,208,0.4847153520356827,0.1617182680027574,0.8890289940663618,0.06982808159299979,0.3454726129266304,0.3353643824119466,-2.232027386676274,2.232027386676274,12.828572942762419,1.4738597256671283e-05,0.0,1.1502543022512413e-06,0.00018887354174595592
random,11,209,0.48471414367508836,0.16171711501137986,0.8890226556187814,0.06982817014402908,0.3454730510305389,0.33536914974888904,-2.2320217910956672,2.2320217910956672,12.828578569666925,1.5479282403764485e-05,1.3877787807814457e-17,1.2083605943624676e-06,0.00019831721883325373
random,11,210,0.4847128742416297,0.1617159039877246,0.8890159981449205,0.069828263054366,0.34547351070200816,0.3353741678893489,-2.2320158994471795,2.2320158994471795,12.828581349791731,1.6257388339040233e-05,0.0,1.2694334586837996e-06,0.00020823307977491643
random,11,211,0.48471154061408767,0.16171463200199226,0.889009005538519,0.06982836053952492,0.34547399300729004,0.33537944739903497,-2.232009698338734,2.232009698338734,12.828581636024191,1.707482579142323e-05,1.3877787807814457e-17,1.333627542010607e-06,0.00021864473376366226
random,11,212,0.4847101395082014,0.1617132959735464,0.889001660864105,0.06982846282493561,0.34547449906169236,0.33538499959058277,-2.2320031734529797,2.2320031734529797,12.82857975246039,1.7933605162085993e-05,0.0,1.4011058862561931e-06,0.00022957697045184537
random,11,213,0.4847086674677861,0.16171189266297636,0.8889939463133629,0.06982857014637084,0.3454750300316948,0.33539083656743496,-2.2319963094898148,2.2319963094898148,12.828575991135915,1.883584192804301e-05,0.0,1.4720404152845923e-06,0.00024105581897443767
random,11,214,0.4847071208553319,0.16171041866374722,0.8889858431592287,0.06982868275039791,0.34547558713718257,0.3353969712637832,-2.2319890901113264,2.2319890901113264,12.828570609701227,1.9783762361240553e-05,0.0,1.5466124542173887e-06,0.00025310860992315955
random,11,215,0.4847054958420482,0.1617088703934094,0.8889773317075667,0.06982880089485449,0.3454761716538009,0.33540341748058167,-2.231981497889008,2.231981497889008,12.828563830160574,2.0779709583537997e-05,1.3877787807814457e-17,1.625013283712562e-06,0.00026576404041931756
random,11,216,0.484703788397317,0.16170724408434062,0.8889683912462736,0.0698289248493479,0.34547678491542494,0.3354101899179903,-2.2319735142527857,2.2319735142527857,12.82855583872006,2.1826149979537782e-05,0.0,1.7074447312137586e-06,0.00027905224244028346
random,11,217,0.4847019942775184,0.1617055357739892,0.8889589999916427,0.06982905489577743,0.3454774283167441,0.33541730420496446,-2.231965119441027,2.231965119441027,12.82854678671489,2.2925679991117008e-05,0.0,1.7941197985593682e-06,0.00029300485456229764
random,11,218,0.4847001090141805,0.16170374129458284,0.8889491350317887,0.06982919132887791,0.34547810331595125,0.3354247769269849,-2.231956292450415,2.231956292450415,12.828536792508892,2.4081033318640732e-05,0.0,1.8852633379418116e-06,0.00030765509729041254
random,11,219,0.48469812790141314,0.1617018562622677,0.888938772266941,0.06982933445678281,0.34547881143752873,0.3354326256531383,-2.2319470109843706,2.2319470109843706,12.82852594419467,2.5295088556254466e-05,0.0,1.981112767335258e-06,0.0003230378521549332
random,11,220,0.4846960459825724,0.16169987606563646,0.8889278863463775,0.06982948460160456,0.3454795542751193,0.3354408689638494,-2.231937251398581,2.231937251398581,12.828514302873858,2.6570877290690005e-05,0.0,2.0819188407683598e-06,0.00033918974476267985
random,11,221,0.4846938580361036,0.16169779585360372,0.888916450601772,0.06982964210003018,0.3454803334944733,0.3354495264805643,-2.231926988642181,2.231926988642181,12.828501906272049,2.791159269493495e-05,0.0,2.1879464687790673e-06,0.00035614923200081385
random,11,222,0.4846915585605059,0.16169561052258466,0.8889044369767094,0.06982980730392943,0.34548115083645725,0.3354586188985576,-2.2319161961932426,2.2319161961932426,12.828488772441315,2.9320598651344518e-05,0.0,2.2994755977112646e-06,0.00037395669360085454
random,11,223,0.4846891417583533,0.1616933147029296,0.8888918159521109,0.06982998058097382,0.3454820081201162,0.33546816802384416,-2.231904845987349,2.231904845987349,12.82847490332743,3.0801439440819554e-05,0.0,2.416802152571673e-06,0.00039265452828089726
random,11,224,0.48468660151930987,0.1616909027445665,0.8888785564673057,0.06983016231526416,0.34548290724577896,0.3354781968149211,-2.231892908338299,2.231892908338299,12.82846028802009,3.235785003834417e-05,0.0,2.5402390434470234e-06,0.0004122872546949421
random,11,225,0.4846839314020583,0.16168836870179912,0.888864625836461,0.06983035290796433,0.34548385019819333,0.33548872942980346,-2.231880351850149,2.231880351850149,12.82844490556009,3.399376705780066e-05,0.0,2.670117251579729e-06,0.00043290161742968927
random,11,226,0.48468112461507007,0.16168570631720744,0.8888499896600748,0.06983055277794024,0.34548483904968763,0.335499791278563,-2.231867143320039,2.231867143320039,12.828428727236057,3.5713340393319687e-05,0.0,2.806786988218679e-06,0.00045454669830117373
random,11,227,0.4846781739961254,0.16168290900459248,0.8888346117312181,0.06983076236240103,0.34548587596334246,0.3355114090813968,-2.231853247631386,2.231853247631386,12.828411718359995,3.7520945607695004e-05,0.0,2.9506189446748543e-06,0.0004772740332162324
random,11,228,0.48467507199049337,0.16167996983090482,0.8888184539361886,0.06983098211754085,0.3454869631961667,0.3355236109321126,-2.2318386276370887,2.2318386276370887,12.828393839555298,3.942119712315174e-05,0.0,3.102005632027449e-06,0.000501137734877044
random,11,229,0.48467181062766596,0.16167688149708997,0.8888014761492097,0.06983121251917819,0.34548810310225975,0.33553642636686654,-2.23182324403242,2.23182324403242,12.82837504762324,4.141896227415954e-05,0.0,3.261362827411407e-06,0.0005261946216208963
random,11,230,0.48466838149654135,0.1616736363177811,0.8887836361207937,0.06983145406339024,0.34548929813595064,0.33554988643799777,-2.231807055217206,2.231807055217206,12.828355296069862,4.351937628741489e-05,0.0,3.4291311246104073e-06,0.0005525043527019411
random,11,231,0.48466477571892924,0.16167022619976132,0.8887648893593412,0.06983170726713735,0.34549055085488717,0.33556402379285816,-2.231790017146778,2.231790017146778,12.82833453537692,4.5727858259552055e-05,0.0,3.6057776121034557e-06,0.0005801295703370382
random,11,232,0.4846609839212512,0.1616666426191134,0.8887451890055227,0.069831972668874,0.345491863923059,0.3355788727576239,-2.2317720831710433,2.2317720831710433,12.828312713092652,4.805012820959361e-05,0.0,3.7917976780654783e-06,0.0006091360488538901
random,11,233,0.4846569962042895,0.16166287659696674,0.8887244856989511,0.06983225082913959,0.34549324011372,0.33559446942616955,-2.2317532038608383,2.2317532038608383,12.828289773803354,5.0492225289791106e-05,0.0,3.987716961695309e-06,0.0006395928512965847
random,11,234,0.48465280211083095,0.1616589186737445,0.888702727436608,0.06983254233112317,0.3454946823121829,0.33561085175417804,-2.231733326820585,2.231733326820585,12.828265659030203,5.3060527246380903e-05,1.3877787807814457e-17,4.194093458531611e-06,0.000671572493861414
random,11,235,0.48464839059102927,0.16165475888180522,0.8886798594224439,0.06983284778119349,0.34549619351844124,0.335628059658737,-2.2317123964860714,2.2317123964860714,12.828240307080616,5.5761771229581354e-05,0.0,4.411519801683639e-06,0.0007051511185544847
random,11,236,0.4846437499653024,0.16165038671636542,0.8886558239075275,0.0698331678093857,0.34549777684957755,0.3356461351237372,-2.2316903539060373,2.2316903539060373,12.82821365287143,5.860307606197017e-05,0.0,4.640625726859415e-06,0.0007404086744822089
random,11,237,0.48463886788455673,0.1616457911045788,0.888630560020063,0.06983350306983369,0.3454994355419021,0.3356651223114428,-2.231667136506059,2.231667136506059,12.828185627732468,6.159196608391323e-05,0.0,4.8820807456717574e-06,0.0007774291082063194
random,11,238,0.4846337312875124,0.16164096037263884,0.8886040035845395,0.06983385424113557,0.34550117295276145,0.3356850676806455,-2.231642677833074,2.231642677833074,12.828156159194544,6.473639670637657e-05,0.0,5.1365970443195685e-06,0.0008163005636166354
random,11,239,0.48462832635488307,0.1616358822107585,0.8885760869292109,0.06983422202663886,0.345502992561949,0.33570602011185674,-2.231616907278673,2.231616907278673,12.828125170761915,6.804478181341822e-05,0.0,5.404932629349268e-06,0.0008571155917974672
random,11,240,0.48462263846013587,0.16163054363587046,0.888546738681044,0.0698346071546279,0.3455048979726327,0.33572803104003834,-2.2315897497791,2.2315897497791,12.828092581669894,7.152602317067209e-05,0.0,5.68789474719722e-06,0.0008999713713873406
random,11,241,0.4846166521165325,0.16162493095187527,0.8885158835471875,0.06983501037839548,0.3455068929117088,0.3357511545954113,-2.231561125489671,2.231561125489671,12.828058306625607,7.518954201089858e-05,0.0,5.98634360338135e-06,0.0009449699399567077
random,11,242,0.4846103509201224,0.16161902970725217,0.8884834420819417,0.069835432476177,0.3455089812294767,0.3357754477529383,-2.231530949431039,2.231530949431039,12.828022255531168,7.904531298508659e-05,0.0,6.301196410096743e-06,0.000992218436954543
random,11,243,0.48460371748832054,0.16161282464982937,0.888449330438113,0.06983587425092193,0.345511166898508,0.3358009704911292,-2.23149913110448,2.23149913110448,12.8279843331881,8.310390068529502e-05,1.3877787807814457e-17,6.633431801850165e-06,0.0010418293588022702
random,11,244,0.48459673339367226,0.1616062996784925,0.8884134601015358,0.06983633652987463,0.3455134540115727,0.33582778596088364,-2.231465574073014,2.231465574073014,12.827944438980925,8.737649896728149e-05,0.0,6.984094648276873e-06,0.0010939208267423837
random,11,245,0.48458937909235683,0.16159943779159147,0.8883757376074456,0.06983682016393156,0.34551584677845865,0.3358559606651506,-2.23143017550481,2.23143017550481,12.827902466538767,9.18749733226213e-05,0.0,7.354301315432021e-06,0.001148616868079503
random,11,246,0.4845816338469418,0.16159222103178225,0.8883360642372515,0.06983732602673766,0.34551834952150157,0.3358855646502716,-2.2313928256749387,2.2313928256749387,12.827858303373093,9.661190657696023e-05,0.0,7.745245415025082e-06,0.001206047711483478
random,11,247,0.4845734756428405,0.1615846304270168,0.8882943356941356,0.06983785501347863,0.3455209666696093,0.33591667170995837,-2.2313534074210075,2.2313534074210075,12.827811830489924,0.00010160064821831339,0.0,8.158204101327282e-06,0.001266350097057652
random,11,248,0.4845648810978737,0.1615766459273679,0.8882504417557534,0.06983840803932034,0.3455237027505411,0.33594935960295697,-2.2313117955477257,2.2313117955477257,12.827762921973568,0.00010685536769213045,0.0,8.594544966766815e-06,0.0013296676019105345
random,11,249,0.4845558253642631,0.16156824633734507,0.8882042659021484,0.06983898603743867,0.34552656238116036,0.33598371028557256,-2.231267856174809,2.231267856174809,12.82771144454119,0.00011239111203431377,0.0,9.05573361059675e-06,0.0013961509820060614
random,11,250,0.48454628202230937,0.16155940924332593,0.888155684916813,0.06983958995657434,0.345529550255337,0.3360198101603439,-2.231221446021961,2.231221446021961,12.827657257063652,0.00011822386825371043,0.0,9.543341953743845e-06,0.0014659585311063645
random,11,251,0.48453622296493626,0.16155011093569116,0.8881045684586345,0.06984022075803978,0.3455326711291392,0.33605775034232427,-2.2311724116238527,2.2311724116238527,12.827600210052502,0.0001243706309194464,0.0,1.0059057373112967e-05,0.0015392564576616828
random,11,252,0.48452561827216667,0.16154032632521037,0.8880507786022349,0.06984087941209091,0.3455359298028829,0.33609762694457546,-2.2311205884671703,2.2311205884671703,12.827540145107434,0.00013084947545786917,0.0,1.0604692769589086e-05,0.001616219280544767
random,11,253,0.4845144360745105,0.16153002885318213,0.887994169343975,0.06984156689356699,0.34553933109955987,0.33613954138468427,-2.2310658000407186,2.2310658000407186,12.827476894323372,0.00013767963771972995,0.0,1.118219765616768e-05,0.0016970302445720054
random,11,254,0.48450264240411267,0.1615191903947825,0.887934586070624,0.06984228417668524,0.3455428798390844,0.33618360071433245,-2.231007856788446,2.231007856788446,12.827410279652566,0.00014488160043996516,0.0,1.1793670397830525e-05,0.0017818817568006058
random,11,255,0.4844902010323739,0.1615077811550202,0.8878718649873835,0.06984303222886024,0.34554658080771483,0.33622991797418783,-2.2309465549538845,2.2309465549538845,12.827340112217367,0.0001524771872823673,0.0,1.2441371738780571e-05,0.0018709758446406363
random,11,256,0.48447707329261236,0.16149576955663653,0.8878058325016287,0.06984381200339995,0.3455504387219176,0.3362786125767017,-2.230881675302963,2.230881675302963,12.827266191571868,0.00016048966524011052,0.0,1.3127739761531476e-05,0.0019645246368726684
random,11,257,0.4844632178861461,0.16148312211921942,0.8877363045583524,0.06984462443090497,0.34555445818581476,0.3363298107196911,-2.2308129817103923,2.2308129817103923,12.8271883049041,0.00016894385625074333,0.0,1.3855406466256603e-05,0.002062750868716302
random,11,258,0.4844485906699928,0.161469803328725,0.8876630859228718,0.06984547040917483,0.34555864364124617,0.33638364583402064,-2.2307402195927533,2.2307402195927533,12.82710622617899,0.0001778662589842448,1.3877787807814457e-17,1.4627216153306755e-05,0.002165888412152117
random,11,259,0.4844331444241481,0.16145577549651619,0.8875859694059096,0.06984635079139137,0.3455629993093067,0.3364402590690637,-2.230663114169114,2.230663114169114,12.827019715209595,0.00018728518187425766,0.0,1.5446245844707995e-05,0.002274182832759723
random,11,260,0.48441682859615315,0.161440998606931,0.8875047350256161,0.06984726637231682,0.34556752912206173,0.33649979982028294,-2.2305813685271736,2.2305813685271736,12.826928516662944,0.0001972308885892029,0.0,1.6315827994939358e-05,0.0023878919743977093
random,11,261,0.4843995890203707,0.16142543015229072,0.8874191491005443,0.0698482178722018,0.3455722366429325,0.3365624263035293,-2.230494661470053,2.230494661470053,12.826832358968423,0.00020773575728292063,0.0,1.7239575782423966e-05,0.0025072865731175947
random,11,262,0.4843813676090518,0.1614090249541334,0.8873289632669006,0.06984920591805055,0.34557712497400606,0.3366283061822114,-2.2304026451144185,2.2304026451144185,12.826730953183954,0.00021883445512580507,0.0,1.822141131890831e-05,0.0026326509017734747
random,11,263,0.4843621020119004,0.1613917349693368,0.8872339134127252,0.06985023102183842,0.34558219664826717,0.33669761725187647,-2.2303049422086256,2.2303049422086256,12.82662399164696,0.00023056412980087876,1.3877787807814457e-17,1.9265597151429947e-05,0.0027642834468621486
random,11,264,0.48434172524040453,0.16137350907961726,0.8871337185206859,0.0698512935552017,0.34558745350437664,0.3367705481950518,-2.2302011431276267,2.2302011431276267,12.826511146880462,0.00024296461985621814,0.0,2.0376771495855817e-05,0.002902497619205256
random,11,265,0.4843201652526985,0.16135429286280825,0.8870280794107049,0.06985239372007888,0.3455928965414199,0.3368472993957365,-2.230090802518909,2.230090802518909,12.826392069236165,0.00025607868604162403,1.3877787807814457e-17,2.1559987706032402e-05,0.003047622500165519
random,11,266,0.4842973444941563,0.16133402834383131,0.886916677370949,0.06985353151456611,0.3455985257499776,0.3369280838935838,-2.229973435481981,2.229973435481981,12.826266388460795,0.00026995226602448283,0.0,2.2820758542207997e-05,0.003200003625173795
random,11,267,0.484273179388242,0.16131265372425144,0.8867991726710883,0.0698547066936603,0.34560433991790357,0.3370131282042208,-2.2298485134935713,2.2298485134935713,12.82613369963971,0.00028463475518571434,1.3877787807814457e-17,2.416510591429777e-05,0.003360003806432485
random,11,268,0.4842475797713903,0.16129010308391772,0.8866752029220981,0.0698559187222029,0.34561033639751465,0.33710267427298035,-2.229715458817872,2.229715458817872,12.825993613643488,0.00030017931654340566,1.3877787807814457e-17,2.5599616851668117e-05,0.0035280039967541094
random,11,269,0.48422044826480626,0.1612663060722082,0.8865443813789097,0.06985716672779405,0.34561651087263534,0.3371969765602412,-2.229573643044536,2.229573643044536,12.825845513653292,0.000316643223250392,0.0,2.7131506584066045e-05,0.003704404196591815
random,11,270,0.48419167957505194,0.1612411874812839,0.8864062945944196,0.0698584494066461,0.3456228568928102,0.3372963256839386,-2.229422359791543,2.229422359791543,12.825689764422389,0.0003340882375603117,0.0,2.8768689754321564e-05,0.003889624406421406
random,11,271,0.48416115971414264,0.1612146672918562,0.8862605026710918,0.06985976514184782,0.3456293664584132,0.3374009202559793,-2.229260941135056,2.229260941135056,12.825521102083883,0.0003525810308066289,0.0,3.051986090929493e-05,0.004084105626742477
random,11,272,0.4841287651305347,0.1611866575272387,0.8861065219664412,0.06986111071890397,0.3456360236658128,0.33751168895647593,-2.2290879693235395,2.2290879693235395,12.82536779154401,0.00037219365297273105,0.0,3.2394583607930905e-05,0.004288310908079601
random,11,273,0.484094361844911,0.16115708053390176,0.8859439255884403,0.06986248952783808,0.34564284528706213,0.33762464825043625,-2.2289066371724933,2.2289066371724933,12.825038521244693,0.000393004251245008,0.0,3.4403285623707536e-05,0.004502726453483582
random,11,274,0.48405781382897195,0.16112573232933078,0.88577159216489,0.06986385095771896,0.34564958092589876,0.33777300933254467,-2.228684628563011,2.228684628563011,12.825859047816081,0.0004151080553673995,0.0,3.654801593905299e-05,0.004727862776157761
random,11,275,0.4840194889936023,0.16109391732186865,0.8855966925420484,0.06986581987364499,0.3456593220861036,0.3375824293512442,-2.2287749098476444,2.2287749098476444,12.812022625461193,0.00044103760172497174,1.3877787807814457e-17,3.832483536964082e-05,0.004964255914965649
random,11,276,0.48397760808427254,0.16105772042973227,0.8853977039738319,0.06986668793315177,0.34566361678787894,0.33804694999053936,-2.228238458659814,2.228238458659814,12.84952746718714,0.0004658497594635188,0.0,4.188090932977229e-05,0.005212468710713932
random,11,277,0.4839775109395388,0.16105791390691204,0.8853987675940687,0.06986700340961197,0.34566517759943977,0.3378935841441786,-2.2283980450088787,2.2283980450088787,12.680090291407156,1.4676444995901523e-05,0.0,9.714473375721511e-08,8.551706478515044e-05
random,11,278,0.4839763307502841,0.16105698704699714,0.8853936722801752,0.06986688309261754,0.34566458233424713,0.3379475929555011,-2.2283352093104765,2.2283352093104765,12.841440809917234,8.952739374475583e-06,0.0,1.1801892546570159e-06,8.979291802440797e-05
random,11,279,0.48397548837770915,0.1610561958425237,0.8853893227176564,0.0698668705212281,0.3456645201376256,0.33797675950758516,-2.228303449462114,2.228303449462114,12.837082701475474,8.932560213200668e-06,1.3877787807814457e-17,8.423725749717725e-07,9.428256392562836e-05
random,11,280,0.4839746358607577,0.16105541039252644,0.8853850047897587,0.06986686828883404,0.34566450909291424,0.33800028436323165,-2.228275897898131,2.228275897898131,12.83395011454546,9.134386829679241e-06,0.0,8.525169514772557e-07,9.899669212190979e-05
random,11,281,0.48397379962329407,0.16105469513454693,0.8853810727350201,0.06986689058758525,0.3456646194154044,0.3380066877985815,-2.2282678183906786,2.2282678183906786,12.830635887784595,9.323674772513139e-06,0.0,8.362374636083914e-07,0.00010394652672800528
random,11,282,0.48397292181403184,0.16105394550620267,0.8853769517328535,0.06986691464891916,0.34566473845822654,0.3380130037148542,-2.228259718756741,2.228259718756741,12.829920909284457,9.7884252956726e-06,0.0,8.778092622230282e-07,0.00010914385306440555
random,11,283,0.48397200029175824,0.16105315986043417,0.8853726327287244,0.06986694059542434,0.34566486682788433,0.3380191988663884,-2.228251625463227,2.228251625463227,12.829202698732004,1.027674557930052e-05,0.0,9.21522273600317e-07,0.00011460104571762583
random,11,284,0.4839710327939694,0.16105233644319006,0.8853681060799217,0.06986696854501093,0.34566500510773523,0.3380252443187568,-2.2282435606515847,2.2282435606515847,12.82849323876587,1.0789896436762992e-05,0.0,9.674977888285419e-07,0.00012033109800350713
random,11,285,0.48397001693294134,0.16105147337863027,0.8853633614742139,0.06986699860645902,0.3456651538359658,0.3380311187413498,-2.2282355389788964,2.2282355389788964,12.827806676952841,1.1329192002598814e-05,0.0,1.0158610280752711e-06,0.0001263476529036825
random,11,286,0.4839689501931834,0.16105056865434322,0.8853583878485825,0.06986703087508349,0.345665313484144,0.3380368117929815,-2.228227564361169,2.228227564361169,12.827158450148852,1.1895993143498137e-05,0.0,1.0667397579156024e-06,0.00013266503554886663
random,11,287,0.483967829929845,0.16104962010862298,0.8853531733192784,0.06986706542943877,0.3456654844409157,0.33804232693386416,-2.2282196272552772,2.2282196272552772,12.82656380265528,1.2491702564964235e-05,0.0,1.1202633384277405e-06,0.00013929828732630995
random,11,288,0.48396665336712663,0.1610486254220753,0.8853477051356785,0.0698671023300893,0.34566566700592205,0.33804768287654274,-2.228211703233488,2.228211703233488,12.826035854986811,1.3117764730361128e-05,0.0,1.1765627183635274e-06,0.00014626320169262546
random,11,289,0.48396541759548495,0.16104758211519604,0.8853419696669722,0.06986714162119044,0.3456658613976204,0.33805291305266005,-2.228203753449394,2.228203753449394,12.825583647219519,1.3775672659134113e-05,1.3877787807814457e-17,1.2357716416833142e-06,0.00015357636177725675
random,11,290,0.48396411956665253,0.16104648755201723,0.8853359524222056,0.06986718333493111,0.3456660677752647,0.33805806296526497,-2.2281957271238433,2.2281957271238433,12.82521074730484,1.4466981059829414e-05,0.0,1.2980288324193623e-06,0.0001612551798661196
random,11,291,0.4839627560861514,0.16104533894798867,0.88532963809361,0.06986722749802499,0.34566628627102014,0.33806318594838586,-2.2281875655556242,2.2281875655556242,12.82491491685166,1.5193322469905838e-05,0.0,1.363480501115344e-06,0.00016931793885942558
random,11,292,0.4839613238037068,0.1610441333789008,0.885323010605654,0.06986727413882436,0.3456665170251589,0.33806833834241534,-2.2281792066947403,2.2281792066947403,12.824688951604614,1.5956422062524393e-05,0.0,1.4322824445911486e-06,0.00017778383580239687
random,11,293,0.48395981920236525,0.1610428677875576,0.8853160531517272,0.06986732329358741,0.3456667602170674,0.3380735751632881,-2.228170589248043,2.228170589248043,12.824522364220176,1.675810822164124e-05,0.0,1.504601341573153e-06,0.00018667302759251672
random,11,294,0.4839582385870716,0.16104153898600038,0.8853087482063655,0.0698673750109191,0.34566701608721734,0.3380789470067189,-2.2281616556076886,2.2281616556076886,12.82440332285334,1.760031860968369e-05,0.0,1.5806152936503892e-06,0.00019600667897214257
random,11,295,0.4839565780731359,0.16104014365264022,0.885301077509487,0.06986742935410495,0.34566728494871235,0.3380844984229899,-2.228152353375869,2.228152353375869,12.82432031068167,1.8485103372196724e-05,0.0,1.6605139356862253e-06,0.0002058070129207497
random,11,296,0.4839548335746839,0.16103867832491814,0.8852930220260415,0.06986748640162417,0.3456675671898262,0.3380902675803796,-2.2281426356581613,2.2281426356581613,12.824263221379525,1.94146275265309e-05,0.0,1.7444984520276208e-06,0.0002160973635667872
random,11,297,0.48395300079297393,0.16103713938872583,0.8852845618878525,0.06986754624640493,0.34566786327031856,0.33809628682718923,-2.2281324604969726,2.2281324604969726,12.824223867314032,2.039117394072622e-05,0.0,1.8327817099539345e-06,0.00022690223174512655
random,11,298,0.4839510752043946,0.1610355230658637,0.8852756763246693,0.06986760899440439,0.3456681737144098,0.3381025837419956,-2.2281217898362167,2.2281217898362167,12.824196035458849,2.141714746693475e-05,0.0,1.9255885793101335e-06,0.0002382473433323829
random,11,299,0.4839490520479677,0.1610338254005369,0.8852663435899303,0.06986767476297567,0.3456684991027013,0.33810918234591536,-2.2281105883281813,2.2281105883281813,12.824175270023344,2.2495080238039975e-05,0.0,2.0231564269446167e-06,0.00025015971049900204
random,11,300,0.48394692631222086,0.16103204224553197,0.8852565408847698,0.06986774367932015,0.3456688400645186,0.3381161042639474,-2.228098822185488,2.228098822185488,12.824158534747356,2.3627637922954918e-05,1.3877787807814457e-17,2.125735746816293e-06,0.00026266769602395213
random,11,301,0.48394469272132934,0.16103016924839514,0.8852462442820358,0.06986781587918361,0.3456691972714605,0.33812336972250057,-2.2280864581856337,2.2280864581856337,12.82414385804911,2.4817626732125656e-05,0.0,2.2335908915205316e-06,0.00027580108082514974
random,11,302,0.4839423457204477,0.16102820183770447,0.885235428650822,0.06986789150585018,0.3456695714324214,0.33813099834261134,-2.228073462866529,2.228073462866529,12.824130017857339,2.60680010341861e-05,0.0,2.3470008816417476e-06,0.0002895911348664072
random,11,303,0.48393987946016515,0.1610261352093799,0.8852240675812089,0.0698679707094234,0.34566996329003463,0.33813900973369543,-2.2280598019081936,2.2280598019081936,12.8241162895047,2.73818715172987e-05,0.0,2.4662602825520352e-06,0.0003040706916097276
random,11,304,0.4839372877800184,0.16102396431289662,0.8852121333084728,0.0698680536463485,0.34567037361830905,0.33814742391683894,-2.2280454396727283,2.2280454396727283,12.824102259518186,2.8762513878362196e-05,0.0,2.5916801467684714e-06,0.000319274226190214
random,11,305,0.4839345641909946,0.16102168383723398,0.8851995966358421,0.06986814047911677,0.3456708032211659,0.3381562616159677,-2.228030338865721,2.228030338865721,12.824087697357557,3.021337805331358e-05,0.0,2.7235890237564675e-06,0.0003352379374997247
random,11,306,0.4839317018569557,0.16101928819639155,0.8851864268548731,0.06986823137609224,0.3456712529315819,0.33816554445509917,-2.2280144602823664,2.2280144602823664,12.824072472827963,3.173809801635261e-05,0.0,2.8623340389000163e-06,0.00035199983437471095
random,11,307,0.4839286935749052,0.16101677151431798,0.8851725916625978,0.06986832651140916,0.3456717236110817,0.33817529509444694,-2.227997762606683,2.227997762606683,12.824056506462945,3.334050218473286e-05,0.0,3.0082820505206165e-06,0.0003695998260934465
random,11,308,0.48392553175401726,0.16101412760912037,0.8851580570747168,0.06986842606489906,0.34567221614937715,0.3381855373305158,-2.2279802022394577,2.2279802022394577,12.82403974184119,3.502462447080885e-05,0.0,3.161820887942479e-06,0.00038807981739811886
random,11,309,0.48392220839333777,0.16101134997644356,0.885142787334229,0.06986853022201765,0.34567273146400557,0.3381962961776362,-2.2279617331378008,2.2279617331378008,12.824022131335612,3.679471602654056e-05,0.0,3.3233606794857984e-06,0.0004074838082680248
random,11,310,0.4839187150580619,0.1610084317719272,0.8851267448149904,0.06986863917374989,0.34567327049985985,0.33820759794194205,-2.2279423066553017,2.2279423066553017,12.824003629392076,3.86552577304873e-05,0.0,3.493335275883691e-06,0.0004278579986814261
random,11,311,0.48391504285428166,0.16100536579265745,0.8851098899197477,0.06986875311647847,0.34567383422853853,0.338219470294089,-2.2279218713761755,2.2279218713761755,12.823984189635192,4.0610973470587566e-05,0.0,3.6722037802250362e-06,0.00044925089861549744
random,11,312,0.483911182402092,0.16100214445753774,0.8850921809722281,0.06986887225180502,0.34567442364746015,0.33823194234398574,-2.227900372939633,2.227900372939633,12.823963763713454,4.266684428111909e-05,0.0,3.860452189641261e-06,0.0004717134435462723
random,11,313,0.483907123806931,0.16099875978650344,0.8850735741028741,0.06986899678631374,0.34567503977869485,0.3382450447191378,-2.2278777538522103,2.2278777538522103,12.82394230083781,4.482812339684854e-05,1.3877787807814457e-17,4.058595161005041e-06,0.0004952991157235859
random,11,314,0.48390285662901866,0.16099520337850032,0.885054023127783,0.0698691269312686,0.3456756836674655,0.338258809647381,-2.227853953286517,2.227853953286517,12.823919747552987,4.710035229288735e-05,0.0,4.267177912353759e-06,0.0005200640715097652
random,11,315,0.4838983698507502,0.16099146638814546,0.885033479420402,0.06986926290223437,0.3456763563802733,0.33827327104447363,-2.227828906865054,2.227828906865054,12.823896047570203,4.9489377784735596e-05,0.0,4.486778268475433e-06,0.0005460672750852535
random,11,316,0.48389365184188315,0.16098753950098077,0.8850118917754874,0.06986940491861018,0.34567705900258955,0.33828846460691386,-2.227802546427784,2.227802546427784,12.823871141605135,5.200137026936144e-05,0.0,4.718008867032886e-06,0.0005733706388395162
random,11,317,0.4838886903223459,0.1609834129072226,0.8849892062647963,0.06986955320306387,0.3456777926360577,0.33830442791035675,-2.227774799781978,2.227774799781978,12.823844967210192,5.464284319540214e-05,0.0,4.9615195372720855e-06,0.0006020391707814921
random,11,318,0.48388347232247525,0.16097907627390495,0.8849653660839457,0.06986970798085257,0.34567855839513145,0.3383212005140185,-2.227745590432789,2.227745590432789,12.823817458595101,5.742067385838557e-05,0.0,5.217999870632539e-06,0.0006321411293205668
random,11,319,0.48387798414047994,0.16097451871530422,0.884940311389827,0.06986986947901472,0.34567935740307765,0.33833882407150095,-2.227714837292775,2.227714837292775,12.823788546437923,6.0342125625602205e-05,0.0,5.488181995305652e-06,0.0006637481857865951
random,11,320,0.4838722112969001,0.16096972876152377,0.8849139791279024,0.06987003792541538,0.3456801907872527,0.3383573424484976,-2.227682454368464,2.227682454368464,12.823758157683567,6.341487170454939e-05,0.0,5.772843579832099e-06,0.0006969355950759249
random,11,321,0.48386613848581617,0.1609646943251096,0.8848863028486776,0.06987021354762535,0.3456810596735572,0.3383768018478863,-2.227648350421816,2.227648350421816,12.823726215329573,6.664702057963142e-05,0.0,6.0728110839458616e-06,0.0007317823748297212
random,11,322,0.48385974952253563,0.16095940266555386,0.8848572125125649,0.06987039657161137,0.34568196517995575,0.33839725094276046,-2.2276124286042287,2.2276124286042287,12.823692638198901,7.004714325327039e-05,0.0,6.388963280534732e-06,0.0007683714935712073
random,11,323,0.4838530272874581,0.16095384035153437,0.8848266342822975,0.06987058722021242,0.3456829084089383,0.33841874101800395,-2.2275745860604648,2.2275745860604648,12.823657340698212,7.362430244023968e-05,0.0,6.722235077527561e-06,0.0008067900682497678
random,11,324,0.48384595366579386,0.16094799322072356,0.8847944903019846,0.06987078571137363,0.3456838904387828,0.33844132612106337,-2.227534713499606,2.227534713499606,12.82362023256012,7.73880838784223e-05,0.0,7.07362166424419e-06,0.0008471295716622562
random,11,325,0.48383850948277274,0.16094184633698683,0.8847606984618134,0.06987099225610532,0.3456849123134572,0.3384650632226458,-2.227492694729807,2.227492694729807,12.823581218569656,8.134862993458996e-05,0.0,7.4441830211213755e-06,0.000889486050245369
random,11,326,0.48383067443395067,0.16093538394477455,0.884725172147324,0.06987120705613123,0.34568597503098447,0.3384900123881284,-2.2274484061532744,2.2274484061532744,12.823540198272234,8.551667570121347e-05,0.0,7.83504882206909e-06,0.0009339603527576375
random,11,327,0.48382242701017597,0.16092858942049554,0.8846878199720903,0.06987143030118434,0.34568707953006367,0.33851623696056043,-2.2274017162174693,2.2274017162174693,12.823497065663489,8.990358779963898e-05,0.0,8.247423774698781e-06,0.0009806583703955195
random,11,328,0.4838137444167348,0.16092144522063967,0.8846485454925296,0.06987166216590443,0.3456882266747205,0.3385438037562022,-2.2273524848181077,2.2273524848181077,12.823451708856712,9.452140612571892e-05,0.0,8.682593441167175e-06,0.0010296912889152954
random,11,329,0.48380460248614615,0.1609139328263988,0.8846072469034618,0.06987190280628429,0.3456894172367252,0.33857278327368245,-2.2273005626489746,2.2273005626489746,12.823404009731515,9.938288879841706e-05,0.0,9.14193058865198e-06,0.0010811758533610602
random,11,330,0.48379497558401924,0.16090603268451026,0.8845638167129034,0.06987215235560562,0.34569065187548553,0.3386032499179156,-2.227245790493034,2.227245790493034,12.823353843554344,0.00010450156059740897,1.3877787807814457e-17,9.626902126913528e-06,0.0011352346460291132
random,11,331,0.4837848365073235,0.16089772414402437,0.8845181413944526,0.06987241091979673,0.34569193111507907,0.3386352822401084,-2.2271879984486005,2.2271879984486005,12.823301078579043,0.00010989176520509035,0.0,1.0139076695725446e-05,0.001191996378330569
random,11,332,0.483774156374358,0.16088898538866803,0.8844701010154664,0.06987267857213666,0.34569325531805184,0.3386689631952496,-2.2271270050836653,2.2271270050836653,12.823245575613226,0.00011556872160126212,1.3877787807814457e-17,1.0680132965512623e-05,0.0012515961972470976
random,11,333,0.48376290450561577,0.16087979336444722,0.8844195688390625,0.06987295534721807,0.3456946246555503,0.338704380418742,-2.2270626165105143,2.2270626165105143,12.823187187564333,0.00012154858499432084,1.3877787807814457e-17,1.1251868742234716e-05,0.0013141760071094526
random,11,334,0.483751048294668,0.1608701237020973,0.8843664108977979,0.0698732412340722,0.3456960390733066,0.33874162652385087,-2.2269946253719763,2.2269946253719763,12.823125758939948,0.00012784851271367573,1.3877787807814457e-17,1.1856210947791546e-05,0.0013798848074649253
random,11,335,0.4837385530680795,0.1608599506339524,0.8843104855366675,0.0698735361683431,0.34569749825292156,0.33878079942214256,-2.22692280972926,2.22692280972926,12.823061125338231,0.0001344867355327993,0.0,1.2495226588471464e-05,0.0014488790478381715
random,11,336,0.48372538193326786,0.16084924690476562,0.8842516429228477,0.0698738400233863,0.3456990015678248,0.33882200266873014,-2.2268469318406474,2.2268469318406474,12.822993112853588,0.0001414826349429663,0.0,1.317113481164034e-05,0.00152132300023008
random,11,337,0.4837114956130855,0.16083798367596225,0.8841897245193385,0.0698741526001457,0.34570054803319156,0.3388653458357221,-2.226766736817625,2.226766736817625,12.822921537546984,0.000148856826953761,0.0,1.3886320182343592e-05,0.0015973891502415842
random,11,338,0.48369685226577047,0.1608261304227673,0.884124562519433,0.06987447361564926,0.345702136249025,0.3389109449143425,-2.2266819511464915,2.2266819511464915,12.822846204623696,0.0001566312530597322,0.0,1.4643347315046462e-05,0.0016772586077536634
random,11,339,0.4836814072887494,0.1608136548235662,0.8840559792384894,0.06987480268992691,0.3457037643354331,0.3389589227552253,-2.226592281053303,2.226592281053303,12.822766908216474,0.00016482927908305575,0.0,1.5444977021050743e-05,0.0017611215381413466
random,11,340,0.48366511310460025,0.16080052264087494,0.8839837864595779,0.06987513933116712,0.3457054298591912,0.3390094095312388,-2.226497410712215,2.226497410712215,12.822683429263522,0.00017347580268153005,0.0,1.6294184149168167e-05,0.0018491776150484141
random,11,341,0.4836479189272766,0.16078669759296518,0.8839077847277518,0.06987548291877559,0.34570712974992507,0.3390625432894869,-2.2263970002168243,2.2263970002168243,12.822595539080694,0.00018259737040001117,0.0,1.7194177323653914e-05,0.001941636495800835
random,11,342,0.4836297705064708,0.1607721412160322,0.8838277625923319,0.06987583268439247,0.34570886020619457,0.3391184703741955,-2.2262906835032386,2.2262906835032386,12.82250298351653,0.00019222230524392877,1.3877787807814457e-17,1.8148420805774723e-05,0.002038718320590877
random,11,343,0.48361060984772897,0.1607568127132122,0.8837434957768947,0.06987618768926387,0.34571061658353913,0.3391773465850966,-2.22617806537901,2.22617806537901,12.822405537821556,0.00020238084586568327,0.0,1.9160658741856906e-05,0.002140654236620421
random,11,344,0.48359037490563767,0.16074066880104623,0.8836547463352239,0.06987654680299499,0.34571239328936,0.3392393354811724,-2.226058721053942,2.226058721053942,12.822302780814038,0.0002131052985825977,0.0,2.0234942091301722e-05,0.002247686948451442
random,11,345,0.4835689992470671,0.16072366349969633,0.8835612614980463,0.06987690865881666,0.3457141835616024,0.33930462013537205,-2.2259321826046996,2.2259321826046996,12.822195074732928,0.00022443020358676143,0.0,2.1375658570577105e-05,0.002360071295874014
random,11,346,0.4835464116810752,0.160705748123405,0.8834627736205831,0.06987727170500685,0.345715979723162,0.33937334835579097,-2.2257979885704504,2.2257979885704504,12.822078934874373,0.00023639251689578112,0.0,2.258756599188283e-05,0.002478074860667715
random,11,347,0.4835225358519335,0.16068687010283714,0.8833589937085009,0.0698776337134529,0.3457177707505095,0.3394459361926127,-2.2256553917302586,2.2256553917302586,12.821970645942592,0.0002490318102888892,0.0,2.3875829141706273e-05,0.002601978603701101
random,11,348,0.48349728980214746,0.16066697848946498,0.8832496416776822,0.06987799442024153,0.3457195553379409,0.33952128792712266,-2.2255050525120152,2.2255050525120152,12.821775845814656,0.00026239051297769487,0.0,2.5246049786042946e-05,0.002732077533886156
random,11,349,0.4834705860646187,0.16064598773535907,0.8831342472374748,0.06987833858469325,0.34572125808259174,0.33960806933061444,-2.225338285681206,2.225338285681206,12.822061169419541,0.0002765150740599396,0.0,2.6703737528777083e-05,0.002868681410580464
random,11,350,0.4834423551177562,0.16062404389996485,0.88301361333416,0.06987876137011252,0.3457233498024295,0.3396439432394031,-2.2252139444737846,2.2252139444737846,12.818752231037045,0.0002915179211842735,0.0,2.8230946862495276e-05,0.003012115481109487
random,11,351,0.48341243388918465,0.16060051649848914,0.8828842739445829,0.06987899305496806,0.3457244960572112,0.339799336013059,-2.2249693207190826,2.2249693207190826,12.832545469311006,0.0003073553440636017,0.0,2.9921228571538894e-05,0.0031627212551649615
random,11,352,0.4834122852979198,0.16060108663856182,0.882887408229049,0.06988040081907973,0.3457314609334465,0.33918375405727236,-2.2256063033302236,2.2256063033302236,12.68030440691761,7.239451966286562e-05,0.0,1.485912648480081e-07,0.00041510716474040123
random,11,353,0.4834054296253447,0.1605960135446782,0.8828595194344938,0.06987968991211656,0.34572794373978294,0.33945919618840814,-2.2252863035058614,2.2252863035058614,12.856747937431187,4.907878305478924e-05,0.0,6.855672575079019e-06,0.0004358625229774213
random,11,354,0.48340022192762,0.16059152193704432,0.8828348272988074,0.06987943668568133,0.34572669090859753,0.33964969214699664,-2.225073917607392,2.225073917607392,12.850763368583172,4.9108704936620916e-05,0.0,5.2076977247184075e-06,0.0004576556491262924
random,11,355,0.4833954697099013,0.16058768443953061,0.8828137310640005,0.06987937100316118,0.34572636594604167,0.3397262484369963,-2.2249829089396203,2.2249829089396203,12.843579953578441,4.7635324555776196e-05,0.0,4.7522177186731795e-06,0.000480538431582607
random,11,356,0.48339056649683876,0.16058376281425785,0.8827921723457778,0.06987933546664561,0.34572619013005756,0.3397880812851097,-2.224908487112088,2.224908487112088,12.839173871360185,4.9788409661678554e-05,0.0,4.903213062568135e-06,0.0005045653531617374
random,11,357,0.4833854557094509,0.1605796947771016,0.8827698087437833,0.06987932214978816,0.34572612424525256,0.3398410339565684,-2.2248414932304184,2.2248414932304184,12.834005917410572,5.208514262267965e-05,0.0,5.110787387851978e-06,0.0005297936208198242
random,11,358,0.4833801147597133,0.16057549847241703,0.8827467400046817,0.0698793442888837,0.3457262337778505,0.3398754425155044,-2.224791139389374,2.224791139389374,12.826719295676508,5.45239420889122e-05,0.0,5.340949737586698e-06,0.0005562833018608155
random,11,359,0.48337450272438864,0.16057116846282302,0.882722936237048,0.06987940419260275,0.3457265301499384,0.33988710526727994,-2.2247615080733865,2.2247615080733865,12.819700428025152,5.724519604380094e-05,0.0,5.6120353246758015e-06,0.0005840974669538563
random,11,360,0.4833686007838573,0.1605665898363519,0.8826977657245505,0.06987945251073993,0.34572676920266227,0.3399082450722984,-2.2247218358902234,2.2247218358902234,12.822038424075892,6.015276777414923e-05,0.0,5.901940531349847e-06,0.0006133023403015491
random,11,361,0.4833623934924392,0.1605617995086273,0.8826714314069077,0.06987951213182338,0.345727064176418,0.3399237508398787,-2.22468647483767,2.22468647483767,12.820303365618463,6.321143556265531e-05,0.0,6.207291418092176e-06,0.0006439674573166266
random,11,362,0.4833558644645823,0.16055674721680588,0.8826436569694789,0.06987956486349599,0.3457273250649933,0.339945642346755,-2.224643900263822,2.224643900263822,12.821622965735536,6.642893517925277e-05,0.0,6.529027856916336e-06,0.000676165830182458
random,11,363,0.4833489964355264,0.16055145422647202,0.8826145593175548,0.06987962675556096,0.34572763127437095,0.33996331503595256,-2.2246041591637358,2.2246041591637358,12.820361291550464,6.981340671039422e-05,0.0,6.868029055862035e-06,0.0007099741216915809
random,11,364,0.483341771129827,0.16054587299023607,0.8825838770644131,0.06987968147937514,0.34572790201901465,0.339987534946273,-2.2245569134781276,2.2245569134781276,12.82156171961007,7.337379966967286e-05,0.0,7.225305699409823e-06,0.00074547282777616
random,11,365,0.4833341692550627,0.160540027768882,0.8825517435811358,0.06987974715648862,0.3457282269548211,0.34000631436629164,-2.224513520596417,2.224513520596417,12.82013120164614,7.711970238145915e-05,0.0,7.601874764340266e-06,0.000782746469164968
random,11,366,0.48332617037861947,0.16053385589125224,0.8825178143396936,0.06987980090193013,0.3457284928589916,0.3400347149452362,-2.2244595352160967,2.2244595352160967,12.821810013675655,8.106130306578342e-05,0.0,7.99887644320485e-06,0.0008218837926232164
random,11,367,0.48331775304248903,0.16052740792043757,0.8824823673053052,0.06987987408096846,0.3457288549103756,0.3400520033381087,-2.224414645247469,2.224414645247469,12.81939044022895,8.521057003347651e-05,0.0,8.417336130439601e-06,0.0008629779822543774
random,11,368,0.48330889450849684,0.16052056761223316,0.8824447634378065,0.06987991898303227,0.34572907706216544,0.340089585242115,-2.2243488038133554,2.2243488038133554,12.822831647642841,8.958007322653162e-05,0.0,8.858533992184281e-06,0.0009061268813670962
random,11,369,0.48329957315713973,0.16051348865938536,0.8824058476467395,0.06988001697050701,0.34572956185264175,0.34009398559735243,-2.2243129056337034,2.2243129056337034,12.816726656889864,9.420370191016609e-05,0.0,9.321351357116647e-06,0.000951433225435451
random,11,370,0.48328976806013874,0.16050585306758297,0.8823638717921684,0.06988002479029166,0.3457296005408224,0.3401599706479862,-2.2242164320968323,2.2242164320968323,12.826560949315342,9.90906343407644e-05,0.0,9.805097000992191e-06,0.0009990048867072237
random,11,371,0.4832809547323801,0.16050021891301774,0.8823328986261346,0.06988086057615099,0.34573373556956843,0.33974283986700754,-2.2246023903001566,2.2246023903001566,12.767063564781974,0.00011495203367246757,0.0,8.813327758649958e-06,0.0010489551310425848
random,11,372,0.4832686571676287,0.16049005425026497,0.8822770194727543,0.06988035115149627,0.3457312152043724,0.3400990896160792,-2.224201219978079,2.224201219978079,12.853049185788219,0.00011516215389944643,0.0,1.2297564751406753e-05,0.0011014028875947141
random,11,373,0.48325708589230904,0.16048089105331634,0.8822266457712159,0.06988021124044194,0.34573052299807927,0.34025322009455927,-2.224015122493984,2.224015122493984,12.839147200974509,0.00011616001970652459,0.0,1.157127531964397e-05,0.0011564730319744499
random,11,374,0.4832452498408209,0.16047231947689292,0.882179524440649,0.06988055346791472,0.3457322161595773,0.3401206610975721,-2.2241020676774266,2.2241020676774266,12.796747650020903,0.00012290696335260794,0.0,1.183605148813438e-05,0.0012142966835731724
random,11,375,0.4832322899027476,0.16046203664504163,0.8821229956652064,0.06988033385038185,0.3457311296075599,0.34031937807760865,-2.223865841187164,2.223865841187164,12.842607666343763,0.00012896303438141772,0.0,1.2959938073320298e-05,0.001275011517751831
random,11,376,0.4832189428219301,0.16045211969957726,0.8820684783112964,0.06988051158827675,0.34573200896116046,0.3402816523235639,-2.223854656461,2.223854656461,12.81042281704948,0.00013423518658442656,0.0,1.3347080817460721e-05,0.0013387620936394225
random,11,377,0.48320478099904957,0.16044113433026672,0.8820080874108236,0.06988042622215457,0.3457315866144969,0.3404069185470976,-2.2236856166559873,2.2236856166559873,12.83516851767155,0.00014121640260235792,0.0,1.416182288055401e-05,0.0014057001983213936
random,11,378,0.4832046833082914,0.16044191935525087,0.8820124030022567,0.06988284227169224,0.3457435399565864,0.33939275902874705,-2.2247316317360064,2.2247316317360064,12.680384704270645,0.0001295134654420269,0.0,9.769075814958228e-08,0.0007379926041187316
random,11,379,0.4831916711310858,0.1604325332802521,0.8819608040523208,0.06988148854785885,0.34573684244321884,0.33988382855914634,-2.2241601362798193,2.2241601362798193,12.86237242219345,9.117892778305058e-05,0.0,1.301217720561798e-05,0.0007748922343246683
random,11,380,0.483181718436969,0.16042428411978601,0.8819154551692192,0.069880936460205,0.345734111003947,0.3402271391703985,-2.223771867526782,2.223771867526782,12.855684613593768,9.007184732763984e-05,0.0,9.952694116799332e-06,0.0008136368460409018
random,11,381,0.48317276443691315,0.16041730347580405,0.8818770798206957,0.06988074425051191,0.3457331600515023,0.3403624443112465,-2.2236131926315843,2.2236131926315843,12.846712829492976,8.760189747562129e-05,0.0,8.954000055849676e-06,0.000854318688342947
random,11,382,0.48316349567660205,0.16041007355382425,0.8818373340928676,0.06988059183522981,0.3457324059808683,0.3404857667733978,-2.223463571224441,2.223463571224441,12.840361873429604,9.139884058364385e-05,0.0,9.268760311098578e-06,0.0008970346227600944
random,11,383,0.4831539045354871,0.16040272012041557,0.8817969093740835,0.06988054813728639,0.3457321897864326,0.34055348521418144,-2.2233644471610177,2.2233644471610177,12.827339071367081,9.516936861713882e-05,0.0,9.591141114928536e-06,0.0009418863538980992
random,11,384,0.48315342464332567,0.16040320921344658,0.8817995981110502,0.06988215250920247,0.34574012737465376,0.3398429584572781,-2.224095287932866,2.224095287932866,12.680404725870421,8.69153925648583e-05,0.0,4.79892161453499e-07,0.000494490335796502
random,11,385,0.48314491751381367,0.16039700807625182,0.8817655080182585,0.06988127625990007,0.3457357921540781,0.3401696393690472,-2.2237148922511594,2.2237148922511594,12.858414482988168,6.044784970967218e-05,1.3877787807814457e-17,8.507129512003164e-06,0.0005192148525863271
random,11,386,0.4831382595303707,0.16039145270775956,0.881734967970289,0.06988090661444608,0.34573396334283296,0.3404045030673716,-2.2234502392911373,2.2234502392911373,12.852232500541874,6.063257545707082e-05,0.0,6.657983442959203e-06,0.0005451755952156434
random,11,387,0.48313219965927584,0.1603867370886361,0.8817090443552423,0.06988077398145412,0.34573330714456363,0.3404958212042533,-2.223340193569949,2.223340193569949,12.844127218775391,5.8851359947559215e-05,0.0,6.05987109486561e-06,0.0005724343749764256
random,11,388,0.4831259268705941,0.16038188038403395,0.8816823451377683,0.06988067023715606,0.3457327938723541,0.34057451818863865,-2.223243130508066,2.223243130508066,12.838961838734539,6.148846631069437e-05,0.0,6.2727886817603995e-06,0.0006010560937252468
random,11,389,0.4831194071689098,0.16037686783623398,0.8816547891888742,0.06988060406235208,0.3457324664742369,0.34063600160135943,-2.223160946869643,2.223160946869643,12.831445419253136,6.423343149070514e-05,0.0,6.51970168430438e-06,0.0006311088984115092
random,11,390,0.4831125768609843,0.16037177341290543,0.881626783137962,0.0698806170431725,0.34573253069650745,0.3406483054113262,-2.2231242945294514,2.2231242945294514,12.81797151463418,6.72685707797244e-05,0.0,6.83030792547612e-06,0.0006626643433320846
random,11,391,0.48310539207818615,0.1603663669565765,0.8815970617187869,0.06988060367460754,0.34573246455588086,0.3406778231578738,-2.2230698562696976,2.2230698562696976,12.821782507115982,7.06968812112118e-05,1.3877787807814457e-17,7.184782798153044e-06,0.0006957975604986889
random,11,392,0.48309783453611493,0.16036075525685853,0.8815662119958899,0.06988062206737217,0.34573255555360427,0.34068648719392464,-2.2230338790578865,2.2230338790578865,12.816795384647005,7.43090796416915e-05,0.0,7.5575420712126196e-06,0.0007305874385236233
random,11,393,0.4830898834975322,0.16035475736633195,0.8815332392300594,0.06988059107110733,0.34573240220039225,0.3407272039723138,-2.222965787349656,2.222965787349656,12.823396408790796,7.81127788632427e-05,0.0,7.951038582754144e-06,0.0007671168104498046
random,11,394,0.4830815258911846,0.16034862631826166,0.8814995344447818,0.06988064055394991,0.34573264701546563,0.3407157018389881,-2.222945882354056,2.222945882354056,12.812338592240636,8.218665749666957e-05,0.0,8.357606347597635e-06,0.0008054726509722948
random,11,395,0.48307272352168223,0.16034192102064762,0.8814626727836575,0.06988056354717678,0.3457322660264635,0.3407855805920236,-2.2228466272655494,2.2228466272655494,12.828521429386862,8.643110678329278e-05,0.0,8.802369502347585e-06,0.0008457462835209096
random,11,396,0.4830724585984498,0.16034269445383492,0.8814669246504192,0.06988340263601678,0.3457463123444707,0.33959931774920227,-2.2240663071826194,2.2240663071826194,12.680436932054283,0.00015647844265376164,1.3877787807814457e-17,2.6492323240701054e-07,0.0008880335976969552
random,11,397,0.48305636328291107,0.16033120968449183,0.8814037883513339,0.0698817301763671,0.345738037893963,0.3401887774605329,-2.223379359227718,2.223379359227718,12.86417572524674,0.00011196982154266086,0.0,1.609531553875554e-05,0.0009324352775818029
random,11,398,0.483043961045914,0.16032114680522083,0.8813484687418291,0.06988100672249578,0.34573445862479857,0.340599989185781,-2.2229124778281575,2.2229124778281575,12.857246846050622,0.00011002588097577617,0.0,1.240223699705556e-05,0.000979057041460893
random,11,399,0.48303276722962823,0.16031256376990904,0.8813012844172411,0.06988070786449468,0.3457329800326308,0.3407711100844854,-2.22271041186259,2.22271041186259,12.847650974238833,0.00010748654349264005,0.0,1.1193816285781644e-05,0.0010280098935339377
random,11,400,0.48302124400448193,0.16030370219230924,0.8812525688360227,0.06988046934513281,0.3457317999643073,0.3409251822245781,-2.2225211913805176,2.2225211913805176,12.83969625548859,0.00011196172217029139,1.3877787807814457e-17,1.1523225146303773e-05,0.0010794103882106347
random,11,401,0.483009306441967,0.16029506756275003,0.8812051008775417,0.06988054824776026,0.34573219033299923,0.3408888472832183,-2.2225104122964203,2.2225104122964203,12.80864782410155,0.00011684638008544703,0.0,1.1937562514940936e-05,0.0011333809076211664
random,11,402,0.4829966448933918,0.16028548622601252,0.8811524284969457,0.06988038149336379,0.34573136531997073,0.3410013779177266,-2.222355308539196,2.222355308539196,12.834238880555281,0.00012288719952314902,0.0,1.266154857521018e-05,0.0011900499530022248
random,11,403,0.48299662728182047,0.1602864375145608,0.8811576581046553,0.06988432013575914,0.3457508516505224,0.339407401776479,-2.2239921863298435,2.2239921863298435,12.680467576513173,0.0002207016402479391,0.0,1.7611571312414753e-08,0.001249552450652336
random,11,404,0.4829731987355856,0.1602699599800525,0.8810670746096086,0.06988187885634956,0.3457387734842994,0.3402349969958875,-2.223026369251504,2.223026369251504,12.867549911891526,0.00016091962240503486,1.3877787807814457e-17,2.3428546234882663e-05,0.001312030073184953
random,11,405,0.4829552963824668,0.16025573338472612,0.8809888654135283,0.06988080341071744,0.34573345274507655,0.340799047027736,-2.2223843966752277,2.2223843966752277,12.860149650780592,0.00015606875814913205,0.0,1.790235311877053e-05,0.0013776315768442007
random,11,406,0.48293912294526425,0.1602434551159851,0.8809213669358206,0.06988030127413666,0.3457309684374363,0.34105548832318755,-2.2220822871123205,2.2220822871123205,12.84960652766563,0.00015339658013311614,0.0,1.6173437202560148e-05,0.0014465131556864108
random,11,407,0.4829226245758491,0.16023106926422737,0.8808532770319104,0.06988002652294997,0.3457296091131042,0.3412098483043349,-2.221871685988088,2.221871685988088,12.83790982301293,0.00015836374662757957,0.0,1.6498369415141045e-05,0.0015188388134707313
random,11,408,0.4829218187680995,0.16023159202044507,0.8808561508286689,0.06988250490647563,0.34574187085097396,0.34013779227017793,-2.2229685746213277,2.2229685746213277,12.68049784209059,0.000141165064731804,1.3877787807814457e-17,8.05807749637566e-07,0.000797390377072134
random,11,409,0.4829072657631326,0.16022122769506184,0.8807991740511938,0.06988100172764547,0.34573443391290687,0.34066468156540086,-2.2223538233190476,2.2223538233190476,12.863081255525488,0.00010155694654889127,0.0,1.4553004966888494e-05,0.0008372598959257407
random,11,410,0.48289577789331595,0.16021201691929587,0.8807485387901629,0.06988029676123655,0.3457309461099807,0.3410433613289728,-2.22192190363793,2.22192190363793,12.856299072473524,0.00010061081614371203,1.3877787807814457e-17,1.148786981663985e-05,0.0008791228907220278
random,11,411,0.4828853661493712,0.1602041720459255,0.8807054124324102,0.06987998026349637,0.34572938024566374,0.34119778570208925,-2.2217363774275007,2.2217363774275007,12.846602938952065,9.822243995984751e-05,0.0,1.0411743944727103e-05,0.0009230790352581293
random,11,412,0.48287463560662314,0.1601960699628869,0.8806608720918376,0.06987971598377457,0.34572807272863115,0.341336303719039,-2.2215628505345246,2.2215628505345246,12.838726482629344,0.0001023485493945816,0.0,1.073054274808305e-05,0.0009692329870210358
random,11,413,0.48286349776127785,0.16018811010948003,0.8806171136435521,0.06987971055419037,0.3457280458659049,0.34131849509611834,-2.2215355615084453,2.2215355615084453,12.810473000749825,0.0001067240296235073,0.0,1.1137845345288166e-05,0.0010176946363720876
random,11,414,0.4828517285373399,0.16017938979909124,0.8805691746638151,0.0698795272797787,0.345727139120532,0.34140805309871475,-2.221403416942093,2.221403416942093,12.831090518099314,0.00011224007923408721,1.3877787807814457e-17,1.1769223937974083e-05,0.001068579368190692
random,11,415,0.4828509291546905,0.16018001272590893,0.8805725991378027,0.06988296657719358,0.34574415495481303,0.3399663154130118,-2.2228765114519664,2.2228765114519664,12.680527104012754,0.00019907705170813274,1.3877787807814457e-17,7.993826493524203e-07,0.0011220083366002267
random,11,416,0.4828297710418882,0.16016515058260725,0.8804908960842619,0.06988077253757474,0.34573330000100805,0.340707202006669,-2.222011125784558,2.222011125784558,12.866451445909792,0.00014580342951875158,0.0,2.1158112802344142e-05,0.001178108753430238
random,11,417,0.4828132178880784,0.16015214019454224,0.880419372858366,0.06987973085582831,0.34572814630772924,0.34122649426899754,-2.221417360258672,2.221417360258672,12.859203969218866,0.0001425561577685593,0.0,1.6553153809772958e-05,0.0012370141911017501
random,11,418,0.482798210372487,0.16014093201984156,0.8803577571089363,0.06987921441265764,0.3457255912186085,0.3414577681296563,-2.221140526487982,2.221140526487982,12.848567314546672,0.00014000237727175457,0.0,1.5007515591414222e-05,0.0012988649006568378
random,11,419,0.48278287936508335,0.1601296073376289,0.8802955008718396,0.06987889553986582,0.3457240136037855,0.34159939442843046,-2.220943841146322,2.220943841146322,12.837040038418095,0.00014467719025571899,0.0,1.5331007403640573e-05,0.0013638081456896797
random,11,420,0.48278206485149927,0.16013026388761614,0.8802991101856291,0.06988322493082738,0.34574543315267975,0.339821244058218,-2.222757473804579,2.222757473804579,12.680555939294619,0.00025463257371439513,1.3877787807814457e-17,8.145135840798012e-07,0.0014319985529741637
random,11,421,0.48275436903547264,0.16011101968386007,0.8801933172203806,0.06988034737401469,0.34573119651538076,0.3407642343841888,-2.2216546786435205,2.2216546786435205,12.868865352755273,0.00018910628037913704,0.0,2.7695816026629405e-05,0.0015035984806228719
random,11,422,0.48273279619003384,0.1600943328220663,0.8801015829708252,0.06987895740383487,0.34572431967415934,0.3414160691708029,-2.2209074510800995,2.2209074510800995,12.861266741937648,0.00018333301505882237,0.0,2.157284543879978e-05,0.0015787784046540155
random,11,423,0.4827132376138753,0.16007984071999345,0.880021914179619,0.06987821995441795,0.34572067116239796,0.34172556971720874,-2.2205371936685734,2.2205371936685734,12.849781678144815,0.00018074689928231953,0.0,1.9558576158540397e-05,0.0016577173248867162
random,11,424,0.48269334361429234,0.1600654488519028,0.879942796414079,0.06987786283895103,0.3457189043429371,0.34184662535697485,-2.2203390900572266,2.2203390900572266,12.832790261148384,0.00018599864101272447,0.0,1.9893999582965005e-05,0.001740603191131052
random,11,425,0.48269242147070174,0.1600660590309319,0.8799461508084536,0.06988328750621663,0.3457457427427864,0.3396576711498537,-2.222565598973821,2.222565598973821,12.680594051583704,0.0003259105744541935,0.0,9.221435905981679e-07,0.0018276333506876048
random,11,426,0.48265609413878785,0.16004111439247487,0.8798090203091681,0.06987950800743087,0.34572704377109365,0.34085562331756003,-2.2211623997053516,2.2211623997053516,12.871285362614652,0.00024571614214689526,0.0,3.632733191388793e-05,0.0019190150182219852
random,11,427,0.48262785616557446,0.16001966042165042,0.8796910793842723,0.06987763420208656,0.34571777316801183,0.3416756443497565,-2.2202190626538516,2.2202190626538516,12.863317154209644,0.00023643377329872817,0.0,2.823797321338528e-05,0.0020149657691330846
random,11,428,0.48260232171169865,0.16000088189786654,0.8795878464451874,0.06987657447559137,0.34571253019880904,0.34209624512950193,-2.219716079552221,2.219716079552221,12.850760759361464,0.00023389188518069124,0.0,2.553445387581954e-05,0.002115714057589739
random,11,429,0.48260114823320105,0.16000134498251936,0.8795903922038587,0.06988304210419936,0.3457445286227048,0.33951537152077804,-2.2223327232813372,2.2223327232813372,12.680633544217601,0.0003973033136755926,0.0,1.173478497595859e-06,0.002221499760469226
random,11,430,0.48255593504005434,0.15997061632604773,0.879421464680151,0.0698783343315111,0.34572123704008395,0.3409641089953616,-2.220633174325316,2.220633174325316,12.873226216594567,0.00030346727958631604,0.0,4.521319314670924e-05,0.002332574748492687
random,11,431,0.4825207705780851,0.15994432759548188,0.8792769451773214,0.06987593319280565,0.345709357468948,0.341951618204377,-2.2194929030014086,2.2194929030014086,12.8649468733676,0.0002905035160497198,0.0,3.5164461969217076e-05,0.0024492034859173216
random,11,432,0.4824890827676953,0.1599214503617112,0.8791511800156155,0.06987464613367701,0.34570298977746894,0.34240454306897533,-2.21892944658731,2.21892944658731,12.851293549799886,0.00028592433112677943,0.0,3.1687810389813276e-05,0.002571663660213188
random,11,433,0.4824873583264321,0.159921596685396,0.8791519844145241,0.06988231447775337,0.34574092870983597,0.33936656904240425,-2.221995264973612,2.221995264973612,12.680683734186871,0.000484691485052458,0.0,1.7244412632289041e-06,0.0027002468432238474
random,11,434,0.4824309763171734,0.1598837013418346,0.8789436587900771,0.06987643956960167,0.34571186275494264,0.34111645534471813,-2.219938994258293,2.219938994258293,12.87517181228529,0.00037544392284180096,0.0,5.638200925867087e-05,0.00283525918538504
random,11,435,0.48238699337033214,0.15985140976302736,0.8787661392669065,0.06987333294783982,0.3456964928247805,0.3423088935020151,-2.218555410015506,2.218555410015506,12.866565345992793,0.00035788228638796246,0.0,4.398294684127002e-05,0.002977022144654292
random,11,436,0.4823474915616257,0.1598234781937755,0.8786125884329694,0.06987174466695183,0.3456886348465013,0.3427868318507361,-2.217927816988935,2.217927816988935,12.851484280700499,0.00035072452153466367,1.3877787807814457e-17,3.9501808706432495e-05,0.003125873251887007
random,11,437,0.48234466707229473,0.15982303159049369,0.878610133278884,0.06988076766418029,0.34573327589001607,0.3392176835061674,-2.2215050432339587,2.2215050432339587,12.680748178303519,0.0005918616338480284,0.0,2.824489330977009e-06,0.0032821669144813574
random,11,438,0.4822741904243979,0.15977623458403625,0.8783528717085618,0.06987341792717697,0.3456969132578352,0.34132875538810303,-2.2190207346073305,2.2190207346073305,12.877122688379659,0.0004654730066195211,0.0,7.047664789683328e-05,0.0034462752602054253
random,11,439,0.4822188817392396,0.15973645087472743,0.878134164994077,0.06986935275048942,0.3456768009021723,0.3427739814091099,-2.217333281191544,2.217333281191544,12.868170514797825,0.0004422846715090331,0.0,5.530868515829512e-05,0.003618589023215697
random,11,440,0.48216935793848403,0.15970225586317444,0.8779461815516466,0.0698673528034579,0.3456669062163822,0.3432632888285793,-2.2166391121916664,2.2166391121916664,12.851118719444948,0.0004319984907681678,0.0,4.9523800755568725e-05,0.003799518474376482
random,11,441,0.48216494941626126,0.15970089750110547,0.8779387141005128,0.06987797284927216,0.3457194486161324,0.3390684429033726,-2.2208112686141708,2.2208112686141708,12.680831977562223,0.0007236144803131171,0.0,4.408522222776323e-06,0.003989494398095306
random,11,442,0.4820760985730141,0.15964287924967024,0.8776197649283014,0.06986862794487933,0.3456732149453156,0.3416246131952049,-2.217792059553,2.217792059553,12.879119317560038,0.0005786540670666406,0.0,8.885084324716797e-05,0.004188969118000072
random,11,443,0.48200610206251765,0.15959369126989212,0.8773493592362149,0.06986323874838694,0.3456465520361918,0.3433848226320017,-2.2157199809692227,2.2157199809692227,12.869753325101144,0.0005486390114731283,0.0,6.999651049643951e-05,0.004398417573900076
random,11,444,0.48194356689569295,0.15955169030874086,0.877118463415333,0.06986065879560496,0.3456337877870748,0.34386102015535724,-2.214959549091956,2.214959549091956,12.849695594181036,0.0005347950841017107,0.0,6.25351668246954e-05,0.00461833845259508
random,11,445,0.48193699140605034,0.15954898773294693,0.8771036062920831,0.06987318864394429,0.34569577888502007,0.3389255669264587,-2.2198369188611493,2.2198369188611493,12.680942651415585,0.0008860687243837721,0.0,6.575489642612897e-06,0.004849255375224834
random,11,446,0.4818236998682958,0.15947668442565904,0.8767061265432601,0.06986105084902924,0.3456357274611687,0.3420372636604274,-2.2161256560296754,2.2161256560296754,12.881183936764005,0.0007217079056401968,0.0,0.00011329153775452294,0.005091718143986076
random,11,447,0.48173444138920696,0.15941560600357757,0.8763703544080965,0.06985379727653912,0.34559984060040944,0.3441972336875761,-2.213555982546918,2.213555982546918,12.87130643559164,0.0006836347264286277,1.3877787807814457e-17,8.925847908886064e-05,0.00534630405118538
random,11,448,0.48165474530701097,0.15936380708017922,0.8760855953308982,0.0698503727797414,0.34558289799179587,0.3446172980439559,-2.2127349679762447,2.2127349679762447,12.845644953972524,0.0006661478090426056,0.0,7.969608219599023e-05,0.00561361925374465
random,11,449,0.4816443134935458,0.15935892917870814,0.8760587795858897,0.06986498895363064,0.34565521113099873,0.33882102488243493,-2.2184103188890734,2.2184103188890734,12.681091605955604,0.001087189170173893,1.3877787807814457e-17,1.0431813465161532e-05,0.005894300216431883
random,11,450,0.48149880889781166,0.15926849368517934,0.8755616200699442,0.06984905231468871,0.3455763650253786,0.342613011129171,-2.213829121145376,2.213829121145376,12.88329029633865,0.0009035889776780543,0.0,0.0001455045957341472,0.006189015227253477
random,11,451,0.48138407243854864,0.1591922372497688,0.8751424084193287,0.06983911335226267,0.3455271922679324,0.3453076132767204,-2.2105820922327557,2.2105820922327557,12.872830355402236,0.0008565458077122593,1.3877787807814457e-17,0.00011473645926302067,0.006498465988616152
random,11,452,0.4812811630793646,0.15912802743027293,0.8747894217596235,0.06983441473580874,0.3455039459855422,0.345584815030208,-2.2097273958206483,2.2097273958206483,12.815214442379778,0.000836041921781047,1.3877787807814457e-17,0.00010290935918405575,0.0068233892880469596
random,11,453,0.4812639276873866,0.15911967205945743,0.8747434889964119,0.0698511691646759,0.3455868380854937,0.3387926874163326,-2.2162868046171353,2.2162868046171353,12.681296660170133,0.0013375350796562006,1.3877787807814457e-17,1.723539197800994e-05,0.007164558752449307
random,11,454,0.4810753556258416,0.1590060449968434,0.8741188362937702,0.06982995927241346,0.3454819026965694,0.34342195299719536,-2.2105950899057265,2.2105950899057265,12.885455327729993,0.0011366974715982191,0.0,0.0001885720615449893,0.007522786690071773
random,11,455,0.48092702596959974,0.15891143093464707,0.873598705540592,0.06981674938631974,0.34541654712956615,0.3464939237277136,-2.2067351393166703,2.2067351393166703,12.874318579550197,0.0010655399137100192,0.0,0.00014832965624184125,0.007898926024575361
random,11,456,0.48090149080524086,0.15889918213336543,0.873531369057111,0.06983498337848126,0.3455067593303372,0.3388579043210145,-2.213998360105662,2.213998360105662,12.681503970829814,0.001566026852810265,1.3877787807814457e-17,2.5535164358880813e-05,0.00829387232580413
random,11,457,0.4806707674372015,0.15876384946840957,0.8727873921120453,0.06980841384159768,0.3453753072394016,0.34424389796390276,-2.207257225655473,2.207257225655473,12.887133481160626,0.0013553595827306179,0.0,0.000230723368039365,0.008708565942094336
random,11,458,0.480489281888004,0.15865215386638604,0.8721733574087616,0.06979180126378623,0.34529311694384945,0.34761048279265455,-2.2028342602494906,2.2028342602494906,12.875406988469177,0.001261636971071643,0.0,0.00018148554919750204,0.009143994239199054
random,11,459,0.48045110032037425,0.15863440926906044,0.8720758083705156,0.06981117501022682,0.3453889680491973,0.3390422190847413,-2.210805335386344,2.210805335386344,12.68177734103976,0.0018381830721089089,1.3877787807814457e-17,3.8181567629747004e-05,0.009601193951159007
random,11,460,0.4801666518184529,0.158472626978214,0.871186427417669,0.06977751374656928,0.34522242982496304,0.3453222595313415,-2.202753594986008,2.202753594986008,12.88887750098155,0.0016224730248829828,0.0,0.00028444850192133053,0.010081253648716957
random,11,461,0.47994249476848366,0.15834014885305617,0.8704581430018179,0.06975626287506168,0.3451172916922918,0.3489990248810302,-2.1976162521957376,2.1976162521957376,12.876467913935315,0.0015025850184551275,0.0,0.00022415704996925356,0.010585316331152806
random,11,462,0.47988501432001995,0.15831464903469383,0.8703179604599968,0.06977606463010634,0.3452152603590481,0.3394078935734734,-2.2062351562886806,2.2062351562886806,12.682144686678846,0.0021645253831174024,1.3877787807814457e-17,5.7480448463709255e-05,0.011114582147710446
random,11,463,0.4795311274083328,0.15812040122281817,0.8692501037550977,0.06973284638488551,0.3450014392177261,0.346752205626382,-2.196488056185636,2.196488056185636,12.89071430563277,0.0019513705524157243,1.3877787807814457e-17,0.00035388691168714015,0.011670311255095968
random,11,464,0.47925115157771253,0.15796240213763652,0.8683815205733877,0.06970513390077766,0.34486433242520054,0.35075221154652003,-2.1903731069309886,2.1903731069309886,12.877497932092178,0.0018021838341260538,1.3877787807814457e-17,0.00027997583062028264,0.012253826817850767
random,11,465,0.4791641045852188,0.15792594649133787,0.8681811095316595,0.06972402079356427,0.3449577748347899,0.34004960762114383,-2.199424369540983,2.199424369540983,12.682648592856612,0.0025591540997068844,0.0,8.704699249373338e-05,0.012866518158743305
random,11,466,0.47871899212372426,0.15769151046700633,0.8668923223992074,0.06966765377258081,0.3446789004682343,0.348673617274664,-2.187328777831373,2.187328777831373,12.892685520095487,0.002360138466439764,0.0,0.00044511246149453454,0.013509844066680472
random,11,467,0.47836463007833,0.15750183481309823,0.8658496006468948,0.06963072864696096,0.3444962143720461,0.3530069137571774,-2.1796556968655927,2.1796556968655927,12.878493065068852,0.002179811476740469,0.0,0.0003543620453942409,0.014185336270014497
random,11,468,0.47823198970823394,0.15744986284402843,0.8655638902695058,0.06964628316687836,0.3445731699537561,0.3411139675540386,-2.1883999633128783,2.1883999633128783,12.683355384774384,0.0030414331427127093,0.0,0.0001326403700960821,0.014894603083515222
random,11,469,0.4776647188705446,0.15716518690301445,0.8639989145336152,0.06957139974265449,0.34420268616498034,0.3512975613405587,-2.172277793015376,2.172277793015376,12.89485705584349,0.002873767755037092,0.0,0.0005672708376893154,0.015639333237690983
random,11,470,0.47722311337317774,0.15694208397814363,0.8627724299111866,0.0695226137277567,0.34396131862836016,0.3559016924110913,-2.159983649045075,2.159983649045075,12.879446186336658,0.002578832562718444,0.0,0.0004416054973668815,0.016421299899575532
random,11,471,0.4772231112360881,0.15694209818789268,0.8627725080277721,0.06952262067229778,0.3439613529862961,0.3558969489423056,-2.1599884499865385,2.1599884499865385,12.684322336584572,2.9963268896679663e-07,0.0,2.1370896163830366e-09,2.104780870917274e-06
random,11,472,0.47722310193968304,0.1569420911535303,0.8627724693571124,0.06952261895533145,0.34396134449164995,0.3558976231667535,-2.159987605552895,2.159987605552895,12.808423028426889,1.238831397662258e-07,0.0,9.296405090175597e-09,2.2100199144631378e-06
random,11,473,0.47722309658866474,0.15694208720197433,0.8627724476338533,0.06952261896138838,0.3439613445216165,0.3558976288989126,-2.1599875241744964,2.1599875241744964,12.806529122803248,1.1145019727420427e-07,1.3877787807814457e-17,5.351018295129961e-09,2.3205209101862946e-06
random,11,474,0.47722309097686577,0.15694208309941765,0.8627724250804839,0.06952261898447504,0.3439613446358371,0.3558976229867024,-2.159987450056862,2.159987450056862,12.80618184385054,1.169503412705785e-07,0.0,5.611798969962223e-09,2.4365469556956094e-06
random,11,475,0.477223085090827,0.1569420788401861,0.862772401665811,0.06952261902611644,0.3439613448418568,0.3558976042981618,-2.159987383967987,2.159987383967987,12.805837846710052,1.2272963817229688e-07,0.0,5.886038767499713e-09,2.55837430348039e-06
random,11,476,0.47722307891632887,0.15694207441792593,0.8627723773549058,0.06952261908777159,0.3439613451468941,0.3558975717431908,-2.1599873265834466,2.1599873265834466,12.805500283774242,1.2880300402417764e-07,0.0,6.174498135003148e-09,2.6862930186544095e-06
random,11,477,0.47722307243836914,0.15694206982547027,0.8627723521083687,0.06952261917079455,0.343961345557648,0.355897524304095,-2.1599872784427316,2.1599872784427316,12.805172510951536,1.3518596211311222e-07,0.0,6.477959724193738e-09,2.82060766958713e-06
random,11,478,0.4772230656411432,0.15694206505470532,0.8627723258815954,0.06952261927639555,0.34396134608010626,0.3558974610664671,-2.159987239896971,2.159987239896971,12.804857965846432,1.4189460958383096e-07,0.0,6.797225948762531e-09,2.9616380530664866e-06
random,11,479,0.4772230585080294,0.1569420600964457,0.86277229862409,0.0695226194056062,0.3439613467193725,0.3558973812477516,-2.1599872110420324,2.1599872110420324,12.80456001233912,1.4894559338802026e-07,1.3877787807814457e-17,7.133113821833348e-09,3.1097199557198113e-06
random,11,480,0.47722305102157564,0.15694205494032976,0.8627722702788905,0.06952261955925206,0.3439613474795314,0.35589728422044714,-2.159987191618575,2.159987191618575,12.804281761001869,1.5635610544924432e-07,1.3877787807814457e-17,7.486453734717458e-09,3.265205953505802e-06
random,11,481,0.4772230431634848,0.15694204957474456,0.862772240782156,0.06952261973793669,0.34396134836356895,0.35589716952690553,-2.1599871808179034,2.1599871808179034,12.804025881538518,1.6414390562761416e-07,0.0,7.858090844692356e-09,3.428466251181092e-06
random,11,482,0.47722303491459594,0.15694204398678926,0.8627722100629656,0.06952261994203962,0.3439613493733629,0.35589703688323726,-2.159987176731437,2.159987176731437,12.803794428841643,1.7232737704168103e-07,0.0,8.24888884976005e-09,3.599889563740147e-06
random,11,483,0.47722302625485913,0.1569420381622802,0.8627721780433458,0.06952262017173026,0.34396135050975135,0.3558968861709163,-2.1599871730251694,2.1599871730251694,12.803588706177804,1.809256127294365e-07,0.0,8.65973681651866e-09,3.7798840419271547e-06
random,11,484,0.4772230172174321,0.15694203243581772,0.8627721465627268,0.06952262066226915,0.34396135293667973,0.355896587424056,-2.15998733226226,2.15998733226226,12.803409186144796,1.893034827000335e-07,0.0,9.037427028957268e-09,3.9688782440235125e-06
random,11,485,0.4772230077459445,0.15694202645451602,0.8627721136811564,0.06952262122090547,0.34396135570051833,0.3558962550266677,-2.1599875290831823,2.1599875290831823,12.803720444715749,1.9868947805004175e-07,0.0,9.471487594225891e-09,4.167322156224688e-06
random,11,486,0.4772229978069749,0.1569420201153148,0.8627720788320712,0.06952262179668878,0.34396135854919124,0.35589591870636894,-2.1599877236601808,2.1599877236601808,12.804101046224,2.0855662069599634e-07,0.0,9.938969591782865e-09,4.375688264035923e-06
random,11,487,0.47722298737622915,0.15694201340329245,0.8627720419334416,0.06952262239102118,0.3439613614896353,0.3558955775642232,-2.159987916552878,2.159987916552878,12.804445254572954,2.189272895141359e-07,0.0,1.0430745767120442e-08,4.5944726772377195e-06
random,11,488,0.4772229764283388,0.15694200630250255,0.8627720028976036,0.06952262300532372,0.3439613645288811,0.3558952307277054,-2.1599881082804164,2.1599881082804164,12.804757292508926,2.2982508815641094e-07,0.0,1.094789037203725e-08,4.824196311099605e-06
random,11,489,0.47722296493678207,0.1569419987959927,0.8627719616313633,0.06952262364105026,0.3439613676741216,0.35589487733500386,-2.159988299335725,2.159988299335725,12.805040598222014,2.4127510433619683e-07,0.0,1.149155670621127e-08,5.065406126654586e-06
random,11,490,0.4772229528738046,0.15694199086580782,0.8627719180360147,0.06952262429969888,0.34396137093276846,0.35589451652245974,-2.1599884901967448,2.1599884901967448,12.805298014643359,2.533039068993048e-07,0.0,1.2062977450266743e-08,5.318676432987315e-06
random,11,491,0.47722294021034356,0.15694198249298255,0.8627718720072974,0.06952262498282197,0.3439613743125021,0.3558941474142576,-2.1599886813354563,2.1599886813354563,12.80553192698218,2.659395655972199e-07,0.0,1.2663461057549341e-08,5.584610254636681e-06
random,11,492,0.4772229269159494,0.15694197365752402,0.862771823435303,0.0695226256920349,0.34396137782131464,0.35589376911376874,-2.1599888732252808,2.1599888732252808,12.805744364748877,2.7921168731770687e-07,0.0,1.329439414110567e-08,5.863840767368515e-06
random,11,493,0.4772229129587076,0.15694196433838667,0.8627717722043358,0.06952262642902411,0.3439613814675495,0.3558933806961541,-2.1599890663472365,2.1599890663472365,12.80593707884824,2.931514646738851e-07,0.0,1.3957241806750176e-08,6.1570328057369415e-06
random,11,494,0.47722289830515774,0.1569419545134405,0.8627717181927382,0.06952262719555441,0.3439613852599382,0.35589298120195456,-2.159989261195102,2.159989261195102,12.806111600774557,3.0779173457997815e-07,0.0,1.4653549873511196e-08,6.464884446023789e-06
random,11,495,0.47722288292020953,0.15694194415943247,0.8627716612726792,0.06952262799347574,0.34396138920763314,0.35589256963148846,-2.159989458279758,2.159989458279758,12.80626928869509,3.2316704518459085e-07,0.0,1.538494820430003e-08,6.788128668324979e-06
random,11,496,0.47722286676705666,0.1569419332519419,0.8627716013099088,0.06952262882472965,0.34396139332024017,0.35589214493993604,-2.1599896581328304,2.1599896581328304,12.806411363726596,3.3931372994129566e-07,0.0,1.6153152870845844e-08,7.1275351017412285e-06
random,11,497,0.47722284980708635,0.1569419217653302,0.8627715381634816,0.06952262969135518,0.34396139760784744,0.35589170603303233,-2.15998986130969,2.15998986130969,12.806538938717255,3.562699883875685e-07,0.0,1.6959970317032003e-08,7.48391185682829e-06
random,11,498,0.4772228319997843,0.15694190967268384,0.8627714716854432,0.06952263059549463,0.34396140208105375,0.3558912517633195,-2.1599900683918767,2.1599900683918767,12.806653041168088,3.740759730165556e-07,0.0,1.7807302021832783e-08,7.858107449669704e-06
random,11,499,0.47722281330263744,0.15694189694575195,0.8627714017204875,0.0695226315393988,0.34396140675099507,0.35589078092692555,-2.1599902799889517,2.1599902799889517,12.806754631462711,3.927738820747147e-07,0.0,1.869714688629287e-08,8.25101282215319e-06
random,11,500,0.47722279367103004,0.15694188355487734,0.8627713281055773,0.06952263252543221,0.34396141162936966,0.35589029226084873,-2.159990496739816,2.159990496739816,12.806844617237159,4.124080581194123e-07,0.0,1.963160739526515e-08,8.66356346326085e-06
random,11,501,0.47722277305813543,0.15694186946892127,0.8627712506695306,0.06952263355607757,0.3439614167284607,0.35588978444072694,-2.1599907193135035,2.1599907193135035,12.806923864499554,4.330250923065997e-07,0.0,2.0612894613414312e-08,9.096741636423893e-06
random,11,502,0.47722275141480364,0.15694185465518165,0.8627711692325711,0.06952263463394066,0.3439614220611602,0.3558892560790672,-2.1599909484094666,2.1599909484094666,12.806993205938637,4.5467393440571873e-07,1.3877787807814457e-17,2.164333179344169e-08,9.551578718245088e-06
random,11,503,0.4772227286894417,0.15694183907930492,0.862771083605844,0.06952263576175434,0.34396142764098897,0.35588870572390197,-2.159991184757387,2.159991184757387,12.807053446765353,4.774060086658248e-07,1.3877787807814457e-17,2.2725361925601817e-08,1.0029157654157343e-05
random,11,504,0.47722270482789025,0.15694182270519152,0.8627709935908955,0.0695226369423828,0.3439614334821175,0.3558881318578252,-2.1599914291165523,2.1599914291165523,12.807105368355435,5.012753356659091e-07,0.0,2.386155145694957e-08,1.053061553686521e-05
random,11,505,0.477222679773292,0.15694180549489456,0.8627708989791166,0.06952263817882559,0.34396143959938597,0.3558875328973383,-2.159991682274862,2.159991682274862,12.807149729932314,5.263386602019225e-07,0.0,2.5054598229434788e-08,1.1057146313708471e-05
random,11,506,0.47722265346595577,0.15694178740851264,0.8627707995511539,0.06952263947422163,0.3439614460083241,0.3558869071924202,-2.1599919450475342,2.1599919450475342,12.80718726852505,5.526555857539306e-07,0.0,2.630733625386128e-08,1.1610003629393895e-05
random,11,507,0.47722262584321246,0.1569417684040767,0.8627706950762868,0.0695226408318533,0.3439614527251714,0.3558862530262154,-2.1599922182756193,2.1599922182756193,12.807218697446036,5.802887154181132e-07,0.0,2.7622743314914544e-08,1.219050381086359e-05
random,11,508,0.47722259683926466,0.15694174843743108,0.8627705853117742,0.06952264225515081,0.34396145976689874,0.3558855686147075,-2.1599925028244344,2.1599925028244344,12.807244703556258,6.093037999498381e-07,0.0,2.900394779903337e-08,1.280002900140677e-05
random,11,509,0.4772225663850293,0.15694172746210966,0.8627704700021734,0.06952264374769687,0.34396146715123144,0.3558848521062372,-2.1599927995820503,2.1599927995820503,12.8072659436277,6.397698931280292e-07,0.0,3.045423535574798e-08,1.3440030451477108e-05
random,11,510,0.47722253440797113,0.1569417054292069,0.8627703488786318,0.06952264531323182,0.3439614748966748,0.35588410158071215,-2.159993109457973,2.159993109457973,12.807283040141078,6.717595149393788e-07,0.0,3.1977058168042305e-08,1.4112031974050963e-05
random,11,511,0.47722250083193024,0.15694168228724525,0.8627702216581568,0.06952264695565961,0.3439614830225434,0.3558833150483515,-2.15999343338216,2.15999343338216,12.807296576875794,7.053488228887201e-07,1.3877787807814457e-17,3.357604089204713e-08,1.4817633572753512e-05
random,11,512,0.477222465576939,0.15694165798203785,0.8627700880428617,0.0695226486790543,0.34396149154899375,0.35588249044782316,-2.159993772304506,2.159993772304506,12.807307094672957,7.406177920818526e-07,1.3877787807814457e-17,3.525499125967002e-08,1.5558515251391187e-05
random,11,513,0.47722242855903146,0.1569416324565484,0.8627699477191958,0.06952265048766772,0.3439615004970614,0.3558816256436438,-2.1599941271949112,2.1599941271949112,12.807315087725254,7.776504044860631e-07,0.0,3.7017907517089554e-08,1.6336441013960747e-05
random,11,514,0.4772223896900429,0.15694160565074677,0.8627698003571498,0.06952265238593795,0.34396150988870394,0.355880718422747,-2.1599944990440174,2.1599944990440174,12.807321000720428,8.165348478231351e-07,0.0,3.8868988583296016e-08,1.7153263064658785e-05
random,11,515,0.4772223488773989,0.15694157750146143,0.8627696456094447,0.06952265437849908,0.3439615197468482,0.35587976649015807,-2.1599948888646687,2.1599948888646687,12.807325227098476,8.573637247226982e-07,0.0,4.081264398658746e-08,1.8010926217891726e-05
random,11,516,0.4772223060238949,0.15694154794222784,0.862769483110699,0.06952265647019183,0.3439615300954435,0.3558787674637601,-2.159995297694099,2.159995297694099,12.807328108598417,9.002342725211673e-07,0.0,4.285350396759924e-08,1.8911472528786315e-05
random,11,517,0.4772222610274643,0.15694151690313213,0.8627693124765686,0.06952265866607546,0.3439615409595205,0.3558777188681733,-2.159995726596822,2.159995726596822,12.807329936161556,9.452485943694013e-07,0.0,4.499643063704539e-08,1.985704615522563e-05
random,11,518,0.4772222137809346,0.15694148431064975,0.86276913330286,0.06952266097144076,0.3439615523652552,0.3558766181278197,-2.159996176668148,2.159996176668148,12.807330952164884,9.925139021311258e-07,1.3877787807814457e-17,4.724652968857157e-08,2.0849898462986914e-05
random,11,519,0.4772221641717725,0.15694145008747765,0.862768945164608,0.06952266339182378,0.3439615643400371,0.35587546255926605,-2.1599966490382316,2.1599966490382316,12.807331353831014,1.0421427715638304e-06,1.3877787807814457e-17,4.960916211160793e-08,2.189239338613626e-05
random,11,520,0.47722211208181475,0.15694141415235924,0.862768747615113,0.06952266593302064,0.3439615769125423,0.3558742493629734,-2.159997144876522,2.159997144876522,12.807331297595528,1.0942534104696154e-06,0.0,5.208995773609004e-08,2.2987013055443074e-05
random,11,521,0.47722205738698714,0.1569413764199009,0.8627685401849329,0.06952266860110315,0.3439615901128109,0.35587297561457465,-2.1599976653964896,2.1599976653964896,12.807330904128403,1.1489699404388534e-06,0.0,5.469482761144562e-08,2.413636370821523e-05
random,11,522,0.4772219999570079,0.15694133680037872,0.8627683223808196,0.06952267140243487,0.34396160397232656,0.35587163825581053,-2.159998211860501,2.159998211860501,12.807330263697034,1.2064226927091008e-06,0.0,5.742997921664994e-08,2.534318189362599e-05
random,11,523,0.4772219396550775,0.15694129519953462,0.8627680936845997,0.06952267434368814,0.34396161852410045,0.35587023408522755,-2.1599987855847305,2.1599987855847305,12.807329441543628,1.2667485188626612e-06,0.0,6.030193044903598e-08,2.661034098830729e-05
random,11,524,0.477221876337552,0.15694125151836094,0.8627678535519889,0.06952267743186133,0.34396163380275674,0.3558687597487164,-2.159999387944027,2.159999387944027,12.807328482994768,1.3300911173467571e-06,0.0,6.331752550048364e-08,2.7940858037722657e-05
random,11,525,0.4772218098536004,0.1569412056528721,0.8627676014113377,0.0695226806742969,0.3439616498446222,0.3558672117299379,-2.160000020376683,2.160000020376683,12.807327418078383,1.3966013760449285e-06,1.3877787807814457e-17,6.648395156627629e-08,2.9337900939608792e-05
random,11,526,0.47722174004484524,0.15694115749386336,0.8627673366623047,0.0695226840786998,0.34396166668781675,0.35586558634064763,-2.1600006843890784,2.1600006843890784,12.807326265500754,1.4664377323542297e-06,0.0,6.980875516537921e-08,3.0804795986589235e-05
random,11,527,0.47722166674498384,0.15694110692665572,0.8627670586744539,0.06952268765315658,0.34396168437234853,0.355863879710901,-2.1600013815602126,2.1600013815602126,12.807325035908638,1.539766551107211e-06,0.0,7.329986140280909e-08,3.23450357859187e-05
random,11,528,0.4772215897793928,0.15694105383082615,0.8627667667857729,0.06952269140615525,0.34396170294021156,0.35586208777909234,-2.1600021135461573,2.1600021135461573,12.807323734437015,1.6167625215138424e-06,1.3877787807814457e-17,7.696559106706857e-08,3.3962287575214636e-05
random,11,529,0.4772215089647099,0.1569409980799234,0.862766460301109,0.06952269534660552,0.3439617224354865,0.3558602062817708,-2.160002882084463,2.160002882084463,12.807322362606602,1.6976090740347838e-06,0.0,8.081468289011795e-08,3.566040195397537e-05
random,11,530,0.47722142410839713,0.15694093954116833,0.8627661384905235,0.06952269948386021,0.3439617429044462,0.3558582307431609,-2.160003688998586,2.160003688998586,12.807320919654217,1.7824988181422501e-06,0.0,8.485631275423344e-08,3.7443422051674134e-05
random,11,531,0.47722133500828134,0.15694087807513826,0.8627658005875546,0.06952270382773754,0.34396176439566606,0.3558561564643179,-2.160004536202386,2.160004536202386,12.807319403419413,1.8716340019985955e-06,0.0,8.910011578544541e-08,3.931559315425784e-05
random,11,532,0.4772212414520712,0.15694081353543562,0.8627654457873973,0.06952270838854413,0.34396178696013774,0.3558539785118505,-2.1600054257047363,2.1600054257047363,12.807317810899828,1.965226995249729e-06,0.0,9.355621016782223e-08,4.1281372811970734e-05
random,11,533,0.47722114321685,0.15694074576833902,0.8627650732449847,0.06952271317709932,0.3439618106513897,0.35585169170615355,-2.1600063596142993,2.1600063596142993,12.807316138570764,2.063500796081442e-06,0.0,9.823522117979877e-08,4.3345441452569276e-05
random,11,534,0.4772210400685444,0.1569406746124369,0.862764682072974,0.0695227182047607,0.34396183552561327,0.3558492906090947,-2.1600073401444946,2.1600073401444946,12.807314382558559,2.166689563622966e-06,0.0,1.0314830561908295e-07,4.551271352519774e-05
random,11,535,0.4772209317613646,0.15694059989824283,0.8627642713396312,0.06952272348345066,0.3439618616417942,0.3558467695111126,-2.160008369618689,2.160008369618689,12.807312538720417,2.2750391771304566e-06,1.3877787807814457e-17,1.0830717978027593e-07,4.778834920145763e-05
random,11,536,0.4772208180372168,0.15694052144779125,0.8627638400666098,0.06952272902568417,0.34396188906184993,0.355844122417686,-2.1600094504756253,2.1600094504756253,12.80731060267867,2.3888078232555236e-06,0.0,1.1372414782107043e-07,5.0177766661530516e-05
random,11,537,0.4772206986250881,0.15694043907421318,0.8627633872266174,0.06952273484459842,0.3439619178507765,0.35584134303513454,-2.1600105852751184,2.1600105852751184,12.807308569826525,2.508266612797168e-06,0.0,1.1941212868515905e-07,5.2686654994607045e-05
random,11,538,0.47722057324039724,0.1569403525812903,0.8627629117409646,0.06952274095398324,0.3439619480767986,0.355838424755719,-2.1600117767040152,2.1600117767040152,12.807306435322738,2.6337002284041676e-06,0.0,1.2538469085221493e-07,5.53209877443374e-05
random,11,539,0.47722044158431576,0.1569402617629871,0.8627624124769931,0.06952274736831345,0.34396197981153004,0.3558353606420007,-2.1600130275824534,2.1600130275824534,12.807304194084303,2.765407604901048e-06,0.0,1.316560814812462e-07,5.808703713155427e-05
random,11,540,0.477220303343053,0.15694016640295927,0.8627618882453733,0.0695227541027826,0.3439620131301405,0.35583214341042807,-2.160014340870414,2.160014340870414,12.807301840773766,2.90370264366052e-06,0.0,1.3824126277039994e-07,6.099138898813199e-05
random,11,541,0.4772201581871059,0.15694006627403762,0.8627613377972663,0.0695227611733384,0.343962048111531,0.35582876541410835,-2.1600157196745977,2.1600157196745977,12.80729936978692,3.0489149630340815e-06,0.0,1.4515594709552104e-07,6.404095843753859e-05
random,11,542,0.47722000577047174,0.1569399611376859,0.8627607598213446,0.06952276859671995,0.3439620848385177,0.3558252186247266,-2.1600171672556274,2.1600171672556274,12.807296775238433,3.2013906864501127e-06,0.0,1.5241663414711226e-07,6.724300635941552e-05
random,11,543,0.4772198457298193,0.1569398507434317,0.8627601529406627,0.06952277639049652,0.343962123398024,0.3558214946135677,-2.160018687035601,2.160018687035601,12.807294050948707,3.361493270088116e-06,1.3877787807814457e-17,1.600406524526754e-07,7.060515667738631e-05
random,11,544,0.4772196776836213,0.15693973482826862,0.8627595157093708,0.0695227845731085,0.3439621638812834,0.35581758453160217,-2.160020282606004,2.160020282606004,12.807291190429451,3.529604372302692e-06,0.0,1.6804619801247256e-07,7.413541451125562e-05
random,11,545,0.4772195012312399,0.15693961311602855,0.8627588466092643,0.06952279316391016,0.3439622063840507,0.3558134790885843,-2.160021957736005,2.160021957736005,12.807288186867885,3.706124766730443e-06,0.0,1.7645238137298236e-07,7.78421852368184e-05
random,11,546,0.4772193159519686,0.1569394853167224,0.8627581440461587,0.0695228021832145,0.34396225100682365,0.35580916853111755,-2.1600237163811444,2.1600237163811444,12.807285033109556,3.891475301366226e-06,1.3877787807814457e-17,1.8527927131417599e-07,8.173429449865932e-05
random,11,547,0.47721912140402484,0.15693935112584767,0.8627574063460841,0.06952281165234027,0.34396229785507654,0.3558046426196373,-2.1600255626924394,2.1600255626924394,12.807281721643506,4.086097905959005e-06,1.3877787807814457e-17,1.945479437548414e-07,8.582100922359228e-05
random,11,548,0.477218917123492,0.15693921022366158,0.8627566317512885,0.0695228215936613,0.3439623470395031,0.35579989060425604,-2.160027501025921,2.160027501025921,12.807278244582113,4.290456650141326e-06,0.0,2.0428053282284253e-07,9.01120596847719e-05
random,11,549,0.477218702623208,0.1569390622744172,0.8627558184160387,0.06952283203065802,0.34396239867627226,0.3557949011994159,-2.160029535952629,2.160029535952629,12.807274593643157,4.505038854873229e-06,0.0,2.1450028403480204e-07,9.46176626690105e-05
random,11,550,0.47721847739159795,0.1569389069255617,0.862754964402213,0.06952284298797164,0.34396245288729566,0.355789662557293,-2.1600316722690702,2.1600316722690702,12.80727076013024,4.730356259923754e-06,0.0,2.2523161002929726e-07,9.934854580246103e-05
random,11,551,0.47721824089144793,0.15693874380689404,0.8627540676746706,0.06952285449146084,0.3439625098005085,0.3557841622398891,-2.1600339150081793,2.1600339150081793,12.807266734911792,4.966946250240715e-06,1.3877787807814457e-17,2.3650015001930313e-07,0.00010431597309258408
random,11,552,0.4772179925586172,0.1569385725296807,0.8627531260963902,0.06952286656826107,0.34396256955016274,0.35577838718975147,-2.1600362694507917,2.1600362694507917,12.80726250840022,5.2153731441821265e-06,0.0,2.4833283074343626e-07,0.00010953177174721329
random,11,553,0.47721773180068394,0.15693839268572624,0.8627521374233609,0.06952287924684677,0.34396263227713497,0.35577232369924827,-2.1600387411376523,2.1600387411376523,12.807258070526649,5.47622954678871e-06,1.3877787807814457e-17,2.607579332458698e-07,0.00011500836033457395
random,11,554,0.47721745799552523,0.15693820384639823,0.8627510992992213,0.06952289255709657,0.34396269812924873,0.35576595737833694,-2.160041335881992,2.160041335881992,12.807253410719406,5.750137771389762e-06,0.0,2.7380515871255895e-07,0.00012075877835130265
random,11,555,0.4772171704898224,0.15693800556160212,0.8627500092496246,0.06952290653036129,0.3439627672616116,0.35575927312074823,-2.1600440597826793,2.1600440597826793,12.80724851787887,6.037751333006408e-06,0.0,2.875057028561834e-07,0.0001267967172688678
random,11,556,0.47721686859749257,0.15693779735870522,0.8627488646763227,0.06952292119953563,0.3439628398369691,0.3557522550685073,-2.1600469192379927,2.1600469192379927,12.807243380346476,6.3397565173646295e-06,0.0,3.018923298014897e-07,0.00013313655313231117
random,11,557,0.4772165515980405,0.15693757874140632,0.8627476628509524,0.06952293659913258,0.34396291602607354,0.35574488657472264,-2.1600499209600206,2.1600499209600206,12.807237985886026,6.656874029085091e-06,0.0,3.169994520768604e-07,0.00013979338078892674
random,11,558,0.4772162187348266,0.15693734918854857,0.8627464009085093,0.06952295276536195,0.34396299600807184,0.35573715016454033,-2.1600530719897297,2.1600530719897297,12.807232321641495,6.9898607234657035e-06,0.0,3.3286321388104056e-07,0.00014678304982837308
random,11,559,0.4772158692132472,0.1569371081528722,0.8627450758404911,0.06952296973621198,0.34396307997090986,0.35572902749420643,-2.160056379712711,2.160056379712711,12.807226374123953,7.339511425865481e-06,0.0,3.495215794013795e-07,0.00015412220231979175
random,11,560,0.4772155021988237,0.15693685505970537,0.8627436844877002,0.06952298755153519,0.34396316811175687,0.3557204993080967,-2.1600598518756677,2.1600598518756677,12.807220129152087,7.706660843301983e-06,0.0,3.67014423519052e-07,0.00016182831243578136
random,11,561,0.47721511681519263,0.15693658930558768,0.8627422235326775,0.06952300625313781,0.3439632606374482,0.35571154539370486,-2.160063496603601,2.160063496603601,12.80721357186603,8.092185572977254e-06,0.0,3.8538363106299656e-07,0.00016991972805757043
random,11,562,0.4772147121419958,0.156936310256826,0.862740689491762,0.06952302588487363,0.3439633577649493,0.3557021445343301,-2.1600673224178615,2.1600673224178615,12.807206686604331,8.497006212742362e-06,0.0,4.0467319684101e-07,0.00017841571446044897
random,11,563,0.47721428721266185,0.15693601724797562,0.8627390787067424,0.06952304649274173,0.34396345972183934,0.3556922744596709,-2.1600713382548204,2.1600713382548204,12.80719945703316,8.922089578666118e-06,1.3877787807814457e-17,4.249293339420035e-07,0.00018733650018347143
random,11,564,0.4772138410120763,0.15693570958024755,0.8627373873361002,0.06952306812498942,0.3439635667468207,0.3556819117935706,-2.1600755534857807,2.1600755534857807,12.807191865772907,9.36845103538681e-06,0.0,4.4620058553546116e-07,0.000196703325192645
random,11,565,0.4772133724741313,0.15693538651983024,0.8627356113457847,0.06952309083221833,0.34396367909024367,0.35567103200023775,-2.1600799779368156,2.1600799779368156,12.807183895076909,9.837156944895105e-06,0.0,4.685379449975713e-07,0.00020653849145227726
random,11,566,0.47721288047915217,0.15693504729613872,0.8627337464995866,0.06952311466749814,0.343963797014669,0.35565960932537727,-2.160084621911826,2.160084621911826,12.807175525113566,1.0329327240048046e-05,0.0,4.919949791459821e-07,0.00021686541602489114
random,11,567,0.477212363851192,0.15693469109994376,0.8627317883488544,0.06952313968647893,0.34396392079542415,0.35564761674102263,-2.1600894962103876,2.1600894962103876,12.807166738119948,1.0846138129113993e-05,0.0,5.166279601898083e-07,0.0002277086868261357
random,11,568,0.47721182135518797,0.15693431708149652,0.8627297322221842,0.06952316594752557,0.3439640507212676,0.3556350258691205,-2.1600946121639857,2.1600946121639857,12.807157507041499,1.1388824938260546e-05,0.0,5.424960040079085e-07,0.0002390941211674425
random,11,569,0.47721125169397366,0.15693392434828346,0.8627275732130775,0.06952319351180737,0.3439641870948331,0.3556218069579428,-2.1600999816202147,2.1600999816202147,12.807147828168452,1.1958685099201233e-05,0.0,5.696612143113455e-07,0.0002510488272258146
random,11,570,0.4772106535051366,0.1569335119635647,0.8627253061719062,0.06952322244355551,0.3439643302339026,0.35560792867330715,-2.1601056171008075,2.1601056171008075,12.807137619937668,1.2557081289426642e-05,0.0,5.981888370754085e-07,0.0002636012685871054
random,11,571,0.477210025357717,0.15693307894171363,0.8627229256802932,0.0695232528097614,0.3439644804699145,0.35559335852078233,-2.1601115313585715,2.1601115313585715,12.807127057618843,1.318544473305389e-05,0.0,6.281474195790615e-07,0.0002767813320164607
random,11,572,0.4772093657487357,0.15693262425494447,0.8627204260880951,0.0695232846819829,0.3439646381568993,0.35557806090374305,-2.1601177391764117,2.1601177391764117,12.80711538992066,1.3845278670987152e-05,1.3877787807814457e-17,6.596089813237782e-07,0.0002906203986172837
random,11,573,0.4772086730995457,0.15693214679425463,0.8627178012986879,0.06952331812981281,0.34396480363916565,0.3555620045499438,-2.1601242502705484,2.1601242502705484,12.80710540190567,1.4538162011381746e-05,0.0,6.926491900038911e-07,0.00030515141854814794
random,11,574,0.47720794575200437,0.15693164552346023,0.862715045615761,0.06952335324965242,0.34396497739365633,0.35554513028219226,-2.160131099836247,2.160131099836247,12.807085474281514,1.5265753219052045e-05,0.0,7.273475413072106e-07,0.00032040898947555536
random,11,575,0.4772071819646717,0.15693111876321278,0.8627121498072745,0.06952339003460092,0.3439651593862299,0.35552749731806205,-2.1601382096142596,2.1601382096142596,12.807106331765537,1.6029795547455073e-05,0.0,7.6378733265825e-07,0.00033642943894933317
random,11,576,0.4772063799146394,0.15693056765088662,0.8627091201258229,0.06952342900699257,0.3439653522011214,0.35550857323426105,-2.1601460618317527,2.1601460618317527,12.806930958887127,1.68321516315555e-05,0.0,8.020500323335789e-07,0.0003532509108967998
random,11,577,0.4772055378924989,0.15692997858422278,0.8627058817944331,0.06952346801359513,0.34396554518527045,0.35549085549378634,-2.1601522602826204,2.1601522602826204,12.807710127734058,1.767558317244624e-05,0.0,8.420221404570327e-07,0.0003709134564416398
random,11,578,0.4772046596441739,0.1569294296898527,0.8627028643059594,0.06952352166184632,0.3439658106085944,0.3554585611238229,-2.1601717325736343,2.1601717325736343,12.802624881814667,1.860394913426225e-05,0.0,8.782483250091566e-07,0.00038945912926372184
random,11,579,0.477203727314799,0.15692871690149385,0.8626989458276979,0.06952355306960513,0.3439659659976621,0.35545163596279244,-2.160166611915304,2.160166611915304,12.819580605552488,1.9549735987653074e-05,0.0,9.32329374925267e-07,0.0004089320857269079
random,11,580,0.47720372628515134,0.15692873957054124,0.8626990704483771,0.06952356413606686,0.343966020748693,0.3554443111537352,-2.1601740285431656,2.1601740285431656,12.68381445184645,4.776591909994265e-07,0.0,1.0296476449234149e-09,3.354521015728542e-06
random,11,581,0.4772037108500264,0.15692872748215306,0.8626990039937477,0.06952356107179579,0.34396600558829177,0.3554455660370662,-2.1601724997575635,2.1601724997575635,12.812312427238748,2.0038154687908342e-07,0.0,1.543512495594257e-08,3.522247066514969e-06
random,11,582,0.4772037021056633,0.15692872036559516,0.8626989648712268,0.06952356077432918,0.34396600411658346,0.35544578004190786,-2.1601721627241153,2.1601721627241153,12.810024261438068,1.799582450036833e-07,0.0,8.744363066970351e-09,3.6983594198407178e-06
random,11,583,0.4772036929726826,0.156928713055289,0.8626989246835954,0.06952356052021225,0.34396600285934653,0.35544596572738507,-2.1601718465486868,2.1601718465486868,12.809264423262357,1.8844687222831472e-07,1.3877787807814457e-17,9.132980705039984e-09,3.883277390832754e-06
random,11,584,0.47720368342988057,0.15692870555468186,0.8626988834498047,0.06952356031633065,0.3439660018506477,0.3554461179443653,-2.1601715554443057,2.1601715554443057,12.808482492885036,1.973738111076215e-07,0.0,9.542802048567722e-09,4.077441260374391e-06
random,11,585,0.47720367345369735,0.1569286978660048,0.8626988411821196,0.06952356016941551,0.34396600112378883,0.3554462315325791,-2.1601712933565045,2.1601712933565045,12.807688254264738,2.0677453151926398e-07,0.0,9.976183212856427e-09,4.2813133233931115e-06
random,11,586,0.47720366301809325,0.15692868998905204,0.8626987978794088,0.06952356008561872,0.3439660007092064,0.3554463016336202,-2.1601710634940634,2.1601710634940634,12.806895001576056,2.166868203285306e-07,1.3877787807814457e-17,1.0435604103076201e-08,4.495378989562767e-06
random,11,587,0.47720365209459675,0.15692868191970008,0.8626987535190038,0.069523560069996,0.3439660006319134,0.3554463240910718,-2.1601708675499487,2.1601708675499487,12.80611950629346,2.2714915806389848e-07,0.0,1.0923496496229035e-08,4.720147939040906e-06
random,11,588,0.4772036406525562,0.1569286736483357,0.8626987080480572,0.06952356012595759,0.34396600090878193,0.3554462958955507,-2.160170703926338,2.160170703926338,12.80538123317838,2.3819857609786785e-07,0.0,1.1442040537268383e-08,4.956155335992952e-06
random,11,589,0.4772036286727443,0.15692866522624419,0.862698661748504,0.06952356030044261,0.343966001772042,0.35544619065868355,-2.160170586580942,2.160170586580942,12.80470055787747,2.495847355171881e-07,0.0,1.1979811920248551e-08,5.2039631027926e-06
random,11,590,0.4772036162380271,0.15692865721833657,0.8626986177258827,0.0695235609967492,0.34396600521700066,0.3554457893805939,-2.1601708110950026,2.1601708110950026,12.804175524300634,2.606791849401281e-07,0.0,1.2434717200360268e-08,5.46416125793223e-06
random,11,591,0.4772036031871866,0.15692864873893114,0.8626985711112525,0.06952356171489187,0.34396600876999284,0.3554453831878826,-2.1601710324249317,2.1601710324249317,12.80452640117216,2.7365055159685627e-07,0.0,1.305084051939076e-08,5.737369320828841e-06
random,11,592,0.47720358948837477,0.15692863976927923,0.8626985218015442,0.0695235624568428,0.3439660124407757,0.3554449707406966,-2.16017125145537,2.16017125145537,12.80483791008857,2.8728208927785706e-07,0.0,1.3698811807127953e-08,6.0242377868702835e-06
random,11,593,0.4772035751083405,0.15692863028924597,0.8626984696860687,0.06952356322459083,0.3439660162391891,0.3554445507431501,-2.160171469008893,2.160171469008893,12.805114997465678,3.0160468759675134e-07,0.0,1.4380034274452669e-08,6.325449676213798e-06
random,11,594,0.47720356001232006,0.15692862027735002,0.8626984146467346,0.0695235640201622,0.3439660201752577,0.35544412191931607,-2.1601716858679856,2.1601716858679856,12.80536167157036,3.166512232948972e-07,0.0,1.5096020433702506e-08,6.641722160024488e-06
random,11,595,0.47720354416393274,0.15692860971077666,0.8626983565581203,0.06952356484563713,0.34396602425927336,0.35544368299475976,-2.1601719027916557,2.1601719027916557,12.805581241948833,3.324565434889469e-07,0.0,1.584838732471283e-08,6.9738082680257125e-06
random,11,596,0.477203527525078,0.15692859856537192,0.8626982952874421,0.06952356570316348,0.34396602850186264,0.3554432326820488,-2.160172120528201,2.160172120528201,12.805776490056283,3.4905748443040143e-07,0.0,1.663885473845994e-08,7.322498681426998e-06
random,11,597,0.47720351005583267,0.15692858681561997,0.8626982306944293,0.0695235665949684,0.34396603291404426,0.3554427696692169,-2.160172339825091,2.160172339825091,12.805949793489152,3.6649291498878685e-07,0.0,1.746924532808336e-08,7.688623615498349e-06
random,11,598,0.47720349171434623,0.15692857443460792,0.8626981626311312,0.06952356752336816,0.34396603750727783,0.35544229261050037,-2.1601725614366214,2.1601725614366214,12.806103218040334,3.8480379833637427e-07,0.0,1.834148644075384e-08,8.073054796273266e-06
random,11,599,0.47720347245673317,0.15692856139397857,0.862698090941657,0.06952356849077679,0.3439660422935068,0.3554418001188868,-2.160172786129781,2.160172786129781,12.806238586851041,4.04033267669907e-07,0.0,1.9257613059764367e-08,8.47670753608693e-06
random,11,600,0.47720345223696276,0.15692854766387285,0.8626980154618598,0.06952356949971354,0.3439660472851951,0.35544129076015135,-2.1601730146886355,2.1601730146886355,12.806357532842897,4.2422671326291497e-07,0.0,2.0219770413554272e-08,8.900542912891276e-06
random,11,601,0.47720343100674356,0.15692853321286243,0.8626979360189656,0.0695235705528097,0.34396605249536083,0.3554407630481529,-2.1601732479174394,2.1601732479174394,12.80646153863329,4.454318792665962e-07,0.0,2.123021919375745e-08,9.34557005853584e-06
random,11,602,0.4772034087154042,0.1569285180078731,0.8626978524311525,0.06952357165281436,0.34396605793760526,0.35544021544120824,-2.1601734866426585,2.1601734866426585,12.806551966838317,4.676989690186364e-07,1.3877787807814457e-17,2.2291339385471787e-08,9.812848561462633e-06
random,11,603,0.4772033853097686,0.15692850201409936,0.8626977645070808,0.0695235728025999,0.3439660636261392,0.35543964633939773,-2.1601737317140293,2.1601737317140293,12.806630082826047,4.910807582868118e-07,0.0,2.3405635596329688e-08,1.0303490989535764e-05
random,11,604,0.47720336073402553,0.15692848519491046,0.862697672045377,0.06952357400516652,0.3439660695758062,0.3554390540826642,-2.1601739840047833,2.1601739840047833,12.806697071404047,5.15632715964724e-07,0.0,2.4575743051702403e-08,1.0818665539012553e-05
random,11,605,0.4772033349295933,0.15692846751174855,0.8626975748340734,0.06952357526364704,0.34396607580210575,0.3554384369495623,-2.160174244411179,2.160174244411179,12.806754048557503,5.414131319773242e-07,0.0,2.5804432202125582e-08,1.135959881596318e-05
random,11,606,0.4772033078349763,0.15692844892401916,0.8626974726500063,0.0695235765813108,0.34396608232121284,0.35543779315650864,-2.160174513851465,2.160174513851465,12.806802069121568,5.684832526263635e-07,0.0,2.709461704997196e-08,1.192757875676134e-05
random,11,607,0.477203279385617,0.15692842938897467,0.862697365258175,0.06952357796156802,0.3439660891499995,0.35543712085736295,-2.1601747932644466,2.1601747932644466,12.806842131114315,5.96907422973247e-07,0.0,2.844935925727654e-08,1.2523957694599407e-05
random,11,608,0.47720324951373916,0.15692840886159135,0.8626972524110664,0.06952357940797387,0.3439660963060547,0.3554364181431535,-2.160175083607813,2.160175083607813,12.806875177390443,6.267532370935173e-07,0.0,2.987187786018808e-08,1.3150155579329379e-05
random,11,609,0.4772032181481853,0.15692838729444075,0.8626971338479478,0.06952358092423312,0.3439661038077078,0.35543568304174555,-2.1601753858564265,2.1601753858564265,12.806902095228876,6.580916959662081e-07,1.3877787807814457e-17,3.1365553876394614e-08,1.3807663358295849e-05
random,11,610,0.4772031852142445,0.15692836463755594,0.8626970092941311,0.06952358251420504,0.3439661116740524,0.35543491351724427,-2.1601757010007585,2.1601757010007585,12.806923714458959,6.90997373640821e-07,0.0,3.2933940796731065e-08,1.4498046526210641e-05
random,11,611,0.47720315063347407,0.15692834083829352,0.8626968784602148,0.06952358418190913,0.3439661199249749,0.3554341074689223,-2.160176030045663,2.160176030045663,12.80694080471823,7.25548592100346e-07,0.0,3.4580770413850104e-08,1.5222948852521174e-05
random,11,612,0.4772031143235107,0.15692831584119166,0.8626967410413036,0.06952358593153164,0.3439661285811867,0.3554332627294759,-2.160176374009683,2.160176374009683,12.806954072419842,7.618276051755198e-07,0.0,3.630996336934089e-08,1.5984096295147235e-05
random,11,613,0.4772030761978738,0.15692828958782545,0.8626965967162126,0.06952358776743317,0.3439661376642616,0.35543237706244407,-2.1601767339250246,2.1601767339250246,12.806964157978602,7.999207920551485e-07,0.0,3.812563692529025e-08,1.6783301109904597e-05
random,11,614,0.4772030361657585,0.1569282620166584,0.8626964451466514,0.06952358969415726,0.3439661471966788,0.355431448158657,-2.1601771108383256,2.1601771108383256,12.806971633773149,8.399188610671535e-07,0.0,4.0032115289356796e-08,1.762246616539983e-05
random,11,615,0.47720299413181916,0.15692823306289147,0.8626962859763944,0.06952359171644047,0.3439661572018723,0.35543047363164015,-2.1601775058122956,2.1601775058122956,12.80697700323662,8.819170640060253e-07,0.0,4.203393932922239e-08,1.850358947366982e-05
random,11,616,0.47720294999594093,0.15692820265830834,0.8626961188304294,0.06952359383922341,0.3439661677042855,0.35542945101194673,-2.160177919928221,2.160177919928221,12.806980701346804,9.26015421647941e-07,0.0,4.413587822993392e-08,1.9428768947353312e-05
random,11,617,0.47720290365300144,0.15692817073111703,0.8626959433140877,0.0695235960676632,0.34396617872943325,0.35542837774045644,-2.160178354289318,2.160178354289318,12.806983096647713,9.723189610133537e-07,0.0,4.6342939485910506e-08,2.040020739472098e-05
random,11,618,0.47720285499262,0.15692813720578633,0.8626957590121447,0.06952359840714707,0.3439661903039687,0.35542725116072804,-2.160178810024826,2.160178810024826,12.806984494783684,1.0209379648833689e-06,0.0,4.8660381446463674e-08,2.142021776445703e-05
random,11,619,0.4772028038988941,0.15692810200287619,0.8626955654878868,0.06952360086330703,0.34396620245575604,0.3554260685105387,-2.1601792882947173,2.1601792882947173,12.80698514339499,1.0719882341219284e-06,1.3877787807814457e-17,5.10937259168287e-08,2.249122865267988e-05
random,11,620,0.4772027502501231,0.156928065038861,0.8626953622821412,0.06952360344203529,0.3439662152139469,0.3554248269127672,-2.1601797902948596,2.1601797902948596,12.806985238091768,1.125591363281293e-06,0.0,5.3648770981240546e-08,2.3615790085313878e-05
random,11,621,0.4772026939185179,0.15692802622594396,0.862695148912254,0.06952360614950082,0.34396622860906195,0.3554235233657934,-2.1601803172624665,2.1601803172624665,12.806984929160505,1.1818750304105966e-06,0.0,5.633160521378855e-08,2.479657958957957e-05
random,11,622,0.47720263476989633,0.15692798547186143,0.8626949248710158,0.06952360899216634,0.3439662426730755,0.35542215473357264,-2.1601808704816685,2.1601808704816685,12.806984328590389,1.240973301306229e-06,0.0,5.914862155620426e-08,2.6036408569058552e-05
random,11,623,0.4772025726633627,0.15692794267967625,0.8626946896255249,0.06952361197680582,0.34396625743950154,0.35542071773552597,-2.1601814512890667,2.1601814512890667,12.80698351704037,1.3030269491383943e-06,0.0,6.21065336381399e-08,2.733822899751148e-05
random,11,624,0.4772025074509721,0.15692789774755825,0.8626944426159807,0.06952361511052282,0.3439662729434847,0.3554192089363428,-2.1601820610791704,2.1601820610791704,12.806982550388325,1.3681837902308512e-06,0.0,6.52123905986457e-08,2.8705140447387055e-05
random,11,625,0.4772024389773774,0.15692785056855174,0.8626941832544057,0.06952361840076887,0.3439662892218912,0.35541762473575816,-2.1601827013096386,2.1601827013096386,12.806981465600805,1.4365990366127056e-06,0.0,6.847359468320491e-08,3.0140397469756408e-05
random,11,626,0.47720236707945846,0.15692780103032886,0.8626939109232894,0.06952362185536266,0.34396630631340397,0.35541596135831455,-2.1601833735063187,2.1601833735063187,12.806980285744498,1.5084356662723042e-06,0.0,7.189791895179098e-08,3.164741734324423e-05
random,11,627,0.47720229158593286,0.15692774901492818,0.8626936249741514,0.06952362548250961,0.3439663242586189,0.35541421484308633,-2.16018407926808,2.16018407926808,12.806979024067674,1.5838648120679137e-06,1.3877787807814457e-17,7.549352559754752e-08,3.3229788210406445e-05
random,11,628,0.4772022123169476,0.1569276943984785,0.8626933247260229,0.06952362929082198,0.343966343100145,0.3554123810333082,-2.160184820271497,2.160184820271497,12.806977687161542,1.663066169997991e-06,0.0,7.926898526466886e-08,3.489127762092677e-05
random,11,629,0.4772021290836492,0.1569276370509066,0.8626930094638401,0.06952363328933983,0.3439663628827078,0.3554104555658326,-2.160185598275429,2.160185598275429,12.806976277293343,1.7462284280705685e-06,0.0,8.323329842019334e-08,3.663584150197311e-05
random,11,630,0.47720204168773345,0.15692757683562955,0.862692678436753,0.06952363748755255,0.3439663836532558,0.3554084338603302,-2.160186415125577,2.160186415125577,12.806974794032165,1.8335497166295782e-06,1.3877787807814457e-17,8.739591572659577e-08,3.8467633577071764e-05
random,11,631,0.4772019499209719,0.15692751360923052,0.8626923308563428,0.06952364189542161,0.34396640546107304,0.355406311108148,-2.160187272759073,2.160187272759073,12.80697323532332,1.9252380813055305e-06,0.0,9.176676152300445e-08,4.0391015255925355e-05
random,11,632,0.47720185356471456,0.15692744722111734,0.8626919658947451,0.06952364652340384,0.3439664283578945,0.3554040822607471,-2.1601881732091734,2.1601881732091734,12.806971598150694,2.021511979630592e-06,0.0,9.635625736192921e-08,4.241056601872163e-05
random,11,633,0.4772017523893679,0.15692737751316432,0.8626915826826805,0.06952365138247624,0.3439664523980284,0.3554017420176472,-2.160189118610098,2.160189118610098,12.806969878917513,2.1226008026771185e-06,0.0,1.0117534665621264e-07,4.453109431965771e-05
random,11,634,0.4772016461538466,0.156927304319335,0.8626911803073815,0.06952365648416166,0.34396647763848404,0.35539928481382377,-2.1601901112020627,2.1601901112020627,12.806968073650294,2.228745422813755e-06,0.0,1.0623552132438263e-07,4.67576490356406e-05
random,11,635,0.47720153460499765,0.15692722746528648,0.8626907578104163,0.06952366184055586,0.3439665041391047,0.3553967048065038,-2.1601911533365277,2.1601911533365277,12.806966178092972,2.3401987689332916e-06,0.0,1.1154884893560535e-07,4.909553148742263e-05
random,11,636,0.4772014174769954,0.15692714676795377,0.8626903141854046,0.06952366746435576,0.34396653196270804,0.35539399586132053,-2.160192247481692,2.160192247481692,12.80696418774578,2.457226430648751e-06,0.0,1.1712800224161768e-07,5.1550308061793766e-05
random,11,637,0.4772012944907069,0.15692706203511295,0.862689848375616,0.06952367336888922,0.3439665611752334,0.355391151537785,-2.160193396228249,2.160193396228249,12.806962097872185,2.5801072928168056e-06,0.0,1.2298628848661508e-07,5.412782346488346e-05
random,11,638,0.47720116535302437,0.1569269730649229,0.8626893592714502,0.06952367956814612,0.34396659184589523,0.35538816507404103,-2.160194602295417,2.160194602295417,12.806959903496214,2.7091342018212293e-06,0.0,1.2913768254740887e-07,5.6834214638127636e-05
random,11,639,0.4772010297561649,0.1569268796454436,0.8626888457077896,0.06952368607681102,0.3439666240473451,0.3553850293708624,-2.160195868537262,2.160195868537262,12.806957599391419,2.844614665520113e-06,1.3877787807814457e-17,1.3559685946296085e-07,5.967592537003402e-05
random,11,640,0.47720088737693434,0.15692678155413065,0.8626883064612199,0.06952369291029745,0.343966657855841,0.3553817369748593,-2.160197197949329,2.160197197949329,12.80695518007058,2.986871588265023e-06,0.0,1.4237923057214275e-07,6.265972163853572e-05
random,11,641,0.4772007378759549,0.15692667855730416,0.8626877402471108,0.06952370008478374,0.34396669335142493,0.3553782800608525,-2.1601985936755868,2.1601985936755868,12.806952639772913,3.1362440428516764e-06,0.0,1.4950097942945106e-07,6.579270772046251e-05
random,11,642,0.4772005808968533,0.15692657040959127,0.8626871457165509,0.06952370761725078,0.3439667306181092,0.3553746504133717,-2.160200059015713,2.160200059015713,12.806949972446256,3.2930880813402257e-06,0.0,1.5697910160650252e-07,6.908234310648565e-05
random,11,643,0.4772004160654083,0.1569264568533405,0.862686521453129,0.06952371552552133,0.34396676974407153,0.35537083940724284,-2.160201597432725,2.160201597432725,12.80694717173998,3.457777586688118e-06,0.0,1.6483144499312985e-07,7.253646026180993e-05
random,11,644,0.4772002429886551,0.15692633761800678,0.8626858659695519,0.06952372382830153,0.3439668108218601,0.35536683798721097,-2.160203212560979,2.160203212560979,12.806944230982534,3.6307051671729006e-06,0.0,1.7307675320710203e-07,7.616328327490043e-05
random,11,645,0.4772000612539451,0.15692621241950566,0.8626851777040956,0.06952373254522416,0.3439668539486075,0.35536263664655704,-2.1602049082145527,2.1602049082145527,12.806941143170047,3.812283095852131e-06,0.0,1.817347100030453e-07,7.997144743864544e-05
random,11,646,0.47719987042795786,0.1569260809595351,0.8626844550168765,0.06952374169689418,0.3439668992262563,0.35535822540465745,-2.1602066883960243,2.1602066883960243,12.806937900947588,4.002944297327238e-06,0.0,1.9082598723407784e-07,8.397001981057772e-05
random,11,647,0.47719967005566377,0.15692594292486328,0.8626836961859358,0.06952375130493627,0.34396694676179396,0.35535359378343595,-2.1602085573056735,2.1602085573056735,12.806934496592946,4.203143384235152e-06,0.0,2.0037229409020085e-07,8.816852080110661e-05
random,11,648,0.47719945965923377,0.1569257979865804,0.8626828994031269,0.06952376139204486,0.3439669966675007,0.35534873078265294,-2.160210519351116,2.160210519351116,12.806930921998164,4.4133577459258785e-06,0.0,2.1039643000042574e-07,9.257694684116194e-05
random,11,649,0.4771992387368947,0.15692564579931348,0.8626820627697984,0.06952377198203627,0.34396704906120706,0.35534362485397397,-2.1602125791574,2.1602125791574,12.806927168647412,4.634088692049163e-06,0.0,2.2092233908921344e-07,9.720579418322004e-05
random,11,650,0.47719900676172633,0.15692548600040082,0.8626811842922565,0.06952378309990367,0.34396710406656616,0.3553382638737634,-2.1602147415775685,2.1602147415775685,12.806923227601516,4.865862653797876e-06,0.0,2.3197516835216092e-07,0.00010206608389238105
random,11,651,0.4771987631803988,0.1569253182090261,0.8626802618770036,0.06952379477187434,0.3439671618133367,0.3553326351145343,-2.160217011703732,2.160217011703732,12.806919089472217,5.109232445673572e-06,0.0,2.4358132755253337e-07,0.00010716938808700011
random,11,652,0.4771985074118446,0.15692514202530808,0.8626792933257351,0.0695238070254699,0.3439672224376812,0.35532672521499503,-2.16021939487865,2.16021939487865,12.806914744402189,5.364778591100831e-06,0.0,2.557685541693111e-07,0.00011252785749135012
random,11,653,0.47719823884586543,0.15692495702934497,0.8626782763300858,0.06952381988956918,0.343967286082477,0.35532052014862237,-2.1602218967078604,2.1602218967078604,12.806910182040925,5.633110714814691e-06,0.0,2.685659791779038e-07,0.00011815425036591763
random,11,654,0.47719795684166644,0.1569247627802106,0.8626772084661106,0.06952383339447422,0.3439673528976425,0.35531400519069,-2.1602245230723702,2.1602245230723702,12.806905391520646,5.9148690056863474e-06,0.0,2.8200419899260254e-07,0.00012406196288421351
random,11,655,0.47719766072631875,0.1569245588149004,0.8626760871884911,0.06952384757197924,0.34396742304047895,0.3553071648836764,-2.160227280141937,2.160227280141937,12.806900361427598,6.210725753421723e-06,0.0,2.9611534768658743e-07,0.0001302650610284242
random,11,656,0.4771973497931425,0.15692434464722396,0.8626749098244475,0.06952386245544297,0.34396749667602766,0.3552999830009816,-2.160230174388962,2.160230174388962,12.806895079781262,6.5213869630041074e-06,0.0,3.109331762618517e-07,0.0001367783140798454
random,11,657,0.47719702330000796,0.15692411976664222,0.8626736735673454,0.06952387807986417,0.34396757397744415,0.3552924425088543,-2.160233212603025,2.160233212603025,12.806889533994662,6.847594050840543e-06,0.0,3.2649313452814965e-07,0.00014361722978383767
random,11,658,0.4771966804675528,0.15692388363704596,0.8626723754699812,0.06952389448196097,0.3439676551263904,0.3552845255264732,-2.1602364019060794,2.1602364019060794,12.80688371086046,7.190125626748029e-06,0.0,3.4283245514687977e-07,0.00015079809127302956
random,11,659,0.47719632047730554,0.1569236356954729,0.8626710124375297,0.06952391170025345,0.34396774031344346,0.35527621328405073,-2.1602397497683516,2.1602397497683516,12.806877596497841,7.5497993662741165e-06,0.0,3.599902472783967e-07,0.00015833799583668103
random,11,660,0.47719594246971664,0.15692337535075995,0.8626695812201347,0.06952392977515044,0.343967829738525,0.3552674860789262,-2.160243264024934,2.160243264024934,12.806871176349423,7.92747397783133e-06,0.0,3.7800758889705577e-07,0.0001662548956285151
random,11,661,0.4771955455420891,0.15692310198212828,0.8626680784051304,0.06952394874904007,0.3439679236113492,0.3552583232294607,-2.160246952893174,2.160246952893174,12.806864435099957,8.324051269738721e-06,1.3877787807814457e-17,3.969276275439526e-07,0.00017456764040994085
random,11,662,0.4771951287464024,0.15692281493769578,0.8626665004088642,0.06952396866638448,0.3439680221518914,0.3552487030267833,-2.160250824990756,2.160250824990756,12.806857356718975,8.740478322115852e-06,1.3877787807814457e-17,4.1679568668628875e-07,0.0001832960224304379
random,11,663,0.47719469108702794,0.15692251353291636,0.8626648434681168,0.06952398957381897,0.34396812559087836,0.35523860268399954,-2.160254889354757,2.160254889354757,12.806849924276358,9.177749769154857e-06,0.0,4.3765937446371694e-07,0.00019246082355195982
random,11,664,0.47719423151832685,0.15692219704893795,0.8626631036310752,0.06952401152025524,0.34396823417029954,0.3552279982833343,-2.16025915546117,2.16025915546117,12.806842120195475,9.636910197445679e-06,1.3877787807814457e-17,4.5956870109442605e-07,0.00020208386472955783
random,11,665,0.477193748942126,0.15692186473088238,0.8626612767478771,0.06952403455699024,0.3439683481439453,0.35521686471978187,-2.160263633246162,2.160263633246162,12.806833925569522,1.0119056666255993e-05,1.3877787807814457e-17,4.825762008331402e-07,0.00021218805796603573
random,11,666,0.47719324220506565,0.1569215157860274,0.8626593584606159,0.06952405873781754,0.3439684677779578,0.3552051756443316,-2.16026833312607,2.16026833312607,12.806825321631662,1.0625341356326534e-05,0.0,5.067370603684118e-07,0.00022279746086433753
random,11,667,0.4771927100958107,0.1569211493819264,0.8626573441930049,0.06952408411914943,0.3439685933514355,0.3551929033982895,-2.160273266024096,2.160273266024096,12.806816285863496,1.1156974353529859e-05,0.0,5.321092549359641e-07,0.00023393733390755442
random,11,668,0.4771921513421214,0.15692076464434768,0.8626552291390484,0.06952411076012847,0.3439687251569847,0.3551800189620833,-2.1602784433814115,2.1602784433814115,12.80680680241905,1.1715226574692206e-05,0.0,5.587536893170153e-07,0.00024563420060293216
random,11,669,0.47719156460777234,0.15692036065537368,0.862653008252592,0.06952413872279226,0.3439688635015346,0.35516649184733495,-2.1602838772201656,2.1602838772201656,12.806796831491278,1.2301432842797955e-05,0.0,5.867343490506549e-07,0.00025791591063307876
random,11,670,0.4771909484893148,0.15691993645053293,0.8626506762315561,0.06952416807208668,0.3439690087064035,0.3551522901623151,-2.160289580039868,2.160289580039868,12.806786404878343,1.2916995119469115e-05,1.3877787807814457e-17,6.161184575304013e-07,0.00027081170616473273
random,11,671,0.477190301512674,0.15691949101885372,0.8626482275182316,0.06952419887643727,0.3439691611101248,0.3551373800522456,-2.1602955653050224,2.1602955653050224,12.80677530622856,1.3563385902877149e-05,0.0,6.469766408168098e-07,0.0002843522914729694
random,11,672,0.47718962212956995,0.15691902329139665,0.8626456562362373,0.06952423120625133,0.3439693210610369,0.35512172747329573,-2.1603018457152867,2.1603018457152867,12.80676421249203,1.4242151799966005e-05,0.0,6.793831040519116e-07,0.0002985699060466179
random,11,673,0.4771889087137565,0.1569185321753877,0.8626429563781645,0.0695242651407444,0.34396948895105656,0.35510529059229523,-2.1603084403714967,2.1603084403714967,12.806750346012898,1.4954917284615789e-05,0.0,7.13415813424767e-07,0.0003134984013489488
random,11,674,0.4771881595570761,0.15691801639291797,0.8626401209188443,0.06952430073924913,0.34396966507373045,0.35508805220672,-2.1603153439511353,2.1603153439511353,12.806745118812907,1.570338870081831e-05,0.0,7.491566804129768e-07,0.00032917332141639625
random,11,675,0.477187372865542,0.15691747520786772,0.8626371458115373,0.06952433817408754,0.3439698502816174,0.35506987014446467,-2.160322668656358,2.160322668656358,12.80669787383594,1.6489359661520714e-05,0.0,7.866915340826175e-07,0.0003456319874872161
random,11,676,0.4771865467615842,0.1569169048669102,0.8626340104227281,0.0695243770841811,0.34397004278829074,0.3550512064684118,-2.1603299519543753,2.1603299519543753,12.806845550590033,1.7314746405049073e-05,0.0,8.261039578516538e-07,0.0003629135868615769
random,11,677,0.47718567946522833,0.15691631733921443,0.8626307805516517,0.0695244199824081,0.34397025502615025,0.35502930577027425,-2.160339783170965,2.160339783170965,12.80598478739151,1.818255092159967e-05,0.0,8.672963558442603e-07,0.00038105926620465576
random,11,678,0.47718477121585384,0.15691566247742192,0.8626271805185333,0.06952445810855354,0.34397044365426066,0.3550143345524976,-2.160342474032144,2.160342474032144,12.809947425494746,1.9100746612230956e-05,0.0,9.082493744871911e-07,0.0004001122295148886
random,11,679,0.47718477010072596,0.15691568467861003,0.8626273025672059,0.06952446893478843,0.3439704972167755,0.35500715463428223,-2.160349743993365,2.160349743993365,12.683318680681127,4.6746952179950487e-07,1.3877787807814457e-17,1.115127878925648e-09,3.2821706327393207e-06
random,11,680,0.4771847549821579,0.1569156728677597,0.8626272376383112,0.06952446593043944,0.34397048235283717,0.3550083807952239,-2.1603482489346044,2.1603482489346044,12.811593224069508,1.9639616246488695e-07,0.0,1.511856806413192e-08,3.446279164376287e-06
random,11,681,0.4771847464083364,0.15691566594277015,0.862627199568917,0.06952446564051469,0.34397048091844207,0.3550085827275631,-2.1603479259969176,2.1603479259969176,12.809315179968753,1.7625687821490676e-07,0.0,8.573821486113076e-09,3.6185931225951014e-06
random,11,682,0.477184737451228,0.156915658826325,0.8626271604470159,0.06952446539171284,0.3439704796875014,0.3550087573848015,-2.1603476228833713,2.1603476228833713,12.808573698951292,1.8459427154509513e-07,0.0,8.95710838832997e-09,3.7995227787248565e-06
random,11,683,0.4771847280899569,0.1569156515211018,0.8626271202873276,0.0695244651904916,0.34397047869196457,0.3550088999151606,-2.16034734348617,2.16034734348617,12.807811990543055,1.9336218327532391e-07,1.3877787807814457e-17,9.3612711471458e-09,3.9894989176611e-06
random,11,684,0.47718471830142006,0.15691564402856517,0.8626270790979037,0.06952446504314756,0.34397047796298375,0.35500900547062814,-2.1603470914020284,2.1603470914020284,12.807039561789626,2.0259452147454897e-07,1.3877787807814457e-17,9.78853681443681e-09,4.188973863544155e-06
random,11,685,0.47718470806018043,0.156915636347843,0.8626270368739497,0.06952446495542598,0.3439704775289835,0.35500906949553795,-2.1603468694700854,2.1603468694700854,12.806269158304998,2.123272779444747e-07,1.3877787807814457e-17,1.0241239634112276e-08,4.398422556721363e-06
random,11,686,0.4771846973385132,0.15691562847437762,0.8626269935904105,0.06952446493205064,0.34397047741333464,0.3550090880909629,-2.160346678972008,2.160346678972008,12.805516684521782,2.225970742020764e-07,0.0,1.0721667220714437e-08,4.6183436845574315e-06
random,11,687,0.4771846861066297,0.15691562039850554,0.8626269491941618,0.06952446497622847,0.3439704776319033,0.3550090584161752,-2.160346517612572,2.160346517612572,12.804800440357514,2.3343927897709997e-07,0.0,1.1231883534357223e-08,4.849260868785303e-06
random,11,688,0.47718467436451184,0.15691561226046746,0.8626269044561623,0.06952446519474453,0.34397047871300584,0.3550089215716868,-2.16034643919265,2.16034643919265,12.804139471595635,2.4425699983427384e-07,0.0,1.1742117833613008e-08,5.091723912224568e-06
random,11,689,0.4771846621664284,0.156915604434586,0.8626268614342105,0.06952446587208169,0.34397048206411374,0.355008525979043,-2.160346661047478,2.160346661047478,12.803733951885352,2.553880684179169e-07,1.3877787807814457e-17,1.2198083432224394e-08,5.3463101078357965e-06
random,11,690,0.4771846493641936,0.15691559614740114,0.8626268158762923,0.06952446657055951,0.3439704855198145,0.3550081255259569,-2.160346879803948,2.160346879803948,12.804087018585836,2.680935223988102e-07,0.0,1.2802234827802295e-08,5.613625613227586e-06
random,11,691,0.4771846359265705,0.15691558738034672,0.8626267676803423,0.06952446729205221,0.3439704890893809,0.35500771894492794,-2.1603470962847515,2.1603470962847515,12.804401689262626,2.8144567493343115e-07,0.0,1.343762306982299e-08,5.894306893888966e-06
random,11,692,0.47718462182094146,0.15691557811351817,0.862626716736937,0.06952446803845326,0.3439704927821806,0.3550073050071685,-2.1603473112558906,2.1603473112558906,12.804682681149162,2.954748445120817e-07,0.0,1.410562905368451e-08,6.189022238583415e-06
random,11,693,0.4771846070132011,0.15691556832570572,0.8626266629294781,0.06952446881169434,0.3439704966077707,0.3550068825003555,-2.160347525446982,2.160347525446982,12.804933825767941,3.1021327747480056e-07,0.0,1.4807740367217548e-08,6.498473350512586e-06
random,11,694,0.4771845914676567,0.15691555799440457,0.8626266061342479,0.06952446961376108,0.34397050057597495,0.3550064502113498,-2.160347739566761,2.160347739566761,12.80515829188577,3.2569513759963855e-07,0.0,1.5545544407302714e-08,6.823397018038215e-06
random,11,695,0.4771845751469265,0.15691554709580643,0.8626265462203627,0.06952447044670594,0.34397050469694795,0.35500600691248996,-2.1603479543151103,2.1603479543151103,12.805358745319728,3.4195652824396167e-07,0.0,1.632073015622737e-08,7.164566868940127e-06
random,11,696,0.4771845580118408,0.15691553560477728,0.862626483049651,0.0695244713126594,0.3439705089812301,0.3550055513505492,-2.160348170392491,2.160348170392491,12.805537465922782,3.5903553722584315e-07,0.0,1.7135085739194977e-08,7.522795212387133e-06
random,11,697,0.4771845400213386,0.1569155234948223,0.8626264164764602,0.06952447221383942,0.34397051343979473,0.3550050822377472,-2.160348388507357,2.160348388507357,12.805696434744013,3.769722988425311e-07,0.0,1.799050219908338e-08,7.89893497300649e-06
random,11,698,0.4771845211323631,0.15691551073804016,0.862626346347406,0.06952447315255994,0.34397051808409007,0.35500459824440334,-2.160348609381934,2.160348609381934,12.805837399888038,3.9580906906174034e-07,0.0,1.888897549484625e-08,8.293881721656816e-06
random,11,699,0.47718450129975354,0.15691549730506765,0.862626272501067,0.06952447413123843,0.3439705229260763,0.3550040979929505,-2.1603488337566508,2.1603488337566508,12.805961926779437,4.1559031158295533e-07,1.3877787807814457e-17,1.98326095546264e-08,8.708575807739658e-06
random,11,700,0.4771844804761325,0.15691548316501494,0.8626261947676298,0.06952447515240244,0.34397052797825867,0.3550035800531057,-2.1603490623933914,2.1603490623933914,12.806071436725745,4.3636279322987213e-07,0.0,2.0823621049714802e-08,9.14400459812664e-06
random,11,701,0.4771844586117888,0.1569154682853918,0.8626261129684827,0.06952447621869572,0.34397053325371685,0.3550030429380502,-2.160349296077724,2.160349296077724,12.806167236483185,4.5817568765733623e-07,0.0,2.1864343668909214e-08,9.601204828032973e-06
random,11,702,0.4771844356545553,0.1569154526320257,0.8626260269157658,0.0695244773328835,0.3439705387661319,0.3550024851014928,-2.1603495356202176,2.1603495356202176,12.806250540723665,4.810806867318739e-07,0.0,2.2957233503095864e-08,1.0081265069434622e-05
random,11,703,0.47718441154968183,0.15691543616897127,0.8626259364118736,0.06952447849785764,0.3439705445298111,0.3550019049355129,-2.1603497818569357,2.1603497818569357,12.806322488787822,5.051321192286306e-07,0.0,2.4104873486141543e-08,1.0585328322906353e-05
random,11,704,0.47718438623970105,0.156915418858412,0.8626258412489134,0.0695244797166409,0.34397055055970943,0.355001300769064,-2.1603500356492304,2.1603500356492304,12.806384156731248,5.3038707664684e-07,1.3877787807814457e-17,2.5309980777876717e-08,1.111459473905167e-05
random,11,705,0.4771843596642895,0.15691540066055393,0.8626257412081223,0.06952448099239136,0.3439705568714516,0.3550006708670211,-2.1603502978829296,2.1603502978829296,12.80643656546192,5.569055461012701e-07,0.0,2.657541153805454e-08,1.1670324476004254e-05
random,11,706,0.47718433176012065,0.15691538153351228,0.8626256360592434,0.06952448232840645,0.3439705634813514,0.35500001342963033,-2.160350569467057,2.160350569467057,12.806480685612842,5.847505504786613e-07,0.0,2.7904168864445467e-08,1.2253840699804468e-05
random,11,707,0.4771843024607133,0.15691536143319143,0.8626255255598654,0.0695244837281272,0.3439705704064333,0.35499932659220074,-2.1603508513322316,2.1603508513322316,12.8065174397147,6.139882957522211e-07,0.0,2.929940734475167e-08,1.2866532734794692e-05
random,11,708,0.47718427169626937,0.15691534031315826,0.8626254094547272,0.06952448519514222,0.3439705776644519,0.35499860842486436,-2.160351144428901,2.160351144428901,12.806547702212596,6.44688326169956e-07,0.0,3.0764443936792674e-08,1.3509859371534428e-05
random,11,709,0.4771842393935072,0.1569153181245102,0.8626252874749923,0.06952448673319261,0.3439705852739161,0.35499785693220637,-2.160351449725603,2.160351449725603,12.806572297838263,6.769236872580342e-07,0.0,3.230276218735284e-08,1.418535234011115e-05
random,11,710,0.4771842054754855,0.1569152948157384,0.8626251593374962,0.06952448834617703,0.3439705932541144,0.35499707005257003,-2.160351768207419,2.160351768207419,12.80659199887723,7.107710972102252e-07,0.0,3.391802166907709e-08,1.4894619957116708e-05
random,11,711,0.4771841698614181,0.1569152703325863,0.862625024743969,0.06952449003815743,0.3439706016251433,0.35499624565683296,-2.16035210087483,2.16035210087483,12.806607521856996,7.463111272743993e-07,0.0,3.561406741736661e-08,1.5639350954972546e-05
random,11,712,0.47718413246648084,0.15691524461790488,0.8626248833802403,0.06952449181336598,0.34397061040794136,0.35499538154647625,-2.160352448743115,2.160352448743115,12.806619524179895,7.836283912656891e-07,0.0,3.739493725785081e-08,1.6421318502721173e-05
random,11,713,0.4771840932016091,0.15691521761150412,0.8626247349154219,0.06952449367621284,0.3439706196243276,0.3549944754507886,-2.160352812842456,2.160352812842456,12.806628601186059,8.228117450981997e-07,0.0,3.92648717428834e-08,1.7242384427857232e-05
random,11,714,0.4771840519732841,0.1569151892500015,0.862624579001075,0.06952449563129506,0.3439706292970459,0.3549935250230899,-2.160353194218838,2.160353194218838,12.806635284078405,8.639544966178948e-07,0.0,4.122832497621687e-08,1.8104503649250094e-05
random,11,715,0.47718400868331023,0.15691515946666712,0.862624415270359,0.06952449768340677,0.3439706394498151,0.35499252783591145,-2.1603535939358096,2.1603535939358096,12.806640039046055,9.071546263892067e-07,0.0,4.328997388336475e-08,1.90097288317126e-05
random,11,716,0.47718396322858014,0.15691512819126496,0.862624243337159,0.0695244998375506,0.34397065010738553,0.3549914813751194,-2.1603540130771006,2.1603540130771006,12.806643267804272,9.525150199137909e-07,0.0,4.5454730090987994e-08,1.996021527329823e-05
random,11,717,0.4771839155008293,0.1569150953498901,0.8626240627951904,0.06952450209895036,0.3439706612956019,0.3549903830330286,-2.1603544527500502,2.1603544527500502,12.806645309645878,1.0001437119001722e-06,0.0,4.7727750862591733e-08,2.0958226036963142e-05
random,11,718,0.4771838653863772,0.15691506086480023,0.8626238732170732,0.06952450447306467,0.34397067304147055,0.3549892301006014,-2.160354914089749,2.160354914089749,12.806646444949328,1.0501541430726442e-06,0.0,5.01144520881347e-08,2.20061373388113e-05
random,11,719,0.47718381276585675,0.15691502465424104,0.8626236741533718,0.0695245069656019,0.3439706853732335,0.35498801975886424,-2.160355398263758,2.160355398263758,12.80664689996726,1.1026654300404357e-06,0.0,5.262052044097132e-08,2.3106444205751865e-05
random,11,720,0.47718375751392855,0.15691498663226341,0.8626234651315902,0.06952450958253573,0.34397069832044536,0.3549867490697018,-2.1603559064772457,2.1603559064772457,12.806646852609534,1.1578026490917535e-06,0.0,5.5251928199329114e-08,2.426176641603946e-05
random,11,721,0.4771836994989834,0.156914946708532,0.862623245655119,0.06952451233012177,0.34397071191405565,0.35498541496619085,-2.160356439978382,2.160356439978382,12.806646438866931,1.215697134116429e-06,0.0,5.801494512569505e-08,2.547485473684143e-05
random,11,722,0.4771836385828272,0.15691490478812276,0.8626230152021237,0.06952451521491468,0.3439707261864933,0.35498401424262815,-2.1603570000638332,2.1603570000638332,12.806645759489323,1.2764867897546958e-06,0.0,6.091615623038393e-08,2.6748597473683503e-05
random,11,723,0.477183574620352,0.15691486077130948,0.86262277322437,0.0695245182437858,0.34397074117175425,0.3549825435443804,-2.160357588084227,2.160357588084227,12.806644886548254,1.3403164202154805e-06,0.0,6.396247520523701e-08,2.808602734736768e-05
random,11,724,0.47718350745918925,0.1569148145533369,0.8626225191459768,0.06952452142394147,0.3439707569054915,0.35498099935764355,-2.1603582054494903,2.1603582054494903,12.806643869559956,1.4073380746626793e-06,0.0,6.716116274230188e-08,2.9490328714736065e-05
random,11,725,0.47718343693934684,0.1569147660241807,0.8626222523620973,0.06952452476294163,0.34397077342510773,0.35497937799916374,-2.1603588536340084,2.1603588536340084,12.806642740930222,1.4777114098940967e-06,1.3877787807814457e-17,7.051984241002174e-08,3.096484515047287e-05
random,11,726,0.4771833628928271,0.15691471506829302,0.8626219722375195,0.06952452826871916,0.34397079076985065,0.35497767560592197,-2.160359534181585,2.160359534181585,12.80664152056568,1.551604071269513e-06,0.0,7.404651974907139e-08,3.2513087407996516e-05
random,11,727,0.4771832851432257,0.1569146615643327,0.862621678105183,0.06952453194959946,0.3439708089809099,0.35497588812475417,-2.16036024871022,2.16036024871022,12.806640219600293,1.6291920927112753e-06,0.0,7.774960136819331e-08,3.413874177839634e-05
random,11,728,0.4771832035053114,0.1569146053848807,0.8626213692646152,0.06952453581432097,0.34397082810151886,0.35497401130184475,-2.1603609989167545,2.1603609989167545,12.80663884325804,1.7106603167556623e-06,0.0,8.163791431758938e-08,3.584567886731616e-05
random,11,729,0.477183117784583,0.15691454639613905,0.8626210449802763,0.06952453987205624,0.3439708481770583,0.35497204067202004,-2.160361786581437,2.160361786581437,12.80663739294699,1.7962028357427946e-06,1.3877787807814457e-17,8.57207284044037e-08,3.763796281068197e-05
random,11,730,0.4771830277768055,0.15691448445761422,0.8626207044798175,0.06952454413243372,0.3439708692551648,0.3549699715477542,-2.1603626135724787,2.1603626135724787,12.806635867704587,1.886023455017809e-06,0.0,9.000777750900468e-08,3.9519860951216067e-05
random,11,731,0.47718293326752287,0.15691441942178305,0.8626203469522464,0.06952454860556079,0.3439708913858443,0.35496779900780673,-2.160363481850668,2.160363481850668,12.806634265141806,1.9803361795168514e-06,0.0,9.450928262211278e-08,4.149585399877687e-05
random,11,732,0.4771828340315453,0.1569143511337419,0.8626199715459965,0.0695245533020474,0.3439709146215894,0.3549655178854133,-2.160364393474092,2.160364393474092,12.806632582020478,2.0793657246651154e-06,1.3877787807814457e-17,9.923597754646352e-08,4.3570646698715715e-05
random,11,733,0.47718272983241167,0.15691427943083763,0.8626195773668995,0.06952455823303115,0.3439709390175029,0.3549631227559653,-2.160365350603023,2.160365350603023,12.806630814580705,2.1833480529607054e-06,0.0,1.0419913365478095e-07,4.57491790336515e-05
random,11,734,0.4771826204218253,0.1569142041422799,0.8626191634760537,0.06952456341020338,0.3439709646314275,0.3549606079241201,-2.1603663555049977,2.1603663555049977,12.80662895871075,2.2925309374709244e-06,1.3877787807814457e-17,1.094105863685968e-07,4.803663798533408e-05
random,11,735,0.47718250553905994,0.156914125088734,0.8626187288875854,0.06952456884583653,0.34397099152408084,0.35495796741029373,-2.160367410560125,2.160367410560125,12.80662701002511,2.407174553678585e-06,0.0,1.148827653563167e-07,5.0438469884600786e-05
random,11,736,0.4771823849103373,0.15691404208189297,0.8626182725662971,0.06952457455281287,0.3439710197591974,0.35495519493649436,-2.1603685182666386,2.1603685182666386,12.806624963894237,2.5275521009540213e-06,0.0,1.2062872262186275e-07,5.2960393378830826e-05
random,11,737,0.4771822582481734,0.15691395492402882,0.8626177934252004,0.06952458054465463,0.3439710494036783,0.354952283911457,-2.1603696812467175,2.1603696812467175,12.806622815446902,2.6539504553749945e-06,0.0,1.266621639239851e-07,5.560841304777237e-05
random,11,738,0.4771821252506902,0.15691386340752048,0.8626172903229203,0.06952458683555549,0.3439710805277462,0.3549492274150444,-2.160370902252585,2.160370902252585,12.806620559568827,2.786670855209425e-06,0.0,1.3299748319317573e-07,5.8388833700160994e-05
random,11,739,0.47718198560089525,0.15691376731435874,0.8626167620609746,0.06952459344041378,0.3439711132051105,0.3549460181818728,-2.1603721841729007,2.1603721841729007,12.806618190886503,2.926029620969613e-06,1.3877787807814457e-17,1.396497949501807e-07,6.130827538516904e-05
random,11,740,0.47718183896592276,0.15691366641562607,0.8626162073809134,0.06952460037486712,0.3439711475131375,0.3549426485841275,-2.160373530039463,2.160373530039463,12.806615703758723,3.072358911563857e-06,0.0,1.4663497249767232e-07,6.43736891544275e-05
random,11,741,0.47718168499623814,0.15691356047095023,0.8626156249613156,0.06952460765532882,0.34397118353303197,0.3549391106135285,-2.160374943034231,2.160374943034231,12.806613092263062,3.2260075185473477e-06,0.0,1.5396968461312e-07,6.759237361214887e-05
random,11,742,0.4771815233248021,0.15691344922793093,0.8626150134146379,0.0695246152990261,0.3439712213500249,0.3549353958624001,-2.1603764264966916,2.1603764264966916,12.806610350178417,3.3873417002534177e-06,0.0,1.6167143601641953e-07,7.097199229275631e-05
random,11,743,0.47718135356619173,0.15691333242153715,0.8626143712839,0.06952462332403993,0.34397126105357156,0.3549314955038066,-2.160377983931568,2.160377983931568,12.80660747097508,3.556746057988542e-06,0.0,1.6975861039103535e-07,7.452059190739414e-05
random,11,744,0.477181175315679,0.15691320977347464,0.862613697039209,0.0695246317493472,0.3439713027375596,0.3549274002707043,-2.1603796190169096,2.1603796190169096,12.806604447794985,3.7346244562095564e-06,0.0,1.7825051273900883e-07,7.824662150276384e-05
random,11,745,0.4771809881482612,0.15691308099152168,0.862612989074107,0.06952464059486435,0.3439713465005251,0.3549231004340631,-2.1603813356125565,2.1603813356125565,12.806601273438416,3.921400989072576e-06,0.0,1.8716741778668222e-07,8.215895257790204e-05
random,11,746,0.4771807916176439,0.15691294576883116,0.8626122457017347,0.06952464988149366,0.3439713924458815,0.3549185857799061,-2.160383137769018,2.160383137769018,12.806597940343584,4.117520995723471e-06,0.0,1.9653061733571064e-07,8.626690020679714e-05
random,11,747,0.4771805852551718,0.15691280378319805,0.8626114651508041,0.06952465963117145,0.3439714406821581,0.35491384558521794,-2.1603850297367653,2.1603850297367653,12.80659444057265,4.323452126640879e-06,0.0,2.0636247205496616e-07,9.0580245217137e-05
random,11,748,0.4771803685687061,0.1569126546962897,0.8626106455613676,0.06952466986691858,0.3439714913232501,0.3549088685926611,-2.1603870159759664,2.1603870159759664,12.806590765788616,4.539685463730354e-06,1.3877787807814457e-17,2.1668646571493255e-07,9.510925747799386e-05
random,11,749,0.4771801410414448,0.15691249815283792,0.8626097849803758,0.06952468061289344,0.3439715444886805,0.3549036429840482,-2.160389101166683,2.160389101166683,12.806586907238852,4.766736697039969e-06,0.0,2.275272613094792e-07,9.986472035189355e-05
random,11,750,0.47717990213068423,0.15691233377979005,0.8626088813570115,0.06952469189444749,0.343971600303875,0.3548981563525065,-2.1603912902195437,2.1603912902195437,12.806582855732675,5.0051473605555626e-06,0.0,2.389107605638152e-07,0.00010485795636948823
random,11,751,0.4771796512665171,0.15691216118541768,0.8626079325377893,0.06952470373818337,0.3439716589004495,0.3548923956732696,-2.160393588286922,2.160393588286922,12.806578601618526,5.255486130637761e-06,0.0,2.5086416710617954e-07,0.00011010085418796265
random,11,752,0.47717938785046593,0.15691197995838047,0.8626069362614096,0.06952471617201574,0.3439717204165109,0.3548863472730351,-2.160396000774635,2.160396000774635,12.806574134762993,5.518350189814101e-06,0.0,2.6341605119384326e-07,0.00011560589689736078
random,11,753,0.47717911125404605,0.1569117896667429,0.8626058901533525,0.06952472922523505,0.34397178499697306,0.3548799967978143,-2.160398533354187,2.160398533354187,12.806569444525723,5.7943666595423715e-06,0.0,2.765964198792048e-07,0.00012138619174222883
random,11,754,0.47717882081725765,0.15691158985694173,0.8626047917202025,0.0695247429285743,0.34397185279388676,0.3548733291792018,-2.160401191975581,2.160401191975581,12.806564519732932,6.084194105433721e-06,0.0,2.904367883971304e-07,0.00012745550132934027
random,11,755,0.47717851584699983,0.15691138005270128,0.8626036383436846,0.06952475731427889,0.34397192396678505,0.3548663285989921,-2.160403982880726,2.160403982880726,12.80655934865319,6.388524118350482e-06,0.0,3.049702578250546e-07,0.0001338282763958073
random,11,756,0.4771781956154057,0.1569111597538944,0.862602427274403,0.06952477241617976,0.34397199868304584,0.3548589784520587,-2.160406912617458,2.160406912617458,12.806553918966294,6.70808297580442e-06,1.3877787807814457e-17,3.202315941308598e-07,0.00014051969021559765
random,11,757,0.4771778593580922,0.15691092843534596,0.8626011556252628,0.0695247882697699,0.3439720771182697,0.35485126130741795,-2.160409988054201,2.160409988054201,12.80654821773787,7.043633387232245e-06,0.0,3.362573134935154e-07,0.00014754567472637754
random,11,758,0.4771775062723221,0.1569106855455762,0.8625998203645632,0.06952480491228447,0.3439721594566766,0.35484315886738504,-2.1604132163953036,2.1604132163953036,12.806542231383464,7.395976327691893e-06,0.0,3.530857701217194e-07,0.0001549229584626964
random,11,759,0.4771771355150723,0.15691043050548079,0.8625984183087394,0.06952482238278453,0.3439722458915201,0.35483465192473573,-2.1604166051970615,2.1604166051970615,12.806535945641256,7.765952964621094e-06,0.0,3.7075724979018787e-07,0.00016266910638583124
random,11,760,0.4771767462010039,0.15691016270694447,0.8625969461147424,0.06952484072224464,0.3439723366255208,0.3548257203177758,-2.1604201623844745,2.1604201623844745,12.806529345533805,8.154446682191945e-06,1.3877787807814457e-17,3.893140683719487e-07,0.0001708025617051228
random,11,761,0.47717633740033033,0.15690988151138463,0.8625954002720322,0.06952485997364459,0.34397243187132004,0.3548163428832224,-2.160423896268738,2.160423896268738,12.806522415336541,8.562385208413277e-06,0.0,4.088006735902816e-07,0.00017934268979037896
random,11,762,0.477175908136575,0.15690958624822166,0.8625937770941686,0.06952488018206507,0.3439725318519534,0.35480649740678377,-2.1604278155655336,2.1604278155655336,12.806515138533047,8.990742850358453e-06,0.0,4.2926375531937566e-07,0.00018830982427989792
random,11,763,0.4771754573842176,0.15690927621327222,0.8625920727099785,0.06952490139478779,0.343972636801346,0.3547961605713522,-2.160431929414102,2.160431929414102,12.806507497789116,9.44054284290591e-06,0.0,4.5075235738378794e-07,0.00019772531549389283
random,11,764,0.4771749840662182,0.15690895066706134,0.862590283054277,0.06952492366140015,0.34397274696483005,0.3547853079026462,-2.1604362473971968,2.1604362473971968,12.806499474885378,9.912859817007976e-06,0.0,4.733179994054204e-07,0.00020761158126858748
random,11,765,0.4771744870514168,0.15690860883304913,0.8625884038581183,0.06952494703390447,0.34397286259968574,0.3547739137123001,-2.16044077956182,2.16044077956182,12.806491050729361,1.0408822393679709e-05,0.0,4.970148014260545e-07,0.00021799216033201686
random,11,766,0.47717396515179966,0.15690824989576882,0.8625864306385607,0.06952497156683222,0.34397298397570614,0.3547619510379896,-2.160445536441056,2.160445536441056,12.806482205177206,1.0929615910052726e-05,0.0,5.218996171341139e-07,0.00022889176834861772
random,11,767,0.4771734171196256,0.1569078729988682,0.8625843586878987,0.06952499731736284,0.34397311137578485,0.354749391581229,-2.160450529076308,2.160450529076308,12.806472917327893,1.1476485284630877e-05,0.0,5.480321740858329e-07,0.00024033635676604863
random,11,768,0.47717284164440726,0.1569074772430598,0.8625821830623954,0.0695250243454492,0.3439732450965374,0.3547362056405316,-2.1604557690420165,2.1604557690420165,12.806463164527692,1.2050738028740753e-05,1.3877787807814457e-17,5.75475218311805e-07,0.0002523531746043511
random,11,769,0.4771722373497351,0.1569070616839429,0.8625798985703077,0.06952505271394385,0.343973385448925,0.35472236204643703,-2.160461268466612,2.160461268466612,12.80645292510972,1.2653747411930643e-05,0.0,6.042946721906972e-07,0.0002649708333345686
random,11,770,0.4771716027899417,0.15690662532979754,0.862577499759761,0.06952508248874593,0.3439735327589819,0.35470782807650003,-2.1604670400703525,2.1604670400703525,12.806442169511739,1.3286955789355213e-05,0.0,6.345597933776759e-07,0.00027821937500129706
random,11,771,0.4771709364465932,0.1569061671389732,0.8625749809043918,0.06952511373890091,0.34397368736830886,0.3546925694263586,-2.160473097147714,2.160473097147714,12.806430890043435,1.395187809961607e-05,0.0,6.663433484987991e-07,0.00029213034375136194
random,11,772,0.47717023672480113,0.15690568601826152,0.8625723359944034,0.06952514653690656,0.3439738496355866,0.3546765499510349,-2.1604794537655025,2.1604794537655025,12.806418993210336,1.4650105541970495e-05,0.0,6.997217920634569e-07,0.00030673686093893006
random,11,773,0.47716950194934504,0.156905180816666,0.8625695587023151,0.06952518095821414,0.3439740199341083,0.35465973231850895,-2.160486124092605,2.160486124092605,12.806406713769725,1.5383309442417926e-05,0.0,7.34775456090464e-07,0.00032207370398587657
random,11,774,0.47716873036059515,0.15690465033835305,0.8625666424541586,0.06952521708423426,0.34397419866665085,0.3546420747067343,-2.1604931254824775,2.1604931254824775,12.806392916859378,1.6153245319099686e-05,0.0,7.715887498926932e-07,0.0003381773891851704
random,11,775,0.4771679201102273,0.15690409326677127,0.8625635800123325,0.06952525498928877,0.3439743862009197,0.35462354564544596,-2.1605004643308434,2.1605004643308434,12.806382505911046,1.6961757168774672e-05,0.0,8.102503678553141e-07,0.00035508625864442896
random,11,776,0.4771670692567815,0.15690350852174348,0.8625603654386776,0.06952529480598373,0.34397458319297974,0.3546040502377238,-2.160508206043213,2.160508206043213,12.806352043404148,1.781078227897752e-05,0.0,8.508534458107064e-07,0.0003728405715766504
random,11,777,0.4771661757629801,0.15690289337271834,0.8625569837222781,0.06952533638446222,0.34397478890141797,0.35458381563470937,-2.1605161090949667,2.1605161090949667,12.806419029135995,1.870236501705024e-05,1.3877787807814457e-17,8.93493801390477e-07,0.00039148260015548294
random,11,778,0.477165237558153,0.1569022539966001,0.8625534688200085,0.06952538120379849,0.3439750106439155,0.3545612370214241,-2.160525669070009,2.160525669070009,12.805949771731473,1.9638967581532895e-05,0.0,9.382048271056043e-07,0.0004110567301632571
random,11,779,0.4771642551878772,0.1569015518392907,0.8625496087848117,0.06952542266804361,0.34397521578718704,0.35454411512840034,-2.1605294392260186,2.1605294392260186,12.80832810016038,2.0628589945911715e-05,0.0,9.823702757927322e-07,0.00043160956667142
random,11,780,0.47716425439362736,0.15690157581271072,0.8625497405761409,0.06952543434458647,0.34397527355657836,0.3545364082158377,-2.1605372435020347,2.1605372435020347,12.68278306265147,5.044026586132804e-07,0.0,7.942498325697045e-10,3.5405472266014923e-06
random,11,781,0.4771642379184943,0.15690156289954382,0.862549669587378,0.06952543102741658,0.34397525714496685,0.3545377662924658,-2.16053559392574,2.16053559392574,12.811757938156129,2.1295823138860922e-07,0.0,1.6475133035598333e-08,3.7175745879315673e-06
random,11,782,0.47716422859126,0.15690155528981964,0.8625496277537279,0.06952543064975104,0.3439752552764765,0.3545380195470662,-2.1605352089744843,2.1605352089744843,12.809406598382266,1.9096019819271901e-07,0.0,9.3272343182349e-09,3.903453317328146e-06
random,11,783,0.47716421885624083,0.15690154748314425,0.8625495848373594,0.06952543031916557,0.34397525364091347,0.354538241621588,-2.1605348468706436,2.1605348468706436,12.80859143217327,1.9989819701355238e-07,0.0,9.73501917966857e-09,4.098625983194553e-06
random,11,784,0.4771642086911146,0.15690153948558683,0.8625495408716374,0.06952543004373472,0.3439752522782265,0.35453842645353517,-2.1605345124617292,2.1605345124617292,12.807748185988745,2.0929719495952974e-07,1.3877787807814457e-17,1.0165126240746503e-08,4.303557282354281e-06
random,11,785,0.47716419807076943,0.15690153130202628,0.8625494958833828,0.06952542983139974,0.3439752512277047,0.35453856791451765,-2.1605342102186187,2.1605342102186187,12.806887468406199,2.1919754091010366e-07,1.3877787807814457e-17,1.0620345158862676e-08,4.518735146471995e-06
random,11,786,0.47716418696711976,0.15690152293460924,0.8625494498843967,0.06952542968942899,0.34397525052530814,0.35453866020394814,-2.1605339435092503,2.1605339435092503,12.806024313826724,2.2964274201343463e-07,1.3877787807814457e-17,1.1103649666388549e-08,4.744671903795595e-06
random,11,787,0.47716417534915645,0.15690151438081826,0.8625494028608398,0.06952542962373924,0.34397525020030983,0.3545386983714119,-2.1605337130742193,2.1605337130742193,12.805178337309888,2.406772702353303e-07,0.0,1.1617963313614865e-08,4.981905498985375e-06
random,11,788,0.47716416318329186,0.15690150563137134,0.862549354761685,0.06952542963815665,0.3439752502716396,0.3545386789140904,-2.1605335103719936,2.1605335103719936,12.804372901195512,2.523434941907375e-07,0.0,1.2165864593516318e-08,5.231000773934645e-06
random,11,789,0.4771641505808409,0.15690149734763842,0.8625493092227435,0.06952543019371236,0.343975253020237,0.3545383509977278,-2.160533638660494,2.160533638660494,12.803632865994647,2.627640367078879e-07,0.0,1.2602450971677115e-08,5.492550812631377e-06
random,11,790,0.4771641373938976,0.1569014888155809,0.8625492623186639,0.06952543090144958,0.34397525652174843,0.35453794229203117,-2.1605338600799793,2.1605338600799793,12.803752363990611,2.7578774961879727e-07,0.0,1.318694325957992e-08,5.767178353262946e-06
random,11,791,0.4771641235523601,0.15690147979017244,0.86254921270244,0.0695254316324945,0.3439752601385741,0.3545375272819539,-2.160534079133603,2.160534079133603,12.804064424084181,2.8952434515241416e-07,0.0,1.3841537527259362e-08,6.055537270926094e-06
random,11,792,0.4771641090226417,0.1569014702509262,0.8625491602614476,0.06952543238876843,0.34397526388021965,0.35453710471150657,-2.160534296600279,2.160534296600279,12.804343018197775,3.0395726455993627e-07,0.0,1.4529718372902067e-08,6.358314134472399e-06
random,11,793,0.47716409376962116,0.1569014601760173,0.8625491048757064,0.06952543317223185,0.3439752677563845,0.3545366733406226,-2.160534513222401,2.160534513222401,12.804591943074218,3.1911970334802476e-07,0.0,1.5253020568817277e-08,6.676229841196019e-06
random,11,794,0.47716407775654057,0.1569014495422921,0.8625490464179321,0.06952543398490035,0.34397527177704074,0.35453623192770184,-2.160534729721481,2.160534729721481,12.804814341861968,3.3504682429411175e-07,0.0,1.601308058374329e-08,7.010041333255821e-06
random,11,795,0.47716406094490094,0.15690143832525877,0.8625489847534832,0.06952543482885752,0.3439752759524968,0.3545357792157609,-2.160534946810278,2.160534946810278,12.805012861481954,3.517757817350103e-07,0.0,1.6811639635960773e-08,7.360543399918612e-06
random,11,796,0.4771640432943606,0.1569014264990633,0.8625489197402303,0.06952543570626626,0.34397528029345364,0.35453531392127924,-2.1605351652023033,2.1605351652023033,12.805189767916476,3.693457688682785e-07,0.0,1.76505403626237e-08,7.728570569914543e-06
random,11,797,0.4771640247626284,0.15690141403645297,0.8625488512283542,0.06952543661937827,0.3439752848110515,0.3545348347251268,-2.1605353856192715,2.1605353856192715,12.805347032157806,3.877980822436794e-07,0.0,1.853173214882986e-08,8.114999098410272e-06
random,11,798,0.47716400530535713,0.15690140090872862,0.8625487790600846,0.06952543757054266,0.34397528951691253,0.3545343402651619,-2.1605356087969008,2.1605356087969008,12.805486395168224,4.071761996616181e-07,0.0,1.945727129415431e-08,8.520749053330785e-06
random,11,799,0.4771639848760312,0.1569013870856872,0.8625487030693834,0.06952543856221341,0.3439752944231777,0.3545338291302106,-2.160535835489327,2.160535835489327,12.805609417456514,4.2752586905247683e-07,0.0,2.042932595314184e-08,8.946786505997326e-06
random,11,800,0.47716396342585116,0.15690137253555456,0.8625486230815752,0.06952543959695609,0.34397529954254014,0.3545332998552276,-2.160536066472329,2.160536066472329,12.805717517094754,4.4889520689136467e-07,0.0,2.145018002108756e-08,9.394125831297191e-06
random,11,801,0.4771639409036133,0.15690135722490917,0.862548538912929,0.06952544067745392,0.343975304888275,0.35453275091748093,-2.1605363025455047,2.1605363025455047,12.80581199882986,4.713348050513421e-07,0.0,2.252223785248475e-08,9.86383212286205e-06
random,11,802,0.4771639172555833,0.15690134111859746,0.8625484503701919,0.06952544180651299,0.3439753104742653,0.3545321807336415,-2.160536544533516,2.160536544533516,12.805894076168748,4.948978454801611e-07,0.0,2.3648029978673435e-08,1.0357023729005154e-05
random,11,803,0.4771638924253656,0.1569013241796402,0.8625483572500743,0.06952544298706737,0.34397531631502726,0.3545315876576565,-2.160536793286505,2.160536793286505,12.805964887787846,5.196402223965287e-07,0.0,2.4830217715265945e-08,1.0874874915455412e-05
random,11,804,0.4771638663537653,0.15690130636913108,0.862548259338693,0.06952544422218351,0.3439753224257322,0.3545309699792943,-2.160537049679795,2.160537049679795,12.806025509280408,5.456206717554456e-07,0.0,2.607160032308542e-08,1.1418618661228183e-05
random,11,805,0.4771638389786453,0.1569012876461271,0.862548156410968,0.06952544551506466,0.343975328822228,0.35453032592323014,-2.160537314612986,2.160537314612986,12.806076961022459,5.729009079943507e-07,0.0,2.7375120004169418e-08,1.1989549594289593e-05
random,11,806,0.4771638102347742,0.15690126796753195,0.8625480482299823,0.0695254468690546,0.34397533552105786,0.35452965364852823,-2.16053758900859,2.16053758900859,12.806120212805704,6.015457681444654e-07,0.0,2.874387106110987e-08,1.2589027074004074e-05
random,11,807,0.477163780053671,0.15690124728797222,0.8625479345463002,0.06952544828764223,0.3439753425394832,0.3545289512483542,-2.1605378738103447,2.1605378738103447,12.80615618581071,6.316233635049647e-07,0.0,3.018110322772216e-08,1.3218478427704278e-05
random,11,808,0.4771637483634374,0.1569012255596673,0.8625478150972526,0.06952544977446551,0.3439753498955026,0.3545282167497311,-2.1605381699813915,2.1605381699813915,12.806185752457415,6.632052391213747e-07,0.0,3.169023360394263e-08,1.3879402349089493e-05
random,11,809,0.47716371508858696,0.15690120273229385,0.8625476896061929,0.06952545133331633,0.3439753576078764,0.3545274481131434,-2.1605384785024913,2.1605384785024913,12.806209734666142,6.963665416446164e-07,0.0,3.3274850430586866e-08,1.4573372466543969e-05
random,11,810,0.47716368014986266,0.15690117875284537,0.8625475577817229,0.06952545296814573,0.3439753656961522,0.3545266432317796,-2.160538800370471,2.160538800370471,12.806228901063134,7.311861955430481e-07,0.0,3.493872430260225e-08,1.5302041089871167e-05
random,11,811,0.4771636434640468,0.1569011535654869,0.862547419316896,0.06952545468306977,0.3439753741806942,0.3545257999302141,-2.160539136597091,2.160539136597091,12.806243963665423,7.677470887031261e-07,1.3877787807814457e-17,3.668581582960684e-08,1.6067143144364726e-05
random,11,812,0.47716360494376253,0.15690112711140686,0.8625472738884021,0.06952545648237667,0.34397538308271813,0.3545249159623425,-2.160539488208494,2.160539488208494,12.806255574569128,8.061362674861883e-07,0.0,3.8520284295628926e-08,1.6870500301582964e-05
random,11,813,0.4771635644972637,0.15690109932866458,0.8625471211557286,0.0695254583705345,0.34397539242432984,0.35452398900841775,-2.160539856245389,2.160539856245389,12.806264323125525,8.464451419811573e-07,0.0,4.0446498816848475e-08,1.7714025316662114e-05
random,11,814,0.47716352202821655,0.15690107015203522,0.862546960760309,0.06952546035220065,0.3439754022285714,0.35452301667107344,-2.1605402417640542,2.1605402417640542,12.806270734024576,8.887697019064057e-07,0.0,4.2469047167870144e-08,1.859972658249522e-05
random,11,815,0.47716347743546933,0.15690103951285092,0.8625467923246491,0.06952546243223204,0.34397541251947245,0.3545219964702753,-2.160540645838224,2.160540645838224,12.806275266615332,9.332107438745014e-07,0.0,4.4592747217020445e-08,1.9529712911619982e-05
random,11,816,0.47716343061281113,0.156901007338838,0.8625466154514319,0.06952546461569695,0.3439754233221082,0.35452092583720135,-2.1605410695618423,2.1605410695618423,12.80627831566592,9.7987411024e-07,0.0,4.6822658195111444e-08,2.050619855720098e-05
random,11,817,0.47716338144871734,0.15690097355395002,0.8625464297226003,0.06952546690788762,0.3439754346626617,0.3545198021070969,-2.16054151405264,2.16054151405264,12.806280213634102,1.0288709405038608e-06,0.0,4.916409379607245e-08,2.153150848506103e-05
random,11,818,0.4771633298260853,0.15690093807819483,0.8625462346984057,0.06952546931433463,0.3439754465684956,0.3545186225112158,-2.1605419804564105,2.1605419804564105,12.806281234387054,1.0803179355047116e-06,0.0,5.1622632057934936e-08,2.2608083909314082e-05
random,11,819,0.47716327562195354,0.156900900827455,0.8625460299164218,0.06952547184082167,0.3439754590682243,0.3545173841679832,-2.1605424699518654,2.1605424699518654,12.80628159816476,1.1343376351658833e-06,0.0,5.420413173862215e-08,2.373848810477979e-05
random,11,820,0.4771632187072095,0.15690086171330012,0.8625458148905116,0.0695254744934017,0.34397547219179486,0.3545160840735456,-2.160542983755884,2.160542983755884,12.806281477501246,1.1910587103325482e-06,0.0,5.6914744028802033e-08,2.4925412510018778e-05
random,11,821,0.4771631589462808,0.15690082064278943,0.8625455891097433,0.06952547727841353,0.34397548597056826,0.35451471909187654,-2.1605435231290024,2.1605435231290024,12.806281003734085,1.2506162694662192e-06,0.0,5.976092870563221e-08,2.6171683135519717e-05
random,11,822,0.4771630961968124,0.15690077751826403,0.8625453520372474,0.06952548020249925,0.34397550043740616,0.3545132859445906,-2.160544089380986,2.160544089380986,12.806280273716126,1.3131521806954413e-06,0.0,6.274946839912587e-08,2.7480267292295703e-05
random,11,823,0.4771630303093268,0.15690073223712636,0.8625451031090047,0.06952548327262223,0.34397551562675954,0.35451178120059085,-2.1605446838763505,2.1605446838763505,12.806279356364051,1.3788154101619036e-06,0.0,6.58874856340752e-08,2.885428065691049e-05
random,11,824,0.477162961126867,0.156900684691607,0.8625448417325642,0.06952548649608539,0.34397553157475946,0.35451020126564,-2.160545308039738,2.160545308039738,12.806278298727987,1.4477623773303345e-06,0.0,6.91824597609525e-08,3.0296994689756017e-05
random,11,825,0.47716288848462346,0.1569006347685174,0.862544567285684,0.06952548988055031,0.3439755483193114,0.3545085423718932,-2.1605459633611077,2.1605459633611077,12.806277131350628,1.5201573281639914e-06,0.0,7.264224355374438e-08,3.181184442424382e-05
random,11,826,0.4771628122095387,0.15690058234898743,0.8625442791148881,0.06952549343405642,0.34397556590019024,0.35450680056739853,-2.1605466514007143,2.1605466514007143,12.806275872780835,1.5961727269901553e-06,0.0,7.627508474827849e-08,3.340243664545601e-05
random,11,827,0.4771627321198961,0.15690052730818815,0.8625439765339428,0.06952549716504121,0.34397558435914016,0.354504971705525,-2.1605473737939067,2.1605473737939067,12.80627453319411,1.6759896680167252e-06,1.3877787807814457e-17,8.008964258454654e-08,3.507255847772881e-05
random,11,828,0.4771626480248852,0.15690046951503833,0.8625436588222427,0.06952550108236065,0.343975603739976,0.3545030514342564,-2.1605481322557885,2.1605481322557885,12.806273117156023,1.7597983075421347e-06,0.0,8.409501089934324e-08,3.682618640161525e-05
random,11,829,0.477162559724147,0.15690040883189502,0.8625433252231106,0.06952550519531066,0.34397562408868887,0.3545010351852713,-2.1605489285858086,2.1605489285858086,12.80627162562933,1.8477983178090988e-06,0.0,8.830073822130302e-08,3.866749572169601e-05
random,11,830,0.47716246700729487,0.15690034511422718,0.8625429749420023,0.06952550951364919,0.3439756454535562,0.35449891816272167,-2.1605497646723455,2.1605497646723455,12.80627005734769,1.9401993636153804e-06,0.0,9.271685214029546e-08,4.060087050778081e-05
random,11,831,0.4771623696534127,0.15690027821027233,0.8625426071446198,0.06952551404761935,0.3439756678852553,0.35449669533162487,-2.1605506424973493,2.1605506424973493,12.806268409706536,2.0372216028638e-06,0.0,9.735388217801955e-08,4.2630914033169855e-05
random,11,832,0.47716226743052714,0.15690020796067536,0.8625422209549252,0.0695255188079736,0.34397569143698387,0.35449436140579615,-2.1605515641411093,2.1605515641411093,12.806266679303357,2.1390962122633085e-06,0.0,1.0222288554517789e-07,4.476245973482835e-05
random,11,833,0.47716216009505374,0.15690013419810878,0.8625418154530534,0.06952552380599894,0.3439757161645839,0.35449191083525133,-2.1605525317871743,2.1605525317871743,12.806264862237208,2.2460659393292004e-06,0.0,1.0733547339825122e-07,4.7000582721569766e-05
random,11,834,0.4771620473912152,0.15690005674687396,0.8625413896731201,0.06952552905354341,0.3439757421266733,0.3544893377930233,-2.1605535477274884,2.1605535477274884,12.806262954266524,2.358385682223084e-06,0.0,1.127038385395629e-07,4.9350611857648254e-05
random,11,835,0.47716192905043003,0.15689997542248224,0.8625409426009182,0.06952553456304376,0.3439757693847827,0.3544866361613491,-2.160554614367742,2.160554614367742,12.806260950877995,2.4763230985856314e-06,0.0,1.183407851712559e-07,5.181814245053067e-05
random,11,836,0.477161804790671,0.1568998900312147,0.8625404731714986,0.06952554034755465,0.3439757980034994,0.354483799517176,-2.1605557342329833,2.1605557342329833,12.806258847308204,2.6001592450352204e-06,0.0,1.2425975903784803e-07,5.440904957305721e-05
random,11,837,0.477161674315791,0.15689980036966023,0.8625399802666304,0.06952554642077897,0.34397582805061844,0.3544808211169587,-2.160556909973491,2.160556909973491,12.806256638551357,2.7301892487749696e-06,0.0,1.304748800112776e-07,5.712950205171007e-05
random,11,838,0.4771615373148151,0.15689970622423033,0.8625394627121334,0.06952555279709983,0.34397585959729965,0.3544776938806995,-2.160558144370934,2.160558144370934,12.806254319346985,2.866723012892993e-06,0.0,1.3700097589719462e-07,5.998597715429558e-05
random,11,839,0.47716139346119746,0.1568996073706494,0.8625389192750765,0.06952555949161425,0.34397589271823514,0.35447441037520055,-2.160559440344824,2.160559440344824,12.806251884171738,3.010085957249777e-06,0.0,1.438536176290306e-07,6.298527601201036e-05
random,11,840,0.47716124241203994,0.1568995035734197,0.8625383486608358,0.06952556652016799,0.3439759274918215,0.3544709627964858,-2.1605608009592827,2.1605608009592827,12.80624932722619,3.1606197964688023e-06,0.0,1.5104915751518178e-07,6.613453981261089e-05
random,11,841,0.4771610838072725,0.15689939458525937,0.8625377495100055,0.06952557389939272,0.34397596400034347,0.35446734295135257,-2.16056222943013,2.16056222943013,12.806246642420685,3.31868335710589e-06,0.0,1.586047674306812e-07,6.944126680324143e-05
random,11,842,0.4771609172687912,0.1568992801465122,0.8625371203951533,0.06952558164674436,0.3439760023301637,0.3544635422380087,-2.1605637291323156,2.1605637291323156,12.806243823361054,3.4846534359991186e-06,0.0,1.665384813387405e-07,7.291333014340351e-05
random,11,843,0.4771607423995539,0.15689915998452797,0.8625364598174134,0.06952558978054374,0.34397604257192405,0.35445955162575404,-2.160565303607705,2.160565303607705,12.806240863332665,3.6589257017325054e-06,0.0,1.748692372571803e-07,7.65589966505737e-05
random,11,844,0.4771605587826298,0.15689903381301154,0.862535766202909,0.0695255983200189,0.3439760848207547,0.3544553616336559,-2.1605669565732373,2.1605669565732373,12.80623775528632,3.841915641401756e-06,0.0,1.8361692410984176e-07,8.038694648310238e-05
random,11,845,0.4771603659802011,0.1568989013313393,0.8625350378989934,0.06952560728534965,0.34397612917649484,0.3544509623081696,-2.1605686919294715,2.1605686919294715,12.806234491818403,4.034059555312e-06,0.0,1.9280242868902064e-07,8.44062938072575e-05
random,11,846,0.4771601635325149,0.15689876222384147,0.8625342731703057,0.06952561669771411,0.34397617574392253,0.3544463431996562,-2.1605705137695423,2.1605705137695423,12.806231065156467,4.235815601521051e-06,0.0,2.0244768622612597e-07,8.862660849762038e-05
random,11,847,0.47715995095678126,0.15689861615904804,0.8625334701946248,0.06952562657933756,0.34397622463299693,0.35444149333773967,-2.1605724263885313,2.1605724263885313,12.806227467139074,4.447664893108329e-06,1.3877787807814457e-17,2.125757336268741e-07,9.30579389225014e-05
random,11,848,0.477159727746017,0.15689846278889724,0.862532627058518,0.06952563695354358,0.3439762759591107,0.35443640120544734,-2.160574434293293,2.160574434293293,12.806223689194956,4.670112650843529e-06,1.3877787807814457e-17,2.23210764260795e-07,9.771083586862647e-05
random,11,849,0.4771594933678299,0.15689830174790403,0.8625317417527701,0.0695256478448076,0.3439763298433554,0.35443105471207914,-2.160576542212733,2.160576542212733,12.806219722326512,4.9036894138358426e-06,0.0,2.3437818708060831e-07,0.0001025963776620578
random,11,850,0.47715924726314257,0.15689813265228672,0.8625308121675821,0.06952565927881312,0.3439763864127996,0.35442544116473707,-2.1605787551085776,2.1605787551085776,12.806215557084045,5.148952311367733e-06,0.0,2.4610468735142277e-07,0.0001077261965451607
random,11,851,0.47715898884485114,0.15689795509905002,0.8625298360875303,0.06952567128251035,0.34397644580077863,0.35441954723845326,-2.16058107818664,2.16058107818664,12.80621118354493,5.406486398940581e-06,0.0,2.584182914322497e-07,0.00011311250637241874
random,11,852,0.47715871749641653,0.15689776866502178,0.8625288111862707,0.06952568388417792,0.3439765081472004,0.35441335894485454,-2.1605835169086123,2.1605835169086123,12.806206591293218,5.67690606167729e-06,0.0,2.7134843461062985e-07,0.00011876813169103968
random,11,853,0.4771584325703847,0.1568975729058414,0.8625277350209779,0.06952569711348724,0.3439765735988633,0.3544068615992766,-2.1605860770044165,2.1605860770044165,12.806201769386169,5.960856488771593e-06,0.0,2.8492603182384e-07,0.00012470653827559167
random,11,854,0.4771581333868318,0.15689736735489715,0.8625266050265039,0.06952571100157001,0.3439766423097907,0.35440003978627765,-2.160588764485107,2.160588764485107,12.806196706340828,6.25901522234009e-06,1.3877787807814457e-17,2.9918355293201415e-07,0.00013094186518937127
random,11,855,0.47715781923173023,0.1568971515222105,0.8625254185092436,0.06952572558108881,0.3439767144415798,0.35439287732344377,-2.1605915856563866,2.1605915856563866,12.80619139009061,6.5720937847838515e-06,0.0,3.141551015439781e-07,0.00013748895844883983
random,11,856,0.47715748935523294,0.15689692489326396,0.8625241726406917,0.06952574088631099,0.3439767901637674,0.35438535722344167,-2.1605945471327246,2.1605945471327246,12.806185807977174,6.900839388285426e-06,0.0,3.2987649728477564e-07,0.00014436340637128184
random,11,857,0.47715714296987016,0.15689668692776984,0.8625228644506742,0.06952575695318608,0.343976869654213,0.35437746165418466,-2.1605976558521403,2.1605976558521403,12.806179946691655,7.2460367310584555e-06,0.0,3.4638536278164267e-07,0.00015158157668984594
random,11,858,0.47715677924865485,0.15689643705837736,0.8625214908202402,0.06952577381942666,0.3439769530994985,0.35436917189709444,-2.160600919091623,2.160600919091623,12.806173792283921,7.608509884574189e-06,0.0,3.637212153129177e-07,0.00015916065552433825
random,11,859,0.4771563973230922,0.1568961746893146,0.8625200484741973,0.06952579152459296,0.34397704069534707,0.35436046830325724,-2.160604344483305,2.160604344483305,12.806167330069009,7.989124276377418e-06,0.0,3.819255626758e-07,0.00016711868830055518
random,11,860,0.4771559962810873,0.15689589919496158,0.8625185339732657,0.06952581011018125,0.34397713264706054,0.3543513302475496,-2.160607940031261,2.160607940031261,12.806160544684609,8.388788773648009e-06,0.0,4.0104200488277897e-07,0.00017547462271558294
random,11,861,0.47715557516474827,0.1568956099183523,0.8625169437058449,0.06952582961971664,0.34397722916997814,0.3543417360803414,-2.160611714129232,2.160611714129232,12.806153419902337,8.808457872469522e-06,0.0,4.2111633902219836e-07,0.00018424835385136209
random,11,862,0.47715513296807543,0.15689530616959974,0.8625152738793541,0.06952585009884935,0.34397733048995327,0.354331663077199,-2.1606156755788026,2.1606156755788026,12.80614593885809,9.249133998391753e-06,0.0,4.4219667283407205e-07,0.0001934607715439302
random,11,863,0.47715466863453465,0.1568949872242445,0.862513520511155,0.06952587159545624,0.34397743684385534,0.35432108738543944,-2.160619833609045,2.160619833609045,12.80613808349728,9.7118699239477e-06,0.0,4.643335407839011e-07,0.00020313381012112674
random,11,864,0.47715418105450674,0.15689465232151298,0.8625116794189756,0.06952589415974562,0.3439775484800887,0.3543099839696283,-2.1606241978955643,2.1606241978955643,12.806129835595968,1.019777130926605e-05,1.3877787807814457e-17,4.875800279080522e-07,0.00021329050062718309
random,11,865,0.47715366906260553,0.1568943006625053,0.8625097462109482,0.06952591784436934,0.343977665659147,0.3542983265508222,-2.1606287785837917,2.1606287785837917,12.806121174339223,1.0707999372074935e-05,0.0,5.119919012086527e-07,0.00022395502565854226
random,11,866,0.4771531314348615,0.15689393140824626,0.8625077162748964,0.0695259427045325,0.34397778865415596,0.3542860875520389,-2.1606335863045896,2.1606335863045896,12.806112081996908,1.1243773693918757e-05,0.0,5.376277440460875e-07,0.00023515277694146939
random,11,867,0.47715256688575886,0.1568935436777609,0.8625055847677536,0.06952596879812932,0.34397791775154585,0.35427323801610505,-2.160638632214203,2.160638632214203,12.806102529056677,1.1806375169501873e-05,0.0,5.645491026329275e-07,0.00024691041578854284
random,11,868,0.4771519740651238,0.1568931365456944,0.8625033466024801,0.06952599618582093,0.343978053251436,0.35425974759268,-2.1606439279665812,2.1606439279665812,12.806092515363549,1.2397149106849035e-05,0.0,5.928206350813703e-07,0.00025925593657797
random,11,869,0.47715135155485117,0.15689270904093428,0.8625009964404883,0.06952602493131838,0.3439781954690351,0.35424558429528186,-2.16064948590191,2.16064948590191,12.806081947329254,1.3017508485903581e-05,0.0,6.225102726076237e-07,0.0002722187334068685
random,11,870,0.47715069786546443,0.1568922601413941,0.8624985286629664,0.06952605510099916,0.343978344732744,0.3542307150164855,-2.1606553185133865,2.1606553185133865,12.806071029286956,1.3668937384131929e-05,0.0,6.53689386731493e-07,0.00028582967007721196
random,11,871,0.47715001143249997,0.15689178878205287,0.8624959374150749,0.06952608676594167,0.3439785013942215,0.3542151033065139,-2.160661440508936,2.160661440508936,12.806058929261829,1.4352994577805795e-05,0.0,6.864329644695744e-07,0.0003001211535810726
random,11,872,0.47714929061270445,0.15689129381163752,0.8624932163678124,0.0695261199947268,0.3439786657927695,0.35419871761742366,-2.160667860937861,2.160667860937861,12.806048633579717,1.5071317331058908e-05,0.0,7.208197955188567e-07,0.0003151272112601262
random,11,873,0.47714853368004684,0.15689077415844122,0.8624903596295844,0.06952615488397637,0.343978838406422,0.354181496783422,-2.1606746159008594,2.1606746159008594,12.806028108735951,1.5825625432966405e-05,0.0,7.569326576084556e-07,0.00033088357182313254
random,11,874,0.477147738821734,0.1568902280860296,0.8624873576545274,0.0695261914248576,0.34397901919147905,0.3541635014492916,-2.160681624778704,2.160681624778704,12.806048132964495,1.6617726556383576e-05,0.0,7.948583128358777e-07,0.00034742775041428917
random,11,875,0.47714690413919253,0.15688965666908422,0.8624842163505894,0.06952623013023945,0.34397921068534654,0.35414420375352884,-2.16068936428461,2.16068936428461,12.805879332304327,1.7449548510470427e-05,0.0,8.346825414728976e-07,0.00036479913793500366
random,11,876,0.47714602780767884,0.15688904671122927,0.8624808631720963,0.06952626895730864,0.34397940278125894,0.35412599287106417,-2.160695540589887,2.160695540589887,12.806600811708805,1.8323815524335248e-05,1.3877787807814457e-17,8.763315136883776e-07,0.00038303909483175384
random,11,877,0.4771451122791087,0.15688846928224423,0.862477688817609,0.06952632106035844,0.3439796605597393,0.3540944654902064,-2.1607137733080384,2.1607137733080384,12.802140351116716,1.9274920855715345e-05,0.0,9.15528570122337e-07,0.00040219104957334156
random,11,878,0.47714414364951757,0.1568877376413999,0.8624736666998118,0.06952635317164255,0.3439798194294801,0.3540862402454531,-2.160709340695239,2.160709340695239,12.817330296432274,2.025530450479939e-05,0.0,9.686295911470744e-07,0.00042230060205200863
random,11,879,0.47714414275760086,0.15688776112121722,0.8624737957776126,0.06952636459433646,0.34397987594296037,0.3540786855977479,-2.160716990822177,2.160716990822177,12.682258968843266,4.936535645046873e-07,0.0,8.919167071574918e-10,3.4641846262078836e-06
random,11,880,0.4771441266177596,0.15688774850286571,0.862473726409566,0.06952636134081451,0.34397985984624535,0.3540800130684116,-2.160715377109855,2.160715377109855,12.811009340752163,2.087508149368379e-07,0.0,1.6139841241269437e-08,3.637393857518278e-06
random,11,881,0.4771441174704587,0.15688774109740125,0.862473685698812,0.06952636097148944,0.3439798580190192,0.35408025314912994,-2.1607150074337746,2.1607150074337746,12.808667737967319,1.8705234927116518e-07,1.3877787807814457e-17,9.147300916723111e-09,3.819263550394192e-06
random,11,882,0.4771441079206774,0.15688773349720575,0.8624736439175449,0.06952636064680491,0.34397985641265094,0.3540804631802994,-2.1607146594675952,2.1607146594675952,12.80787110478099,1.9583387551900501e-07,0.0,9.549781299078575e-09,4.010226727913902e-06
random,11,883,0.4771440979464121,0.15688772570742615,0.8624736010940592,0.0695263603743434,0.3439798550646547,0.3540806374406218,-2.1607143376836495,2.1607143376836495,12.807048489650146,2.050685272984691e-07,0.0,9.974265302581387e-09,4.2107380643095975e-06
random,11,884,0.4771440875230247,0.15688771773200694,0.8624735572500396,0.06952636016154166,0.3439798540118237,0.3540807701647054,-2.160714046132824,2.160714046132824,12.806210244004905,2.1479483066225803e-07,1.3877787807814457e-17,1.0423387430957831e-08,4.421274967525077e-06
random,11,885,0.4771440766230834,0.15688770957226678,0.8624735123927352,0.06952636001519313,0.34397985328776814,0.35408085590734817,-2.1607137877094527,2.1607137877094527,12.805370824919438,2.2505414000939127e-07,0.0,1.0899941282893622e-08,4.6423387159013315e-06
random,11,886,0.477144065216411,0.1568877012251342,0.8624734665052608,0.06952635994082879,0.3439798529198525,0.35408089002064125,-2.160713562506906,2.160713562506906,12.804548875926386,2.358886602733088e-07,0.0,1.1406672384417504e-08,4.874455651696398e-06
random,11,887,0.4771440532703982,0.15688769268124694,0.8624734195361484,0.06952635994204946,0.3439798529258918,0.354080869194229,-2.1607133589298044,2.1607133589298044,12.80376640251067,2.4733873636530155e-07,0.0,1.1946012790087224e-08,5.118178434281218e-06
random,11,888,0.4771440409232627,0.1568876846954765,0.8624733756352241,0.0695263605441164,0.3439798559046022,0.35408050860049955,-2.160713531513553,2.160713531513553,12.803046684204695,2.574080277337991e-07,0.0,1.2347135536217024e-08,5.37408735599528e-06
random,11,889,0.47714402798525457,0.15688767635777373,0.862473329799589,0.06952636123215651,0.34397985930866276,0.3540801053860234,-2.160713750593736,2.160713750593736,12.803285261805733,2.702110238093791e-07,0.0,1.2938008109308896e-08,5.642791723795044e-06
random,11,890,0.47714401440527726,0.156887667537085,0.86247328130879,0.0695263619426901,0.34397986282400916,0.3540796960072856,-2.160713967318818,2.160713967318818,12.803601080536623,2.836669842277812e-07,0.0,1.357997730933036e-08,5.924931309984797e-06
random,11,891,0.47714400015037584,0.1568876582131697,0.8624732300515564,0.06952636267754532,0.3439798664596862,0.3540792792722139,-2.160714182414172,2.160714182414172,12.80388408657571,2.97805194940714e-07,0.0,1.4254901425925226e-08,6.221177875484037e-06
random,11,892,0.4771439851860884,0.1568876483644875,0.8624731759094725,0.06952636343858998,0.3439798702249348,0.3540788540019233,-2.160714396571636,2.160714396571636,12.80413792266148,3.1265821137526314e-07,0.0,1.496428742031597e-08,6.532236769258239e-06
random,11,893,0.4771439694763446,0.1568876379682047,0.8624731187570126,0.06952636422774622,0.34397987412926473,0.3540784190142885,-2.1607146104641823,2.1607146104641823,12.8043656082204,3.282605056479603e-07,0.0,1.5709743839131818e-08,6.858848607721151e-06
random,11,894,0.4771439529833651,0.15688762700018347,0.8624730584614813,0.06952636504700295,0.343979878182516,0.3540779731107788,-2.160714824757415,2.160714824757415,12.804569687615912,3.446484933271584e-07,0.0,1.6492979482141124e-08,7.201791038107209e-06
random,11,895,0.4771439356675619,0.15688761543495758,0.8624729948828809,0.06952636589842663,0.3439798823949125,0.3540775150657317,-2.1607150401186788,2.1607150401186788,12.80475233929702,3.618605818149497e-07,0.0,1.7315803180206757e-08,7.56188059001257e-06
random,11,896,0.4771439174874349,0.15688760324569678,0.8624729278737149,0.06952636678417068,0.34397988677710806,0.35407704361751335,-2.1607152572243113,2.1607152572243113,12.804915457573943,3.799372345990464e-07,0.0,1.818012701493288e-08,7.939974619513198e-06
random,11,897,0.4771438983994662,0.15688759040416073,0.862472857278735,0.06952636770648363,0.34397989134022733,0.3540765574611949,-2.160715476765385,2.160715476765385,12.805060714759398,3.9892104849222034e-07,0.0,1.9087968705644442e-08,8.336973350488858e-06
random,11,898,0.47714387835801164,0.1568875768806435,0.8624727829346361,0.06952636866771683,0.34397989609590357,0.35407605524249014,-2.160715699452184,2.160715699452184,12.805189608889892,4.188568412754884e-07,0.0,2.004145455147821e-08,8.753822018013302e-06
random,11,899,0.4771438573151867,0.1568875626439092,0.8624727046697022,0.06952636967033103,0.34397990105631115,0.35407553555277543,-2.1607159260175823,2.1607159260175823,12.805303500590313,4.3979174856585706e-07,0.0,2.1042824926986725e-08,9.191513118913967e-06
random,11,900,0.4771438352207489,0.1568875476611189,0.8624726223034045,0.06952637071690249,0.34397990623419616,0.35407499692506356,-2.160716157219449,2.160716157219449,12.805403641570997,4.6177532892621183e-07,0.0,2.2094437834851988e-08,9.651088774859666e-06
random,11,901,0.47714381202197476,0.15688753189774926,0.8624725356459549,0.06952637181012854,0.34397991164290354,0.35407443783083004,-2.160716393842161,2.160716393842161,12.805491196508642,4.848596765996767e-07,0.0,2.3198774123933674e-08,1.013364321360265e-05
random,11,902,0.4771437876635304,0.15688751531750275,0.8624724444978116,0.06952637295283258,0.343979917296402,0.354073856677601,-2.1607166366973245,2.1607166366973245,12.805567259570022,5.09099541621305e-07,0.0,2.435844437265189e-08,1.0640325374282782e-05
random,11,903,0.4771437620873374,0.15688749788220957,0.86247234864914,0.06952637414796875,0.34397992320930704,0.3540732518072138,-2.160716886623769,2.160716886623769,12.805632866507933,5.345524570712844e-07,0.0,2.5576192996812352e-08,1.1172341642996922e-05
random,11,904,0.47714373523243164,0.15688747955172216,0.8624722478792333,0.06952637539862627,0.3439799293969025,0.35407262149464847,-2.1607171444869198,2.1607171444869198,12.805689003039353,5.612788734408662e-07,0.0,2.6854905743611823e-08,1.1730958725146768e-05
random,11,905,0.47714370703481573,0.15688746028380166,0.8624721419558877,0.06952637670803354,0.3439799358751608,0.3540719639473156,-2.160717411177645,2.160717411177645,12.805736610077897,5.893423002757065e-07,1.3877787807814457e-17,2.819761590888703e-08,1.2317506661404106e-05
random,11,906,0.47714367742730385,0.1568874400339973,0.86247203063474,0.06952637807956218,0.343979942660763,0.35407127730466026,-2.160717687610708,2.160717687610708,12.805776586316309,6.188094551199638e-07,0.0,2.9607511886631244e-08,1.2933381994474312e-05
random,11,907,0.4771436463393607,0.15688741875551906,0.862471913658567,0.06952637951673127,0.34397994977111956,0.35407055963792744,-2.160717974722977,2.160717974722977,12.80580978862285,6.497504202028799e-07,0.0,3.1087943164198606e-08,1.358005109419803e-05
random,11,908,0.47714361369693076,0.15688739639910432,0.8624717907565524,0.06952638102321154,0.34397995722439145,0.35406980894990536,-2.1607182734715376,2.1607182734715376,12.805837030703076,6.82238807048507e-07,0.0,3.2642429925733296e-08,1.4259053648907931e-05
random,11,909,0.4771435794222609,0.1568873729128786,0.8624716616435223,0.06952638260283034,0.3439799650395143,0.35406902317445826,-2.1607185848319133,2.1607185848319133,12.805859080499204,7.163519295078965e-07,1.3877787807814457e-17,3.427466988004113e-08,1.4972006331353329e-05
random,11,910,0.47714354343371357,0.1568873482422118,0.862471526019153,0.06952638425957697,0.34397997323622503,0.3540682001756494,-2.1607189097965493,2.1607189097965493,12.805876656802537,7.52170985591535e-07,0.0,3.5988547308907215e-08,1.5720606647920997e-05
random,11,911,0.4771435056455709,0.15688732232956976,0.8624713835671569,0.06952638599760877,0.34397998183509204,0.3540673377462614,-2.160719249373757,2.160719249373757,12.805890425565178,7.897812486908674e-07,0.0,3.7788142670525104e-08,1.6506636980317048e-05
random,11,912,0.47714346596783036,0.15688729511436242,0.8624712339544465,0.06952638782125842,0.3439799908575511,0.3540664336055407,-2.1607196045872636,2.1607196045872636,12.80590099638761,8.292722685954155e-07,0.0,3.967774053759143e-08,1.73319688293329e-05
random,11,913,0.4771434243059889,0.1568872665327878,0.8624710768302771,0.06952638973504206,0.3439800003259458,0.354065485396025,-2.160719976476508,2.160719976476508,12.805908919623256,8.707380829529017e-07,0.0,4.1661841476692274e-08,1.819856727079955e-05
random,11,914,0.4771433805608174,0.15688723651767322,0.8624709118253742,0.06952639174366872,0.3439800102635738,0.35406449067935164,-2.160720366097762,2.160720366097762,12.805914684468979,9.142774397184347e-07,0.0,4.374517148519885e-08,1.9108495634339527e-05
random,11,915,0.4771433346281236,0.15688720499831205,0.8624707385510354,0.06952639385205088,0.3439800206947396,0.3540634469310005,-2.160720774526118,2.160720774526118,12.805918718329151,9.599940310300487e-07,0.0,4.5932693815142756e-08,2.0063920416056503e-05
random,11,916,0.4771432863985036,0.15688717190029705,0.8624705565982149,0.06952639606531649,0.3439800316448135,0.354062351533978,-2.160721202858335,2.160721202858335,12.805921387618582,1.0079967393187843e-06,0.0,4.8229619964423875e-08,2.106711643685933e-05
random,11,917,0.47714323575708095,0.15688713714534813,0.8624703655365763,0.06952639838882187,0.34398004314029573,0.3540612017715036,-2.160721652216469,2.160721652216469,12.805923000039805,1.058399895930619e-06,0.0,5.06414226664198e-08,2.2120472258702296e-05
random,11,918,0.47714318258323224,0.15688710065113448,0.8624701649135147,0.06952640082816602,0.34398005520888736,0.35405999481880485,-2.160722123752182,2.160722123752182,12.805923808245305,1.1113235531007224e-06,0.0,5.3173848713061744e-08,2.3226495871637413e-05
random,11,919,0.47714312675029985,0.15688706233108926,0.862469954253138,0.06952640338920581,0.3439800678795649,0.35405872773416447,-2.1607226186515924,2.1607226186515924,12.805924014674341,1.1668937697724637e-06,0.0,5.583293238853315e-08,2.4387820665219285e-05
random,11,920,0.47714306812528917,0.15688702209421582,0.8624697330552018,0.06952640607807192,0.3439800811826599,0.3540573974493787,-2.1607231381404928,2.1607231381404928,12.80592377726478,1.2252429119027866e-06,0.0,5.862501067932513e-08,2.560721169848025e-05
random,11,921,0.47714300656855213,0.15688697984488398,0.8624695007939894,0.06952640890118586,0.3439800951499425,0.35405600075979204,-2.160723683489784,2.160723683489784,12.805923215683471,1.2865099679618581e-06,0.0,6.155673704100195e-08,2.688757228340426e-05
random,11,922,0.4771429419334538,0.15688693548261518,0.8624692569171307,0.06952641186527729,0.34398010981470756,0.35405453431404754,-2.1607242560209716,2.1607242560209716,12.805922417700124,1.3508408803558668e-06,0.0,6.463509832910219e-08,2.8231950897574475e-05
random,11,923,0.47714287406602207,0.15688688890185465,0.8624690008443494,0.06952641497740211,0.34398012521186394,0.354052994603678,-2.160724857111606,2.160724857111606,12.805921445367453,1.4183888934558821e-06,0.0,6.786743173003984e-08,2.96435484424532e-05
random,11,924,0.4771428028045812,0.15688683999173098,0.8624687319661417,0.06952641824496099,0.3439801413780263,0.354051377952608,-2.1607254882005775,2.1607254882005775,12.805920340705633,1.4893149191739546e-06,0.0,7.126144085933817e-08,3.112572586457586e-05
random,11,925,0.4771427279793653,0.15688678863580033,0.8624684496423701,0.06952642167571835,0.3439801583516089,0.35404968050660635,-2.1607261507932334,2.1607261507932334,12.805919130691093,1.5637879209020846e-06,0.0,7.482521591217761e-08,3.268201215780465e-05
random,11,926,0.4771426494121133,0.1568867347117763,0.8624681532007781,0.06952642527782198,0.34398017617292265,0.3540478982226828,-2.160726846466292,2.160726846466292,12.805917831428287,1.641985316620263e-06,0.0,7.85672519820757e-08,3.431611276569489e-05
random,11,927,0.47714256691564416,0.15688667809124374,0.8624678419354168,0.06952642905982315,0.34398019488427484,0.35404602685838527,-2.1607275768725986,2.1607275768725986,12.805916451470523,1.7240934022876438e-06,0.0,8.249646915592379e-08,3.603191840397964e-05
random,11,928,0.4771424802934094,0.15688661863935666,0.862467515104985,0.06952643303069742,0.3439802145300717,0.3540440619609367,-2.16072834374576,2.16072834374576,12.805914994341085,1.8103077965153933e-06,0.0,8.66222347739587e-08,3.783351432417862e-05
random,11,929,0.47714238933902403,0.15688655621451925,0.8624671719310746,0.06952643719986619,0.34398023515692555,0.35404199885612736,-2.160729148904727,2.160729148904727,12.805913460344632,1.900833907442526e-06,0.0,9.095438535666744e-08,3.972519004038755e-05
random,11,930,0.47714229383577417,0.15688649066805027,0.8624668115963264,0.06952644157721911,0.343980256813765,0.3540398326368803,-2.1607299942583844,2.1607299942583844,12.805911847801525,1.9958874231684524e-06,0.0,9.550324986395964e-08,4.171144954240693e-05
random,11,931,0.4771421935560988,0.15688642184382937,0.8624664332424853,0.0695264461731375,0.3439802795519513,0.3540375581514068,-2.1607308818102187,2.1607308818102187,12.80591015383856,2.095694826625207e-06,0.0,1.0027967534131932e-07,4.3797022019527275e-05
random,11,932,0.4771420882610476,0.15688634957792555,0.862466035968358,0.0695264509985187,0.34398030342539904,0.3540351699908773,-2.160731813663111,2.160731813663111,12.805908374861346,2.200493936478998e-06,0.0,1.0529505123368921e-07,4.598687312050364e-05
random,11,933,0.4771419776997087,0.1568862736982064,0.862465618827665,0.06952645606480182,0.34398032849070265,0.3540326624765443,-2.160732792024306,2.160732792024306,12.805906506817959,2.3105344751159312e-06,0.0,1.1056133891740316e-07,4.828621677652883e-05
random,11,934,0.47714186160861033,0.15688619402392795,0.8624651808267855,0.06952646138399425,0.3439803548072685,0.3540300296462606,-2.160733819210588,2.160733819210588,12.805904545329327,2.4260786650219385e-06,0.0,1.1609109834553877e-07,5.070052761535527e-05
random,11,935,0.4771417397110911,0.15688611036530342,0.8624647209223868,0.06952646696869999,0.34398038243745455,0.35402726524034966,-2.160734897653682,2.160734897653682,12.805902485749135,2.547401855391915e-06,0.0,1.2189751924518433e-07,5.323555399612303e-05
random,11,936,0.4771416117166386,0.15688602252305078,0.8624642380189371,0.06952647283214894,0.3439804114467153,0.35402436268678084,-2.1607360299059257,2.1607360299059257,12.805900323179479,2.674793179880691e-06,0.0,1.279944524812393e-07,5.5897331695929184e-05
random,11,937,0.477141477320195,0.15688593028791709,0.8624637309660905,0.06952647898822781,0.34398044190375504,0.3540213150856145,-2.160737218646192,2.160737218646192,12.805898052471619,2.8085562477380976e-06,0.0,1.3439644358514968e-07,5.8692198280725646e-05
random,11,938,0.4771413362014282,0.15688583344017945,0.862463198555944,0.06952648545151245,0.34398047388068725,0.35401811519267673,-2.1607384666861114,2.1607384666861114,12.8058956682186,2.9490098694320962e-06,0.0,1.411187668387548e-07,6.162680819476194e-05
random,11,939,0.4771411880239657,0.1568857317491209,0.8624626395201553,0.06952649223730187,0.34398050745320347,0.35401475540242594,-2.160739776976586,2.160739776976586,12.805893164741999,3.0964888188501693e-06,0.0,1.4817746246675867e-07,6.470814860450003e-05
random,11,940,0.4771410324345898,0.15688562497247954,0.8624620525269157,0.06952649936165364,0.3439805427007481,0.3540112277299699,-2.160741152614622,2.160741152614622,12.805890536079275,3.2513446338649254e-06,0.0,1.555893759386251e-07,6.794355603472504e-05
random,11,941,0.4771408690623929,0.15688551285587063,0.8624614361777717,0.0695265068414214,0.3439805797067041,0.35400752379219425,-2.160742596850482,2.160742596850482,12.8058877759705,3.4139464570597373e-06,0.0,1.6337219688189464e-07,7.13407338364613e-05
random,11,942,0.4771406975178902,0.15688539513217933,0.8624607890042882,0.06952651469429366,0.3439806185585848,0.35400363478795455,-2.160744113095189,2.160744113095189,12.805884877841395,3.584681918891029e-06,0.0,1.715445027139495e-07,7.490777052828437e-05
random,11,943,0.4771405173920874,0.15688527152092316,0.8624601094645424,0.0695265229388351,0.34398065934823857,0.353999551477292,-2.160745704928383,2.160745704928383,12.805881834790036,3.763958065200769e-06,0.0,1.8012580277337875e-07,7.865315905469859e-05
random,11,944,0.4771403282555015,0.15688514172758228,0.8624593959394428,0.0695265315945292,0.3439807021720595,0.3539952641596183,-2.1607473761065528,2.1607473761065528,12.805878639568117,3.952202331453935e-06,0.0,1.8913658589303495e-07,8.258581700743352e-05
random,11,945,0.47714012965713243,0.15688500544289638,0.8624586467288637,0.0695265406818235,0.343980747131211,0.35399076265082524,-2.1607491305716606,2.1607491305716606,12.805875284565616,4.149863566100248e-06,0.0,1.9859836908331374e-07,8.671510785780519e-05
random,11,946,0.47713992112338305,0.15688486234212612,0.8624578600475853,0.06952655022217649,0.34398079433185874,0.3539860362592628,-2.1607509724601766,2.1607509724601766,12.805871761791407,4.3574131054005885e-06,0.0,2.0853374937956914e-07,9.105086325069546e-05
random,11,947,0.4771397021569237,0.1568847120842775,0.862457034021029,0.06952656023810722,0.34398084388541483,0.35398107376053295,-2.1607529061125335,2.1607529061125335,12.805868062854675,4.575345902505017e-06,0.0,2.1896645935326475e-07,9.560340641323023e-05
random,11,948,0.4771394722355011,0.1568845543112874,0.8624561666807808,0.06952657075324685,0.343980895908794,0.35397586337103987,-2.1607549360830385,2.1607549360830385,12.805864178944782,4.804181713441741e-06,0.0,2.2992142256761383e-07,0.00010038357673389174
random,11,949,0.47713923081068615,0.15688438864716797,0.8624552559598879,0.06952658179239313,0.34398095052468236,0.3539703927202372,-2.160757067150238,2.160757067150238,12.805860100810753,5.044466342951135e-06,0.0,2.4142481497291257e-07,0.00010540275557058633
random,11,950,0.4771389773065578,0.1568842146971085,0.8624542996879201,0.0695265933815668,0.3439810078618169,0.35396464882150774,-2.160759304327778,2.160759304327778,12.805855818737546,5.296772953133272e-06,0.0,2.5350412835578595e-07,0.00011067289334911564
random,11,951,0.4771387111183224,0.15688403204653142,0.8624532955857811,0.06952660554807143,0.3439810680552813,0.3539586180416141,-2.1607616528757623,2.1607616528757623,12.805851322526664,5.561703438245408e-06,0.0,2.66188235398257e-07,0.00011620653801657143
random,11,952,0.4771384316108609,0.15688384026010163,0.8624522412602627,0.0695266183205552,0.34398113124681173,0.3539522860686415,-2.1607641183126467,2.1607641183126467,12.805846601465207,5.839889868936825e-06,0.0,2.795074615091764e-07,0.00012201686491740001
random,11,953,0.4771381381172054,0.15688363888068546,0.862451134198321,0.06952663172907664,0.3439811975851219,0.3539456378783731,-2.160766706427676,2.160766706427676,12.805841644309174,6.131996009419346e-06,0.0,2.934936554899181e-07,0.00012811770816327002
random,11,954,0.4771378299369355,0.15688342742825767,0.8624499717610683,0.06952664580517222,0.3439812672262378,0.3539386576990088,-2.1607694232939,2.1607694232939,12.805836439247132,6.438718911435023e-06,0.0,3.081802699145264e-07,0.0001345235935714335
random,11,955,0.477137506334496,0.15688320539875297,0.8624487511774591,0.06952666058192823,0.34398134033385286,0.35393132897416096,-2.160772275281781,2.160772275281781,12.805830973881344,6.760790588843147e-06,0.0,3.2360243951146117e-07,0.0001412497732500052
random,11,956,0.4771371665374284,0.15688297226286044,0.862447469537663,0.06952667609405518,0.3439814170796964,0.3539236343240299,-2.1607752690734285,2.1607752690734285,12.805825235188733,7.0989797769481115e-06,0.0,3.397970675944606e-07,0.00014831226191250546
random,11,957,0.4771368097345122,0.15688272746475657,0.8624461237860994,0.06952669237796599,0.3439814976439206,0.35391555550469145,-2.1607784116774704,2.1607784116774704,12.80581920950055,7.454093781062476e-06,1.3877787807814457e-17,3.5680291615713955e-07,0.00015572787500813074
random,11,958,0.47713643507381337,0.15688247042077497,0.8624447107141242,0.06952670947185782,0.3439815822155047,0.35390707336537797,-2.1607817104446116,2.1607817104446116,12.805812882455148,7.82698041863776e-06,0.0,3.7466069885416786e-07,0.00016351426875853728
random,11,959,0.4771360416606323,0.15688220051800883,0.8624432269523474,0.0695267274157974,0.3439816709926779,0.35389816780370104,-2.1607851730838634,2.1607851730838634,12.80580623898628,8.218530060016609e-06,0.0,3.9341318108787604e-07,0.00017168998219646415
random,11,960,0.47713562855534836,0.1568819171128431,0.8624416689625637,0.06952674625181046,0.34398176418336135,0.3538888177186463,-2.1607888076795447,2.1607888076795447,12.805799263250243,8.62967777277684e-06,0.0,4.1310528392513035e-07,0.00018027448130628738
random,11,961,0.477135194771155,0.15688161952941246,0.8624400330292751,0.06952676602397508,0.3439818620056302,0.35387900096136177,-2.1607926227089496,2.1607926227089496,12.805791938651758,9.061405574936621e-06,0.0,4.3378419334327845e-07,0.00018928820537160174
random,11,962,0.4771347392716791,0.15688130705798206,0.8624383152507898,0.06952678677851935,0.34398196468819686,0.3538686942833951,-2.160796627060952,2.160796627060952,12.805784247686749,9.514744802786705e-06,0.0,4.5549947591538853e-07,0.00019875261564018183
random,11,963,0.47713426096847894,0.1568809789532452,0.8624365115298637,0.06952680856392317,0.34398207247091417,0.35385787328274504,-2.160800830055105,2.160800830055105,12.805776172132026,9.990778599172263e-06,0.0,4.78303200157626e-07,0.00020869024642219093
random,11,964,0.4771337587184162,0.15688063443253847,0.8624346175638873,0.06952683143102513,0.34398218560530486,0.3538465123465727,-2.1608052414622567,2.1608052414622567,12.805767692513614,1.0490644528552121e-05,0.0,5.022500627616111e-07,0.00021912475874330049
random,11,965,0.4771332313208918,0.1568802726739583,0.8624326288345334,0.06952685543313271,0.3439823043551063,0.35383458459286926,-2.1608098715244113,2.1608098715244113,12.805758789166765,1.101553732523583e-05,0.0,5.273975243746953e-07,0.00023008099668046553
random,11,966,0.4771326775149418,0.15687989281440418,0.8624305405969989,0.06952688062614099,0.3439824289968578,0.3538220618048744,-2.1608147309796344,2.1608147309796344,12.805749439493338,1.156671178202965e-05,1.3877787807814457e-17,5.538059499876624e-07,0.00024158504651448882
random,11,967,0.47713209597618544,0.15687949394746303,0.8624283478683737,0.06952690706864606,0.3439825598204622,0.3538089143745332,-2.1608198310764397,2.1608198310764397,12.805739624959866,1.2145485786239248e-05,0.0,5.815387563723462e-07,0.0002536642988402133
random,11,968,0.47713148531361493,0.15687907512136334,0.8624260454163953,0.06952693482209472,0.3439826971299258,0.3537951112071779,-2.1608251836229426,2.1608251836229426,12.805729311257007,1.2753243511024014e-05,1.3877787807814457e-17,6.106625705104562e-07,0.00026634751378222396
random,11,969,0.47713084406622386,0.15687863533626614,0.8624236277445554,0.06952696395084054,0.3439828412436362,0.3537806197357822,-2.1608308009298716,2.1608308009298716,12.805718507766711,1.339143877003653e-05,0.0,6.412473910755168e-07,0.0002796648894713352
random,11,970,0.477130170699459,0.15687817354331485,0.862421089086876,0.06952699452254173,0.3439829924963307,0.3537654055492001,-2.160836696117646,2.160836696117646,12.805707075906149,1.406159854397644e-05,0.0,6.733667648473052e-07,0.00029364813394490197
random,11,971,0.47712946360149355,0.15687768863677323,0.8624184233646899,0.0695270266073461,0.3439831512350637,0.3537494334023349,-2.1608428821096157,2.1608428821096157,12.80569538812293,1.476532668818791e-05,1.3877787807814457e-17,7.070979654577592e-07,0.0003083305406421471
random,11,972,0.47712872107930654,0.15687717947228058,0.8624156242869957,0.06952706028179272,0.34398331783851027,0.3537326628674976,-2.1608493757082785,2.1608493757082785,12.805681908116217,1.5504307831409722e-05,0.0,7.425221870138721e-07,0.0003237470676742545
random,11,973,0.4771279413545637,0.15687664477684146,0.8624126848556362,0.06952709561331313,0.34398349264028627,0.35371506604399844,-2.16085618073567,2.16085618073567,12.805672661855612,1.628031148915345e-05,0.0,7.797247428276144e-07,0.0003399344210579672
random,11,974,0.47712712255934225,0.15687608353320265,0.8624095994783699,0.06952713272988947,0.3439836762735799,0.3536965484564918,-2.160863363043797,2.160863363043797,12.805641746646941,1.7095196690744815e-05,0.0,8.187952214577798e-07,0.00035693114211086556
random,11,975,0.47712626273309033,0.15687549315129384,0.8624063539165606,0.06952717149272514,0.3439838680516986,0.35367732151761844,-2.1608706969850298,2.1608706969850298,12.805706332229668,1.7950923966170795e-05,0.0,8.598262519199373e-07,0.00037477769921640886
random,11,976,0.4771253598592778,0.15687487868028369,0.8624029759274763,0.06952721314933434,0.34398407414668647,0.35365602673938734,-2.1608794452342552,2.1608794452342552,12.805297093431706,1.884976632779993e-05,0.0,9.028738125471669e-07,0.00039351658417722933
random,11,977,0.4771244139119308,0.15687420546272765,0.8623992749854985,0.06952725184380808,0.34398426558658635,0.3536395975616405,-2.160882989559332,2.160882989559332,12.807203636862454,1.9799286427690995e-05,0.0,9.459473470085911e-07,0.0004131924133860908
random,11,978,0.4771236507124742,0.1568740035279152,0.8623981648703247,0.06952743818223592,0.34398518749109935,0.35352188765685055,-2.1609870928355934,2.1609870928355934,12.781544853311082,2.260930595878739e-05,0.0,7.631994565771016e-07,0.00043385203405539536
random,11,979,0.4771223734150391,0.15687280449158844,0.8623915732955287,0.06952734369769253,0.3439847200312846,0.3535940067693483,-2.160900335456234,2.160900335456234,12.837048235971887,2.358131085205676e-05,0.0,1.2772974350983013e-06,0.00045554463575816514
random,11,980,0.4771223728834061,0.15687282984707548,0.8623917126846244,0.06952735601708046,0.34398478098113516,0.35358589763986537,-2.160908547825174,2.160908547825174,12.681692731399771,5.32668602489806e-07,1.3877787807814457e-17,5.316330153881665e-10,3.7368895902036986e-06
random,11,981,0.4771223552888824,0.15687281605158127,0.8623916368453609,0.06952735242522327,0.34398476321051535,0.3535873669655618,-2.160906768112287,2.160906768112287,12.811142259969586,2.2641808445995e-07,1.3877787807814457e-17,1.759452367133818e-08,3.923734069713884e-06
random,11,982,0.4771223453323536,0.1568728079158554,0.8623915921200724,0.06952735195713386,0.3439847608946552,0.3535876631344067,-2.1609063308055383,2.1609063308055383,12.808726433236355,2.0271284322724262e-07,0.0,9.956528823629185e-09,4.119920773199578e-06
random,11,983,0.4771223349481356,0.15687279958050315,0.8623915462973591,0.06952735154013377,0.34398475883155816,0.3535879250127211,-2.1609059184136856,2.1609059184136856,12.807854747990573,2.121229243739614e-07,0.0,1.0384217985492938e-08,4.325916811859557e-06
random,11,984,0.4771223241127801,0.15687279105472549,0.8623914994278024,0.06952735118367527,0.343984757067989,0.35358814548377904,-2.160905536451646,2.160905536451646,12.806948198627346,2.2201717701506176e-07,0.0,1.0835355501725985e-08,4.542212652452535e-06
random,11,985,0.4771223127995268,0.1568727823466138,0.8623914515558838,0.06952735089711881,0.3439847556502584,0.3535883172862058,-2.160905189861537,2.160905189861537,12.806018158932865,2.324416668502749e-07,1.3877787807814457e-17,1.1313253278633084e-08,4.769323285075162e-06
random,11,986,0.47712230097802877,0.15687277346121403,0.8623914027093427,0.06952735068905187,0.34398475462085265,0.3535884335053648,-2.1609048817881726,2.1609048817881726,12.80508151642728,2.434468012472952e-07,0.0,1.1821498058228741e-08,5.0077894493289206e-06
random,11,987,0.47712228861439615,0.15687276439801576,0.8623913528853733,0.06952735056640223,0.3439847540140467,0.35358848825177636,-2.16090460986016,2.16090460986016,12.804161116408615,2.5508441177136706e-07,0.0,1.2363632617695686e-08,5.2581789217953665e-06
random,11,988,0.47712227577210603,0.15687275556084063,0.862391304303942,0.06952735081434412,0.34398475524073274,0.3535883265570989,-2.1609045404989757,2.1609045404989757,12.803284924918932,2.656391922070048e-07,0.0,1.2842290120218536e-08,5.521087867885135e-06
random,11,989,0.47712226244297073,0.15687274697612424,0.8623912571103759,0.06952735151077849,0.34398475868632367,0.3535879150634014,-2.16090476214697,2.16090476214697,12.802929019185852,2.7799040407212644e-07,0.0,1.3329135295503391e-08,5.797142261279392e-06
random,11,990,0.4771222484523425,0.15687273789485057,0.8623912071870389,0.06952735222996466,0.34398476224447844,0.35358749722239835,-2.1609049813500047,2.1609049813500047,12.803242085241605,2.9183504112513033e-07,0.0,1.3990628211502099e-08,6.086999374343362e-06
random,11,991,0.4771222337662828,0.15687272829617618,0.8623911544193463,0.06952735297375388,0.3439847659243563,0.3535870718178993,-2.160905198843134,2.160905198843134,12.80352260666185,3.0638143562472877e-07,0.0,1.4686059701674026e-08,6.39134934306053e-06
random,11,992,0.4771222183492974,0.15687271815792633,0.8623910986853951,0.06952735374403816,0.34398476973531766,0.35358663764603543,-2.160905415328036,2.160905415328036,12.803774180216319,3.2166310747612503e-07,0.0,1.5416985410521278e-08,6.710916810213557e-06
random,11,993,0.47712220216423323,0.1568727074565999,0.8623910398559902,0.069527354542765,0.34398477368699787,0.35358619349872905,-2.160905631487746,2.160905631487746,12.80399979077808,3.3771554232213527e-07,0.0,1.61850641777761e-08,7.046462650724235e-06
random,11,994,0.4771221851721756,0.15687269616735738,0.8623909777945791,0.06952735537194991,0.3439847777893686,0.35358573815043537,-2.1609058479982095,2.1609058479982095,12.80420195652828,3.545762209362141e-07,0.0,1.699205764982281e-08,7.398785783260447e-06
random,11,995,0.4771221673323445,0.1568726842639951,0.8623909123571096,0.06952735623368728,0.3439847820527917,0.3535852703473343,-2.1609060655374286,2.1609060655374286,12.804382835989859,3.722846700825578e-07,0.0,1.783983105685394e-08,7.768725072423471e-06
random,11,996,0.4771221486019896,0.15687267171890754,0.8623908433918239,0.06952735713015971,0.34398478648806574,0.3535847887984267,-2.160906284792738,2.160906284792738,12.804544308294945,3.9088252969354256e-07,0.0,1.8730354933715887e-08,8.157161326044646e-06
random,11,997,0.47712212893628037,0.1568726585030396,0.8623907707389943,0.06952735806364643,0.3439847911064669,0.3535842921681616,-2.1609065064665547,2.1609065064665547,12.804688034223359,4.104136327305937e-07,0.0,1.966570922773414e-08,8.565019392346878e-06
random,11,998,0.47712210828819546,0.15687264458582895,0.8623906942306075,0.06952735903653078,0.34398479591978687,0.3535837790703407,-2.1609067312808423,2.1609067312808423,12.804815503089554,4.309240959542229e-07,0.0,2.0648084908536646e-08,8.993270361964223e-06
random,11,999,0.4771220866084042,0.15687262993513904,0.8623906136899966,0.06952736005130687,0.3439848009403651,0.3535832480631226,-2.1609069599804624,2.1609069599804624,12.804928068962546,4.5246241978227506e-07,1.3877787807814457e-17,2.1679791240014623e-08,9.442933880062434e-06
random,11,1000,0.47712206384514655,0.15687261451718376,0.8623905289314258,0.06952736111058584,0.3439848061811202,0.35358269764499606,-2.1609071933355297,2.1609071933355297,12.805026978646884,4.750795967049482e-07,0.0,2.276325766770171e-08,9.915080574065556e-06
random,11,1001,0.4771220399441054,0.15687259829644318,0.862390439759628,0.06952736221710125,0.3439848116555763,0.35358212625161917,-2.1609074321428694,2.1609074321428694,12.805113393135882,4.988292273695607e-07,1.3877787807814457e-17,2.3901041146245916e-08,1.0410834602768835e-05
random,11,1002,0.4771220148482739,0.1568725812355706,0.862390345969294,0.06952736337371405,0.34398481737788805,0.35358153225343064,-2.1609076772266613,2.1609076772266613,12.805188403775398,5.237676443051324e-07,0.0,2.5095831523991308e-08,1.0931376332907277e-05
random,11,1003,0.4771219884978172,0.15687256329529195,0.8623902473445184,0.06952736458341748,0.3439848233628642,0.35358091395394303,-2.1609079294383515,2.1609079294383515,12.805253044047912,5.499540428836292e-07,0.0,2.6350456705515057e-08,1.147794514955264e-05
random,11,1004,0.4771219608299269,0.15687254443429635,0.8623901436581992,0.06952736584934104,0.343984829625988,0.3535802695886078,-2.1609081896559355,2.1609081896559355,12.805308297676088,5.774506195894196e-07,0.0,2.766789025665517e-08,1.2051842407030274e-05
random,11,1005,0.4771219317786692,0.15687252460911938,0.8623900346713955,0.06952736717475491,0.34398483618343856,0.3535795973241369,-2.1609084587827145,2.1609084587827145,12.80535510361831,6.063227177737922e-07,0.0,2.905125773278172e-08,1.2654434527381788e-05
random,11,1006,0.4771219012748251,0.15687250377401907,0.8623899201326455,0.06952736856307376,0.34398484305210986,0.35357889525813246,-2.160908737745664,2.160908737745664,12.805394358445353,6.366389809157055e-07,0.0,3.050384406177997e-08,1.3287156253750878e-05
random,11,1007,0.47712186924572425,0.15687248188084468,0.8623897997772457,0.06952737001786109,0.34398485024963227,0.3535781614188625,-2.160909027493562,2.160909027493562,12.805426916568234,6.684715138184787e-07,0.0,3.202910087152233e-08,1.3951514066438422e-05
random,11,1008,0.47712183561506943,0.15687245887889958,0.8623896733264967,0.06952737154283353,0.34398485779439364,0.35357739376499775,-2.160909328995047,2.160909328995047,12.805453588771062,7.018960519761364e-07,0.0,3.363065481654104e-08,1.4649089769760344e-05
random,11,1009,0.4771218003027532,0.15687243471479836,0.862389540486918,0.06952737314186568,0.34398486570556347,0.35357659018511073,-2.1609096432367925,2.1609096432367925,12.805475139524484,7.369921396078353e-07,0.0,3.531231623776776e-08,1.538154425824836e-05
random,11,1010,0.4771217632246663,0.15687240933231905,0.8623894009494351,0.06952737481899564,0.3439848740031202,0.35357574849673556,-2.1609099712219795,2.1609099712219795,12.805492283556905,7.738433167360372e-07,0.0,3.7078086878583605e-08,1.615062147116078e-05
random,11,1011,0.47712172429249544,0.15687238267225095,0.8623892543885436,0.06952737657843126,0.34398488270788213,0.3535748664447934,-2.160910313969246,2.160910313969246,12.805505682178865,8.125373159834164e-07,1.3877787807814457e-17,3.893217087602707e-08,1.695815254471882e-05
random,11,1012,0.4771216834135123,0.15687235467223853,0.8623891004614507,0.06952737842455746,0.34398489184154335,0.35357394169920925,-2.1609106725122817,2.1609106725122817,12.805515939826293,8.531662693836709e-07,1.3877787807814457e-17,4.087898314297789e-08,1.7806060171954762e-05
random,11,1013,0.4771216404903521,0.1568723252666219,0.8623889388071978,0.06952738036194463,0.34398490142671584,0.3535729718515773,-2.160911047900184,2.160911047900184,12.805523601263614,8.958269260497834e-07,0.0,4.292316019283149e-08,1.86963631805525e-05
random,11,1014,0.4771215954207803,0.15687229438627326,0.8623887690457626,0.06952738239535806,0.3439849114869758,0.35357195441078026,-2.160911441198666,2.160911441198666,12.80552914981146,9.406208809403564e-07,0.0,4.506957179684079e-08,1.9631181339580127e-05
random,11,1015,0.47712154809744933,0.15687226195843018,0.862388590777141,0.06952738452976907,0.3439849220469186,0.3535708867975183,-2.160911853492155,2.160911853492155,12.805533006870895,9.876548157532058e-07,0.0,4.73233309761234e-08,2.0612740406559134e-05
random,11,1016,0.4771214984076417,0.1568722279065239,0.8623884035804046,0.06952738677036675,0.3439849331322172,0.3535697663377617,-2.1609122858867513,2.1609122858867513,12.805535532898405,1.0370407519275548e-06,0.0,4.968980765740483e-08,2.1643377426887093e-05
random,11,1017,0.47712144623300123,0.15687219215000278,0.8623882070127293,0.06952738912257159,0.34398494476968927,0.353568590255195,-2.160912739513983,2.160912739513983,12.805537029851504,1.0888963169371831e-06,0.0,5.2174640441382536e-08,2.2725546298231448e-05
random,11,1018,0.47712139144925114,0.1568721546041496,0.8623880006083912,0.06952739159204965,0.34398495698736764,0.35356735566276765,-2.160913215535235,2.160913215535235,12.805537745007264,1.1433450241190951e-06,0.0,5.47837500919357e-08,2.3861823613143022e-05
random,11,1019,0.4771213339258972,0.15687211517989072,0.8623877838777171,0.06952739418472821,0.34398496981457716,0.35356605955349807,-2.16091371514671,2.16091371514671,12.805537875920672,1.200516566690366e-06,0.0,5.7523353969024527e-08,2.5054914793800174e-05
random,11,1020,0.4771212735259164,0.15687207378359716,0.8623875563059921,0.0695273969068119,0.3439849832820152,0.3535646987906974,-2.160914239584747,2.160914239584747,12.80553757622737,1.2605471268585684e-06,0.0,6.039998079465647e-08,2.6307660533490183e-05
random,11,1021,0.47712121010543046,0.15687203031687463,0.8623873173523038,0.06952739976479975,0.34398499742183564,0.3535632700977772,-2.160914790131337,2.160914790131337,12.805536961920124,1.3235797003750407e-06,0.0,6.342048591845284e-08,2.762304356016469e-05
random,11,1022,0.4771211435133619,0.15687198467634222,0.8623870664483266,0.06952740276550295,0.3439850122677365,0.3535617700477876,-2.160915368119686,2.160915368119686,12.805536117733075,1.3897644375247978e-06,0.0,6.659206858161681e-08,2.9004195738172926e-05
random,11,1023,0.47712107359107464,0.15687193675339842,0.8623868029970354,0.06952740591606305,0.34398502785505036,0.3535601950528013,-2.1609159749397064,2.1609159749397064,12.805535103289358,1.45925900127546e-06,0.0,6.99222872380112e-08,3.0454405525081573e-05
random,11,1024,0.47712100017199455,0.1568718864339726,0.862386526371339,0.06952740922397062,0.34398504422083687,0.3535585413532171,-2.1609166120433514,2.1609166120433514,12.805533958730178,1.532228943418813e-06,0.0,7.341908009328435e-08,3.197712580133565e-05
random,11,1025,0.47712092308121246,0.15687183359826234,0.8623862359126362,0.0695274126970846,0.34398506140397767,0.3535568050070158,-2.160917280949756,2.160917280949756,12.80553270962606,1.608848099520971e-06,0.0,7.70907820912825e-08,3.357598209140244e-05
random,11,1026,0.47712084213506656,0.1568717781204549,0.862385930929285,0.06952741634365191,0.34398507944527434,0.35355498187895684,-2.160917983250177,2.160917983250177,12.80553137106132,1.6892990037918525e-06,0.0,8.09461458972649e-08,3.5254781195972566e-05
random,11,1027,0.4771207571407041,0.1568717198684326,0.8623856106949821,0.06952742017232794,0.3439850983875492,0.3535530676296721,-2.1609187206127647,2.1609187206127647,12.805529950871525,1.7737733246742167e-06,0.0,8.499436243702974e-08,3.70175202557712e-05
random,11,1028,0.4771206678956211,0.1568716587034618,0.8623852744470547,0.06952742419219743,0.3439851182757487,0.353551057704586,-2.160919494787222,2.160919494787222,12.805528452082074,1.8624723223521003e-06,0.0,8.924508304586354e-08,3.8868396268559756e-05
random,11,1029,0.47712057418717857,0.15687159447986485,0.8623849213846548,0.0695274284127964,0.34398513915705203,0.35354894732258235,-2.1609203076094037,2.1609203076094037,12.805526874653967,1.955607329188358e-06,0.0,9.37084425056689e-08,4.0811816081987746e-05
random,11,1030,0.47712047579209527,0.15687152704467422,0.86238455066686,0.06952743284413469,0.3439851610809827,0.35354673146432714,-2.160921161005936,2.160921161005936,12.80552521666386,2.0534002542487943e-06,0.0,9.839508330333757e-08,4.2852406886087136e-05
random,11,1031,0.4771203724759143,0.15687145623726886,0.8623841614106731,0.06952743749671972,0.34398518409952583,0.3535444048601677,-2.160922056998913,2.160922056998913,12.805523475053688,2.1560841132276624e-06,0.0,1.0331618094383543e-07,4.49950272303915e-05
random,11,1032,0.477120263992443,0.15687138188899197,0.8623837526889212,0.06952744238158105,0.3439852082672499,0.35354196197753157,-2.1609229977107254,2.1609229977107254,12.805521646078429,2.263903584853873e-06,0.0,1.0848347131720004e-07,4.7244778591911074e-05
random,11,1033,0.4771201500831648,0.15687130382274864,0.8623833235280438,0.06952744751029631,0.3439852336414349,0.3535393970077611,-2.160923985369064,2.160923985369064,12.805519725549091,2.3771155953381644e-06,1.3877787807814457e-17,1.1390927823207164e-07,4.960701752150663e-05
random,11,1034,0.477120030476622,0.156871221852584,0.862382872905774,0.06952745289501837,0.3439852602822069,0.35353670385232844,-2.1609250223121377,2.1609250223121377,12.805517708954401,2.4959899321957703e-06,0.0,1.1960654278109217e-07,5.208736839758197e-05
random,11,1035,0.4771199048877665,0.15687113578323952,0.8623823997486985,0.06952745854850355,0.3439852882526774,0.35353387610838527,-2.1609261109941222,2.1609261109941222,12.805515591514126,2.62080988870065e-06,0.0,1.2558885548186183e-07,5.469173681746107e-05
random,11,1036,0.4771197730172795,0.15687104540968735,0.8623819029296985,0.06952746448414157,0.34398531761909173,0.35353090705360296,-2.1609272539908684,2.1609272539908684,12.805513368191013,2.7518729409878437e-06,0.0,1.3187048703011683e-07,5.7426323658334124e-05
random,11,1037,0.47711963455085443,0.15687095051664118,0.8623813812652606,0.06952747071598653,0.34398534845098216,0.353527789630264,-2.1609284540058824,2.1609284540058824,12.805511033692135,2.8894914590403942e-06,0.0,1.3846642504811157e-07,6.029763984125083e-05
random,11,1038,0.4771194891584472,0.1568708508780426,0.8623808335126525,0.06952747725878991,0.3439853808213313,0.3535245164285665,-2.1609297138765915,2.1609297138765915,12.80550858245774,3.033993453366445e-06,0.0,1.4539240722477587e-07,6.331252183331338e-05
random,11,1039,0.4771193364934858,0.15687074625652164,0.8623802583669582,0.0695274841280346,0.3439854148067403,0.3535210796691031,-2.160931036580911,2.160931036580911,12.805506008650354,3.185723359387987e-06,0.0,1.5266496139476615e-07,6.647814792497905e-05
random,11,1040,0.4771191761920416,0.15687063640283044,0.8623796544579639,0.06952749133997103,0.34398545048760776,0.35351747118446986,-2.1609324252441287,2.1609324252441287,12.805503306140002,3.3450428611211783e-06,0.0,1.603014442297379e-07,6.9802055321228e-05
random,11,1041,0.47711900787195843,0.1568705210552483,0.862379020346888,0.06952749891165477,0.3439854879483156,0.3535136823999669,-2.1609338831461162,2.1609338831461162,12.805500468490443,3.5123317563561683e-06,0.0,1.6832008314926483e-07,7.329215808728941e-05
random,11,1042,0.47711883113193876,0.15687039993895693,0.8623783545229462,0.06952750686098609,0.34398552727742504,0.3535097043133438,-2.1609354137288865,2.1609354137288865,12.805497488943221,3.6879888654560504e-06,0.0,1.7674001967504793e-07,7.695676599165388e-05
random,11,1043,0.4771186455505825,0.15687027276538448,0.8623776553997452,0.06952751520675134,0.343985568567881,0.3535055274735429,-2.1609370206045093,2.1609370206045093,12.805494360401882,3.872432985727751e-06,0.0,1.855813562823272e-07,8.080460429123658e-05
random,11,1044,0.47711845068537784,0.1568701392315165,0.8623769213114952,0.06952752396866631,0.3439856119172268,0.35350114195839255,-2.1609387075634077,2.1609387075634077,12.805491075414778,4.0661038940683546e-06,0.0,1.9486520463907198e-07,8.484483450579841e-05
random,11,1045,0.47711824607164216,0.15686999901917226,0.8623761505090318,0.06952753316742176,0.34398565742782955,0.35349653735119996,-2.1609404785830417,2.1609404785830417,12.805487626158262,4.26946339997705e-06,0.0,2.0461373567703944e-07,8.908707623108833e-05
random,11,1046,0.4771180312214082,0.15686985179424523,0.8623753411556397,0.069527542824731,0.34398570520711524,0.35349170271618596,-2.160942337837007,2.160942337837007,12.805484004416138,4.482996451631298e-06,0.0,2.148502339371916e-07,9.354143004264275e-05
random,11,1047,0.477117805622255,0.1568696972059046,0.8623744913226637,0.06952755296337981,0.34398575536781584,0.35348662657271085,-2.160944289704563,2.160944289704563,12.805480201562133,4.7072122978828155e-06,0.0,2.2559915324738e-07,9.82185015447749e-05
random,11,1048,0.47711756873607886,0.15686953488575736,0.8623735989849026,0.06952756360727866,0.34398580802822787,0.35348129686822893,-2.1609463387806027,2.1609463387806027,12.805476208538392,4.9426457086757325e-06,1.3877787807814457e-17,2.3688617611927754e-07,0.00010312942662201364
random,11,1049,0.4771173199978041,0.15686936444696817,0.8623726620157699,0.06952757478151755,0.34398586331248343,0.3534757009499093,-2.1609484898860964,2.1609484898860964,12.805472015832605,5.189858257095771e-06,0.0,2.4873827475513366e-07,0.00010828589795311433
random,11,1050,0.4771170588140265,0.15686918548333456,0.8623716781822109,0.06952758651242327,0.34398592135083356,0.3534698255348651,-2.1609507480790175,2.1609507480790175,12.805467613459571,5.449439666318219e-06,0.0,2.611837776056447e-07,0.00011370019285077005
random,11,1051,0.4771167845615898,0.1568689975683164,0.8623706451393666,0.06952759882761941,0.34398598227994537,0.3534636566789101,-2.1609531186657813,2.1609531186657813,12.805462990930007,5.722009224300494e-06,0.0,2.7425243670498034e-07,0.00011938520249330855
random,11,1052,0.47711649658608896,0.15686880025401584,0.8623695604249659,0.06952761175608926,0.34398604624321283,0.35345717974379004,-2.1609556072132046,2.1609556072132046,12.805458137234492,6.00821727015923e-06,0.0,2.8797550083448087e-07,0.00012535446261797398
random,11,1053,0.4771161942002996,0.15686859307010645,0.8623684214534396,0.06952762532824154,0.34398611339108237,0.35345037936279783,-2.1609582195610266,2.1609582195610266,12.805453040809404,6.308746755686108e-06,0.0,3.023857893524884e-07,0.00013162218574887268
random,11,1054,0.4771158766825255,0.1568683755227083,0.862367225509735,0.0695276395759792,0.3439861838813929,0.3534432394047061,-2.160960961834998,2.160960961834998,12.805447689513947,6.624314885760833e-06,0.0,3.17517774128806e-07,0.00013820329503631633
random,11,1055,0.4771155432748648,0.15686814709320648,0.8623659697428218,0.0695276545327716,0.3439862578797333,0.3534357429359316,-2.1609638404605676,2.1609638404605676,12.805442070600037,6.955674841861248e-06,0.0,3.334076607020009e-07,0.00014511345978813215
random,11,1056,0.47711519318138634,0.15686790723701008,0.8623646511588693,0.06952767023372967,0.343986335559814,0.35342787218084787,-2.160966862177192,2.160966862177192,12.805436170680597,7.303617592890225e-06,1.3877787807814457e-17,3.50093478429514e-07,0.00015236913277753876
random,11,1057,0.4771148255662151,0.15686765538224878,0.8623632666140814,0.06952768671568489,0.34398641710385763,0.35341960848015713,-2.1609700340532942,2.1609700340532942,12.805429975699582,7.6689737977352e-06,1.3877787807814457e-17,3.6761517124839216e-07,0.0001599875894164157
random,11,1058,0.47711443955151955,0.15686739092840374,0.8623618128071692,0.06952770401727157,0.3439865027030066,0.3534109322472311,-2.1609733635018866,2.1609733635018866,12.80542347089749,8.052615804319699e-06,1.3877787807814457e-17,3.8601469554144785e-07,0.00016798696888723651
random,11,1059,0.47711403421539716,0.15686711324486963,0.8623602862714472,0.06952772217901317,0.3439865925577496,0.35340182292231864,-2.1609768582968987,2.1609768582968987,12.805416640774762,8.45545975008777e-06,0.0,4.053361223887997e-07,0.00017638631733159834
random,11,1060,0.4771136085896524,0.15686682166944385,0.862358683366527,0.0695277412434123,0.3439866868783672,0.35339225892452886,-2.16098052659022,2.16098052659022,12.805409469059404,8.878467769269368e-06,1.3877787807814457e-17,4.2562574475990544e-07,0.00018520563319817827
random,11,1061,0.4771131616574615,0.15686651550673997,0.8623570002695955,0.06952776125504481,0.3439867858853973,0.3533822176014661,-2.160984376929509,2.160984376929509,12.805401938658239,9.322650312186633e-06,0.0,4.469321909228441e-07,0.00019446591485808718
random,11,1062,0.47711269235091897,0.15686619402652097,0.8623552329662522,0.06952778226065823,0.34398688981012193,0.3533716751764465,-2.160988418276744,2.160988418276744,12.805394031637,9.789068582655541e-06,0.0,4.6930654251653436e-07,0.00020418921060099155
random,11,1063,0.47711219954845846,0.15686585646194826,0.8623533772408835,0.0695278043092744,0.3439869988950755,0.3533606066930903,-2.1609926600276497,2.1609926600276497,12.805385729132741,1.0278837099420164e-05,0.0,4.92802460505537e-07,0.00021439867113104115
random,11,1064,0.4771116820721426,0.1568655020077422,0.8623514286665503,0.06952782745229673,0.34398711339457505,0.35334898595737524,-2.1609971120318088,2.1609971120318088,12.805377011404985,1.0793126388198547e-05,0.0,5.174763158533047e-07,0.00022511860468759322
random,11,1065,0.47711113868481414,0.15686512981825088,0.8623493825943708,0.06952785174362226,0.3439872335752747,0.35333678547654457,-2.161001784613964,2.161001784613964,12.805367857572298,1.1333165810857574e-05,0.0,5.433873284665935e-07,0.0002363745349219729
random,11,1066,0.47711056808710184,0.1568647390054172,0.8623472341423456,0.06952787723975797,0.3439873597167413,0.353323976395948,-2.161006688595375,2.161006688595375,12.805358246086481,1.1900246539259403e-05,0.0,5.705977123016126e-07,0.00024819326166807156
random,11,1067,0.4771099689142731,0.15686432863665506,0.8623449781836818,0.06952790399994417,0.3439874921120648,0.35331052843040156,-2.161011835318378,2.161011835318378,12.805348153306504,1.2495724680987254e-05,1.3877787807814457e-17,5.991728287413345e-07,0.0002606029247514751
random,11,1068,0.4771093397329249,0.15686389773258258,0.8623426093343315,0.06952793208627674,0.3439876310684628,0.35329640979949833,-2.1610172366650833,2.1610172366650833,12.8053375573233,1.3121024564929447e-05,0.0,6.291813481884567e-07,0.0002736330709890489
random,11,1069,0.4771086790375068,0.15686344526475382,0.8623401219405223,0.06952796156385493,0.34398777690801235,0.3532815871366967,-2.1610229050987364,2.1610229050987364,12.80532642615257,1.3777642195367016e-05,0.0,6.606954180976565e-07,0.00028731472453850135
random,11,1070,0.47710798524666287,0.15686297015288866,0.8623375100635293,0.06952799250086612,0.3439879299680685,0.35326602547291924,-2.161028853632026,2.161028853632026,12.805314755758777,1.4467148882937693e-05,0.0,6.937908439419438e-07,0.00030168046076542644
random,11,1071,0.47710725669938836,0.15686247126337366,0.8623347674714329,0.0695280249689259,0.34398809060294766,0.35324968793194256,-2.1610350960664104,2.1610350960664104,12.805302438083201,1.5191195062296157e-05,0.0,7.285472745088839e-07,0.00031676448380369777
random,11,1072,0.47710649165098645,0.15686194740219628,0.862331887600276,0.06952805904245318,0.3439882591808354,0.3532325365290835,-2.1610416461819,2.1610416461819,12.805289748557142,1.595151430595297e-05,0.0,7.650484019072756e-07,0.0003326027079938827
random,11,1073,0.4771056882688176,0.15686139733028215,0.862328863638379,0.06952809480207688,0.3439884361006412,0.3532145283741946,-2.161048521285,2.161048521285,12.805275424803412,1.6749927545428212e-05,0.0,8.033821688457898e-07,0.0003492328433935768
random,11,1074,0.477104844627833,0.1568608196791447,0.8623256880626324,0.06952813232027547,0.34398862172095046,0.3531956321462013,-2.16105572651788,2.16105572651788,12.805264727749348,1.758834752307716e-05,0.0,8.436409846268589e-07,0.00036669448556325566
random,11,1075,0.47710395870593836,0.15686021333409503,0.8623223547451525,0.06952817173051747,0.34398881670209513,0.35317574930789014,-2.1610633295567343,2.1610633295567343,12.80523344886904,1.8468783789679928e-05,0.0,8.859218946222214e-07,0.00038502920984141844
random,11,1076,0.47710302838097524,0.1568595754848006,0.8623188482364346,0.06952821288010638,0.34398902028861333,0.35315511054065923,-2.1610710843598224,2.1610710843598224,12.80529850945202,1.9393356393636674e-05,0.0,9.303249631220645e-07,0.00040428067033348937
random,11,1077,0.4771020514844751,0.15685891212541334,0.8623152014886921,0.06952825720456782,0.34398923958273053,0.3531321425254196,-2.161080455007205,2.161080455007205,12.804852786071162,2.03645765657949e-05,0.0,9.768965001377694e-07,0.00042449470385016384
random,11,1078,0.47710102869095194,0.15685818379828342,0.8623111975876878,0.0695282980493816,0.3439894416613817,0.35311480479937446,-2.161083843345075,2.161083843345075,12.807040387840692,2.1390994231471305e-05,0.0,1.0227935231532648e-06,0.00044571943904267203
random,11,1079,0.47710102804820886,0.15685820863302144,0.8623113341140212,0.06952831010048492,0.34398950128390116,0.35310685567777134,-2.1610918937053385,2.1610918937053385,12.681138657321796,5.213300480791805e-07,0.0,6.427430809807788e-10,3.656292273396919e-06
random,11,1080,0.47710101080872613,0.15685819515065236,0.8623112599961298,0.06952830657618966,0.34398948384754224,0.35310829240369673,-2.161090152113184,2.161090152113184,12.810362541686816,2.2197736063390274e-07,0.0,1.723948273024689e-08,3.839106887066765e-06
random,11,1081,0.47710100104190817,0.1568581872326869,0.862311216467956,0.06952830611725962,0.3439894815769978,0.35310857421708075,-2.161089731338244,2.161089731338244,12.807956038122926,1.9858807948241552e-07,0.0,9.766817965495278e-09,4.031062231420104e-06
random,11,1082,0.47710099085263774,0.15685817911722233,0.8623111718540519,0.0695283057067457,0.34398947954599096,0.35310882296315327,-2.1610893342249096,2.1610893342249096,12.80710305841486,2.0783651706568913e-07,0.0,1.018927042739648e-08,4.232615342991109e-06
random,11,1083,0.47710098021776937,0.15685817081236214,0.8623111261989655,0.06952830535353546,0.3439894777984925,0.3531090319158607,-2.16108896584803,2.16108896584803,12.806217557959366,2.1756124153945842e-07,0.0,1.0634868374825857e-08,4.4442461101406646e-06
random,11,1084,0.47710096911103134,0.15685816232506788,0.8623110795409672,0.06952830506640408,0.34398947637791744,0.3531091942351465,-2.161088630637478,2.161088630637478,12.805310681733264,2.278061947144251e-07,1.3877787807814457e-17,1.11067380292873e-08,4.666458415647698e-06
random,11,1085,0.4771009575027864,0.15685815365936628,0.8623110319021935,0.06952830485338453,0.3439894753240088,0.3531093034231463,-2.1610883310980937,2.1610883310980937,12.804398714131263,2.386192005627419e-07,1.3877787807814457e-17,1.1608244920857658e-08,4.899781336430083e-06
random,11,1086,0.4771009453600783,0.1568581448140522,0.8623109832760192,0.06952830472095672,0.3439894746688257,0.3531093539454269,-2.161088063519115,2.161088063519115,12.803503412608892,2.5004931867308754e-07,0.0,1.2142708116780199e-08,5.144770403251587e-06
random,11,1087,0.47710093277438065,0.15685813628768547,0.8623109364032241,0.06952830501951363,0.3439894761459282,0.35310915641285273,-2.1610880386036575,2.1610880386036575,12.802651160466699,2.600629071120482e-07,1.3877787807814457e-17,1.258569765072437e-08,5.4020089234141665e-06
random,11,1088,0.4771009196941663,0.15685812790250211,0.8623108903065696,0.06952830569673969,0.34398947949648645,0.3531087495158999,-2.161088258758811,2.161088258758811,12.802417664339417,2.723974914047783e-07,0.0,1.3080214356087083e-08,5.672109369584875e-06
random,11,1089,0.47710090596517335,0.15685811903081048,0.8623108415353876,0.06952830639582772,0.34398948295520626,0.3531083364921742,-2.161088476402934,2.161088476402934,12.802737256575691,2.8595970074946335e-07,0.0,1.3728992942496632e-08,5.955714838064119e-06
random,11,1090,0.4771008915540842,0.15685810965206465,0.8623107899767289,0.06952830711854453,0.34398948653082884,0.3531079161780325,-2.161088692228391,2.161088692228391,12.80302453787638,3.0020967978921544e-07,0.0,1.4411089155341728e-08,6.253500579967325e-06
random,11,1091,0.4771008764260548,0.1568580997444163,0.862310735510485,0.0695283078666962,0.3439894902322897,0.35310748742163156,-2.1610889068950394,2.1610889068950394,12.803283033936607,3.151802738564219e-07,0.0,1.5128029384747776e-08,6.566175608965692e-06
random,11,1092,0.47710086054461387,0.15685808928471895,0.8623106780094102,0.06952830864214236,0.34398949406878937,0.3531070490669265,-2.161089121044475,2.161089121044475,12.803515669475518,3.3090625196207516e-07,0.0,1.5881440940113123e-08,6.894484389413976e-06
random,11,1093,0.47710084387156126,0.15685807824851586,0.8623106173390565,0.06952830944680827,0.34398949804985296,0.35310659994074395,-2.161089335311282,2.161089335311282,12.803724909712733,3.4742433614335665e-07,0.0,1.6673052605220562e-08,7.239208608884675e-06
random,11,1094,0.4771008263668675,0.1568580666100153,0.8623105533576364,0.06952831028269538,0.34398950218538266,0.3531061388421489,-2.161089550332038,2.161089550332038,12.80391286492525,3.647732515255591e-07,0.0,1.750469375005892e-08,7.601169039328909e-06
random,11,1095,0.47710080798857,0.15685805434205452,0.8623104859158256,0.06952831115189063,0.34398950648570353,0.3531056645335915,-2.161089766752557,2.161089766752557,12.804081369093467,3.829937921933367e-07,0.0,1.8378297494958673e-08,7.981227491295355e-06
random,11,1096,0.47710078869266614,0.15685804141605394,0.8623104148565109,0.06952831205657478,0.34398951096160474,0.35310517573347877,-2.1610899852337093,2.1610899852337093,12.804232039915702,4.021288995451424e-07,0.0,1.929590387472757e-08,8.380288865860124e-06
random,11,1097,0.4771007684330041,0.15685802780196215,0.8623103400144879,0.06952831299902994,0.343989515624377,0.35310467110993643,-2.1610902064560467,2.1610902064560467,12.804366325121993,4.2222375111649756e-07,1.3877787807814457e-17,2.0259662059096684e-08,8.79930330915313e-06
random,11,1098,0.4771007471611678,0.15685801346819217,0.8623102612161105,0.06952831398164624,0.34398952048584563,0.35310414927559464,-2.161090431123382,2.161090431123382,12.80448553847007,4.433258585630045e-07,0.0,2.1271836292413582e-08,9.239268474610787e-06
random,11,1099,0.4771007248263578,0.15685799838154926,0.8623101782788943,0.06952831500692828,0.3439895255584018,0.35310360878328717,-2.16109065996543,2.16109065996543,12.80459088778388,4.6548517388894253e-07,0.0,2.233481000146753e-08,9.701231898341327e-06
random,11,1100,0.47710070137526706,0.15685798250715055,0.8623100910110743,0.06952831607750061,0.3439895308550304,0.35310304812257104,-2.161090893739593,2.161090893739593,12.804683496695082,4.887542034165143e-07,1.3877787807814457e-17,2.345109073598195e-08,1.0186293493258394e-05
random,11,1101,0.47710067675195106,0.15685796580833597,0.8623099992111155,0.06952831719611305,0.3439895363893363,0.35310246571699794,-2.161091133231952,2.161091133231952,12.8047644212904,5.131881290947516e-07,0.0,2.462331599728529e-08,1.0695608167921314e-05
random,11,1102,0.4771006508976915,0.15685794824657148,0.8623099026671813,0.06952831836564544,0.3439895421755673,0.35310185992206583,-2.1610913792575346,2.1610913792575346,12.804834662526824,5.388449371324499e-07,0.0,2.585425956658227e-08,1.123038857631738e-05
random,11,1103,0.4771006237508537,0.15685792978134377,0.8623098011565541,0.06952831958911211,0.34398954822863675,0.35310122902376756,-2.161091632659929,2.161091632659929,12.804895175074247,5.657855538038189e-07,1.3877787807814457e-17,2.7146837777713984e-08,1.1791908005133248e-05
random,11,1104,0.4771005952467383,0.1568579103700473,0.8623096944450144,0.06952832086966612,0.3439895545641443,0.3531005712376459,-2.1610918943103243,2.1610918943103243,12.80494687310929,5.940739885598917e-07,0.0,2.8504115401339902e-08,1.238150340538991e-05
random,11,1105,0.4771005653174232,0.1568578899678636,0.8623095822861775,0.06952832221060315,0.3439895611983953,0.3530998847082377,-2.161092165106088,2.161092165106088,12.804990633490668,6.237774845397413e-07,0.0,2.992931513734476e-08,1.3000578575659407e-05
random,11,1106,0.47710053389160173,0.1568578685276335,0.8623094644207908,0.06952832361536576,0.34398956814842174,0.3530991675087687,-2.161092445969009,2.161092445969009,12.805027296721207,6.549666768616144e-07,1.3877787807814457e-17,3.142582144510797e-08,1.3650607504442378e-05
random,11,1107,0.47710050089440914,0.15685784599972225,0.8623093405759925,0.06952832508754743,0.34398957543200215,0.35309841764093886,-2.161092737843349,2.161092737843349,12.80505766609403,6.877157588553869e-07,0.0,3.299719258942346e-08,1.4333137879664496e-05
random,11,1108,0.4771004662472441,0.15685782233187895,0.8623092104645389,0.06952832663089709,0.3439895830676843,0.35309763303461844,-2.1610930416938663,2.1610930416938663,12.805082505419534,7.221026567175915e-07,0.0,3.464716502588061e-08,1.5049794773647722e-05
random,11,1109,0.47710042986757917,0.1568577974690898,0.8623090737839975,0.06952832824932406,0.3439895910748096,0.35309681154726,-2.1610933585039973,2.1610933585039973,12.805102535765512,7.582092130318137e-07,0.0,3.63796649471837e-08,1.580228451233011e-05
random,11,1110,0.47710039166876284,0.15685777135342704,0.8623089302159166,0.06952832994690368,0.34398959947354046,0.35309595096283203,-2.161093689274373,2.161093689274373,12.805118431653794,7.96121379613581e-07,0.0,3.819881633226885e-08,1.6592398737946615e-05
random,11,1111,0.4771003515598127,0.1568577439238929,0.8623087794249673,0.06952833172788382,0.3439896082848933,0.3530950489900858,-2.1610940350218346,2.1610940350218346,12.8051308171613,8.359294201697036e-07,0.0,4.010895016115512e-08,1.7422018674843946e-05
random,11,1112,0.477100309445197,0.15685771511625982,0.8623086210580655,0.06952833359669226,0.34398961753077434,0.3530941032599891,-2.161094396779115,2.161094396779115,12.805140262366322,8.777281234660078e-07,0.0,4.211461568370822e-08,1.8293119608586144e-05
random,11,1113,0.47710026522460736,0.15685768486290688,0.8623084547434725,0.0695283355579454,0.34398962723402304,0.35309311132219484,-2.1610947755952914,2.1610947755952914,12.805147280537392,9.216170273862892e-07,0.0,4.42205896344916e-08,1.920777558901545e-05
random,11,1114,0.47710021879271824,0.15685765309265232,0.8623082800898739,0.06952833761645794,0.34398963741846017,0.3530920706404598,-2.16109517253709,2.16109517253709,12.805152326395632,9.67700654695511e-07,0.0,4.643188911135354e-08,2.0168164368466223e-05
random,11,1115,0.4771001700389358,0.1568576197305821,0.862308096685438,0.06952833977725394,0.34398964810894206,0.3530909785869757,-2.161095588691068,2.161095588691068,12.805155795689823,1.0160887608041229e-06,0.0,4.875378245561279e-08,2.1176572586889535e-05
random,11,1116,0.4771001188471342,0.15685758469787361,0.8623079040968457,0.06952834204557916,0.34398965933142195,0.353089832435638,-2.161096025166646,2.161096025166646,12.80515802620438,1.0668965944952937e-06,0.0,5.119180157553416e-08,2.2235401216234013e-05
random,11,1117,0.4771000650953784,0.156857547911614,0.8623077018682924,0.06952834442691443,0.3439896711130161,0.35308862935432284,-2.1610964830999078,2.1610964830999078,12.80515930020281,1.1202451718166638e-06,0.0,5.375175582411629e-08,2.3347171277045713e-05
random,11,1118,0.4771000086556331,0.15685750928461162,0.8623074895204513,0.06952834692699035,0.34398968348207654,0.35308736639629057,-2.161096963658056,2.161096963658056,12.805159848181212,1.1762615641629297e-06,0.0,5.6439745266256836e-08,2.4514529840898e-05
random,11,1119,0.4770999493934575,0.1568574687251998,0.8623072665493947,0.06952834955180265,0.34398969646826694,0.35308604049086567,-2.1610974680443658,2.1610974680443658,12.80515985370449,1.235079200880833e-06,1.3877787807814457e-17,5.926217561125213e-08,2.57402563329429e-05
random,11,1120,0.47709988716768487,0.15685742613703096,0.862307032425462,0.06952835230762883,0.34398971010264506,0.3530846484335523,-2.161097997503479,2.161097997503479,12.805159459013192,1.2968381871973967e-06,0.0,6.222577264569651e-08,2.7027269149590047e-05
random,11,1121,0.47709982183008515,0.15685738141886024,0.8623067865920703,0.06952835520104514,0.34398972441774683,0.3530831868757477,-2.1610985533268767,2.1610985533268767,12.805158771054856,1.3616856383246896e-06,1.3877787807814457e-17,6.533759971949493e-08,2.837863260706955e-05
random,11,1122,0.47709975322501175,0.1568573344643169,0.8623065284644577,0.06952835823894432,0.34398973944767386,0.35308165231419153,-2.1610991368583834,2.1610991368583834,12.80515786757736,1.4297760302181463e-06,0.0,6.860507340000765e-08,2.979756423742303e-05
random,11,1123,0.47709968118903,0.15685728516166259,0.8623062574283544,0.06952836142855409,0.34398975522818503,0.35308004108026053,-2.1610997494995945,2.1610997494995945,12.805156802965111,1.5012715681405483e-06,0.0,7.203598173521897e-08,3.128744244929418e-05
random,11,1124,0.4770996055505276,0.15685723339353533,0.8623059728385758,0.06952836477745587,0.34398977179678925,0.3530783493291727,-2.1611003927151513,2.1611003927151513,12.805155613549116,1.5763425736221023e-06,0.0,7.563850240588366e-08,3.2851814571758896e-05
random,11,1125,0.4770995261293045,0.1568571790366781,0.8623056740175291,0.06952836829360415,0.3439897891928412,0.35307657302913004,-2.1611010680378233,2.1611010680378233,12.805154322218337,1.6551678908255116e-06,0.0,7.94212230981195e-08,3.4494405300346845e-05
random,11,1126,0.47709944273614285,0.15685712196165208,0.8623053602536385,0.0695283719853463,0.3439898074576392,0.3530747079503797,-2.161101777073407,2.161101777073407,12.805152942228482,1.7379353134179407e-06,1.3877787807814457e-17,8.339316165395516e-08,3.621912556536419e-05
random,11,1127,0.47709935517235597,0.15685706203253286,0.8623050307996736,0.06952837586144331,0.3439898266345281,0.3530727496541504,-2.1611025215054656,2.1611025215054656,12.805151480205899,1.8248420327458062e-06,0.0,8.756378688801192e-08,3.80300818436324e-05
random,11,1128,0.47709926322931334,0.15685699910659007,0.8623046848709897,0.06952837993109076,0.34398984676900274,0.35307069348139025,-2.1611033030999725,2.1611033030999725,12.805149938395829,1.9160951085763557e-06,0.0,9.194304262383213e-08,3.993158593581402e-05
random,11,1129,0.47709916668794305,0.15685693303394968,0.8623043216436701,0.06952838420394097,0.34398986790881775,0.3530685345412233,-2.161104123709907,2.161104123709907,12.805148316259583,2.0119119633717344e-06,0.0,9.654137028691778e-08,4.192816523260473e-05
random,11,1130,0.4770990653182079,0.15685686365723797,0.8623039402525695,0.06952838869012579,0.34398989010410014,0.35306626769904254,-2.16110498527989,2.16110498527989,12.805146611549398,2.1125209014689877e-06,0.0,1.0136973516150505e-07,4.402457349423497e-05
random,11,1131,0.47709895887855686,0.15685679081120737,0.8623035397892569,0.06952839340028057,0.3439899134074681,0.35306388756415497,-2.161105889850895,2.161105889850895,12.805144820984667,2.2181616542354737e-06,1.3877787807814457e-17,1.064396510375154e-07,4.622580216894672e-05
random,11,1132,0.47709884711534756,0.15685671432234277,0.8623031192998515,0.06952839834556909,0.3439899378741541,0.35306138847690527,-2.1611068395651096,2.1611068395651096,12.805142940648311,2.3290859526617633e-06,1.3877787807814457e-17,1.1176320929839889e-07,4.853709227739406e-05
random,11,1133,0.47709872976224044,0.15685663400844801,0.8623026777827493,0.06952840353770974,0.34398996356213457,0.35305876449521817,-2.161107836670976,2.161107836670976,12.805140966205569,2.445558128706932e-06,0.0,1.1735310712079894e-07,5.096394689126376e-05
random,11,1134,0.4770986065395626,0.15685654967821144,0.8623022141862348,0.06952840898900285,0.34398999053226514,0.3530560093805026,-2.1611088835284447,2.1611088835284447,12.805138893007168,2.567855746760248e-06,0.0,1.2322267783915208e-07,5.3512144235826955e-05
random,11,1135,0.47709847715363907,0.15685646113074972,0.862301727405973,0.06952841471235946,0.34399001884842273,0.353053116582873,-2.1611099826144695,2.1611099826144695,12.80513671613359,2.69627026691688e-06,0.0,1.2938592353073375e-07,5.6187751447618305e-05
random,11,1136,0.47709834129609074,0.15685636815512838,0.8623012162823743,0.06952842072133132,0.3439900485776543,0.35305007922564596,-2.161111136528761,2.161111136528761,12.805134430406307,2.8311077415837513e-06,0.0,1.3585754832234898e-07,5.8997139019999225e-05
random,11,1137,0.4770981986430979,0.15685627052985873,0.8623006795978282,0.06952842703014257,0.34399007979033347,0.353046890089068,-2.1611123479998144,2.1611123479998144,12.80513203038226,2.9726895470543022e-06,0.0,1.4265299286275734e-07,6.194699597099919e-05
random,11,1138,0.47709804885462487,0.15685616802236954,0.8623001160737989,0.06952843365372274,0.34399011256032364,0.3530435415932418,-2.1611136198912235,2.1611136198912235,12.805129510346337,3.1213531518675763e-06,1.3877787807814457e-17,1.4978847301394538e-07,6.504434576954915e-05
random,11,1139,0.4770978915736075,0.15685606038845176,0.8622995243677731,0.06952844060774138,0.34399014696514957,0.35304002578020366,-2.161114955208303,2.161114955208303,12.805126864296577,3.2774529238848114e-06,0.0,1.5728101737666478e-07,6.82965630580266e-05
random,11,1140,0.4770977264250981,0.1568559473716758,0.8622989030700564,0.06952844790864446,0.3439901830861771,0.35303633429511694,-2.1611163571050227,2.1611163571050227,12.805124085931752,3.4413609778155326e-06,0.0,1.6514850936788505e-07,7.171139121092794e-05
random,11,1141,0.47709755301536966,0.1568558287027796,0.8622982507004093,0.06952845557369254,0.34399022100880267,0.3530324583665321,-2.161117828891278,2.161117828891278,12.805121168633796,3.6134680655924575e-06,0.0,1.734097284655789e-07,7.529696077147435e-05
random,11,1142,0.4770973709309718,0.1568557040990257,0.8622975657045128,0.06952846362100054,0.34399026082264916,0.35302838878567194,-2.1611193740405,2.1611193740405,12.805118105454977,3.794184511376272e-06,0.0,1.820843978372899e-07,7.906180881004806e-05
random,11,1143,0.4770971797377421,0.15685557326352634,0.8622968464502577,0.06952847206957971,0.3439903026217743,0.3530241158846939,-2.1611209961976363,2.1611209961976363,12.80511488910027,3.983941193790753e-06,0.0,1.9119322969274322e-07,8.301489925055048e-05
random,11,1144,0.4770969789797659,0.1568554358845345,0.8622960912238481,0.06952848093938138,0.3439903465048868,0.3530196295138756,-2.1611226991875023,2.1611226991875023,12.80511151190829,4.183190577522581e-06,1.3877787807814457e-17,2.0075797624308223e-07,8.716564421307801e-05
random,11,1145,0.4770967681782843,0.15685529163469936,0.8622952982257075,0.06952849025134301,0.3439903925755742,0.35301491901767695,-2.1611244870235313,2.1611244870235313,12.805107965835303,4.392407796969717e-06,0.0,2.1080148160379508e-07,9.152392642373192e-05
random,11,1146,0.47709654683054675,0.15685514017028457,0.8622944655661818,0.06952850002743616,0.3439904409425401,0.35300997320962035,-2.1611263639169387,2.1611263639169387,12.80510424243591,4.6120917945191795e-06,1.3877787807814457e-17,2.2134773752791048e-07,9.610012274491851e-05
random,11,1147,0.47709631440860645,0.15685498113034696,0.8622935912610246,0.06952851029071704,0.34399049171985463,0.35300478034593075,-2.161128334286313,2.161128334286313,12.80510033283974,4.842766516192084e-06,0.0,2.324219403049277e-07,0.00010090512888216445
random,11,1148,0.47709607035805374,0.15685481413587427,0.8622926732266558,0.06952852106537918,0.34399054502721466,0.35299932809788026,-2.1611304027676566,2.1611304027676566,12.805096227736236,5.084982167614564e-06,0.0,2.440505527112613e-07,0.00010595038532627267
random,11,1149,0.47709581409668733,0.15685463878887937,0.8622917092751838,0.06952853237680891,0.3439906009902183,0.35299360352276754,-2.1611325742249,2.1611325742249,12.805091917345363,5.339316533449886e-06,1.3877787807814457e-17,2.5626136640477526e-07,0.0001112479045925863
random,11,1150,0.477095545013116,0.15685445467144907,0.8622906971091752,0.06952854425164295,0.3439906597406501,0.3529875930334726,-2.1611348537608963,2.1611348537608963,12.805087391400793,5.606376363363215e-06,0.0,2.6908357131372185e-07,0.00011681029982221563
random,11,1151,0.47709526246529244,0.15685426134474506,0.8622896343161629,0.06952855671782932,0.34399072141678205,0.3529812823665139,-2.1611372467289325,2.1611372467289325,12.805082639121034,5.88679882808611e-06,0.0,2.8254782358239083e-07,0.0001226508148133264
random,11,1152,0.4770949657789702,0.15685405834795466,0.8622885183628782,0.06952856980469059,0.34399078616368695,0.35297465654853555,-2.1611397587447683,2.1611397587447683,12.805077649184552,6.181253049084014e-06,0.0,2.966863222320093e-07,0.00012878335555399273
random,11,1153,0.4770946542460843,0.15685384519718867,0.8622873465891918,0.06952858354299027,0.3439908541335664,0.3529676998611536,-2.1611423956992257,2.1611423956992257,12.805072409705636,6.4904417054673705e-06,1.3877787807814457e-17,3.1153288587715267e-07,0.00013522252333169238
random,11,1154,0.47709432712305,0.15685362138432396,0.8622861162017506,0.06952859796500242,0.3439909254860955,0.35296039580407534,-2.161145163771357,2.161145163771357,12.80506690820147,6.815102722483788e-06,0.0,3.2712303432713696e-07,0.000141983649498277
random,11,1155,0.4770939836289739,0.1568533863757877,0.8622848242672946,0.06952861310458416,0.3439910003887814,0.3529527270564155,-2.1611480694422074,2.1611480694422074,12.805061131565825,7.156011045187691e-06,0.0,3.4349407612710436e-07,0.00014908283197319087
random,11,1156,0.47709362294377566,0.15685313961128033,0.8622834677056367,0.06952862899725186,0.3439910790173404,0.3529446754361181,-2.1611511195092037,2.1611511195092037,12.805055066036088,7.513980502243122e-06,0.0,3.606851982085324e-07,0.00015653697357185042
random,11,1157,0.47709324420621385,0.1568528805024344,0.8622820432822892,0.0695286456802604,0.34399116155609016,0.3529362218573986,-2.1611543211011837,2.1611543211011837,12.805048697161743,7.889865764113602e-06,0.0,3.787375618125033e-07,0.00016436382225044294
random,11,1158,0.47709284651181216,0.1568526084314056,0.8622805476007189,0.06952866319268654,0.34399124819836185,0.35292734628610506,-2.1611576816941023,2.1611576816941023,12.805042009767952,8.284564400575088e-06,0.0,3.976944016881312e-07,0.0001725820133629651
random,11,1159,0.47709242891067954,0.15685232274939317,0.8622789770942122,0.06952868157551573,0.3439913391469299,0.35291802769290875,-2.1611612091274286,2.1611612091274286,12.805034987922243,8.699019042806873e-06,0.0,4.1760113261846143e-07,0.00018121111403111335
random,11,1160,0.4770919904052194,0.156852022775085,0.8622773280173285,0.0695287008717327,0.34399143461446025,0.35290824400420845,-2.161164911621272,2.161164911621272,12.805027614890667,9.134219655217264e-06,0.0,4.385054601652172e-07,0.00019027166973266903
random,11,1161,0.47709152994772375,0.15685170779302526,0.8622755964369253,0.06952872112641667,0.34399153482398104,0.3528979720506644,-2.161168797794241,2.161168797794241,12.805019873110579,9.59120592291142e-06,1.3877787807814457e-17,4.604574956323937e-07,0.0001997852532193025
random,11,1162,0.4770910464378426,0.15685137705189886,0.8622737782227277,0.0695287423868401,0.34399164000937166,0.3528871875131978,-2.161172876682111,2.161172876682111,12.805011744121957,1.007106976061086e-05,0.0,4.83509881132882e-07,0.00020977451588026762
random,11,1163,0.47709053871992635,0.15685102976272952,0.8622718690374224,0.06952876470257235,0.34399175041587504,0.35287586486645595,-2.1611771577572143,2.1611771577572143,12.805003208579292,1.057495794940278e-05,1.3877787807814457e-17,5.077179162649159e-07,0.000220263241674281
random,11,1164,0.4770900055802315,0.1568506650969876,0.8622698643262557,0.06952878812558756,0.34399186630063205,0.35286397731934876,-2.1611816509488406,2.1611816509488406,12.804994246082323,1.1104074907934035e-05,0.0,5.331396948360378e-07,0.00023127640375799507
random,11,1165,0.47708944574398354,0.15685028218459987,0.8622677593060927,0.06952881271037725,0.343991987933238,0.35285149675318833,-2.161186366664043,2.161186366664043,12.80498483541512,1.165968560504936e-05,0.0,5.598362479708463e-07,0.00024284022394589484
random,11,1166,0.4770888578722904,0.15684988011186485,0.8622655489539564,0.06952883851406838,0.34399211559632703,0.3528383936556021,-2.1611913158104925,2.1611913158104925,12.804974953777673,1.2243118621204584e-05,1.3877787807814457e-17,5.878716931584371e-07,0.0002549822351431896
random,11,1167,0.4770882405588974,0.1568494579192456,0.8622632279948945,0.06952886559654388,0.3439922495861684,0.35282463705474965,-2.1611965098169708,2.1611965098169708,12.804964578643672,1.2855769366500678e-05,0.0,6.173133929587848e-07,0.0002677313469003491
random,11,1168,0.47708759232677633,0.15684901459910217,0.8622607908895135,0.06952889402057712,0.34399239021333167,0.352810194439923,-2.1612019606646027,2.1612019606646027,12.804953682252417,1.3499103463496067e-05,0.0,6.482321210921071e-07,0.0002811179142453666
random,11,1169,0.47708691162453876,0.156848549093144,0.8622582318199733,0.0695289238519426,0.3439925378032346,0.3527950317119519,-2.161207680887507,2.161207680887507,12.804942248197849,1.4174660303341103e-05,0.0,6.80702237576547e-07,0.00029517380995763495
random,11,1170,0.4770861968226663,0.15684806029032122,0.8622555446783956,0.06952895515963246,0.34399269269721383,0.3527791130157013,-2.1612136836828952,2.1612136836828952,12.804930216987135,1.4884056784572057e-05,0.0,7.148018724700833e-07,0.0003099325004555167
random,11,1171,0.47708544620954535,0.15684754702252238,0.8622527230432115,0.06952898801571102,0.34399285525180573,0.3527624009888138,-2.1612199826236695,2.1612199826236695,12.804917675734833,1.562899124389196e-05,1.3877787807814457e-17,7.506131209367162e-07,0.0003254291254782926
random,11,1172,0.4770846579872995,0.15684700806823001,0.8622497601992589,0.06952902249661425,0.3439930258451754,0.35274485536032296,-2.161226592934017,2.161226592934017,12.804904151528078,1.6411247589517823e-05,0.0,7.88222245862169e-07,0.00034170058175220724
random,11,1173,0.4770838302674057,0.15684644212222343,0.8622466489712255,0.06952905867844636,0.3439932048538463,0.35272643842145573,-2.1612335262416127,2.1612335262416127,12.804891415437146,1.7232699648659023e-05,0.0,8.27719893792267e-07,0.0003587856108398176
random,11,1174,0.47708296106609016,0.15684584791550377,0.8622433823829249,0.06952909665900063,0.34399339276164825,0.35270708991227334,-2.1612408143459003,2.1612408143459003,12.80487163273523,1.8095315769047827e-05,1.3877787807814457e-17,8.692013155342515e-07,0.00037672489138180853
random,11,1175,0.4770820482996339,0.15684522362400163,0.8622399504067295,0.06952913645347239,0.34399358964375965,0.3526868465131788,-2.161248395777769,2.161248395777769,12.80488061093458,1.9001164375788937e-05,0.0,9.127664562513793e-07,0.000395561135950899
random,11,1176,0.4770810897836786,0.15684456985762707,0.862236356395555,0.06952917852608897,0.3439937977969332,0.35266523370899355,-2.1612566927224695,2.1612566927224695,12.804742999080455,1.9952439672870324e-05,0.0,9.585159553293643e-07,0.00041533919274844397
random,11,1177,0.47708008338281754,0.1568438737222429,0.8622325294652522,0.06952922096101621,0.3439940077426292,0.3526445209532535,-2.1612635216014002,2.1612635216014002,12.805353169546231,2.095205349226644e-05,0.0,1.0064008610366493e-06,0.0004361061523858662
random,11,1178,0.477079031503361,0.15684320817317854,0.8622288706799925,0.06952927709968838,0.343994285487246,0.35260997179284,-2.161282808900342,2.161282808900342,12.80128452405995,2.203359021492168e-05,0.0,1.0518794565372858e-06,0.00045791146000515953
random,11,1179,0.4770779193938202,0.15684237740175605,0.8622243036023757,0.06952931260143318,0.34399446113120263,0.35259976448243685,-2.1612783606010666,2.1612783606010666,12.816072319258463,2.315276749895255e-05,0.0,1.1121095407906623e-06,0.00048080703300541755
random,11,1180,0.47707791915375297,0.15684240422192536,0.8622244510434065,0.06952932559800198,0.3439945254313879,0.35259123193603703,-2.1612870026101687,2.1612870026101687,12.680540006744168,5.625478134868175e-07,0.0,2.400672438618301e-10,3.944120192622566e-06
random,11,1181,0.4770779003533754,0.15684238948230222,0.8622243700138946,0.06952932170760584,0.34399450618375443,0.35259282120858515,-2.1612850826563967,2.1612850826563967,12.810461778928556,2.4083305826642494e-07,1.3877787807814457e-17,1.8800377588057415e-08,4.1413262022536944e-06
random,11,1182,0.47707788971656306,0.15684238078559348,0.8622243222046624,0.06952932113764201,0.34399450336387327,0.3525931642492477,-2.161284588168314,2.161284588168314,12.807980081943715,2.1527616876287517e-07,0.0,1.0636812319830824e-08,4.3483925123663795e-06
random,11,1183,0.4770778786314002,0.1568423718872099,0.8622242732867442,0.06952932062307057,0.3439945008180445,0.3525934696180801,-2.1612841207174536,2.1612841207174536,12.807050629545621,2.2518236879439024e-07,0.0,1.1085162843205154e-08,4.5658121379846985e-06
random,11,1184,0.47707786707332056,0.15684236280007346,0.8622242233311772,0.0695293201749385,0.34399449860092274,0.35259372898341823,-2.1612836864914966,2.1612836864914966,12.806078669711871,2.3559624570378321e-07,0.0,1.1558079660023424e-08,4.794102744883933e-06
random,11,1185,0.4770778550138154,0.15684235353615192,0.8622241724037529,0.0695293198042693,0.3439944967670465,0.35259393375922526,-2.1612832907414314,2.1612832907414314,12.80507625362043,2.465705515356194e-07,0.0,1.2059505172246077e-08,5.03380788212813e-06
random,11,1186,0.47707784242003065,0.15684234410404085,0.8622241205517246,0.06952931952120878,0.343994495366612,0.3525940757140571,-2.161282935461553,2.161282935461553,12.804062230524373,2.5816402190713815e-07,0.0,1.2593784737280345e-08,5.285498276234537e-06
random,11,1187,0.47707782925478925,0.15684233450571128,0.8622240677859278,0.06952931933387135,0.34399449443976493,0.3525941478483608,-2.1612826038351156,2.1612826038351156,12.803063118214174,2.704375503505845e-07,0.0,1.3165241397050664e-08,5.549773190046264e-06
random,11,1188,0.477077815768706,0.1568423258239945,0.8622240200591121,0.06952931999381555,0.34399449770482166,0.3525937475311739,-2.1612828064134084,2.1612828064134084,12.802112335630325,2.8025517017452584e-07,0.0,1.3486083250136005e-08,5.827261849548578e-06
random,11,1189,0.47707780162238433,0.15684231668274118,0.8622239698060434,0.0695293206993917,0.3439945011956413,0.3525933274142541,-2.1612830250985886,2.1612830250985886,12.802386563054945,2.9421599700272166e-07,0.0,1.4146321669628037e-08,6.118624942026007e-06
random,11,1190,0.47707778677300566,0.1568423070208365,0.8622239166907493,0.06952932142895821,0.34399450480515253,0.35259289964539187,-2.1612832420252226,2.1612832420252226,12.80266669901847,3.08879912610663e-07,0.0,1.484937867113345e-08,6.424556189127307e-06
random,11,1191,0.47707777118469663,0.1568422968157044,0.8622238605891199,0.06952932218432749,0.34399450854232233,0.35259246306749115,-2.1612834578438433,2.1612834578438433,12.802918990777039,3.2428491536629043e-07,0.0,1.55883090324771e-08,6.745783998583672e-06
random,11,1192,0.47707775481990095,0.15684228604345035,0.8622238013697979,0.06952932296736881,0.3439945124163989,0.35259201651523675,-2.161283673189844,2.161283673189844,12.80314620369348,3.4046684979356715e-07,0.0,1.636479568523086e-08,7.083073198512856e-06
random,11,1193,0.47707773763927647,0.15684227467884482,0.8622237388940865,0.06952932378002002,0.34399451643696954,0.35259155880276777,-2.1612838886941197,2.1612838886941197,12.80335067870575,3.5746355373470123e-07,0.0,1.7180624478640993e-08,7.437226858438499e-06
random,11,1194,0.47707771960159123,0.1568422626952947,0.8622236730157932,0.0695293246242976,0.34399452061401087,0.35259108871347766,-2.1612841049916147,2.1612841049916147,12.803534427909796,3.7531491432366355e-07,0.0,1.8037685234340017e-08,7.809088201360425e-06
random,11,1195,0.47707770066361876,0.15684225006480418,0.8622236035810137,0.06952932550230591,0.3439945249579341,0.35259060499147693,-2.161284322728229,2.161284322728229,12.803699206827629,3.940629388577604e-07,0.0,1.893797246799167e-08,8.199542611428446e-06
random,11,1196,0.4770776807800279,0.1568422367579255,0.8622235304278622,0.0695293264162451,0.3439945294796244,0.3525901063344031,-2.1612845425663645,2.1612845425663645,12.8038465698013,4.137518375652908e-07,0.0,1.9883590884894886e-08,8.609519741999869e-06
random,11,1197,0.47707765990327045,0.15684222274370102,0.8622234533861522,0.06952932736841867,0.3439945341904783,0.3525895913873654,-2.161284765189335,2.161284765189335,12.803977912894222,4.3442811659490237e-07,0.0,2.0876757433896387e-08,9.039995729099863e-06
random,11,1198,0.4770776379834634,0.15684220798959642,0.8622233722770299,0.06952932836124004,0.34399453910243616,0.3525890587378781,-2.161284991304757,2.161284991304757,12.804094507323057,4.561406798712142e-07,0.0,2.1919807025039262e-08,9.491995515554856e-06
random,11,1199,0.47707761496826645,0.1568421924614255,0.8622232869125603,0.06952932939723876,0.3439945442280128,0.35258850691167776,-2.1612852216470304,2.1612852216470304,12.804197525535594,4.789409393184889e-07,1.3877787807814457e-17,2.3015196970455065e-08,9.9665952913326e-06
random,11,1200,0.4770775908027541,0.15684217612326645,0.8622231970952671,0.06952933047906606,0.34399454958032516,0.3525879343693464,-2.1612854569789746,2.1612854569789746,12.804288061433006,5.028829326102037e-07,0.0,2.4165512368945485e-08,1.046492505589923e-05
random,11,1201,0.47707756542928165,0.15684215893736986,0.8622231026176267,0.06952933160950003,0.3439945551731178,0.35258733950367094,-2.1612856980926867,2.1612856980926867,12.804367145817906,5.280234485099034e-07,0.0,2.5373472434253586e-08,1.0988171308694192e-05
random,11,1202,0.4770775387873455,0.1568421408640584,0.8622230032615175,0.06952933279145031,0.3439945610207859,0.3525867206376702,-2.1612859458096785,2.1612859458096785,12.804435757854097,5.544221595410215e-07,0.0,2.664193615720123e-08,1.1537579874128901e-05
random,11,1203,0.4770775108134361,0.1568421218616182,0.8622228987976217,0.06952933402796256,0.34399456713839804,0.3525860760232106,-2.1612862009803693,2.1612862009803693,12.804494833146146,5.821417619484105e-07,0.0,2.7973909411116438e-08,1.2114458867835347e-05
random,11,1204,0.4770774814408843,0.1568421018861823,0.8622227889847854,0.06952933532222257,0.3439945735417157,0.3525854038401144,-2.1612864644830165,2.1612864644830165,12.804545268908768,6.112481230925747e-07,0.0,2.9372551779704992e-08,1.2720181811227115e-05
random,11,1205,0.4770774505997008,0.1568420808916064,0.8622226735693352,0.06952933667756037,0.34399458024721413,0.352584702195643,-2.1612867372221913,2.1612867372221913,12.804587926646837,6.418104365805317e-07,0.0,3.0841183495944335e-08,1.335619090178847e-05
random,11,1206,0.477077418216407,0.1568420588293372,0.8622225522843546,0.06952933809745415,0.3439945872721016,0.35258396912421575,-2.1612870201269336,2.1612870201269336,12.804623632721993,6.739013851415384e-07,0.0,3.238329382426741e-08,1.4024000446877895e-05
random,11,1207,0.47707738421385815,0.15684203564827384,0.8622224248489222,0.0695293395855346,0.34399459463434084,0.3525832025871972,-2.1612873141487268,2.1612873141487268,12.804653177190572,7.07597311803795e-07,0.0,3.4002548832123836e-08,1.472520046922179e-05
random,11,1208,0.47707734851105793,0.15684201129462344,0.862222290967317,0.06952934114558927,0.3439946023526706,0.35258240047257233,-2.1612876202594715,2.1612876202594715,12.804677311306019,7.429783997726826e-07,0.0,3.570280021625294e-08,1.546146049268288e-05
random,11,1209,0.4770773110229644,0.15684198571175031,0.8622221503281904,0.06952934278156778,0.3439946104466316,0.35258156059431334,-2.1612879394496325,2.1612879394496325,12.804696744107268,7.80128861242734e-07,0.0,3.7488093518334153e-08,1.6234533517317023e-05
random,11,1210,0.47707727166028585,0.1568419588400208,0.8622220026037128,0.06952934449758734,0.34399461893659367,0.3525806806912386,-2.161288272726741,2.161288272726741,12.804712138525472,8.19137135954613e-07,1.3877787807814457e-17,3.936267856108344e-08,1.7046260193182876e-05
random,11,1211,0.4770772303292665,0.15684193061664328,0.8622218474486939,0.06952934629793937,0.3439946278437884,0.35257975842517786,-2.1612886211144247,2.1612886211144247,12.804724107457554,8.600960998324955e-07,0.0,4.1331019329238217e-08,1.789857320284202e-05
random,11,1212,0.47707718693146417,0.15684190097550416,0.8622216844996812,0.06952934818709731,0.34399463719034806,0.3525787913782765,-2.1612889856521202,2.1612889856521202,12.804733210232223,9.03103284333612e-07,0.0,4.339780235174118e-08,1.879350186298412e-05
random,11,1213,0.47707714136351215,0.15684186984699977,0.8622215133740361,0.06952935016972497,0.3439946469993467,0.35257777704931076,-2.161289367395577,2.161289367395577,12.804739949854893,9.482611071720927e-07,0.0,4.556795202281805e-08,1.973317695613333e-05
random,11,1214,0.477077093516875,0.1568418371578647,0.8622213336689897,0.0695293522506868,0.343994657294851,0.35257671284893,-2.161289767418231,2.161289767418231,12.804744771354603,9.956771148910501e-07,0.0,4.7846637152293425e-08,2.0719835803939997e-05
random,11,1215,0.47707704327758793,0.1568418028309956,0.8622211449606744,0.06952935443505891,0.3439946681019751,0.35257559609379685,-2.1612901868134617,2.1612901868134617,12.804748061452338,1.0454642379414347e-06,0.0,5.0239287063824634e-08,2.1755827594136997e-05
random,11,1216,0.47707699052598507,0.15684176678526998,0.862220946803128,0.06952935672814163,0.3439946794469421,0.3525744239996522,-2.161290626697709,2.161290626697709,12.804750149663349,1.0977410589337075e-06,0.0,5.2751602863665426e-08,2.2843618973843847e-05
random,11,1217,0.4770769351364146,0.1568417289353594,0.8622207387272665,0.06952935913547319,0.3439946913571522,0.3525731936733835,-2.161291088214356,2.161291088214356,12.804751310819992,1.1526320946110192e-06,0.0,5.538957048578652e-08,2.3985799922536042e-05
random,11,1218,0.4770768769769382,0.15684168919153568,0.8622205202398189,0.06952936166284432,0.34399470386125497,0.35257190210421874,-2.16129157253826,2.16129157253826,12.804751768880275,1.2102680922456166e-06,0.0,5.815947640153141e-08,2.5185089918662844e-05
random,11,1219,0.47707681590901624,0.15684164745946869,0.862220290822215,0.06952936431631407,0.3439947169892274,0.3525705461541973,-2.1612920808807807,2.1612920808807807,12.804751701787996,1.2707863410054893e-06,0.0,6.106792194149335e-08,2.6444344414595987e-05
random,11,1220,0.4770767517871787,0.15684160364001445,0.8622200499294216,0.0695293671022265,0.3439947307724565,0.352569122548085,-2.161292614495128,2.161292614495128,12.804751247071517,1.3343309992247477e-06,1.3877787807814457e-17,6.412183756188128e-08,2.776656163532579e-05
random,11,1221,0.4770766844586759,0.15684155762899235,0.8622197969887168,0.06952937002722773,0.3439947452438238,0.3525676278628893,-2.1612931746818838,2.1612931746818838,12.804750507831123,1.4010534381173696e-06,0.0,6.732850277302305e-08,2.915488971709208e-05
random,11,1222,0.4770766137631164,0.15684150931694943,0.8622195313983945,0.06952937309828416,0.3439947604377954,0.3525660585171183,-2.161293762794538,2.161293762794538,12.804749558761568,1.4711126027652445e-06,1.3877787807814457e-17,7.069555951755291e-08,3.061263420294669e-05
random,11,1223,0.47707653953208234,0.15684145858891155,0.8622192525263966,0.06952937632270073,0.34399477639051235,0.35256441075988504,-2.1612943802449425,2.1612943802449425,12.804748451892554,1.544675391322251e-06,0.0,7.423103404180509e-08,3.214326591309402e-05
random,11,1224,0.47707646158872846,0.15684140532411944,0.862218959708862,0.06952937970814002,0.34399479313988496,0.352562680659925,-2.1612950285086,2.1612950285086,12.804747221795479,1.621917053216755e-06,0.0,7.794335388222606e-08,3.375042920874872e-05
random,11,1225,0.47707637974735995,0.1568413493957493,0.8622186522485902,0.0695293832626417,0.3439948107256893,0.3525608640945439,-2.1612957091297607,2.1612957091297607,12.804745890079264,1.7030216073716782e-06,0.0,8.184136851552282e-08,3.543795066918616e-05
random,11,1226,0.47707629381298955,0.15684129067061742,0.8622183294134177,0.06952938699464273,0.34399482918966706,0.3525589567384818,-2.1612964237263275,2.1612964237263275,12.804744469096486,1.7881822813480936e-06,0.0,8.593437039738916e-08,3.720984820264547e-05
random,11,1227,0.4770762035808713,0.1568412290088672,0.8622179904344982,0.06952939091299791,0.3439948485756272,0.3525569540526382,-2.16129717399461,2.16129717399461,12.804742964847623,1.8776019726255444e-06,0.0,9.023211822167809e-08,3.9070340612777746e-05
random,11,1228,0.47707610883601237,0.1568411642636397,0.8622176345044898,0.06952939502700137,0.343994868929552,0.3525548512725888,-2.1612979617139763,2.1612979617139763,12.80474137914807,1.971493732929891e-06,0.0,9.474485895832885e-08,4.1023857643416636e-05
random,11,1229,0.47707600935265904,0.15684109628072568,0.8622172607756439,0.0695293993464086,0.3439948902997067,0.352552643396806,-2.161298788751468,2.161298788751468,12.804739711160847,2.070081276912995e-06,1.3877787807814457e-17,9.94833533329853e-08,4.307505052558747e-05
random,11,1230,0.4770759048937587,0.15684102489819932,0.8622168683577903,0.06952940388145992,0.3439949127367548,0.3525503251745006,-2.1612996570664524,2.1612996570664524,12.80473795842089,2.1735995163908928e-06,0.0,1.0445890036292482e-07,4.522880305186684e-05
random,11,1231,0.4770757952103922,0.15684094994603312,0.8622164563162211,0.06952940864290413,0.3439949362938759,0.35254789109299906,-2.161300568715362,2.161300568715362,12.804736117475596,2.2822951212884606e-06,0.0,1.0968336650041266e-07,4.7490243204460186e-05
random,11,1232,0.4770756800411805,0.15684087124569285,0.8622160236694633,0.06952941364202414,0.3439949610268918,0.35254533536458493,-2.1613015258565778,2.1613015258565778,12.80473418426074,2.396427108943979e-06,0.0,1.1516921166743188e-07,4.98647553646832e-05
random,11,1233,0.4770755591116593,0.15684078860971187,0.8622155693869388,0.0695294188906631,0.3439949869943962,0.3525426519127425,-2.1613025307555027,2.1613025307555027,12.804732154303409,2.5162674628382986e-06,0.0,1.2092952123010647e-07,5.235799313291736e-05
random,11,1234,0.47707543213362347,0.15684070184124424,0.8622150923865081,0.06952942440125216,0.3439950142578919,0.3525398343577465,-2.1613035857898466,2.1613035857898466,12.804730022817672,2.6421017824854854e-06,0.0,1.2697803580818956e-07,5.4975892789563234e-05
random,11,1235,0.4770752988044382,0.1568406107335952,0.8622145915318886,0.06952943018683944,0.34399504288193405,0.3525368760015522,-2.1613046934551563,2.1613046934551563,12.804727784742804,2.7742299659568883e-06,0.0,1.3332918524788795e-07,5.7724687429041396e-05
random,11,1236,0.4770751588063157,0.15684051506972788,0.8622140656299433,0.06952943626112035,0.3439950729342805,0.35253376981194406,-2.1613058563706025,2.1613058563706025,12.804725434754033,2.9129669267362724e-06,0.0,1.3999812253917554e-07,6.061092180049347e-05
random,11,1237,0.4770750118055548,0.1568404146217457,0.8622135134278349,0.06952944263846954,0.3439951044860493,0.35253050840589945,-2.1613070772850453,2.1613070772850453,12.804722967255051,3.058643346554621e-06,0.0,1.4700076089724234e-07,6.364146789051814e-05
random,11,1238,0.47707485745174344,0.15684030915034847,0.8622129336100361,0.06952944933397422,0.34399513761188416,0.35252708403213084,-2.1613083590833906,2.1613083590833906,12.804720376369984,3.211606466196633e-06,0.0,1.5435381134354387e-07,6.682354128504406e-05
random,11,1239,0.4770746953769201,0.1568401984042611,0.8622123247951888,0.06952945636346916,0.34399517239012706,0.3525234885527633,-2.1613097047932452,2.1613097047932452,12.80471765592834,3.372220915898097e-06,0.0,1.6207482333996381e-07,7.016471834929627e-05
random,11,1240,0.47707452519469373,0.15684008211963438,0.8622116855328098,0.0695294637435734,0.34399520890300034,0.35251971342410515,-2.161311117591897,2.161311117591897,12.80471479945104,3.540869587777574e-06,0.0,1.7018222636666636e-07,7.367295426676108e-05
random,11,1241,0.47707434649931835,0.15683996001941455,0.8622110142998258,0.06952947149172863,0.3439952472367963,0.35251574967646726,-2.1613126008136225,2.1613126008136225,12.804711800134905,3.717954551906847e-06,0.0,1.78695375385729e-07,7.735660198009913e-05
random,11,1242,0.47707415886472243,0.1568398318126824,0.8622103094969391,0.06952947962623957,0.3439952874820771,0.3525115878929849,-2.161314157957347,2.161314157957347,12.804708650836375,3.903898018733438e-06,0.0,1.8763459591619736e-07,8.12244320791041e-05
random,11,1243,0.4770739618434884,0.15683969719395827,0.8622095694448079,0.06952948816631616,0.34399532973388336,0.3525072181873932,-2.161315792694662,2.161315792694662,12.804705344054703,4.099143349837439e-06,0.0,1.9702123404963245e-07,8.528565368305931e-05
random,11,1244,0.47707375496578075,0.1568395558424728,0.8622087923800366,0.06952949713211772,0.34399537409195274,0.3525026301807045,-2.1613175088782257,2.1613175088782257,12.804701871913869,4.3041561196771046e-06,0.0,2.0687770763139213e-07,8.954993636721228e-05
random,11,1245,0.4770735377382208,0.15683940742140076,0.8622079764509644,0.06952950654479938,0.34399542066094985,0.3524978129767352,-2.161319310550561,2.161319310550561,12.804698226143913,4.51942523082552e-06,0.0,2.1722755993991427e-07,9.402743318557289e-05
random,11,1246,0.47707330964270367,0.15683925157705642,0.8622071197132414,0.06952951642656052,0.3439954695507055,0.3524927551364262,-2.161321201953262,2.161321201953262,12.80469439806123,4.745464085446025e-06,1.3877787807814457e-17,2.2809551714075837e-07,9.872880484485154e-05
random,11,1247,0.47707307013515665,0.15683908793804852,0.8622062201251839,0.06952952680069574,0.34399552087646895,0.3524874446508963,-2.161323187536636,2.161323187536636,12.804690378547376,4.98281181588162e-06,0.0,2.395075470174035e-07,0.00010366524508709412
random,11,1248,0.477072818644234,0.15683891611439305,0.862205275542896,0.06952953769164798,0.34399557475917114,0.3524818689131698,-2.1613252719697926,2.1613252719697926,12.80468615802834,5.232034577312087e-06,0.0,2.514909226425388e-07,0.00010884850734144884
random,11,1249,0.47707255456994635,0.1568387356965809,0.8622042837151451,0.06952954912506423,0.34399563132569994,0.3524760146885118,-2.161327460151205,2.161327460151205,12.804681726450424,5.493726905712238e-06,1.3877787807814457e-17,2.640742876591773e-07,0.00011429093270852129
random,11,1250,0.4770722772822207,0.1568385462545992,0.8622032422779808,0.0695295611278541,0.3439956907091899,0.35246986808330655,-2.1613297572197574,2.1613297572197574,12.804677073257915,5.768513144423201e-06,0.0,2.772877256695949e-07,0.00012000547934394736
random,11,1251,0.4770719861193872,0.15683834733690305,0.8622021487490834,0.06952957372825061,0.34399575304932306,0.35246341451240415,-2.161332168566304,2.161332168566304,12.80467218736575,6.057048942727174e-06,0.0,2.911628334545391e-07,0.00012600575331114474
random,11,1252,0.4770716803865904,0.15683813846933586,0.8622010005218271,0.06952958695587437,0.34399581849264665,0.3524566386648676,-2.161334699845755,2.161334699845755,12.8046670571354,6.360022830375387e-06,0.0,3.0573279680146115e-07,0.000132306040976702
random,11,1253,0.4770713593541194,0.15683791915399514,0.8621997948590461,0.06952960084180032,0.34399588719290325,0.352449524468038,-2.1613373569897214,2.1613373569897214,12.804661670345336,6.678157871567667e-06,0.0,3.210324710511969e-07,0.00013892134302553709
random,11,1254,0.47707102225565234,0.15683768886804125,0.862198528886485,0.06952961541862776,0.34399595931137694,0.3524420550498393,-2.1613401462197257,2.1613401462197257,12.804656014162207,7.0122134028681474e-06,1.3877787807814457e-17,3.3709846702922874e-07,0.00014586741017681395
random,11,1255,0.47707066828641453,0.1568374470624463,0.862197199585921,0.06952963072055356,0.3439960350172558,0.35243421269924113,-2.161343074061015,2.161343074061015,12.804650075112153,7.3629868590265345e-06,0.0,3.5396923780961487e-07,0.00015316078068565466
random,11,1256,0.47707029660124084,0.1568371931606799,0.86219580378794,0.0695296467834487,0.34399611448801065,0.3524259788247839,-2.1613461473569964,2.1613461473569964,12.804643839044079,7.731315691434846e-06,0.0,3.716851736945692e-07,0.0001608188197199374
random,11,1257,0.4770699063125412,0.15683692655732898,0.8621943381643478,0.06952966364493837,0.3439961979097912,0.35241733391108576,-2.1613493732843088,2.1613493732843088,12.804637291102441,8.118079383812087e-06,0.0,3.902886996365318e-07,0.00016885976070593427
random,11,1258,0.47706949648816116,0.15683664661664765,0.8621927992201989,0.06952968134448549,0.34399628547783906,0.3524082574732183,-2.161352759368575,2.161352759368575,12.804630415683627,8.524201570278632e-06,0.0,4.098243800432222e-07,0.000177302748741231
random,11,1259,0.47706906614913597,0.15683635267103424,0.862191183285424,0.06952969992347831,0.34399637739692157,0.35239872800887695,-2.161356313500831,2.161356313500831,12.804623196410194,8.950652261045659e-06,0.0,4.3033902519251654e-07,0.00018616788617829255
random,11,1260,0.47706861426732794,0.15683604401943158,0.8621894865060358,0.06952971942532159,0.34399647388178267,0.3523887229481965,-2.1613600439547005,2.1613600439547005,12.804615616072468,9.398450181175873e-06,0.0,4.5188180802790967e-07,0.0001954762804872072
random,11,1261,0.47706813976294615,0.15683571992564638,0.86218770483489,0.06952973989553217,0.3439965751576158,0.3523782186011797,-2.161363959404263,2.161363959404263,12.804607656622697,9.868665228396315e-06,0.0,4.7450438178664456e-07,0.00020525009451156757
random,11,1262,0.4770676415019369,0.15683537961658386,0.8621858340219803,0.06952976138183849,0.343996681460556,0.3523671901024798,-2.161368068942786,2.161368068942786,12.804599299065046,1.0362421056096944e-05,0.0,4.982610092296724e-07,0.00021551259923714597
random,11,1263,0.47706711829324355,0.1568350222803931,0.8621838696042423,0.06952978393428447,0.34399679303819447,0.35235561135371146,-2.1613723821020603,2.1613723821020603,12.804590523543606,1.0880897787946432e-05,0.0,5.232086933704139e-07,0.00022628822919900328
random,11,1264,0.47706656888592475,0.15683464706451972,0.8621818068948491,0.06952980760533836,0.3439969101501164,0.3523434549625162,-2.161376908872983,2.161376908872983,12.804581309009292,1.1425334871035794e-05,0.0,5.494073188061499e-07,0.00023760264065895347
random,11,1265,0.4770659919661269,0.15683425307365595,0.8621796409719413,0.06952983245000527,0.3439970330684581,0.35233069217980045,-2.1613816597259436,2.1613816597259436,12.804571633830042,1.1997034074742614e-05,0.0,5.76919797823372e-07,0.00024948277269190117
random,11,1266,0.4770653861538999,0.15683383936760034,0.8621773666668612,0.06952985852594681,0.34399716207849895,0.3523172928310351,-2.1613866456348134,2.1613866456348134,12.804561474095475,1.2597362642894632e-05,0.0,6.058122270502508e-07,0.00026195691132649624
random,11,1267,0.4770647499998516,0.15683340495896925,0.8621749785515723,0.06952988589359914,0.34399729747924523,0.35230322525245844,-2.1613918780941375,2.1613918780941375,12.804550807952495,1.322775660728375e-05,0.0,6.361540482724415e-07,0.00027505475689282104
random,11,1268,0.4770640819816293,0.1568329488109143,0.8621724709261108,0.06952991461631695,0.3439974395841427,0.3522884561994546,-2.161397369160469,2.161397369160469,12.804539602961523,1.388972427097341e-05,0.0,6.68018222294009e-07,0.0002888074947374621
random,11,1269,0.4770633805002215,0.1568324698343301,0.8621698378032355,0.06952994476045422,0.34399758872147584,0.35227295083057303,-2.1614031314195548,2.1614031314195548,12.804527854676238,1.4584849870285396e-05,0.0,7.014814077943576e-07,0.00030324786947433523
random,11,1270,0.47706264387606906,0.15683196688628262,0.862167072899788,0.0695299763956886,0.343997745235973,0.35225667241423725,-2.1614091782141127,2.1614091782141127,12.804515459694692,1.5314797424946217e-05,0.0,7.366241524531247e-07,0.000318410262948052
random,11,1271,0.47706187034497627,0.15683143876332847,0.8621641695999662,0.0695300095944712,0.3439979094860843,0.35223958304215486,-2.161415522913852,2.161415522913852,12.804502660650341,1.6081314786232034e-05,0.0,7.73531092790325e-07,0.0003343307760954546
random,11,1272,0.47706105805381116,0.1568308842142998,0.8621611210256078,0.06953004443494884,0.34399808185843894,0.3522216403579964,-2.1614221819632005,2.1614221819632005,12.804488380625623,1.6886237894121852e-05,0.0,8.12291165108725e-07,0.0003510473149002273
random,11,1273,0.477060205055985,0.1568303018706431,0.8621579196532353,0.06953008098934373,0.3439982627103545,0.35220281099102935,-2.1614291620773627,2.1614291620773627,12.804476865277577,1.7731495261802347e-05,0.0,8.529978261506699e-07,0.0003685996806452387
random,11,1274,0.47705930930673207,0.15682969054442336,0.8621545589523022,0.06953011937734604,0.343998452633995,0.35218300931602403,-2.161436518281053,2.161436518281053,12.804449476089927,1.8619112865386995e-05,1.3877787807814457e-17,8.957492529382272e-07,0.00038702966467750064
random,11,1275,0.47705836865902773,0.15682904777947065,0.8621510254202752,0.06953015951087582,0.3439986511935871,0.35216239087686524,-2.1614440754569895,2.1614440754569895,12.804491984687129,1.9551223526872467e-05,0.0,9.406477043394368e-07,0.0004063811479113757
random,11,1276,0.47705738088447835,0.1568283772607663,0.8621473393149477,0.06953020240375961,0.3439988634050112,0.35213985019830396,-2.1614528533174795,2.1614528533174795,12.80418116646294,2.0530197404457016e-05,0.0,9.877745493769297e-07,0.0004267002053069445
random,11,1277,0.47705634478963793,0.15682764978669486,0.8621433401035419,0.06953024327983093,0.34399906563830823,0.3521210535021292,-2.1614574397130677,2.1614574397130677,12.805644929597234,2.1561922356727954e-05,0.0,1.0360948404231074e-06,0.00044803521557229174
random,11,1278,0.47705529693593884,0.15682711154598206,0.862140381182417,0.06953032600263738,0.34399947490723615,0.35205954599074446,-2.1615016750863463,2.1615016750863463,12.79206517133551,2.3052855563552783e-05,0.0,1.0478536990876641e-06,0.00047043697635090634
random,11,1279,0.47705411353704175,0.15682611958442277,0.8621349279791513,0.06953033749048493,0.34399953174306236,0.3520732734957205,-2.1614742490875116,2.1614742490875116,12.82569390026295,2.419114597067921e-05,0.0,1.1833988970977316e-06,0.0004939588251684517
random,11,1280,0.4770541134540669,0.15682614717029836,0.862135079629571,0.06953035083893339,0.34399959778416306,0.3520645208551827,-2.161483114443401,2.161483114443401,12.679924653552368,5.781269594442882e-07,1.3877787807814457e-17,8.297484921371279e-11,4.052005987709955e-06
random,11,1281,0.4770540940141495,0.15682613193319897,0.8621349958652362,0.06953034678887086,0.34399957774658435,0.3520661737902187,-2.161481120075295,2.161481120075295,12.810081090740232,2.484412554428974e-07,0.0,1.9439917398056394e-08,4.254606287095453e-06
random,11,1282,0.4770540830153096,0.1568261229421869,0.8621349464381027,0.06953034616277795,0.34399957464900593,0.35206654190294484,-2.1614805949710814,2.1614805949710814,12.807565671740566,2.218941486295402e-07,0.0,1.099883989441608e-08,4.4673366014502265e-06
random,11,1283,0.4770540715574504,0.1568261137487638,0.8621348958982361,0.06953034559432715,0.34399957183661045,0.35206687054335595,-2.161480097967491,2.161480097967491,12.806606784474347,2.3205840620874292e-07,0.0,1.1457859216967847e-08,4.690703431522738e-06
random,11,1284,0.47705405961545244,0.1568261043679653,0.8621348443282931,0.06953034509545447,0.3439995693684509,0.35206715070409456,-2.1614796355721735,2.1614796355721735,12.805601215565204,2.4274218470279424e-07,0.0,1.1941997946074423e-08,4.925238603098875e-06
random,11,1285,0.47705404715989186,0.15682609481398643,0.8621347918063096,0.06953034467811946,0.3439995673036968,0.3520673730541895,-2.1614792130596245,2.1614792130596245,12.804561312489184,2.5400199424974963e-07,0.0,1.2455560582935732e-08,5.171500533253819e-06
random,11,1286,0.4770540341565537,0.1568260850974836,0.8621347383908678,0.06953034435335037,0.3439995656969102,0.35206752861540874,-2.1614788310703754,2.1614788310703754,12.803506946679809,2.659013685614822e-07,0.0,1.3003338183992241e-08,5.43007555991651e-06
random,11,1287,0.47705402064770924,0.1568260755048929,0.8621346856566197,0.06953034432418319,0.3439995655526063,0.35206750690995736,-2.1614785925359974,2.1614785925359974,12.802466663326385,2.76904309976903e-07,0.0,1.3508844431964206e-08,5.7015793379123355e-06
random,11,1288,0.4770540067599514,0.1568260665900879,0.8621346366484266,0.06953034501178178,0.3439995689544824,0.35206708819829124,-2.161478812854554,2.161478812854554,12.801759290339584,2.88355725917591e-07,0.0,1.3887757832620196e-08,5.986658304807953e-06
random,11,1289,0.4770539921826338,0.15682605716349154,0.8621345848267147,0.0695303457220978,0.34399957246875246,0.3520666624390744,-2.161479030987751,2.161479030987751,12.802056658255413,3.0272051208791805e-07,0.0,1.4577317630770636e-08,6.285991220048351e-06
random,11,1290,0.47705397688048334,0.15682604720301666,0.8621345300700625,0.06953034645688487,0.34399957610409226,0.3520662284898529,-2.161479247579884,2.161479247579884,12.80232485385462,3.178122342621365e-07,0.0,1.5302150435658746e-08,6.600290781050768e-06
random,11,1291,0.4770539608165836,0.15682603668525777,0.8621344722498006,0.06953034721794639,0.3439995798694243,0.35206578520651854,-2.161479463254215,2.161479463254215,12.802566843409151,3.3366591513803725e-07,0.0,1.6063899765939027e-08,6.930305320103307e-06
random,11,1292,0.4770539439522728,0.1568260255854814,0.8621344112299594,0.0695303480071481,0.34399958377397916,0.35206533142985896,-2.1614796786247017,2.1614796786247017,12.802785119275349,3.5031855387109977e-07,0.0,1.686431078118389e-08,7.276820586108472e-06
random,11,1293,0.47705392624704096,0.1568260138776026,0.8621343468671397,0.0695303488264287,0.3439995878273486,0.35206486597446063,-2.1614798943054288,2.1614798943054288,12.802981807594552,3.678091742092101e-07,0.0,1.7705231836195878e-08,7.640661615413896e-06
random,11,1294,0.4770539076584242,0.15682600153415066,0.8621342790103245,0.0695303496778093,0.3439995920395319,0.35206438761941505,-2.1614801109182475,2.1614801109182475,12.803158749248134,3.861788893514778e-07,0.0,1.8588616756964882e-08,8.022694696184591e-06
random,11,1295,0.4770538881418976,0.15682598852622484,0.8621342075006344,0.06953035056340211,0.3439995964209792,0.35206389510045977,-2.161480329098989,2.161480329098989,12.803317561650879,4.054709796708564e-07,0.0,1.9516526617024965e-08,8.423829430993821e-06
random,11,1296,0.47705386765076374,0.15682597482344088,0.8621341321710357,0.06953035148541803,0.34399960098262894,0.35206338710330587,-2.1614805495024796,2.1614805495024796,12.803459686506834,4.257309815519203e-07,0.0,2.0491133845279563e-08,8.845020902543513e-06
random,11,1297,0.4770538461360364,0.1568259603938689,0.862134052845997,0.0695303524461738,0.34399960573594307,0.35206286225798344,-2.1614807728065157,2.1614807728065157,12.80358642704305,4.470067854604541e-07,0.0,2.1514727333027395e-08,9.287271947670689e-06
random,11,1298,0.47705382354632064,0.15682594520396287,0.8621339693411028,0.06953035344809837,0.3439996106929388,0.3520623191340888,-2.1614809997149114,2.1614809997149114,12.803698977168544,4.6934874266393597e-07,0.0,2.2589715764631535e-08,9.751635545054223e-06
random,11,1299,0.4770537998276865,0.15682592921848162,0.8621338814626182,0.06953035449373886,0.3439996158662178,0.35206175623685265,-2.1614812309596876,2.1614812309596876,12.803798444286597,4.928097798886841e-07,0.0,2.3718634167835262e-08,1.0239217322306934e-05
random,11,1300,0.477053774923538,0.15682591240040164,0.8621337890070105,0.06953035558576613,0.3439996212689943,0.3520611720039622,-2.161481467302467,2.161481467302467,12.80388586698867,5.174455215924544e-07,0.0,2.4904148465676457e-08,1.0751178188422282e-05
random,11,1301,0.4770537487744751,0.15682589471082126,0.8621336917604221,0.06953035672697962,0.34399962691511826,0.35206056480308373,-2.1614817095351224,2.1614817095351224,12.80396222852372,5.433144196489391e-07,0.0,2.614906291498187e-08,1.1288737097843397e-05
random,11,1302,0.47705372131814994,0.15682587610885695,0.8621335894981,0.06953035792031212,0.3439996328190997,0.3520599329300174,-2.1614819584797327,2.1614819584797327,12.804028466695438,5.704778903638897e-07,0.0,2.7456325157881878e-08,1.1853173952735567e-05
random,11,1303,0.47705369248911583,0.15682585655153092,0.8621334819837784,0.06953035916883407,0.3439996389961295,0.35205927460741304,-2.161482214987922,2.161482214987922,12.804085480701133,5.990004589807959e-07,0.0,2.882903410439397e-08,1.2445832650372347e-05
random,11,1304,0.47705366221866874,0.15682583599365094,0.8621333689690176,0.06953036047575765,0.3439996454620998,0.35205858798395107,-2.1614824799396555,2.1614824799396555,12.804134135318037,6.289499117270638e-07,0.0,3.027044709336124e-08,1.3068124282890964e-05
random,11,1305,0.4770536304346821,0.1568258143876822,0.8621332501925003,0.06953036184444088,0.3439996522336244,0.35205787113387327,-2.1614827542416073,2.1614827542416073,12.80417526280549,6.60397455608213e-07,0.0,3.178398666481286e-08,1.3721530497035513e-05
random,11,1306,0.4770535970614325,0.15682579168361216,0.8621331253792879,0.06953036327839152,0.3439996593280578,0.3520571220567216,-2.1614830388252204,2.1614830388252204,12.804209662866537,6.934178863542497e-07,0.0,3.3373249552770545e-08,1.4407607021887289e-05
random,11,1307,0.47705356201941795,0.15682576782880786,0.8621329942400361,0.06953036478127143,0.343999666763517,0.35205633867711955,-2.1614833346446205,2.1614833346446205,12.804238101022536,7.280897646946013e-07,0.0,3.504201456783207e-08,1.5127987372981654e-05
random,11,1308,0.47705352522516636,0.15682574276786745,0.8621328564701791,0.06953036635690102,0.3439996745589033,0.35205551884441316,-2.161483642674542,2.161483642674542,12.804261305779617,7.644956016271173e-07,1.3877787807814457e-17,3.6794251589977733e-08,1.5884386741630737e-05
random,11,1309,0.4770534865910364,0.15682571644246585,0.8621327117490811,0.06953036800926449,0.34399968273392845,0.3520546603319769,-2.1614839639084513,2.1614839639084513,12.804279964983687,8.027220529007494e-07,0.0,3.8634129950754215e-08,1.6678606078712274e-05
random,11,1310,0.4770534460250058,0.156825688791195,0.8621325597391579,0.06953036974251536,0.343999691309142,0.3520537608359855,-2.161484299357049,2.161484299357049,12.804294721784974,8.428601234837416e-07,0.0,4.0566030590216684e-08,1.751253638264789e-05
random,11,1311,0.4770534034304528,0.15682565974939996,0.8621324000849757,0.0695303715609835,0.34399970030596566,0.35205281797346577,-2.161484650047317,2.161484650047317,12.804306170639688,8.85005382360158e-07,0.0,4.259455299582271e-08,1.8388163201780287e-05
random,11,1312,0.4770533587059241,0.15682562924901056,0.862132232412326,0.06953037346918252,0.34399970974673055,0.3520518292794672,-2.1614850170222657,2.1614850170222657,12.804314853762099,9.292581884690106e-07,0.0,4.472452874715316e-08,1.9307571361869302e-05
random,11,1313,0.47705331174489246,0.15682559721836878,0.8621320563272764,0.06953037547181884,0.34399971965472154,0.3520507922032243,-2.161485401341484,2.161485401341484,12.804321258392184,9.757239281391603e-07,0.0,4.696103161894172e-08,2.027294992996277e-05
random,11,1314,0.47705326243550306,0.1568255635820524,0.8621318714152013,0.06953037757380175,0.3439997300542272,0.3520497041032334,-2.161485804082565,2.161485804082565,12.804325815185504,1.0245132648758062e-06,0.0,4.930938940495011e-08,2.1286597426460908e-05
random,11,1315,0.47705321066030526,0.15682552826069393,0.8621316772397863,0.06953037978025466,0.3439997409705954,0.3520485622412162,-2.1614862263434254,2.1614862263434254,12.804328897927695,1.0757424019011398e-06,1.3877787807814457e-17,5.17751977957559e-08,2.2350927297783954e-05
random,11,1316,0.4770531562959737,0.15682549117079433,0.8621314733420046,0.06953038209652788,0.3439997524302968,0.3520473637750051,-2.1614866692454764,2.1614866692454764,12.804330824672824,1.1295333583009758e-06,0.0,5.436433153649389e-08,2.3468473662673153e-05
random,11,1317,0.4770530992130129,0.15682545222453076,0.862131259239059,0.06953038452821225,0.3439997644609918,0.3520461057504328,-2.161487133937558,2.161487133937558,12.804331860277584,1.186014259208223e-06,0.0,5.7082960802645744e-08,2.4641897345806812e-05
random,11,1318,0.4770530392754491,0.15682541132955694,0.8621310344232859,0.06953038708115421,0.34399977709160556,0.35204478509234627,-2.1614876216005134,2.1614876216005134,12.804332220186364,1.2453196408478002e-06,0.0,5.993756380107129e-08,2.5873992213097153e-05
random,11,1319,0.4770529763405054,0.15682536838879485,0.8621307983610093,0.06953038976147147,0.3439997903524053,0.35204339859490624,-2.161488133452248,2.161488133452248,12.804332075237133,1.307590771020399e-06,0.0,6.293494370090968e-08,2.7167691823752012e-05
random,11,1320,0.47705291025826096,0.15682532330021634,0.86213055049134,0.06953039257556981,0.3439998042750835,0.3520419429113326,-2.1614886707531014,2.1614886707531014,12.804331557164494,1.372975985866493e-06,0.0,6.608224445425748e-08,2.8526076414939613e-05
random,11,1321,0.47705284087129457,0.1568252759566135,0.8621302902249142,0.06953039553016066,0.3439998188928447,0.35204041454325397,-2.1614892348113752,2.1614892348113752,12.804330764464723,1.4416310435497142e-06,0.0,6.938696639480213e-08,2.9952380235686596e-05
random,11,1322,0.4770527680143072,0.15682522624535558,0.8621300169425561,0.06953039863227885,0.3439998342404935,0.3520388098298042,-2.1614898269888765,2.1614898269888765,12.804329768272241,1.5137194957997534e-06,0.0,7.285698738757063e-08,3.1449999247470924e-05
random,11,1323,0.47705269151372914,0.15682517404813273,0.86212972999387,0.06953040188930147,0.343999850354528,0.35203712493655914,-2.161490448706367,2.161490448706367,12.804328617939294,1.5894130780908413e-06,0.0,7.650057803898491e-08,3.302249920984447e-05
random,11,1324,0.4770526111873046,0.15682511924068362,0.8621294286957424,0.0695304053089669,0.34399986727323356,0.3520353558443834,-2.161491101448842,2.161491101448842,12.804327346082886,1.6688921194696634e-06,0.0,8.03264245674562e-08,3.46736241703367e-05
random,11,1325,0.4770525268436575,0.15682506169250793,0.8621291123307616,0.06953040889939442,0.3439998850367801,0.3520334983381996,-2.161491786770626,2.161491786770626,12.804325972925051,1.7523459728464373e-06,0.0,8.434364706655373e-08,3.640730537885354e-05
random,11,1326,0.4770524382818343,0.15682500126656163,0.8621287801455427,0.06953041266910455,0.3439999036873227,0.35203154799565956,-2.1614925063002675,2.1614925063002675,12.804324509859166,1.8399734669695373e-06,0.0,8.856182320826633e-08,3.822767064779621e-05
random,11,1327,0.4770523452908244,0.15682493781893525,0.8621284313489587,0.06953041662703979,0.34399992326910406,0.35202950017566415,-2.1614932617452967,2.1614932617452967,12.804322962234506,1.931983381120469e-06,0.0,9.299100989235143e-08,4.013905418018602e-05
random,11,1328,0.477052247649056,0.15682487119851415,0.8621280651102728,0.06953042078258619,0.3439999438285615,0.3520273500066597,-2.1614940548968775,2.1614940548968775,12.804321331428403,2.028594943479393e-06,0.0,9.764176839288652e-08,4.214600688919533e-05
random,11,1329,0.4770521451238673,0.15682480124662052,0.8621276805571707,0.06953042514559582,0.3439999654144379,0.35202509237462054,-2.161494887634436,2.161494887634436,12.804319616302774,2.130038354642207e-06,0.0,1.0252518872766458e-07,4.42533072336551e-05
random,11,1330,0.4770520374709508,0.15682472779663648,0.8621272767736883,0.06953042972640998,0.3439999880778965,0.35202272191063705,-2.1614957619303232,2.1614957619303232,12.804317814173388,2.2365553373535833e-06,0.0,1.0765291647008013e-07,4.6465972595337854e-05
random,11,1331,0.4770519244337696,0.15682465067360757,0.862126852798032,0.0695304345358836,0.34400001187264184,0.35202023297802026,-2.1614966798545754,2.1614966798545754,12.804315921416192,2.348399713849282e-06,0.0,1.1303718122634976e-07,4.878927122510475e-05
random,11,1332,0.47705180574294426,0.15682456969382597,0.8621264076202876,0.06953043958541061,0.34400003685504504,0.3520176196588593,-2.1614976435798186,2.1614976435798186,12.804313933818726,2.465838012240385e-06,0.0,1.1869082533477737e-07,5.122873478635999e-05
random,11,1333,0.4770516811156098,0.15682448466439247,0.8621259401800122,0.06953044488695065,0.34400006308427616,0.35201487573995816,-2.1614986553863664,2.1614986553863664,12.804311846766577,2.5891501032592747e-06,0.0,1.2462733445239849e-07,5.379017152567799e-05
random,11,1334,0.4770515502547386,0.1568243953827566,0.8621254493637063,0.06953045045305682,0.3440000906224413,0.35201199469810707,-2.1614997176675343,2.1614997176675343,12.804309655332915,2.718629869114053e-06,0.0,1.3086087119473788e-07,5.6479680101961895e-05
random,11,1335,0.47705141284843167,0.15682430163623334,0.8621249340021562,0.0695304562969051,0.3440001195347283,0.352008969684637,-2.1615008329351935,2.1615008329351935,12.80430735431389,2.8545859058742754e-06,0.0,1.3740630694369926e-07,5.930366410705999e-05
random,11,1336,0.47705126856917157,0.15682420320149568,0.8621243928676455,0.06953046243232483,0.34400014988955746,0.3520057935092124,-2.161502003825593,2.161502003825593,12.804304938232665,2.9973422611936046e-06,1.3877787807814457e-17,1.4427926009474845e-07,6.226884731241299e-05
random,11,1337,0.47705111707304027,0.15682409984404183,0.8621238246710259,0.0695304688738309,0.34400018175874075,0.3520024586228271,-2.1615032331054542,2.1615032331054542,12.804302401336725,3.1472392091258957e-06,0.0,1.5149613130649442e-07,6.538228967803364e-05
random,11,1338,0.47705095799889613,0.15682399131763555,0.8621232280586394,0.06953047563665747,0.3440002152176489,0.35199895709995577,-2.1615045236783548,2.1615045236783548,12.804299737584465,3.3046340638943043e-06,0.0,1.59074144134852e-07,6.865140416193533e-05
random,11,1339,0.47705079096750935,0.1568238773637185,0.8621226016090893,0.06953048273679316,0.34400025034538506,0.351995280619824,-2.1615058785914227,2.1615058785914227,12.804296940631508,3.469902034688874e-06,0.0,1.6703138677742757e-07,7.20839743700321e-05
random,11,1340,0.4770506155806553,0.15682375771079307,0.8621219438298461,0.06953049019101808,0.34400028722496845,0.3519914204467504,-2.1615073010423465,2.1615073010423465,12.80429400381669,3.643437123298208e-06,0.0,1.7538685403994947e-07,7.56881730885337e-05
random,11,1341,0.47705043142016096,0.15682363207377423,0.8621212531536853,0.06953049801694258,0.3440003259435259,0.35198736740951786,-2.1615087943867186,2.1615087943867186,12.804290920145894,3.825653067131529e-06,1.3877787807814457e-17,1.84160494354213e-07,7.947258174296039e-05
random,11,1342,0.47705023804690333,0.15682350015330887,0.8621205279349449,0.06953050623304799,0.34400036659249317,0.3519831118797244,-2.161510362145726,2.161510362145726,12.80428768227422,4.016984329623198e-06,0.0,1.9337325762869284e-07,8.344621083010842e-05
random,11,1343,0.4770500349997583,0.15682336163506105,0.8621197664455965,0.06953051485872894,0.34400040926782477,0.3519786437490647,-2.1615120080142094,2.1615120080142094,12.804284282490213,4.217887140536714e-06,0.0,2.0304714504204568e-07,8.761852137161384e-05
random,11,1344,0.4770498217944957,0.15682321618896122,0.8621189668711179,0.06953052391433812,0.34400045407021507,0.3519739524054902,-2.1615137358690957,2.1615137358690957,12.804280712695736,4.428840588758892e-06,0.0,2.1320526261137118e-07,9.199944744019454e-05
random,11,1345,0.47704959792261836,0.15682306346841784,0.8621181273061589,0.06953053342123287,0.344000501105329,0.351969026708193,-2.1615155497782337,2.1615155497782337,12.804276964388634,4.6503477700815935e-06,0.0,2.2387187731398583e-07,9.659941981220427e-05
random,11,1346,0.4770493628501444,0.15682290310948938,0.8621172457499895,0.06953054340182425,0.3440005504840446,0.35196385496135835,-2.161517454009636,2.161517454009636,12.80427302864128,4.882936992993499e-06,0.0,2.35072473986353e-07,0.00010142939080281449
random,11,1347,0.4770491160163251,0.1568227347300147,0.8621163201017196,0.069530553879628,0.3440006023227054,0.35195842488661944,-2.161519453041161,2.161519453041161,12.804268896077762,5.12716304522462e-06,0.0,2.4683381927292913e-07,0.00010650086034295522
random,11,1348,0.4770488568323015,0.15682255792869992,0.8621153481552786,0.06953056487931844,0.34400065674338703,0.3519527235941624,-2.1615215515706363,2.1615215515706363,12.804264556855994,5.3836085242917135e-06,0.0,2.591840235766085e-07,0.00011182590336010298
random,11,1349,0.47704858467968975,0.15682237228415888,0.8621143275941409,0.06953057642678444,0.34400071387417397,0.35194673755240413,-2.161523754526458,2.161523754526458,12.804260000638614,5.652885235233848e-06,0.0,2.7215261177993e-07,0.00011741719852810814
random,11,1350,0.47704829890909717,0.1568221773539061,0.8621132559857896,0.06953058854918823,0.3440007738494506,0.35194045255618434,-2.1615260670786745,2.1615260670786745,12.804255216572983,5.93563565888436e-06,1.3877787807814457e-17,2.857705925785048e-07,0.00012328805845451354
random,11,1351,0.4770479988385628,0.15682197267329856,0.8621121307758991,0.06953060127502687,0.3440008368102055,0.3519338536933938,-2.16152849465058,2.16152849465058,12.804250193263181,6.232534494560299e-06,0.0,3.000705343647603e-07,0.00012945246137723924
random,11,1352,0.4770476837519185,0.15682175775442428,0.8621109492822252,0.06953061463419676,0.34400090290435015,0.3519269253099648,-2.1615310429308403,2.1615310429308403,12.804244918741867,6.54429028064317e-06,0.0,3.1508664427581934e-07,0.0001359250844461012
random,11,1353,0.4770473528970675,0.15682153208493532,0.8621097086881894,0.06953062865806074,0.34400097228705157,0.3519196509731476,-2.1615337178861633,2.1615337178861633,12.804239380444702,6.87164709720682e-06,0.0,3.30854851016138e-07,0.00014272133866840626
random,11,1354,0.47704700548417556,0.1568212951268217,0.862108406036139,0.06953064337951875,0.3440010451210812,0.351912013432987,-2.161536525774549,2.161536525774549,12.80423356517676,7.215386354961164e-06,0.0,3.4741289195450165e-07,0.00014985740560182658
random,11,1355,0.47704664068377045,0.15682104631512375,0.8621070382202685,0.0695306588330813,0.34400112157717894,0.3519039945819173,-2.1615394731591318,2.1615394731591318,12.804227459085263,7.576328674755891e-06,0.0,3.6480040510600276e-07,0.00015735027588191793
random,11,1356,0.47704625762474534,0.15682078505657956,0.8621056019791833,0.06953067505494655,0.3440012018344343,0.3518955754123796,-2.1615425669226394,2.1615425669226394,12.804221047621073,7.955335862477115e-06,0.0,3.8305902511082124e-07,0.00016521778967601384
random,11,1357,0.4770458553922599,0.1568205107282043,0.8621040938880906,0.06953069208308083,0.34400128608068464,0.351886735972377,-2.1615458142824946,2.1615458142824946,12.804214315510741,8.353312984115897e-06,0.0,4.022324854302539e-07,0.00017347867915981454
random,11,1358,0.47704543302553576,0.15682022267579793,0.8621025103505952,0.06953070995730269,0.3440013745129312,0.3518774553188552,-2.1615492228065842,2.1615492228065842,12.804207246711737,8.771210546263615e-06,0.0,4.2236672415096876e-07,0.00018215261311780526
random,11,1359,0.4770449895155396,0.15681992021237762,0.862100847590082,0.06953072871937088,0.34400146733777437,0.35186771146882617,-2.161552800429711,2.161552800429711,12.804199824384536,9.210026787411637e-06,0.0,4.4350999617304154e-07,0.00019126024377369555
random,11,1360,0.4770445238025473,0.15681960261653127,0.8620991016406646,0.069530748413076,0.34400156477186694,0.351857481348101,-2.1615565554707685,2.1615565554707685,12.80419203083931,9.670810085776472e-06,0.0,4.657129922813752e-07,0.00020082325596238034
random,11,1361,0.4770440347735865,0.15681926913068756,0.8620972683376752,0.06953076908433652,0.3440016670423894,0.35184674073755823,-2.1615604966506377,2.1615604966506377,12.804183847511872,1.015466148979319e-05,0.0,4.890289608261433e-07,0.00021086441876049937
random,11,1362,0.4770435212597446,0.15681891895929911,0.8620953433076767,0.06953079078129863,0.3440017743875437,0.3518354642167654,-2.161564633110879,2.161564633110879,12.804175254888916,1.0662737377474351e-05,0.0,5.135138418932428e-07,0.00022140763969852434
random,11,1363,0.4770429820333446,0.15681855126693348,0.8620933219579677,0.0695308135544408,0.34400188705707074,0.3518236251049634,-2.1615689744331346,2.1615689744331346,12.804166232519854,1.119625225138045e-05,0.0,5.39226399975945e-07,0.00023247802168345057
random,11,1364,0.4770424158049725,0.15681816517626834,0.8620911994655625,0.06953083745668266,0.3440020053127891,0.35181119539900035,-2.1615735306595223,2.1615735306595223,12.804156758845382,1.1756481676440001e-05,0.0,5.662283721341588e-07,0.00024410192276762312
random,11,1365,0.4770418212203536,0.156817759765983,0.8620889707655979,0.06953086254349831,0.3440021294291554,0.3517981457087589,-2.161578312313417,2.161578312313417,12.80414681142626,1.234476536770206e-05,0.0,5.945846188737391e-07,0.0002563070189060043
random,11,1366,0.4770411968570709,0.15681733406855003,0.862086630539195,0.06953088887303539,0.34400225969385356,0.35178444518820456,-2.1615833304222765,2.1615833304222765,12.804136366191635,1.2962510436245321e-05,0.0,6.243632826863355e-07,0.00026912236985130453
random,11,1367,0.4770405412211128,0.15681688706789632,0.8620841732005997,0.06953091650623625,0.34400239640839425,0.3517700614667181,-2.1615885965379835,2.1615885965379835,12.804125399256053,1.3611194801255305e-05,0.0,6.556359581355586e-07,0.00028257848834386975
random,11,1368,0.47703985274324423,0.15681641769700044,0.8620815928839753,0.06953094550697317,0.344002539888784,0.35175496056624433,-2.1615941227683035,2.1615941227683035,12.804113881463582,1.4292370777068697e-05,0.0,6.884778685489756e-07,0.00029670741276106323
random,11,1369,0.4770391297751928,0.1568159248351931,0.8620788834285612,0.06953097594215897,0.3440026904660722,0.3517391068498333,-2.1615999217760975,2.1615999217760975,12.804101794965959,1.5007668844471118e-05,0.0,7.229680514253545e-07,0.0003115427833991164
random,11,1370,0.47703837058563625,0.15681540730592647,0.8620760383664109,0.06953100788196792,0.3440028484874441,0.3517224628450398,-2.1616060068946523,2.1616060068946523,12.804089078278707,1.5758801615776935e-05,0.0,7.59189556553963e-07,0.00032711992256907225
random,11,1371,0.4770375733559853,0.15681486387218543,0.8620730508971651,0.06953104139967183,0.34400301431541025,0.3517049895136343,-2.161612391816872,2.161612391816872,12.804075819513589,1.6547568004186294e-05,0.0,7.972296509617394e-07,0.00034347591869752586
random,11,1372,0.47703673617594794,0.15681429324054125,0.8620699139103368,0.0695310765730266,0.3440031883346658,0.3516866447364441,-2.161619091974805,2.161619091974805,12.804061529943418,1.7375857608028367e-05,0.0,8.371800373496718e-07,0.0003606497146324022
random,11,1373,0.4770358570388644,0.15681369402802242,0.8620666198031873,0.06953111347915446,0.3440033709267711,0.35166738929892893,-2.1616261188005224,2.1616261188005224,12.804048052430446,1.8245655323137215e-05,0.0,8.791370835203871e-07,0.00037868220036402233
random,11,1374,0.4770349338368078,0.15681306489496566,0.8620631612110599,0.06953115221863342,0.3440035625893331,0.35164715920429923,-2.1616335059270924,2.1616335059270924,12.80402716246871,1.9159046228234593e-05,0.0,9.232020566352084e-07,0.00039761631038222345
random,11,1375,0.4770339643556093,0.15681240388537407,0.8620595273810693,0.06953119280036066,0.3440037633663705,0.35162599855640453,-2.1616411830614535,2.1616411830614535,12.804036761212222,2.0118221580344357e-05,0.0,9.694811984872764e-07,0.0004174971259013346
random,11,1376,0.47703294627482745,0.15681171179087988,0.8620557226651299,0.069531235733341,0.34400397577617126,0.35160337764165805,-2.1616496227809985,2.1616496227809985,12.803889683880149,2.1125509216873487e-05,0.0,1.0180807818449544e-06,0.00043837198219640137
random,11,1377,0.4770318773565148,0.15681097408770941,0.862051667220339,0.0695312788550083,0.3440041891194958,0.35158187118082007,-2.161656350133903,2.161656350133903,12.804547103779761,2.2184097712556738e-05,0.0,1.0689183126411095e-06,0.00046029058130622145
random,11,1378,0.47703076111956844,0.15681027559423774,0.8620478273267008,0.06953133746466389,0.34400447908923865,0.3515444970964236,-2.161677410556062,2.161677410556062,12.800063245319084,2.3336798276739085e-05,0.0,1.116236946374638e-06,0.00048330511037153256
random,11,1379,0.4770295787591157,0.15680939054322182,0.8620429618527868,0.06953137235534648,0.344004651709981,0.351534951343327,-2.1616714006699733,2.1616714006699733,12.815966565324102,2.452222373620436e-05,0.0,1.1823604527116949e-06,0.0005074703658901092
random,11,1380,0.4770295765984355,0.15680940473037208,0.8620430398451379,0.06953137921009356,0.34400468562366343,0.35153024194034654,-2.161676168102248,2.161676168102248,12.67929188972475,2.970734105976379e-07,1.3877787807814457e-17,2.1606802458329355e-09,2.081421422596151e-06
random,11,1381,0.47702956712423794,0.15680939764247323,0.862043000880167,0.06953137738551414,0.34400467659660433,0.35153094567429427,-2.161675289725212,2.161675289725212,12.803123762421846,1.2562581746363877e-07,1.3877787807814457e-17,9.474197537606699e-09,2.1854924937259588e-06
random,11,1382,0.47702956163850163,0.15680939375015182,0.8620429794825437,0.06953137731458169,0.34400467624566783,0.35153095836148507,-2.161675197606477,2.161675197606477,12.801155696323779,1.1221672426680124e-07,0.0,5.4857363096516565e-09,2.294767118412257e-06
random,11,1383,0.4770295558855121,0.1568093897105244,0.8620429572751214,0.06953137725713421,0.34400467596144796,0.3515309595645803,-2.161675111650776,2.161675111650776,12.800799589676847,1.1775372479595833e-07,1.3877787807814457e-17,5.7529895292063316e-09,2.4095054743328697e-06
random,11,1384,0.4770295498514706,0.1568093855181612,0.8620429342280501,0.06953137721454271,0.34400467575072763,0.3515309481412307,-2.1616750323853116,2.1616750323853116,12.800446633904649,1.2357179595710926e-07,0.0,6.034041488689468e-09,2.5299807480495133e-06
random,11,1385,0.4770295435217956,0.15680938116695367,0.862042910307749,0.06953137718809987,0.3440046756199024,0.3515309229931579,-2.1616749601455227,2.1616749601455227,12.8001001187869,1.2968599074719236e-07,0.0,6.329675006355728e-09,2.656479785451989e-06
random,11,1386,0.47702953688109984,0.15680937664997552,0.8620428854761416,0.06953137717897859,0.34400467557477504,0.3515308830983159,-2.1616748949575886,2.1616748949575886,12.799763559291495,1.3611197242259625e-07,1.3877787807814457e-17,6.640695771054084e-09,2.789303774724589e-06
random,11,1387,0.47702952991317127,0.15680937195934375,0.8620428596898919,0.06953137718819061,0.34400467562035125,0.3515308275434835,-2.16167483631465,2.16167483631465,12.799440566648164,1.4286597706619496e-07,0.0,6.967928567469528e-09,2.9287689634608185e-06
random,11,1388,0.47702952260095866,0.15680936708608945,0.8620428328996942,0.0695313772165491,0.3440046757606542,0.3515307555544388,-2.1616747826015463,2.1616747826015463,12.799134682216257,1.4996478561155739e-07,1.3877787807814457e-17,7.312212613186375e-09,3.0752074116338594e-06
random,11,1389,0.4770295149265586,0.15680936202004953,0.862042805049678,0.06953137726463943,0.3440046759985798,0.3515306665204203,-2.161674728420468,2.161674728420468,12.798849184198408,1.574257162707448e-07,0.0,7.674400059887176e-09,3.2289677822155527e-06
random,11,1390,0.477029506949072,0.15680935709208904,0.862042777958739,0.06953137756844409,0.3440046775016455,0.35153043331531103,-2.1616748235174024,2.1616748235174024,12.798586884972188,1.6416840015502912e-07,0.0,7.977486615740048e-09,3.3904161713263305e-06
random,11,1391,0.47702949862642235,0.1568093521013318,0.8620427505225813,0.06953137802690572,0.3440046797698724,0.351530116837266,-2.1616750181749893,2.1616750181749893,12.798789201858952,1.721519374890468e-07,0.0,8.322649625025491e-09,3.5599369798926474e-06
random,11,1392,0.47702948989640664,0.15680934680235373,0.8620427213920124,0.06953137849798877,0.3440046821005435,0.3515297972995953,-2.16167521041165,2.16167521041165,12.799233039092723,1.8066478559183224e-07,1.3877787807814457e-17,8.730015710334271e-09,3.73793382888728e-06
random,11,1393,0.47702948073759943,0.15680934118194442,0.8620426904944095,0.06953137898271046,0.3440046844986915,0.3515294739978451,-2.1616754006348873,2.1616754006348873,12.799639975737646,1.8961472778272389e-07,0.0,9.158807212639175e-09,3.924830520331644e-06
random,11,1394,0.4770294711276477,0.1568093352259679,0.8620426577520615,0.06953137948209227,0.34400468696937,0.35152914626048715,-2.1616755892071855,2.1616755892071855,12.800014321659171,1.990220369609127e-07,0.0,9.609951723277277e-09,4.121072046348226e-06
random,11,1395,0.4770294610431976,0.1568093289193789,0.8620426230822587,0.06953137999717118,0.34400468951770946,0.3515288134350853,-2.161675776458589,2.161675776458589,12.80035956744738,2.089083095010342e-07,0.0,1.0084450108305276e-08,4.327125648665638e-06
random,11,1396,0.47702945045982315,0.15680932224622673,0.8620425863973137,0.0695313805290091,0.3440046921489637,0.3515284748771945,-2.1616759626966235,2.1616759626966235,12.80067857826385,2.192964526295986e-07,1.3877787807814457e-17,1.0583374454586902e-08,4.5434819310989195e-06
random,11,1397,0.477029439351957,0.15680931518964936,0.8620425476045294,0.06953138107870112,0.34400469486855056,0.35152812994117527,-2.161676148214343,2.161676148214343,12.800973734555727,2.3021069394348853e-07,0.0,1.1107866126902621e-08,4.770656027653866e-06
random,11,1398,0.4770294276928211,0.1568093077318602,0.8620425066061259,0.06953138164738269,0.34400469768208786,0.3515277779723739,-2.1616763332970326,2.1616763332970326,12.801247036348526,2.4167660687768786e-07,0.0,1.1659135934483089e-08,5.00918882903656e-06
random,11,1399,0.4770294154543561,0.1568092998541287,0.862042463299134,0.06953138223623644,0.34400470059542637,0.3515274183002866,-2.161676518227922,2.161676518227922,12.801500182008553,2.537211481375723e-07,0.0,1.2238464963676421e-08,5.259648270488388e-06
random,11,1400,0.4770294026071509,0.15680929153675577,0.8620424175752602,0.06953138284649844,0.3440047036146818,0.3515270502324471,-2.161676703293171,2.161676703293171,12.801734628759311,2.6637270449521875e-07,0.0,1.2847205244082005e-08,5.522630684012807e-06
random,11,1401,0.47702938912036746,0.15680928275904424,0.8620423693207238,0.06953138347946433,0.344004706746264,0.3515266730488506,-2.161676888786292,2.161676888786292,12.801951639916274,2.7966114746139895e-07,0.0,1.3486783412286485e-08,5.798762218213448e-06
random,11,1402,0.4770293749616663,0.15680927349926568,0.8620423184160751,0.06953138413649503,0.3440047099969062,0.35152628599678637,-2.161677075012138,2.161677075012138,12.80215232230094,2.93617894764613e-07,0.0,1.4158701155952969e-08,6.088700329124121e-06
random,11,1403,0.4770293600971265,0.1568092637346225,0.8620422647359869,0.0695313848190225,0.3440047133736931,0.35152588828599163,-2.161677262290535,2.161677262290535,12.802337656284134,3.0827597785295987e-07,0.0,1.486453982124658e-08,6.393135345580327e-06
random,11,1404,0.4770293444911635,0.15680925344120633,0.8620422081490252,0.06953138552855542,0.34400471688408873,0.35152547908406906,-2.1616774509596137,2.1616774509596137,12.802508520207697,3.23670115177309e-07,1.3877787807814457e-17,1.560596296634742e-08,6.712792112859344e-06
random,11,1405,0.47702932810644366,0.15680924259395218,0.8620421485173981,0.06953138626668462,0.3440047205359637,0.35152505751213464,-2.1616776413788665,2.1616776413788665,12.802665710459474,3.398367908788274e-07,0.0,1.6384719858653085e-08,7.048431718502312e-06
random,11,1406,0.4770293109037935,0.15680923116658846,0.8620420856966804,0.06953138703508857,0.3440047243376222,0.3515246226406798,-2.161677833931949,2.161677833931949,12.80280995812656,3.5681433886992437e-07,0.0,1.720265013771538e-08,7.400853304427428e-06
random,11,1407,0.4770292928421067,0.15680921913158244,0.8620420195355136,0.06953138783553886,0.34400472829782913,0.35152417348564574,-2.1616780290292184,2.1616780290292184,12.802941942907191,3.746430322215615e-07,0.0,1.806168681284248e-08,7.7708959696488e-06
random,11,1408,0.4770292738782448,0.15680920646008112,0.8620419498752816,0.06953138866990549,0.3440047324258363,0.3515237090047216,-2.1616782271100057,2.1616782271100057,12.803062304776194,3.9336517788375316e-07,0.0,1.8963861925236358e-08,8.15944076813124e-06
random,11,1409,0.47702925396693413,0.1568091931218471,0.8620418765497574,0.06953138954016207,0.344004736731408,0.35152322809388,-2.161678428644591,2.161678428644591,12.803171653765515,4.130252168676769e-07,0.0,1.991131065581797e-08,8.567412806537803e-06
random,11,1410,0.47702923306065714,0.15680917908518907,0.8620417993847215,0.06953139044839096,0.34400474122484676,0.35152272958417574,-2.161678634135873,2.161678634135873,12.803270578112572,4.336698299706627e-07,0.0,2.090627698736469e-08,8.995783446864693e-06
random,11,1411,0.4770292111095391,0.15680916431688674,0.8620417181975487,0.06953139139678836,0.3440047459170182,0.3515222122388301,-2.1616788441206882,2.1616788441206882,12.803359650958846,4.5534804922389487e-07,1.3877787807814457e-17,2.19511180343801e-08,9.445572619207927e-06
random,11,1412,0.4770291880612279,0.1568091487821097,0.8620416327967626,0.06953139238766907,0.34400475081937465,0.3515216747506249,-2.161679059170774,2.161679059170774,12.803439435715449,4.781113751157204e-07,0.0,2.30483112040325e-08,9.917851250168323e-06
random,11,1413,0.4770291638607691,0.15680913244432998,0.8620415429815547,0.06953139342347124,0.3440047559439789,0.3515211157396253,-2.1616792798933377,2.1616792798933377,12.80351049017574,5.020138999058438e-07,1.3877787807814457e-17,2.420045880358046e-08,1.041374381267674e-05
random,11,1414,0.47702913845047407,0.15680911526522812,0.8620414485412676,0.06953139450676092,0.3440047613035263,0.3515205337512409,-2.161679506931226,2.161679506931226,12.803573369421763,5.271124372262254e-07,0.0,2.5410295034777874e-08,1.0934431003310577e-05
random,11,1415,0.4770291117697819,0.15680909720459224,0.8620413492548411,0.06953139564023648,0.3440047669113671,0.3515199272546268,-2.1616797409626893,2.1616797409626893,12.80362862756337,5.534666580333845e-07,0.0,2.668069215561175e-08,1.1481152553476107e-05
random,11,1416,0.4770290837551137,0.15680907822021015,0.8620412448902178,0.06953139682673283,0.34400477278152686,0.35151929464140513,-2.161679982700756,2.161679982700756,12.803676818331162,5.811392333784413e-07,1.3877787807814457e-17,2.8014668196352233e-08,1.2055210181149912e-05
random,11,1417,0.47702905433972076,0.1568090582677544,0.8620411352037125,0.06953139806922568,0.34400477892872783,0.35151863422467305,-2.1616802328922358,2.1616802328922358,12.803718494572806,6.101959841433516e-07,0.0,2.9415392954756925e-08,1.2657970690207409e-05
random,11,1418,0.47702902345352377,0.15680903730066006,0.8620410199393393,0.06953139937083554,0.34400478536840867,0.35151794423824323,-2.1616804923164152,2.1616804923164152,12.803754206702404,6.407060380474077e-07,0.0,3.08861969888774e-08,1.329086922471778e-05
random,11,1419,0.4770289910229462,0.15680901526999588,0.862040898828104,0.06953140073483217,0.34400479211674645,0.3515172228360329,-2.1616807617835003,2.1616807617835003,12.803784500187387,6.727419943887754e-07,0.0,3.243057755675238e-08,1.395541268595367e-05
random,11,1420,0.47702895697073666,0.15680899212432808,0.8620407715872548,0.06953140216463875,0.3440047991906772,0.35151646809150566,-2.16168104213291,2.16168104213291,12.803809912201297,7.063800967533221e-07,0.0,3.405220955210453e-08,1.4653183320251356e-05
random,11,1421,0.47702892121578466,0.15680896780957818,0.8620406379195008,0.06953140366383646,0.3440048066079188,0.3515156779970405,-2.1616813342315186,2.1616813342315186,12.803830967594827,7.417004142059106e-07,0.0,3.5754951999145135e-08,1.5385842486263925e-05
random,11,1422,0.4770288836729268,0.1568089422688741,0.8620404975121941,0.06953140523616969,0.3440048143869964,0.3515148504630924,-2.1616816389719844,2.1616816389719844,12.80384817439096,7.787870314000034e-07,0.0,3.75428578780479e-08,1.615513461057712e-05
random,11,1423,0.47702884425274206,0.156808915442396,0.8620403500364814,0.0695314068855513,0.34400482254726894,0.3515139833169976,-2.1616819572712855,2.1616819572712855,12.803862019040462,8.177282481693166e-07,0.0,3.94201847275788e-08,1.6962891341105977e-05
random,11,1424,0.4770288028613389,0.15680888726721617,0.8620401951464242,0.069531408616069,0.3440048311089602,0.35151307430127227,-2.1616822900696078,2.1616822900696078,12.803872961699765,8.586167890177671e-07,0.0,4.139140313830225e-08,1.7811035908161277e-05
random,11,1425,0.4770287594001311,0.1568088576771341,0.8620400324780922,0.06953141043199243,0.344004840093194,0.35151212107126495,-2.1616826383297068,2.1616826383297068,12.803881431811039,9.01550023085327e-07,1.3877787807814457e-17,4.346120779930018e-08,1.8701587703569342e-05
random,11,1426,0.4770287137656018,0.1568088266025063,0.862039861648628,0.06953141233778086,0.34400484952203253,0.35151112119203953,-2.161683003036859,2.161683003036859,12.803887824249623,9.466301953810285e-07,0.0,4.563452932204726e-08,1.963666708874781e-05
random,11,1427,0.4770286658490563,0.15680879397007155,0.8620396822552855,0.06953141433809232,0.3440048594185213,0.35151007213439334,-2.1616833851994763,2.1616833851994763,12.803892496286574,9.93964669575319e-07,0.0,4.791654550917457e-08,2.06185004431852e-05
random,11,1428,0.47702861553636305,0.15680875970277053,0.8620394938744393,0.06953141643779354,0.34400486980673833,0.35150897126994646,-2.1616837858504496,2.1616837858504496,12.80389576555609,1.0436661831228927e-06,1.3877787807814457e-17,5.031269323385601e-08,2.1649425465344463e-05
random,11,1429,0.47702856270768135,0.1568087237195603,0.8620392960605647,0.06953141864197117,0.3440048807118497,0.35150781586528823,-2.1616842060492143,2.1616842060492143,12.80389790916248,1.0958531154430417e-06,0.0,5.282868170697341e-08,2.2731896738611687e-05
random,11,1430,0.47702850723717527,0.1568086859352227,0.8620390883451838,0.06953142095594396,0.3440048921601698,0.35150660307519704,-2.16168464688452,2.16168464688452,12.803899163966946,1.1506497696396277e-06,0.0,5.54705060773486e-08,2.386849157554227e-05
random,11,1431,0.4770284489927131,0.1568086462601654,0.8620388702357722,0.06953142338527604,0.3440049041792269,0.35150532993499445,-2.161685109477843,2.161685109477843,12.80389972802216,1.2081866684952524e-06,1.3877787807814457e-17,5.824446214219847e-08,2.5061916154319386e-05
random,11,1432,0.47702838783555324,0.1568086046002153,0.8620386412146234,0.06953142593579134,0.34400491679783485,0.351503993352129,-2.1616855949873286,2.1616855949873286,12.803899763034824,1.2686008654896194e-06,0.0,6.115715989185588e-08,2.6315011962035357e-05
random,11,1433,0.4770283236200118,0.15680856085640257,0.862038400737661,0.0695314286135887,0.34400493004616745,0.3515025900970996,-2.161686104612163,2.161686104612163,12.803899397661418,1.332036271444514e-06,0.0,6.421554143987152e-08,2.7630762560137127e-05
random,11,1434,0.477028256193116,0.15680851492473438,0.8620381482331959,0.06953143142505792,0.34400494395583814,0.3515011167938437,-2.161686639597238,2.161686639597238,12.803898731399833,1.3986439977054095e-06,0.0,6.742689578898009e-08,2.9012300688143986e-05
random,11,1435,0.477028185394239,0.1568084666959572,0.8620378831006181,0.06953143437689666,0.34400495855998325,0.35149956990970727,-2.1616872012379873,2.1616872012379873,12.803897838810418,1.4685827165552341e-06,1.3877787807814457e-17,7.079887698324683e-08,3.0462915722551187e-05
random,11,1436,0.4770281110547167,0.15680841605530565,0.8620376047090174,0.06953143747612778,0.34400497389334844,0.3514979457451006,-2.161687790885287,2.161687790885287,12.803896773800384,1.5420190397210139e-06,0.0,7.433952231572505e-08,3.198606150867875e-05
random,11,1437,0.4770280329974445,0.1568083628822383,0.8620373123957298,0.06953144073011738,0.34400498999237716,0.3514962404229176,-2.1616884099503353,2.1616884099503353,12.803895573735183,1.6191279159264857e-06,0.0,7.805727220144831e-08,3.358536458411269e-05
random,11,1438,0.4770279510364558,0.15680830705015777,0.8620370054647999,0.06953144414659362,0.3440050068953043,0.35149444987776113,-2.1616890599094525,2.1616890599094525,12.803894263184416,1.700093048374147e-06,1.3877787807814457e-17,8.196098871815494e-08,3.526463281331832e-05
random,11,1439,0.4770278649764773,0.15680824842611563,0.8620366831853575,0.06953144773366587,0.3440050246422507,0.35149256984499144,-2.1616897423087815,2.1616897423087815,12.80389285717463,1.7851073331465791e-06,0.0,8.605997847688229e-08,3.7027864453984235e-05
random,11,1440,0.4770277746124631,0.15680818687050035,0.8620363447899035,0.06953145149984463,0.3440050432753219,0.351490595849577,-2.1616904587688857,2.1616904587688857,12.80389136387843,1.8743733197500012e-06,0.0,9.036401421580464e-08,3.887925767668345e-05
random,11,1441,0.4770276797291051,0.1568081222367085,0.8620359894725009,0.06953145545406224,0.3440050628387104,0.3514885231947051,-2.1616912109892756,2.1616912109892756,12.80388978672954,1.968103694484937e-06,0.0,9.488335800389436e-08,4.082322056051762e-05
random,11,1442,0.4770275801003189,0.1568080543707978,0.8620356163868683,0.06953145960569419,0.34400508337880126,0.3514863469500935,-2.1616920007529035,2.1616920007529035,12.80388812601023,2.0665217884584137e-06,0.0,9.96287861654288e-08,4.286438158854351e-05
random,11,1443,0.47702747548870394,0.15680798311112185,0.8620352246443718,0.06953146396458143,0.3440051049442822,0.3514840619399308,-2.1616928299306766,2.1616928299306766,12.803886379974267,2.1698621107033416e-06,0.0,1.0461161498165339e-07,4.500760066797068e-05
random,11,1444,0.4770273656449761,0.156807908287946,0.8620348133119133,0.06953146854105356,0.34400512758625873,0.35148166273037634,-2.1616937004860435,2.1616937004860435,12.803884545601605,2.2783709083822118e-06,0.0,1.0984372783573448e-07,4.725798070136922e-05
random,11,1445,0.47702725030737286,0.156807829723043,0.8620343814097075,0.06953147334595312,0.344005151358374,0.3514791436165455,-2.1616946144796954,2.1616946144796954,12.80388261907191,2.3923067549140427e-06,0.0,1.1533760324589082e-07,4.9620879736437685e-05
random,11,1446,0.4770271292010272,0.15680774722926866,0.8620339279089488,0.06953147839066093,0.34400517631693434,0.3514764986089218,-2.1616955740744332,2.1616955740744332,12.803880596042188,2.5119411677123822e-06,0.0,1.211063456740824e-07,5.210192372325957e-05
random,11,1447,0.477027002037311,0.15680766061011522,0.8620334517293571,0.06953148368712263,0.3440052025210405,0.3514737214191362,-2.161696581540226,2.161696581540226,12.803878471795478,2.6375592570553577e-06,0.0,1.2716371616816602e-07,5.470701990942256e-05
random,11,1448,0.477026868513145,0.15680756965924297,0.8620329517366013,0.06953148924787653,0.34400523003272543,0.351470805445064,-2.161697639259492,2.161697639259492,12.80387624131002,2.769460407334028e-06,0.0,1.3352416600165284e-07,5.744237090489369e-05
random,11,1449,0.47702672831027493,0.156807474159988,0.8620324267395949,0.06953149508608285,0.344005258917099,0.35146774375519535,-2.161698749732627,2.161698749732627,12.803873899286442,2.907958992769185e-06,0.0,1.4020287009142152e-07,6.031448945013838e-05
random,11,1450,0.47702658109450924,0.15680737388484503,0.8620318754876517,0.06953150121555418,0.34400528924249857,0.3514645290722357,-2.1616999155837835,2.1616999155837835,12.803871440150624,3.053385128965541e-06,0.0,1.4721576568899053e-07,6.33302139226453e-05
random,11,1451,0.47702642651492105,0.1568072685949249,0.8620312966675039,0.06953150765078761,0.3440053210806482,0.35146115375589676,-2.1617011395669334,2.1617011395669334,12.803868858047087,3.206085462349305e-06,0.0,1.5457958818521078e-07,6.649672461877756e-05
random,11,1452,0.4770262642030082,0.15680715803938405,0.8620306889001659,0.06953151440699833,0.3440053545068245,0.3514576097848355,-2.1617024245722183,2.1617024245722183,12.803866146826376,3.3664239992211565e-06,1.3877787807814457e-17,1.623119128546513e-07,6.982156084971644e-05
random,11,1453,0.4770260937718112,0.15680704195482614,0.862030050737644,0.06953152150015472,0.34400538960003085,0.35145388873769967,-2.161703773632598,2.161703773632598,12.803863300031662,3.534782976652186e-06,0.0,1.7043119698856302e-07,7.331263889220226e-05
random,11,1454,0.47702591481498763,0.15680692006467323,0.8620293806594804,0.06953152894701546,0.34400542644318016,0.35144998177323644,-2.1617051899308213,2.1617051899308213,12.803860310883152,3.711563777072568e-06,0.0,1.789568235821548e-07,7.697827083681238e-05
random,11,1455,0.4770257269058389,0.15680679207850529,0.8620286770691221,0.06953153676516793,0.34400546512328567,0.3514458796094152,-2.161706676806723,2.161706676806723,12.80385717226088,3.897187889035668e-06,0.0,1.8790914874111664e-07,8.0827184378653e-05
random,11,1456,0.4770255295962891,0.15680665769136695,0.8620279382901092,0.06953154497306897,0.34400550573166205,0.35144157250152164,-2.1617082377648678,2.1617082377648678,12.80385387669001,4.092097916301747e-06,0.0,1.9730954980978765e-07,8.486854359758566e-05
random,11,1457,0.4770253224158107,0.15680651658303932,0.8620271625620722,0.06953155359008711,0.3440055483641346,0.3514370502191692,-2.1617098764825573,2.1617098764825573,12.803850416321616,4.296758637797565e-06,0.0,2.0718047838430564e-07,8.911197077746495e-05
random,11,1458,0.4770251048702984,0.1568063684172749,0.8620263480365266,0.06953156263654721,0.34400559312126006,0.3514323020221735,-2.161711596818208,2.161711596818208,12.803846782913011,4.511658120959136e-06,0.0,2.1754551227104457e-07,9.35675693163382e-05
random,11,1459,0.4770248764408839,0.15680621284099475,0.862025492772458,0.06953157213377685,0.34400564010855605,0.35142731663524124,-2.161713402820128,2.161713402820128,12.803842967810944,4.737308891303408e-06,0.0,2.2842941449496834e-07,9.82459477821551e-05
random,11,1460,0.47702463658269245,0.15680604948344454,0.8620245947316842,0.06953158210415522,0.34400568943674303,0.35142208222140786,-2.1617152987356985,2.1617152987356985,12.803838961927884,4.9742491608980465e-06,0.0,2.398581914753173e-07,0.00010315824517126287
random,11,1461,0.4770243847235353,0.15680587795530881,0.8620236517739848,0.0695315925711641,0.34400574122199656,0.35141658635416817,-2.161717289020988,2.161717289020988,12.803834755721683,5.223044118933277e-06,0.0,2.5185915714098783e-07,0.00010831615742982601
random,11,1462,0.47702412026253804,0.1568056978477806,0.8620226616519867,0.06953160355944141,0.344005795586212,0.3514108159882373,-2.161719378350805,2.161719378350805,12.803830339174423,5.484287287344616e-06,0.0,2.644609972679568e-07,0.00011373196530131731
random,11,1463,0.4770238425686972,0.15680550873158394,0.8620216220057912,0.06953161509483699,0.3440058526572809,0.35140475742887006,-2.1617215716292226,2.1617215716292226,12.803825701764486,5.7586019450241235e-06,0.0,2.7769384086662185e-07,0.00011941856356638318
random,11,1464,0.4770235509793656,0.15680531015594773,0.862020530357332,0.06953162720447134,0.34400591256938107,0.3513983962996775,-2.1617238740005797,2.1617238740005797,12.803820832446592,6.046642624000748e-06,0.0,2.91589331569142e-07,0.00012538949174470233
random,11,1465,0.4770232447986607,0.15680510164752764,0.8620193841044487,0.06953163991679683,0.34400597546327993,0.351391717508859,-2.1617262908609893,2.1617262908609893,12.803815719620063,6.349096681210836e-06,0.0,3.0618070490096017e-07,0.00013165896633193745
random,11,1466,0.47702292329579216,0.15680488270927387,0.8620181805146631,0.0695316532616618,0.3440060414866514,0.35138470521378246,-2.16172882787037,2.16172882787037,12.803810351106028,6.666685949882114e-06,0.0,3.215028685499277e-07,0.0001382419146485343
random,11,1467,0.4770225857033044,0.15680465281924202,0.8620169167186412,0.06953166727037766,0.34400611079440785,0.351377342783827,-2.1617314909650194,2.1617314909650194,12.803804714115202,7.000168474456428e-06,0.0,3.375924877424552e-07,0.00014515401038096102
random,11,1468,0.47702223121523124,0.15680441142934404,0.8620155897033274,0.06953168197578899,0.344006183549047,0.35136961276140705,-2.1617342863707543,2.1617342863707543,12.803798795218388,7.350340333535776e-06,0.0,3.544880731731759e-07,0.00015241171090000908
random,11,1469,0.4770218589851546,0.15680415796403613,0.8620141963047304,0.0695316974123469,0.34400625992101475,0.35136149682109197,-2.1617372206166414,2.1617372206166414,12.803792580314486,7.718037555027115e-06,0.0,3.722300766506592e-07,0.00016003229644500955
random,11,1470,0.47702146812416846,0.15680389181894086,0.86201273320035,0.06953171361618572,0.3440063400890848,0.3513529757267299,-2.161740300549332,2.161740300549332,12.803786054597264,8.10413812865744e-06,0.0,3.9086098613250186e-07,0.00016803391126726002
random,11,1471,0.4770210576987351,0.15680361235939963,0.8620111969012176,0.06953173062520306,0.34400642424075456,0.35134402928647773,-2.1617435333480346,2.1617435333480346,12.803779202517969,8.50956412050562e-06,0.0,4.104254333614499e-07,0.00017643560683062304
random,11,1472,0.47702062672843576,0.15680331891895213,0.8620095837435386,0.06953174847914353,0.3440065125726595,0.3513346363056456,-2.161746926540137,2.161746926540137,12.803772007752345,8.93528389511008e-06,0.0,4.3097029933658604e-07,0.0001852573871721542
random,11,1473,0.4770201741836049,0.1568030107977393,0.8620078898799123,0.06953176721968622,0.34400660529100585,0.35132477453724054,-2.1617504880175145,2.1617504880175145,12.803764453155784,9.382314450343518e-06,0.0,4.5254483088674746e-07,0.0001945202565307619
random,11,1474,0.47701969898284463,0.15680268726082552,0.862006111270108,0.06953178689053596,0.344006702612022,0.351314420630118,-2.1617542260535285,2.1617542260535285,12.803756520729506,9.851723871305458e-06,0.0,4.7520076024154534e-07,0.00020424626935730002
random,11,1475,0.4770191999904132,0.15680234753643627,0.8620042436713773,0.06953180753751864,0.34400680476243045,0.3513035500746037,-2.1617581493207676,2.1617581493207676,12.803748191568372,1.0344633909096123e-05,1.3877787807814457e-17,4.989924314302563e-07,0.00021445858282516503
random,11,1476,0.4770186760134786,0.15680199081410662,0.8620022826282756,0.06953182920868066,0.34400691197993943,0.3512921371455069,-2.161762266909512,2.161762266909512,12.803739445830395,1.0862222691065826e-05,0.0,5.239769346188083e-07,0.0002251815119664233
random,11,1477,0.4770181257992332,0.15680161624273634,0.8620002234619697,0.0695318519543927,0.34400702451375664,0.3512801548423322,-2.161766588347011,2.161766588347011,12.803730262661384,1.1405727569379847e-05,0.0,5.502142453872594e-07,0.00023644058756474448
random,11,1478,0.47701754803186147,0.15680122292854648,0.8619980612590047,0.06953187582745791,0.34400714262512433,0.35126757482670684,-2.16177112361747,2.16177112361747,12.803720620204684,1.1976448114983353e-05,0.0,5.777673717233256e-07,0.0002482626169429817
random,11,1479,0.47701694132935013,0.15680080993293322,0.861995790859506,0.06953190088322476,0.3440072665878775,0.3512543673565526,-2.1617758831830685,2.1617758831830685,12.803710495411709,1.2575749264817964e-05,1.3877787807814457e-17,6.067025113409841e-07,0.0002606757477901308
random,11,1480,0.4770163042401378,0.15680037627021073,0.8619934068447703,0.06953192717970423,0.344007396689024,0.3512405012177205,-2.161780878005242,2.161780878005242,12.803699864326388,1.3205064630034487e-05,0.0,6.370892123297445e-07,0.00027370953517963733
random,11,1481,0.4770156352395904,0.15679992090524766,0.8619909035242732,0.06953195477769322,0.3440075332293549,0.3512259436505922,-2.161786119568459,2.161786119568459,12.803688701126386,1.3865899973702904e-05,0.0,6.690005474041527e-07,0.0002873950119386192
random,11,1482,0.4770149327262976,0.15679944275095853,0.8619882749218777,0.06953198374089865,0.34400767652405856,0.3512106602784229,-2.1617916198999536,2.1617916198999536,12.803676980628033,1.4559836867073897e-05,0.0,7.025132928162314e-07,0.0003017647625355502
random,11,1483,0.4770141950181767,0.15679894066575079,0.8619855147618,0.06953201413608097,0.3440078269034305,0.3511946150153902,-2.1617973916061883,2.1617973916061883,12.803664670397366,1.528853653359885e-05,1.3877787807814457e-17,7.377081208681524e-07,0.00031685300066232775
random,11,1484,0.4770134203483787,0.1567984134505563,0.8619826164522906,0.06953204603315355,0.3440079847133654,0.3511777700282011,-2.1618034478558443,2.1618034478558443,12.803651756219296,1.6053743890731414e-05,0.0,7.746697980315354e-07,0.0003326956506954441
random,11,1485,0.47701260686097924,0.15679785984676273,0.8619795730742617,0.06953207950546911,0.34400815031677384,0.35116008548334543,-2.161809802563335,2.161809802563335,12.803638153006434,1.6857291799972197e-05,0.0,8.134873994425362e-07,0.00034933043323021637
random,11,1486,0.47701175260645157,0.1567972785299265,0.8619763773467255,0.0695321146294,0.34400832409150606,0.351141520114066,-2.1618164697918045,2.1618164697918045,12.803624035839782,1.770110553611925e-05,0.0,8.542545276712943e-07,0.0003667969548917272
random,11,1487,0.47701085553690203,0.15679666812032247,0.8619730216847898,0.06953215148689404,0.3440085064429968,0.35112202834569717,-2.161823466417586,2.161823466417586,12.80360852729013,1.8587207487862863e-05,0.0,8.970695495325032e-07,0.00038513680263631354
random,11,1488,0.47700991350106164,0.15679602711785895,0.8619694978418599,0.06953219015484598,0.34400869775168075,0.3511015726836081,-2.1618308003139304,2.1618308003139304,12.803595237130525,1.9517722108454015e-05,0.0,9.420358403899876e-07,0.0004043936427681292
random,11,1489,0.4770089242390512,0.15679535419342078,0.8619657985112664,0.06953223075678332,0.34400889862870704,0.35108006397043645,-2.1618385269507754,2.1618385269507754,12.803567388986242,2.0494881290404596e-05,0.0,9.892620104201555e-07,0.0004246133249065357
random,11,1490,0.47700788537787764,0.1567946466913759,0.8619619090939544,0.06953227320209893,0.3440091086257993,0.3510576635039489,-2.1618464627435694,2.1618464627435694,12.803606397257669,2.1521034544426245e-05,1.3877787807814457e-17,1.0388611735856479e-06,0.00044584399115186254
random,11,1491,0.4770067944581312,0.15679390870990845,0.8619578521192554,0.06953231859804866,0.3440093332210769,0.3510331512509692,-2.1618557326284957,2.1618557326284957,12.803288491884862,2.2598801919309063e-05,0.0,1.0909197464270548e-06,0.0004681361907094557
random,11,1492,0.47700565058864547,0.15679310639677582,0.861953441488063,0.06953236144553013,0.34400954520787425,0.35101313107240395,-2.1618600299204505,2.1618600299204505,12.80484982749309,2.3735290618793535e-05,0.0,1.1438694857424103e-06,0.0004915430002449285
random,11,1493,0.47700454889007093,0.15679261399181424,0.86195073454411,0.06953248104588317,0.3440101369275023,0.350926255841674,-2.161928747009571,2.161928747009571,12.78711620562848,2.5737406270911726e-05,1.3877787807814457e-17,1.101698574534904e-06,0.000516120150257175
random,11,1494,0.47700318561895766,0.1567914245173621,0.8619441955347036,0.06953246145437314,0.3440100399990173,0.35096067360188044,-2.1618781602803754,2.1618781602803754,12.829174969638302,2.6969223687007585e-05,0.0,1.3632711132749442e-06,0.0005419261577700338
random,11,1495,0.4770031835300105,0.15679143968715667,0.8619442789290372,0.0695324687720495,0.34401007620303026,0.3509556645478462,-2.16188323144733,2.16188323144733,12.678612826537869,3.17364172178302e-07,1.3877787807814457e-17,2.0889471818996697e-09,2.222744006478654e-06
random,11,1496,0.47700317331961345,0.15679143201722992,0.86194423676443,0.06953246677555702,0.34401006632543585,0.35095643844290225,-2.161882269930151,2.161882269930151,12.803042826490401,1.3480446079729623e-07,0.0,1.0210397027865525e-08,2.333881206802587e-06
random,11,1497,0.4770031674180794,0.1567914277843014,0.8619442134943552,0.06953246665993132,0.34401006575338067,0.3509564729455141,-2.161882149668688,2.161882149668688,12.801010040275234,1.202846878498221e-07,1.3877787807814457e-17,5.901534039232104e-09,2.4505752671427166e-06
random,11,1498,0.4770031612315167,0.1567914233984055,0.8619441893833585,0.06953246655965603,0.3440100652572713,0.35095649427236475,-2.1618820366619502,2.1618820366619502,12.800596406059151,1.261939399855858e-07,1.3877787807814457e-17,6.186562706567145e-09,2.5731040304998528e-06
random,11,1499,0.47700315474508503,0.1567914188546165,0.8619441644043614,0.06953246647647905,0.34401006484575536,0.35095650096781417,-2.161881931602858,2.161881931602858,12.800184286864855,1.3240423879375573e-07,1.3877787807814457e-17,6.486431669561199e-09,2.7017592320248456e-06
random,11,1500,0.4770031479430506,0.15679141414723768,0.8619441385260466,0.06953246641204659,0.34401006452697747,0.3509564916305873,-2.161881834913711,2.161881834913711,12.799777835494394,1.3893225811273521e-07,0.0,6.802034435704485e-09,2.836847193626088e-06
random,11,1501,0.4770031408087633,0.15679140926960203,0.8619441117117628,0.06953246636784023,0.34401006430826764,0.3509564649621871,-2.161881746546978,2.161881746546978,12.799381619226907,1.4579531756559161e-07,0.0,7.1342872720592254e-09,2.9786895533073926e-06
random,11,1502,0.47700313332464345,0.15679140421386853,0.8619440839184052,0.06953246634511288,0.3440100641958247,0.3509564198173631,-2.1618816655493442,2.1618816655493442,12.7990004520078,1.5301128968674584e-07,0.0,7.484119879386242e-09,3.1276240309727623e-06
random,11,1503,0.47700312547217816,0.15679139897083152,0.8619440550953663,0.06953246634482964,0.3440100641944233,0.3509563552519093,-2.161881588590465,2.161881588590465,12.798639158584784,1.605985167010995e-07,0.0,7.852465289115429e-09,3.2840052325214006e-06
random,11,1504,0.4770031172671143,0.15679139367493478,0.8619440259817367,0.06953246646787897,0.34401006480320667,0.35095621692751,-2.161881568100446,2.161881568100446,12.798302282791965,1.6792563680772384e-07,1.3877787807814457e-17,8.205063850574845e-09,3.4482054941474707e-06
random,11,1505,0.4770031087702349,0.1567913886085274,0.8619439981297005,0.06953246693008533,0.34401006708996057,0.35095589203393096,-2.161881768319495,2.161881768319495,12.79817573214007,1.754222458108437e-07,0.0,8.496879422281722e-09,3.6206157688548444e-06
random,11,1506,0.47700309985801265,0.1567913832269706,0.8619439685451638,0.069532467404613,0.34401006943767387,0.35095556434662767,-2.1618819657417436,2.1618819657417436,12.79863546025959,1.84090798511522e-07,0.0,8.91222223797783e-09,3.8016465572975868e-06
random,11,1507,0.47700309050851286,0.1567913775169541,0.8619439371549549,0.06953246789250486,0.3440100718515061,0.3509552331144505,-2.161882160813324,2.161882160813324,12.79905605940527,1.9320541290088873e-07,0.0,9.349499785482607e-09,3.991728885162466e-06
random,11,1508,0.47700308069886904,0.15679137146419303,0.8619439038805441,0.06953246839480194,0.34401007433660785,0.35095489762771664,-2.1618823539268632,2.1618823539268632,12.799442280388396,2.0278658352517586e-07,0.0,9.809643819469471e-09,4.191315329420589e-06
random,11,1509,0.4770030704052044,0.1567913650534522,0.8619438686381776,0.06953246891255617,0.34401007689818336,0.35095455720224045,-2.1618825454360957,2.1618825454360957,12.799797946410527,2.128561956805078e-07,0.0,1.0293664642890832e-08,4.4008810958916184e-06
random,11,1510,0.47700305960255496,0.156791358268555,0.8619438313389262,0.06953246944684065,0.3440100795415419,0.35095421116669623,-2.161882735667236,2.161882735667236,12.800126178002142,2.2343749964473154e-07,0.0,1.0802649441643553e-08,4.620925150686199e-06
random,11,1511,0.47700304826479867,0.15679135109238165,0.8619437918886758,0.06953246999875874,0.3440100822721423,0.35095385885230085,-2.161882924928098,2.161882924928098,12.800429554683499,2.3455511193376216e-07,1.3877787807814457e-17,1.133775628936462e-08,4.85197140822051e-06
random,11,1512,0.47700303636458197,0.15679134350685855,0.8619437501880686,0.06953247056945178,0.3440100850956312,0.35095349958413985,-2.161883113515593,2.161883113515593,12.800710233721631,2.4623503541773383e-07,0.0,1.19002167009441e-08,5.0945699786315355e-06
random,11,1513,0.4770030238732478,0.15679133549294055,0.8619437061324059,0.0695324711601064,0.3440100880178795,0.35095313267367306,-2.1618833017220593,2.1618833017220593,12.800970039096743,2.585046935118259e-07,0.0,1.2491334189235204e-08,5.349298477563113e-06
random,11,1514,0.47700301076076185,0.15679132703058768,0.8619436596115202,0.06953247177196105,0.34401009104501445,0.35095275741210125,-2.161883489840722,2.161883489840722,12.801210529354158,2.713929750380204e-07,0.0,1.3112485930388829e-08,5.6167634014412684e-06
random,11,1515,0.477002996995637,0.1567913180987368,0.8619436105096191,0.0695324724063124,0.34401009418345124,0.35095237306437066,-2.1618836781705006,2.1618836781705006,12.801433050208454,2.849302878485504e-07,0.0,1.3765124873277301e-08,5.897601571513332e-06
random,11,1516,0.47700298254485396,0.15679130867526822,0.8619435587051019,0.0695324730645213,0.3440100974399226,0.35095197886365875,-2.1618838670203027,2.1618838670203027,12.801638775947985,2.991486200129257e-07,0.0,1.4450783014652302e-08,6.192481650088999e-06
random,11,1517,0.47700296737378256,0.1567912987369686,0.8619435040703558,0.06953247374801874,0.34401010082150835,0.3509515740062343,-2.1618840567129185,2.1618840567129185,12.801828742486466,3.140816074174908e-07,0.0,1.5171071399144864e-08,6.502105732593449e-06
random,11,1518,0.4770029514460954,0.1567912882594889,0.8619434464715245,0.06953247445831165,0.34401010433566404,0.350951157646622,-2.161884247588566,2.161884247588566,12.80200387408805,3.2976460761272393e-07,0.0,1.592768716918158e-08,6.827211019223122e-06
random,11,1519,0.4770029347236807,0.1567912772172987,0.8619433857682572,0.06953247519698845,0.3440101079902482,0.35095072889302525,-2.16188444000814,2.16188444000814,12.802165005223923,3.4623477937006453e-07,0.0,1.672241467520763e-08,7.168571570184278e-06
random,11,1520,0.4770029171665509,0.1567912655836357,0.8619433218134311,0.06953247596572475,0.344010111793551,0.35095028680298634,-2.161884634356181,2.161884634356181,12.802312898629689,3.635311678017201e-07,0.0,1.755712980555657e-08,7.527000148693492e-06
random,11,1521,0.47700289873274554,0.15679125333045077,0.8619432544528489,0.06953247676628879,0.3440101157543207,0.3509498303792753,-2.1618848310435603,2.1618848310435603,12.802448260334701,3.8169479504056997e-07,0.0,1.8433805371032008e-08,7.903350156128167e-06
random,11,1522,0.47700287937823144,0.15679124042834827,0.8619431835249115,0.06953247760054694,0.3440101198817912,0.3509493585660138,-2.1618850305098896,2.1618850305098896,12.802571752233147,4.007687564763641e-07,0.0,1.9354514102509768e-08,8.298517663934575e-06
random,11,1523,0.47700285905679674,0.15679122684652125,0.8619431088602606,0.06953247847046906,0.3440101241857082,0.3509488702450491,-2.1618852332256226,2.1618852332256226,12.802684002609855,4.207983225179873e-07,0.0,2.0321434701653374e-08,8.713443547131304e-06
random,11,1524,0.47700283771994045,0.1567912125526812,0.8619430302813937,0.06953247937813357,0.3440101286763547,0.3509483642325989,-2.161885439693835,2.161885439693835,12.802785614915093,4.4183104623165855e-07,0.0,2.133685628180615e-08,9.14911572448787e-06
random,11,1525,0.47700281531675554,0.15679119751298187,0.8619429476022449,0.06953248032573268,0.3440101333645766,0.3509478392761901,-2.161885650451653,2.161885650451653,12.802877174997624,4.639168766470541e-07,1.3877787807814457e-17,2.2403184918307062e-08,9.606571510712264e-06
random,11,1526,0.47700279179380795,0.1567911816919375,0.8619428606277346,0.06953248131557727,0.3440101382618068,0.3509472940519175,-2.161885866071306,2.161885866071306,12.802959256937532,4.871082781323921e-07,0.0,2.352294758978246e-08,1.0086900086247878e-05
random,11,1527,0.47700276709500766,0.15679116505233384,0.8619427691532816,0.06953248235010165,0.34401014338008923,0.35094672716204023,-2.161886087160783,2.161886087160783,12.803032427574326,5.114603559594194e-07,0.0,2.4698800282774158e-08,1.0591245090560273e-05
random,11,1528,0.47700274116147495,0.15679114755513307,0.8619426729642796,0.06953248343186819,0.344010148732101,0.3509461371329302,-2.161886314364068,2.161886314364068,12.803097249787196,5.370309882957286e-07,0.0,2.593353271018728e-08,1.1120807345088286e-05
random,11,1529,0.47700271393139837,0.15679112915937132,0.8619425718355341,0.06953248456357174,0.3440101543311748,0.350945522413373,-2.161886548360961,2.161886548360961,12.803154284574703,5.63880964703159e-07,0.0,2.72300765824518e-08,1.1676847712342701e-05
random,11,1530,0.4770026853398876,0.15679110982204925,0.8619424655306609,0.06953248574804399,0.3440101601913204,0.35094488137320756,-2.161886789866487,2.161886789866487,12.803204091961733,5.920741315633382e-07,0.0,2.8591510770059614e-08,1.2260690097959837e-05
random,11,1531,0.4770026553188168,0.15679108949801504,0.8619423538014425,0.06953248698825754,0.34401016632724457,0.3509442123022722,-2.161887039629915,2.161887039629915,12.803247230777467,6.216775446961181e-07,0.0,3.002107079597138e-08,1.2873724602857829e-05
random,11,1532,0.477002623796662,0.15679106813984034,0.8619422363871466,0.06953248828733015,0.34401017275437246,0.35094351340960317,-2.161887298433445,2.161887298433445,12.803284257357392,6.527616293073079e-07,0.0,3.152215483082088e-08,1.3517410833000721e-05
random,11,1533,0.47700259069832945,0.15679104569768873,0.8619421130138029,0.06953248964852886,0.3440101794888676,0.35094278282280916,-2.1618875670906195,2.1618875670906195,12.80331572325261,6.854003478475836e-07,1.3877787807814457e-17,3.3098332519188034e-08,1.4193281374650758e-05
random,11,1534,0.4770025559449758,0.15679102211917736,0.8619419833934421,0.0695324910752743,0.3440101865476535,0.3509420185875199,-2.1618878464445546,2.1618878464445546,12.803342172060765,7.196713760254298e-07,0.0,3.4753353639338513e-08,1.4902945443383297e-05
random,11,1535,0.47700251945381905,0.15679099734923158,0.8619418472232971,0.0695324925711452,0.34401019394843574,0.3509412186667923,-2.161888137366099,2.161888137366099,12.803364135535242,7.556562873677486e-07,0.0,3.649115676296333e-08,1.5648092715552463e-05
random,11,1536,0.4770024811379406,0.15679097132993325,0.8619417041849694,0.0695324941398833,0.34401020170972657,0.3509403809403272,-2.1618884407520484,2.1618884407520484,12.803382129164278,7.934407470404645e-07,0.0,3.831587847002993e-08,1.6430497351330086e-05
random,11,1537,0.47700244090607735,0.15679094400036317,0.861941553943562,0.06953249578539869,0.34401020985087105,0.35093950320335443,-2.161888757523549,2.161888757523549,12.80339664745959,8.331147150750316e-07,0.0,4.023186322976713e-08,1.725202221889659e-05
random,11,1538,0.47700239866240357,0.1567909152964374,0.8619413961467802,0.06953249751177597,0.3440102183920776,0.3509385831650262,-2.161889088624832,2.161889088624832,12.8034081592097,8.747726598195109e-07,0.0,4.224367378125038e-08,1.811462332984142e-05
random,11,1539,0.4770023543063016,0.15679088515073866,0.8619412304240046,0.06953249932328102,0.34401022735445164,0.3509376184461736,-2.161889435022414,2.161889435022414,12.803417102980374,9.185137821343883e-07,0.0,4.4356101958076266e-08,1.9020354496333493e-05
random,11,1540,0.4770023077321223,0.15679085349234237,0.861941056385335,0.06953250122436885,0.3440102367600341,0.35093660657629616,-2.1618897977048745,2.1618897977048745,12.803423883133478,9.644422508034154e-07,0.0,4.657417929099239e-08,1.997137222115017e-05
random,11,1541,0.4770022588289319,0.15679082024663768,0.8619408736206062,0.06953250321969229,0.34401024663184476,0.3509355449896749,-2.161890177683311,2.161890177683311,12.803428866616851,1.0126674499065354e-06,1.3877787807814457e-17,4.890319044159597e-08,2.096994083220768e-05
random,11,1542,0.4770022074802475,0.15679078533514332,0.8619406816983757,0.06953250531411184,0.3440102569939309,0.35093443102054656,-2.1618905759925235,2.1618905759925235,12.80343238073607,1.0633042388266025e-06,1.3877787807814457e-17,5.1348684360075225e-08,2.2018437873818064e-05
random,11,1543,0.4770021535637599,0.1567907486753178,0.8619404801648805,0.06953250751270684,0.34401026787142236,0.35093326189730306,-2.1618909936929507,2.1618909936929507,12.803434712043275,1.1164732253065488e-06,0.0,5.39164876078857e-08,2.311935976750897e-05
random,11,1544,0.4770020969510403,0.1567907101803636,0.8619402685429602,0.06953250982078736,0.3440102792905905,0.3509320347357357,-2.1618914318733333,2.1618914318733333,12.803436106415598,1.1723010525078418e-06,0.0,5.661271962331682e-08,2.4275327755884418e-05
random,11,1545,0.47700203750723535,0.15679066975902428,0.8619400463309425,0.0695325122439076,0.3440102912789147,0.35093074653137546,-2.161891891654049,2.161891891654049,12.803436770297736,1.230920700546752e-06,1.3877787807814457e-17,5.944380493394519e-08,2.548909414367864e-05
random,11,1546,0.47700197509074455,0.1567906273153734,0.8619398130014819,0.06953251478787999,0.3440103038651518,0.35092939415102153,-2.161892374191016,2.161892374191016,12.803436873005124,1.2924718033278562e-06,0.0,6.241649080918066e-08,2.6763548850862573e-05
random,11,1547,0.47700190955288263,0.15679058274859486,0.8619395680003525,0.06953251745879047,0.3440103170794117,0.3509279743235726,-2.161892880680053,2.161892880680053,12.803436549906479,1.3571009813997764e-06,0.0,6.553786191521027e-08,2.8101726293405704e-05
random,11,1548,0.4770018407375252,0.15679053595275197,0.8619393107451788,0.06953252026301449,0.34401033095323696,0.35092648363028256,-2.1618934123615663,2.1618934123615663,12.803435906250078,1.4249621915264245e-06,0.0,6.881535741243283e-08,2.950681260807599e-05
random,11,1549,0.47700176848073556,0.15679048681654545,0.8619390406241046,0.06953252320723374,0.34401034551968496,0.3509249184945716,-2.161893970525431,2.161893970525431,12.803435021375293,1.4962170939133444e-06,0.0,7.225678966271687e-08,3.098215323847979e-05
random,11,1550,0.4770016926103741,0.15679043522305822,0.8619387569943909,0.06953252629845375,0.3440103608134153,0.3509232751714961,-2.161894556515954,2.161894556515954,12.803433953031972,1.5710354378699776e-06,0.0,7.587036143785753e-08,3.2531260900403784e-05
random,11,1551,0.477001612945687,0.156790381049486,0.8619384591809343,0.06953252954402175,0.3440103768707784,0.35092154973696776,-2.1618951717368216,2.1618951717368216,12.803432741568928,1.6495954668694259e-06,0.0,7.966468712483632e-08,3.415782394542397e-05
random,11,1552,0.4770015292968753,0.15679032416685298,0.8619381464747036,0.06953253295164569,0.34401039372990894,0.35091973807677224,-2.161895817655975,2.161895817655975,12.80343141378511,1.7320843438733727e-06,0.0,8.364881171063487e-08,3.5865715142695174e-05
random,11,1553,0.4770014414646415,0.15679026443971114,0.8619378181310879,0.06953253652941323,0.34401041143082056,0.35091783587540876,-2.161896495810373,2.161896495810373,12.803429986303698,1.8186985980780075e-06,1.3877787807814457e-17,8.783223376385152e-08,3.7659000899829934e-05
random,11,1554,0.47700134923971366,0.1567902017258229,0.8619374733681513,0.06953254028581181,0.34401043001550463,0.3509158386047362,-2.1618972078106493,2.1618972078106493,12.803428468384523,1.909644594048209e-06,0.0,9.22249278612064e-08,3.954195094482143e-05
random,11,1555,0.4770012524023463,0.1567901358758263,0.8619371113647923,0.06953254422974929,0.34401044952803245,0.3509137415123885,-2.161897955345678,2.161897955345678,12.803426864162269,2.0051390243857547e-06,1.3877787807814457e-17,9.683736734711346e-08,4.1519048492062504e-05
random,11,1556,0.47700115072179516,0.15679006673288173,0.8619367312588018,0.06953254837057525,0.34401047001466095,0.35091153960989696,-2.161898740187096,2.161898740187096,12.80342517433459,2.1054094271569897e-06,0.0,1.0168055114556651e-07,4.3595000916665634e-05
random,11,1557,0.4770010439557658,0.1567899941323001,0.8619363321448188,0.06953255271810321,0.34401049152394214,0.35090922766045346,-2.1618995641938246,2.1618995641938246,12.803423397376408,2.2106947292471546e-06,0.0,1.0676602935077995e-07,4.577475096249892e-05
random,11,1558,0.477000931849836,0.1567899179011514,0.8619359130721792,0.06953255728263386,0.34401051410683847,0.3509068001662332,-2.1619004293166535,2.1619004293166535,12.80342153035703,2.321245817068926e-06,0.0,1.1210592981703016e-07,4.806348851062386e-05
random,11,1559,0.4770008141368466,0.15678983785785305,0.861935473042652,0.06953256207497917,0.344010537816842,0.3509042513552126,-2.161901337602929,2.161901337602929,12.803419569465893,2.4373261358320777e-06,0.0,1.1771298941143371e-07,5.0466662936155056e-05
random,11,1560,0.47700069053626387,0.15678975381173718,0.8619350110080607,0.06953256710648772,0.3440105627100994,0.3509015751674102,-2.1619022912013937,2.1619022912013937,12.803417510321621,2.5592123190277068e-06,0.0,1.236005827132125e-07,5.298999608296281e-05
random,11,1561,0.4770005607535086,0.15678966556259613,0.8619345258677852,0.06953257238907115,0.34401058884554314,0.35089876524049324,-2.161903292367215,2.161903292367215,12.803415348140806,2.6871948494272397e-06,1.3877787807814457e-17,1.2978275526487337e-07,5.5639495887110956e-05
random,11,1562,0.4770004244792525,0.15678957290020493,0.861934016466136,0.06953257793523188,0.3440106162850287,0.35089581489469795,-2.161904343467232,2.161904343467232,12.803413077819513,2.821578753416505e-06,1.3877787807814457e-17,1.362742561017427e-07,5.842147068146651e-05
random,11,1563,0.4770002813886783,0.1567894756038198,0.8619334815895975,0.0695325837580922,0.3440106450934783,0.3508927171170164,-2.1619054469854357,2.1619054469854357,12.80341069396693,2.962684330136828e-06,0.0,1.430905742227928e-07,6.134254421553983e-05
random,11,1564,0.47700013114070283,0.15678937344165136,0.8619329199639323,0.06953258987142473,0.3440106753390316,0.35088946454460546,-2.1619066055287126,2.1619066055287126,12.803408190910305,3.110847917307424e-06,0.0,1.502479754500463e-07,6.440967142631682e-05
random,11,1565,0.47699997337716127,0.1567892661703116,0.8619323302511407,0.06953259628968424,0.34401070709320314,0.35088604944737684,-2.1619078218328527,2.1619078218328527,12.803405562689274,3.26642269564264e-06,0.0,1.577635415639378e-07,6.763015499763266e-05
random,11,1566,0.4769998077219509,0.15678915353423295,0.8619317110462671,0.06953260302804132,0.3440107404310491,0.3508824637097263,-2.1619090987688545,2.1619090987688545,12.80340280304495,3.429779533596038e-06,1.3877787807814457e-17,1.6565521038236497e-07,7.10116627475143e-05
random,11,1567,0.47699963378012966,0.15678903526505827,0.8619310608740467,0.06953261010241718,0.34401077543133923,0.3508786988113599,-2.161910439349514,2.161910439349514,12.803399905405458,3.6013078747717467e-06,0.0,1.7394182122432156e-07,7.456224588489001e-05
random,11,1568,0.4769994511369725,0.15678891108100032,0.8619303781853839,0.0695326175295206,0.34401081217673973,0.3508747458071702,-2.1619118467363445,2.1619118467363445,12.80339686286923,3.781416669857751e-06,0.0,1.8264315715388335e-07,7.829035817913452e-05
random,11,1569,0.47699925935697696,0.15678878068616875,0.8619296613536532,0.06953262532688632,0.34401085075400334,0.35087059530611875,-2.161913324246808,2.161913324246808,12.803393668189907,3.9705353557011976e-06,0.0,1.91779995550867e-07,8.220487608809125e-05
random,11,1570,0.4769990579828213,0.15678864376986384,0.8619289086708157,0.0695326335129154,0.3440108912541687,0.3508662374490755,-2.1619148753618984,2.1619148753618984,12.803390313758815,4.169114883380408e-06,0.0,2.013741556838866e-07,8.631511989249581e-05
random,11,1571,0.4769988465342679,0.15678850000583433,0.8619281183433399,0.06953264210691742,0.3440109337727697,0.3508616618855643,-2.161916503734078,2.161916503734078,12.803386791586728,4.3776287984824605e-06,0.0,2.1144855338883772e-07,9.063087588712061e-05
random,11,1572,0.47699862450701336,0.1567883490514981,0.8619272884879171,0.06953265112915484,0.344010978410054,0.3508568577493589,-2.1619182131955843,2.1619182131955843,12.803383093283978,4.596574375455745e-06,0.0,2.2202725452613592e-07,9.516241968147665e-05
random,11,1573,0.47699839137147926,0.156788190547124,0.8619264171269633,0.0695326606008892,0.3440110252712128,0.3508518136328787,-2.1619200077671277,2.1619200077671277,12.80337921004241,4.8264738095358335e-06,1.3877787807814457e-17,2.331355341000929e-07,9.992054066555048e-05
random,11,1574,0.4769981465715416,0.15678802411497197,0.8619255021838926,0.06953267054442973,0.34401107446662027,0.35084651756032076,-2.1619218916669953,2.1619218916669953,12.803375132612297,5.067875468482069e-06,0.0,2.447999376542498e-07,0.000104916567698828
random,11,1575,0.47699788952319816,0.15678784935839066,0.8619245414781566,0.06953268098318419,0.3440111261120858,0.3508409569594704,-2.1619238693205705,2.1619238693205705,12.803370851282248,5.3213552077557036e-06,0.0,2.570483434438664e-07,0.00011016239608376941
random,11,1576,0.4769976196131658,0.15678766586086915,0.8619235327200306,0.0695326919417119,0.3440111803291159,0.3508351186321219,-2.161925945370302,2.161925945370302,12.803366355852836,5.58751775199028e-06,0.0,2.699100323799719e-07,0.00011567051588795789
random,11,1577,0.4769973361974088,0.15678747318504127,0.8619224735051407,0.06953270344577958,0.3440112372451908,0.3508289887230504,-2.161928124686121,2.161928124686121,12.803361635617119,5.866998146311501e-06,0.0,2.834157569742146e-07,0.00012145404168235579
random,11,1578,0.4769970385995919,0.15678727087163985,0.8619213613087143,0.06953271552241946,0.3440112969940517,0.3508225526874541,-2.161930412376344,2.161930412376344,12.803356679330614,6.160463280975516e-06,0.0,2.975978168895388e-07,0.00012752674376647358
random,11,1579,0.4769967261094557,0.15678705843839819,0.8619201934795416,0.06953272819999032,0.34401135971600294,0.3508157952568041,-2.1619328137990625,2.1619328137990625,12.803351475187203,6.46861349328028e-06,0.0,3.124901362117072e-07,0.00013390308095479728
random,11,1580,0.47699639798110866,0.15678683537889648,0.8619189672336334,0.06953274150824114,0.3440114255582269,0.35080870040301426,-2.161935334574061,2.161935334574061,12.803346010788573,6.792184250297433e-06,0.0,3.2812834704909477e-07,0.00014059823500253715
random,11,1581,0.4769960534312339,0.15678660116134993,0.8619176796475593,0.06953275547837783,0.3440114946751139,0.3508012513008641,-2.161937980595256,2.161937980595256,12.803340273119112,7.131947917120234e-06,0.0,3.445498747423059e-07,0.00014762814675266402
random,11,1582,0.4769956916372045,0.1567863552273362,0.8619163276514519,0.069532770143133,0.3440115672286077,0.35079343028857435,-2.1619407580437064,2.1619407580437064,12.803334248507683,7.4887156144743055e-06,1.3877787807814457e-17,3.6179402940206273e-07,0.00015500955409029722
random,11,1583,0.4769953117351028,0.15678609699045834,0.8619149080216563,0.06953278553683873,0.3440116433885654,0.35078521882646463,-2.1619436734011925,2.1619436734011925,12.803327922603232,7.863339170705631e-06,0.0,3.799021017214521e-07,0.00016276003179481208
random,11,1584,0.4769949128176394,0.15678582583494075,0.8619134173730115,0.06953280169550272,0.3440117233331342,0.3507765974535854,-2.1619467334643994,2.1619467334643994,12.803321280332922,8.25671317267459e-06,0.0,3.989174633955983e-07,0.0001708980333845527
random,11,1585,0.47699449393196686,0.15678554111415402,0.8619118521507411,0.069532818656888,0.3440118072491456,0.3507675457422448,-2.161949945359718,2.161949945359718,12.803314305873512,8.669777120943364e-06,0.0,4.188856725373391e-07,0.00017944293505378034
random,11,1586,0.47699405407738205,0.1567852421490657,0.8619102086219362,0.06953283646059598,0.3440118953325266,0.3507580422503082,-2.161953316558697,2.161953316558697,12.803306982604116,9.103517694354647e-06,1.3877787807814457e-17,4.398545848105506e-07,0.00018841508180646936
random,11,1587,0.47699359220291077,0.15678492822661283,0.8619084828666091,0.0695328551481532,0.34401198778872866,0.3507480644712005,-2.1619568548941452,2.1619568548941452,12.803299293081414,9.558971129958141e-06,0.0,4.6187447128032133e-07,0.00019783583589679283
random,11,1588,0.4769931072047707,0.15678459859799215,0.8619066707682935,0.06953287476310216,0.3440120848331772,0.35073758878144684,-2.1619605685769505,2.1619605685769505,12.803291218974282,1.0037225723888232e-05,0.0,4.849981400378844e-07,0.00020772762769163247
random,11,1589,0.47699259792370335,0.15678425247686414,0.8619047680041714,0.06953289535109555,0.34401218669173766,0.3507265903857253,-2.1619644662135613,2.1619644662135613,12.803282741057275,1.0539424459885104e-05,0.0,5.092810673734682e-07,0.0002181140090762141
random,11,1590,0.4769920631421718,0.15678388903746662,0.8619027700347027,0.06953291695999533,0.3440122936012059,0.35071504325916436,-2.1619685568242852,2.1619685568242852,12.803273839102019,1.1066767771637122e-05,0.0,5.347815315581705e-07,0.00022901970953002483
random,11,1591,0.47699150158141335,0.15678350741263208,0.8619006720927266,0.06953293963997521,0.34401240580981496,0.35070292008704457,-2.161972849862172,2.161972849862172,12.80326449194777,1.1620516446371986e-05,0.0,5.615607584497084e-07,0.00024047069500652608
random,11,1592,0.47699091189834303,0.15678310669170675,0.8618984691720204,0.06953296344362839,0.34401252357776835,0.3506901922011684,-2.1619773552330592,2.1619773552330592,12.803254677201101,1.2201994676646488e-05,0.0,5.896830703178146e-07,0.0002524942297568524
random,11,1593,0.47699029268229765,0.15678268591835964,0.8618961560152563,0.06953298842607854,0.34401264717778907,0.3506768295141795,-2.1619820833154755,2.1619820833154755,12.80324437174986,1.2812593268337277e-05,0.0,6.192160453832862e-07,0.00026511894124469504
random,11,1594,0.47698964245161296,0.15678224408829333,0.8618937271014159,0.06953301464509788,0.34401277689570364,0.3506628004481282,-2.161987044983791,2.161987044983791,12.803233550322686,1.3453773012945912e-05,0.0,6.502306846845052e-07,0.0002783748883069298
random,11,1595,0.47698895965002597,0.1567817801468033,0.8618911766323731,0.06953304216122394,0.34401291303101983,0.35064807186678,-2.1619922516254895,2.1619922516254895,12.803222189059277,1.4127068232707411e-05,0.0,6.828015869930759e-07,0.0002922936327222763
random,11,1596,0.4769882426428912,0.15678129298631865,0.8618884985193747,0.06953307103789905,0.34401305589761694,0.3506326089834792,-2.1619977151791776,2.1619977151791776,12.803210255246224,1.4834090507876061e-05,1.3877787807814457e-17,7.170071347761819e-07,0.00030690831435839017
random,11,1597,0.47698748971320365,0.1567807814434851,0.861885686367004,0.06953310134155793,0.34401320582417916,0.3506163753318311,-2.1620034481104202,2.1620034481104202,12.803197737977452,1.5576532595443877e-05,0.0,7.529296875419256e-07,0.0003222537300763097
random,11,1598,0.4769866990574157,0.15678024429722903,0.8618827334625389,0.06953313314191434,0.34401336315561326,0.3505993325071037,-2.162009463602314,2.162009463602314,12.803184549099255,1.6356172549719993e-05,0.0,7.906557879522325e-07,0.00033836641658012515
random,11,1599,0.4769858687810382,0.15677968026263292,0.8618796327422813,0.06953316651154963,0.3440135282510138,0.35058144072075575,-2.162015774971964,2.162015774971964,12.803170863866978,1.7174878055186277e-05,0.0,8.302763774836741e-07,0.0003552847374091314
random,11,1600,0.47698499689401563,0.15677908800030912,0.8618763768430905,0.06953320152822628,0.34401370149510846,0.3505626561911652,-2.1620223980846616,2.1620223980846616,12.803155869259363,1.803461098347508e-05,0.0,8.71887022579898e-07,0.000373048974279588
random,11,1601,0.476984081305861,0.15677846606112208,0.8618729577984973,0.06953323826600112,0.3440138832542915,0.35054294155180393,-2.162029341418349,2.162029341418349,12.803142664647151,1.8937432190074065e-05,0.0,9.155881546263345e-07,0.0003917014229935674
random,11,1602,0.47698311982055663,0.15677781311379843,0.8618693682899681,0.06953327683551223,0.34401407407594203,0.3505222191108128,-2.162036650327477,2.162036650327477,12.80311782571185,1.988550665189142e-05,0.0,9.61485304373788e-07,0.0004112864941432458
random,11,1603,0.4769821101316383,0.15677712685180367,0.8618655956375745,0.06953331719493487,0.3440142737531332,0.3505005907394773,-2.1620441984164938,2.1620441984164938,12.80314200710626,2.08811110570488e-05,1.3877787807814457e-17,1.0096889183075497e-06,0.0004318508188504081
random,11,1604,0.47698104982948253,0.15677640946984422,0.8618616519064819,0.06953336010162152,0.3440144860328466,0.35047723282271187,-2.162052735478845,2.162052735478845,12.802921633668785,2.1926701351163835e-05,0.0,1.0603021557975545e-06,0.00045344335979292857
random,11,1605,0.4769799368705411,0.1567756390579605,0.8618574166490155,0.06953340214772454,0.3440146940548449,0.3504562167153559,-2.162058364600709,2.162058364600709,12.80392256538372,2.3026564895754024e-05,0.0,1.1129589414515806e-06,0.000476115527782575
random,11,1606,0.4769787830097934,0.15677495924653845,0.86185367945796,0.0695334686686648,0.3440150231654624,0.350409577120665,-2.1620875000978232,2.1620875000978232,12.796586370512536,2.429887097176455e-05,0.0,1.1538607476713203e-06,0.0004999213041717037
random,11,1607,0.4769775426054077,0.15677399904054876,0.8618484008275636,0.06953349573582232,0.3440151570795184,0.3504074588878046,-2.1620737984591942,2.1620737984591942,12.81872397513343,2.553024877236273e-05,0.0,1.2404043857050517e-06,0.0005249173693802889
random,11,1608,0.47697754047238694,0.1567740137523985,0.8618484817043943,0.06953350282134554,0.34401519213495985,0.3504025945068511,-2.162078723131839,2.162078723131839,12.677954686500623,3.0751857014991524e-07,1.3877787807814457e-17,2.133020760020088e-09,2.1529813978488415e-06
random,11,1609,0.47697753056476816,0.15677400634091188,0.8618484409605341,0.06953350088280871,0.3440151825440994,0.3504033416560105,-2.162077793425101,2.162077793425101,12.802061959588402,1.3093764895922415e-07,0.0,9.907618780946592e-09,2.2606304677412835e-06
random,11,1610,0.47697752482516825,0.15677400227709742,0.861848418620146,0.0695335007721294,0.3440151819965164,0.3504033672744422,-2.162077684125228,2.162077684125228,12.800044260098877,1.1674368291559892e-07,0.0,5.739599906462445e-09,2.3736619911283476e-06
random,11,1611,0.4769775188072369,0.15677399806359096,0.861848395456842,0.06953350067518838,0.3440151815169032,0.3504033805348946,-2.162077581305472,2.162077581305472,12.799655063325268,1.2249064742793518e-07,0.0,6.0179313754460395e-09,2.4923450906847653e-06
random,11,1612,0.47697751249653736,0.15677399369526318,0.8618483714424242,0.06953350059352086,0.3440151811128553,0.3504033801289885,-2.162077485506488,2.162077485506488,12.799268166058988,1.2852992006486234e-07,0.0,6.310699518508045e-09,2.6169623452190035e-06
random,11,1613,0.47697750587778787,0.15677398916625607,0.8618483465446889,0.06953350052856863,0.34401518079150584,0.35040336479862805,-2.1620773969952003,2.1620773969952003,12.798887349631936,1.3487743670475327e-07,0.0,6.618749492925957e-09,2.7478104624799537e-06
random,11,1614,0.4769774989348381,0.15677398446981242,0.861848320726489,0.06953350048162711,0.3440151805592639,0.3504033333767916,-2.1620773155611674,2.1620773155611674,12.798516720866875,1.4154976177350154e-07,0.0,6.942949770660789e-09,2.8852009856039514e-06
random,11,1615,0.47697749165065334,0.15677397959810285,0.8618482939447832,0.06953350045379188,0.34401518042154977,0.350403284829522,-2.1620772400481285,2.1620772400481285,12.798160560457655,1.4856402293972374e-07,0.0,7.284184755373957e-09,3.029461034884149e-06
random,11,1616,0.476977484007306,0.1567739745420647,0.8618482661497509,0.06953350044590989,0.34401518038255385,0.35040321829529214,-2.16207716664958,2.16207716664958,12.797823118057774,1.5593785562575041e-07,1.3877787807814457e-17,7.643347343933016e-09,3.1809340866283567e-06
random,11,1617,0.4769774760364857,0.15677396949388056,0.8618482383978949,0.06953350059890012,0.34401518113946905,0.3504030582410144,-2.1620771747894043,2.1620771747894043,12.797508365638796,1.6281649518605705e-07,0.0,7.970820281588686e-09,3.3399807909597745e-06
random,11,1618,0.47697746777330274,0.15677396460844262,0.861848211540719,0.06953350104500042,0.34401518334653863,0.35040273782189924,-2.1620773735748102,2.1620773735748102,12.797475056364908,1.7025815814528733e-07,0.0,8.263182971202099e-09,3.5069798305077636e-06
random,11,1619,0.47697745910678935,0.1567739594178621,0.8618481830060541,0.069533501502846,0.3440151856117177,0.3504024146487551,-2.162077569665801,2.162077569665801,12.79794223119422,1.786653090312384e-07,0.0,8.666513395816366e-09,3.682328822033152e-06
random,11,1620,0.47697745001561476,0.15677395390917057,0.8618481527226077,0.069533501973421,0.34401518793987523,0.3504020880056412,-2.1620777634820536,2.1620777634820536,12.798370527915985,1.8750537756194665e-07,0.0,9.091174590913909e-09,3.86644526313481e-06
random,11,1621,0.47697744047754315,0.15677394806845207,0.8618481206138785,0.0695335024577067,0.34401519033586614,0.3504017572173941,-2.1620779553907656,2.1620779553907656,12.798764654704636,1.9679824272617897e-07,1.3877787807814457e-17,9.5380716103044e-09,4.05976752629155e-06
random,11,1622,0.47697743046935714,0.1567739418808653,0.8618480865982777,0.06953350295669382,0.34401519280459186,0.35040142163438226,-2.1620781457205904,2.1620781457205904,12.799128402467437,2.0656513461641436e-07,0.0,1.000818600216391e-08,4.262755902606128e-06
random,11,1623,0.4769774199667837,0.15677393533065156,0.8618480505891737,0.06953350347139205,0.34401519535104796,0.3504010806204337,-2.162078334772495,2.162078334772495,12.799464866076427,2.1682860956505213e-07,0.0,1.0502573422055406e-08,4.475893697736434e-06
random,11,1624,0.47697740894442364,0.15677392840113225,0.8618480124948776,0.06953350400283863,0.34401519798036606,0.35040073354296597,-2.162078522828468,2.162078522828468,12.799776603556104,2.2761255109191832e-07,0.0,1.1022360080215066e-08,4.699688382623256e-06
random,11,1625,0.4769773973756812,0.15677392107469773,0.8618479722185823,0.06953350455210595,0.3440152006978518,0.3504003797646774,-2.162078710158692,2.162078710158692,12.800065753138698,2.389421893588864e-07,0.0,1.1568742463996529e-08,4.934672801754419e-06
random,11,1626,0.47697738523269356,0.15677391333279028,0.8618479296582688,0.06953350512030809,0.3440152035090171,0.3504000186363551,-2.162078897027607,2.162078897027607,12.800334121024404,2.508441339684049e-07,0.0,1.2142987615426648e-08,5.18140644184214e-06
random,11,1627,0.476977372486259,0.15677390515588097,0.8618478847065787,0.06953350570860739,0.34401520641961253,0.3503996494904903,-2.1620790836991564,2.1620790836991564,12.800583248351257,2.633464173110875e-07,0.0,1.2746434574495424e-08,5.440476763934247e-06
random,11,1628,0.4769773591057634,0.15677389652344206,0.8618478372506632,0.0695335063182204,0.344015209435657,0.3503992716354863,-2.1620792704414216,2.1620792704414216,12.800814463142187,2.7647854632539874e-07,0.0,1.3380495600401332e-08,5.71250060213096e-06
random,11,1629,0.47697734505910383,0.1567738874139149,0.8618477871720056,0.0695335069504236,0.34401521256346584,0.3503988843503058,-2.1620794575307896,2.1620794575307896,12.801028921212854,2.9027156157929183e-07,0.0,1.4046659557731545e-08,5.998125632237508e-06
random,11,1630,0.47697733031261047,0.15677387780467394,0.8618477343462245,0.06953350760655924,0.3440152158096798,0.35039848687945185,-2.1620796452557567,2.1620796452557567,12.801227638841647,3.047581026380104e-07,0.0,1.4746493359751867e-08,6.298031913849384e-06
random,11,1631,0.4769773148309639,0.15677386767198645,0.8618476786428517,0.06953350828804075,0.3440152191812918,0.3503980784282108,-2.162079833920426,2.162079833920426,12.801411519210705,3.1997247943178316e-07,0.0,1.5481646575832286e-08,6.612933509541854e-06
random,11,1632,0.4769772985771107,0.15677385699096882,0.8618476199250923,0.0695335089963585,0.3440152226856754,0.3503976581581105,-2.162080023847752,2.162080023847752,12.801581374059504,3.3595074912892165e-07,0.0,1.6253853207803814e-08,6.943580185018947e-06
random,11,1633,0.47697728151217317,0.1567738457355382,0.8618475580495585,0.06953350973308499,0.3440152263306105,0.3503972251825695,-2.162080215382548,2.162080215382548,12.801737941614695,3.5273079856329596e-07,0.0,1.7064937518629364e-08,7.290759194269894e-06
random,11,1634,0.47697726359535675,0.15677383387836052,0.861847492865984,0.0695335104998805,0.34401523012431134,0.35039677856272544,-2.1620804088942576,2.1620804088942576,12.801881901567793,3.703524319367483e-07,0.0,1.7916816419383252e-08,7.65529715398339e-06
random,11,1635,0.47697724478385195,0.15677382139079354,0.8618474242169115,0.06953351129849845,0.3440152340754528,0.3503963173034485,-2.162080604779506,2.162080604779506,12.802013887674594,3.888574639276431e-07,0.0,1.881150479832172e-08,8.03806201168256e-06
random,11,1636,0.47697722503273177,0.15677380824282558,0.8618473519373548,0.06953351213079066,0.3440152381931968,0.3503958403495511,-2.1620808034643875,2.1620808034643875,12.802134498393269,4.0828981841170236e-07,0.0,1.9751120183819637e-08,8.439965112266687e-06
random,11,1637,0.47697720429484497,0.15677379440300915,0.8618472758544345,0.0695335129987128,0.34401524248721893,0.35039534658221466,-2.1620810054064883,2.1620810054064883,12.802244305862152,4.286956325096955e-07,0.0,2.0737886796684535e-08,8.861963367880022e-06
random,11,1638,0.476977182520702,0.15677377983838897,0.8618471957869828,0.0695335139043293,0.34401524696773295,0.35039483481566047,-2.162081211096608,2.162081211096608,12.802343863437446,4.501233665913579e-07,0.0,2.177414298865088e-08,9.305061536274023e-06
random,11,1639,0.4769771596583576,0.15677376451442446,0.8618471115451163,0.06953351484981864,0.34401525164551683,0.3503943037940908,-2.1620814210601527,2.1620814210601527,12.802433711930096,4.726239200134831e-07,0.0,2.286234440651569e-08,9.770314613087724e-06
random,11,1640,0.4769771356532859,0.15677374839490618,0.8618470229297773,0.06953351583747815,0.3440152565319365,0.3503937521889293,-2.1620816358581694,2.1620816358581694,12.802514384647193,4.962507529707828e-07,0.0,2.40050716526774e-08,1.025883034374211e-05
random,11,1641,0.4769771104482506,0.15677373144186554,0.8618469297322379,0.06953351686972882,0.3440152616389698,0.35039317859638236,-2.162081856087993,2.162081856087993,12.80258641129108,5.210600145848745e-07,0.0,2.520503533665064e-08,1.0771771860929217e-05
random,11,1642,0.4769770839831669,0.156773713615478,0.8618468317335667,0.06953351794911994,0.3440152669792292,0.3503925815353381,-2.162082082383496,2.162082082383496,12.8026503207516,5.47110677470138e-07,0.0,2.6465083680093926e-08,1.1310360453975678e-05
random,11,1643,0.47697705619495845,0.15677369487395906,0.8618467287040578,0.06953351907833351,0.34401527256598385,0.3503919594456077,-2.1620823154149194,2.1620823154149194,12.802706642812957,5.744646790878901e-07,0.0,2.7788208456502872e-08,1.1875878476674463e-05
random,11,1644,0.47697702701740546,0.15677367517345295,0.8618466204026188,0.06953352026018858,0.344015278413181,0.35039131068649737,-2.1620825558883032,2.1620825558883032,12.80275590878771,6.031870699535767e-07,0.0,2.9177552984815947e-08,1.2469672400508186e-05
random,11,1645,0.47697699638098673,0.156773654467914,0.8618465065761186,0.06953352149764551,0.3440152845354669,0.350390633535685,-2.1620828045445295,2.1620828045445295,12.802798651107237,6.333461692214505e-07,0.0,3.063641873524148e-08,1.3093156020533596e-05
random,11,1646,0.47697696421271213,0.15677363270898054,0.861846386958694,0.06953352279380999,0.3440152909482069,0.35038992618834786,-2.162083062158026,2.162083062158026,12.80283540190125,6.650137278236147e-07,0.0,3.2168274599619906e-08,1.3747813821560278e-05
random,11,1647,0.47697693043594913,0.15677360984584138,0.8618462612710159,0.06953352415193748,0.3440152976675072,0.35038918675647235,-2.162083329535186,2.162083329535186,12.802866690642546,6.982650996101089e-07,1.3877787807814457e-17,3.377676299765042e-08,1.4435204512638292e-05
random,11,1648,0.4769768949702376,0.1567735858250951,0.8618461292195158,0.0695335255754372,0.34401530471023495,0.35038841326824743,-2.162083607512608,2.162083607512608,12.802893040950632,7.331794207011743e-07,1.3877787807814457e-17,3.5465711534232724e-08,1.5156964738270207e-05
random,11,1649,0.47697685773109877,0.1567735605906024,0.8618459904955735,0.06953352706787691,0.3440153120940415,0.3503876036674246,-2.1620838969552367,2.1620838969552367,12.802914966699287,7.698397977337874e-07,1.3877787807814457e-17,3.7239138828137897e-08,1.5914812975183718e-05
random,11,1650,0.4769768186298317,0.1567735340833316,0.8618458447746691,0.06953352863298758,0.34401531983738576,0.35038675581250817,-2.1620841987545463,2.1620841987545463,12.80293296760579,8.083335053793701e-07,0.0,3.910126705752859e-08,1.6710553623942904e-05
random,11,1651,0.47697677757330187,0.15677350624119818,0.8618456917154991,0.06953353027466885,0.3440153279595611,0.3503858674756281,-2.162084513826896,2.162084513826896,12.802947524522626,8.487521934966108e-07,0.0,4.105652984254249e-08,1.754608130514005e-05
random,11,1652,0.4769767344637187,0.15677347699889824,0.8618455309590624,0.06953353199699504,0.34401533648072496,0.35038493634094053,-2.1620848431121944,2.1620848431121944,12.802959094676206,8.911921047315164e-07,0.0,4.310958318098912e-08,1.8423385370397055e-05
random,11,1653,0.4769766891984014,0.15677344628773618,0.8618453621277123,0.06953353380422181,0.3440153454219323,0.3503839600024099,-2.1620851875730094,2.1620851875730094,12.802968107125386,9.357543029269991e-07,0.0,4.526531727222505e-08,1.934455463891691e-05
random,11,1654,0.47697664166953424,0.15677341403544753,0.8618451848241827,0.06953353570079396,0.34401535480517353,0.3503829359608348,-2.1620855481942374,2.1620855481942374,12.802974958695195,9.825449131353858e-07,0.0,4.752886717529492e-08,2.0311782370862756e-05
random,11,1655,0.4769765917639082,0.15677338016601589,0.8618449986305812,0.06953353769135392,0.34401536465341703,0.35038186162001417,-2.1620859259834404,2.1620859259834404,12.802980010645975,1.0316753736188973e-06,1.3877787807814457e-17,4.990562602058546e-08,2.1327371489405895e-05
random,11,1656,0.4769765393626523,0.1567733445994849,0.8618448031073563,0.06953353978075168,0.34401537499065793,0.35038073428197225,-2.1620863219719,2.1620863219719,12.802983586274033,1.0832627007713964e-06,0.0,5.240125594552225e-08,2.239374006387619e-05
random,11,1657,0.4769764843409482,0.15677330725176433,0.8618445977922312,0.06953354197405541,0.344015385841971,0.3503795511412132,-2.1620867372164208,2.1620867372164208,12.80298596959918,1.1374297673949314e-06,0.0,5.502170408178131e-08,2.3513427067069998e-05
random,11,1658,0.4769764265677338,0.15677326803442987,0.8618443821991022,0.06953354427656373,0.3440153972335709,0.3503783092780076,-2.1620871728018702,2.1620871728018702,12.802987405206665,1.1943055951030746e-06,0.0,5.777321437916427e-08,2.46890984204235e-05
random,11,1659,0.4769763659053896,0.15677322685451583,0.8618441558169007,0.0695335466938185,0.3440154091928758,0.3503770056507619,-2.1620876298443923,2.1620876298443923,12.802988099241388,1.2540256616243804e-06,0.0,6.066234420343264e-08,2.5923553341444678e-05
random,11,1660,0.4769763022094113,0.1567731836142997,0.8618439181084072,0.06953354923161921,0.34401542174857863,0.3503756370875535,-2.162088109495214,2.162088109495214,12.80298822145593,1.3167322235332468e-06,0.0,6.369597832511786e-08,2.7219731008516914e-05
random,11,1661,0.47697623532806377,0.1567731382110774,0.8618436685090172,0.06953355189603778,0.34401543493072007,0.35037420027694255,-2.1620886129449226,2.1620886129449226,12.802987908153654,1.3825746553752311e-06,0.0,6.688134751575703e-08,2.858071755894276e-05
random,11,1662,0.47697616510202023,0.15677309053692828,0.8618434064254482,0.06953355469343472,0.3440154487707685,0.3503726917581819,-2.162089141428091,2.162089141428091,12.802987265800306,1.4517098058468844e-06,0.0,7.022604353590367e-08,3.0009753436889897e-05
random,11,1663,0.47697609136398145,0.1567730404784676,0.8618431312343799,0.06953355763047579,0.3440154633017026,0.35037110791095377,-2.1620896962281217,2.1620896962281217,12.802986375054816,1.5243023719211803e-06,0.0,7.373803878607532e-08,3.151024110873439e-05
random,11,1664,0.4769760139382764,0.1567729879165869,0.8618428422810259,0.06953356071414925,0.3440154785580966,0.3503694449447399,-2.1620902786821863,2.1620902786821863,12.802985294949458,1.6005252917927465e-06,0.0,7.742570506952262e-08,3.308575316417111e-05
random,11,1665,0.4769759326404435,0.15677293272617907,0.8618425388776235,0.06953356395178424,0.34401549457621133,0.35036769888791797,-2.1620908901861733,2.1620908901861733,12.802984066982956,1.6805601574767947e-06,0.0,8.12978328545988e-08,3.4740040822379666e-05
random,11,1666,0.4769758472767901,0.15677287477584895,0.8618422203018415,0.06953356735106907,0.3440155113940844,0.35036586557664084,-2.162091532199563,2.162091532199563,12.802982718918376,1.7645976482628245e-06,0.0,8.5363653423709e-08,3.647704286349865e-05
random,11,1667,0.4769757576439297,0.1567728139276068,0.8618418857950961,0.06953357092007077,0.34401552905162724,0.35036394064352333,-2.1620922062502066,2.1620922062502066,12.802981268132715,1.852837985815608e-06,0.0,8.963286041163698e-08,3.830089500667358e-05
random,11,1668,0.4769756635282972,0.15677275003654548,0.8618415345607756,0.06953357466725484,0.34401554759072267,0.3503619195061292,-2.162092913938992,2.162092913938992,12.802979724440833,1.9454914121897862e-06,1.3877787807814457e-17,9.411563250960597e-08,4.021593975700726e-05
random,11,1669,0.47697556470563807,0.15677268295049884,0.8618411657623628,0.06953357860150583,0.3440155670553269,0.35035979735522127,-2.162093656944419,2.162093656944419,12.80297809235181,2.0427786917123437e-06,1.3877787807814457e-17,9.882265911143051e-08,4.2226736744857625e-05
random,11,1670,0.47697546094047316,0.15677261250968252,0.8618407785214601,0.06953358273214867,0.3440155874915746,0.3503575691427188,-2.162094437027122,2.162094437027122,12.802976372793323,2.1449316382330588e-06,1.3877787807814457e-17,1.0376516490495646e-07,4.433807358210051e-05
random,11,1671,0.4769753519855368,0.15677253854631487,0.8618403719157058,0.06953358706897098,0.3440156089478899,0.35035522956929266,-2.1620952560343922,2.1620952560343922,12.80297456435691,2.252193668733431e-06,0.0,1.0895493635088016e-07,4.655497726120554e-05
random,11,1672,0.4769752375811848,0.15677246088421826,0.8618399449765821,0.06953359162224589,0.3440156314750988,0.3503527730715237,-2.1620961159047445,2.1620961159047445,12.80297266415105,2.364820384731441e-06,1.3877787807814457e-17,1.1440435199183696e-07,4.888272612426582e-05
random,11,1673,0.47697511745477583,0.15677237933839988,0.8618394966871108,0.06953359640275644,0.34401565512655014,0.35035019380855026,-2.1620970186725863,2.1620970186725863,12.802970668349083,2.4830801829245397e-06,0.0,1.2012640898673155e-07,5.132686243047911e-05
random,11,1674,0.47697499132001775,0.15677229371461077,0.8618390259794285,0.06953360142182057,0.344015679958239,0.350347485648141,-2.1620979664730324,2.1620979664730324,12.802968572519967,2.607254896503525e-06,0.0,1.261347580827632e-07,5.389320555200307e-05
random,11,1675,0.47697485887628566,0.15677220380888288,0.8618385317322429,0.06953360669131763,0.34401570602893833,0.3503446421521238,-2.1620989615469015,2.1620989615469015,12.8029663718074,2.7376404687515237e-06,0.0,1.3244373209264637e-07,5.658786582960323e-05
random,11,1676,0.4769747198079013,0.15677210940704248,0.8618380127681565,0.06953361222371589,0.3440157334003345,0.35034165656112803,-2.162100006245923,2.162100006245923,12.802964061024099,2.874547660282257e-06,1.3877787807814457e-17,1.390683843638385e-07,5.941725912108339e-05
random,11,1677,0.47697457378337904,0.15677201028419924,0.8618374678508586,0.06953361803210163,0.34401576213717144,0.3503385217785808,-2.1621011030381814,2.1621011030381814,12.802961634684326,3.0183027921353223e-06,1.3877787807814457e-17,1.460245222517642e-07,6.238812207713757e-05
random,11,1678,0.47697442045463345,0.15677190620420964,0.8618368956821754,0.06953362413020937,0.34401579230740054,0.35033523035392167,-2.162102254513812,2.162102254513812,12.80295908701563,3.169248526009095e-06,0.0,1.5332874558904308e-07,6.550752818099445e-05
random,11,1679,0.47697425945614574,0.1567717969191134,0.8618362948989715,0.06953363053245369,0.3440158239823373,0.3503317744649863,-2.1621034633909684,2.1621034633909684,12.802956411951955,3.327744683848983e-06,0.0,1.6099848770823044e-07,6.878290459004417e-05
random,11,1680,0.47697409040409017,0.15677168216854162,0.8618356640698966,0.06953363725396267,0.3440158572368277,0.35032814589952116,-2.162104732522068,2.162104732522068,12.802953603122527,3.49416910862608e-06,0.0,1.690520555763797e-07,7.222204981954638e-05
random,11,1681,0.4769739128954143,0.15677156167909534,0.861835001691969,0.06953364431061254,0.34401589214941897,0.3503243360357828,-2.1621060649003407,2.1621060649003407,12.80295065383808,3.6689185685092546e-06,0.0,1.7750867586929786e-07,7.583315231052371e-05
random,11,1682,0.47697372650687536,0.15677143516369285,0.8618343061869874,0.06953365171906457,0.3440159288025422,0.3503203358221789,-2.162107463666681,2.162107463666681,12.802947557074589,3.852409706432537e-06,0.0,1.863885389363773e-07,7.96248099260499e-05
random,11,1683,0.4769735307940257,0.15677130232088415,0.8618335758977625,0.06953365949680324,0.34401596728270145,0.3503161357559021,-2.1621089321168276,2.1621089321168276,12.802944305456396,4.045080037677898e-06,0.0,1.957128496488103e-07,8.36060504223524e-05
random,11,1684,0.476973325290149,0.15677116283413112,0.8618328090841597,0.06953366766217633,0.344016007680672,0.3503117258605097,-2.162110473708881,2.162110473708881,12.802940891239148,4.247388997494903e-06,0.0,2.0550387669349135e-07,8.778635294347001e-05
random,11,1685,0.4769731095051416,0.15677101637105156,0.8618320039189431,0.06953367623443722,0.34401605009170916,0.35030709566239493,-2.1621120920711725,2.1621120920711725,12.802937306290978,4.459819041779691e-06,0.0,2.1578500741803452e-07,9.217567059064351e-05
random,11,1686,0.4769728829243377,0.15677086258262513,0.8618311584834104,0.0695336852337886,0.34401609461576543,0.3503022341661003,-2.162113791010498,2.162113791010498,12.80293354207359,4.682876802957416e-06,0.0,2.2658080389703628e-07,9.67844541201757e-05
random,11,1687,0.47697264500727626,0.15677070110235958,0.8618302707628095,0.06953369468142896,0.3440161413577198,0.35029712982841,-2.1621155745207457,2.1621155745207457,12.802929589620357,4.917094304517454e-06,0.0,2.379170614408288e-07,0.00010162367682618448
random,11,1688,0.47697239518640394,0.15677053154541498,0.8618293386415239,0.06953370459960052,0.344016190427615,0.3502917705311714,-2.1621174467919104,2.1621174467919104,12.802925439518363,5.16303023649273e-06,0.0,2.4982087232228167e-07,0.00010670486066749371
random,11,1689,0.47697213286571366,0.15677035350768392,0.8618283598980158,0.06953371501164009,0.34401624194090924,0.350286143552773,-2.1621194122195373,2.1621194122195373,12.802921081881241,5.421271295675927e-06,0.0,2.6232069028075955e-07,0.0001120401037008684
random,11,1690,0.4769718574193143,0.15677016656482562,0.8618273321995169,0.06953372594203178,0.3440162960187371,0.3502802355382242,-2.162121475414589,2.162121475414589,12.802916506329757,5.692433593192655e-06,0.0,2.754463993559497e-07,0.00011764210888591183
random,11,1691,0.47697156818992803,0.15676997027125128,0.8618262530964502,0.06953373741646247,0.3440163527881838,0.35027403246776223,-2.1621236412137725,2.1621236412137725,12.802911701964954,5.977164133553074e-06,0.0,2.892293862744033e-07,0.0001235242143302074
random,11,1692,0.4769712644873108,0.1567697641590585,0.861825120016572,0.06953374946187971,0.34401641238257147,0.35026751962391844,-2.162125914690335,2.162125914690335,12.802906657341875,6.27614236821914e-06,0.0,3.037026172214574e-07,0.00012970042504671777
random,11,1693,0.47697094558659414,0.1567695477369122,0.8618239302588199,0.06953376210655228,0.34401647494175935,0.3502606815569696,-2.162128301165344,2.162128301165344,12.802901360444547,6.590081828029725e-06,0.0,3.1890071666706987e-07,0.00013618544629905366
random,11,1694,0.4769706107265426,0.15676932048886916,0.8618226809868508,0.06953377538013371,0.34401654061245734,0.3502535020486944,-2.162130806219482,2.162130806219482,12.802895798653372,6.919731838006547e-06,0.0,3.348600515207245e-07,0.00014299471861400635
random,11,1695,0.47697025910772184,0.1567690818731431,0.8618213692222522,0.06953378931372836,0.34401660954855356,0.3502459640743589,-2.1621334357053676,2.1621334357053676,12.802889958720522,7.265879319236421e-06,0.0,3.516188207819404e-07,0.00015014445454470667
random,11,1696,0.47696988989057526,0.15676883132080802,0.8618199918374139,0.06953380393996093,0.34401668191145784,0.35023804976283884,-2.1621361957604224,2.1621361957604224,12.802883826731893,7.629350681995537e-06,0.0,3.6921714657855986e-07,0.000157651677271942
random,11,1697,0.4769695021934024,0.15676856823443602,0.8618185455480396,0.06953381929304871,0.34401675787045927,0.3502297403547992,-2.1621390928203086,2.1621390928203086,12.80287738808001,8.011013814958461e-06,0.0,3.8769717286557537e-07,0.00016553426113553911
random,11,1698,0.4769690950902342,0.15676829198666653,0.8618170269052811,0.06953383540887728,0.3440168376031009,0.35022101615882617,-2.1621421336329596,2.1621421336329596,12.802870627423296,8.411780175319958e-06,0.0,4.0710316817627046e-07,0.00017381097419231608
random,11,1699,0.47696866760860157,0.15676800191870321,0.8618154322874755,0.06953385232507968,0.3440169212955712,0.3502118565054337,-2.1621453252732095,2.1621453252732095,12.802863528657593,8.83260698514823e-06,1.3877787807814457e-17,4.274816326477193e-07,0.00018250152290193188
random,11,1700,0.47696821872718864,0.15676769733873536,0.8618137578914671,0.06953387008111878,0.3440170091431117,0.35020223969881237,-2.1621486751580763,2.1621486751580763,12.802856074863806,9.274499539366914e-06,0.0,4.4888141292886985e-07,0.00019162659904702848
random,11,1701,0.476967747373368,0.1567673775202795,0.8618119997234901,0.06953388871837357,0.3440171013504438,0.3501921429662654,-2.1621521910626638,2.1621521910626638,12.802848248290594,9.738513631214215e-06,0.0,4.7135382064134035e-07,0.0002012079289993799
random,11,1702,0.47696725242060994,0.1567670417004373,0.8618101535895919,0.06953390828022914,0.34401719813221415,0.3501815424051393,-2.1621558811367896,2.1621558811367896,12.802840030274814,1.0225758101180184e-05,0.0,4.949527580566659e-07,0.00021126832544934892
random,11,1703,0.47696673268575934,0.15676668907806532,0.8618082150855719,0.0695339288121704,0.3440172997134581,0.35017041292727347,-2.162159753922226,2.162159753922226,12.80283140125853,1.0737397515888447e-05,0.0,5.197348506014166e-07,0.00022183174172181637
random,11,1704,0.4769661869261733,0.15676631881185302,0.8618061795864145,0.06953395036188009,0.344017406330085,0.3501587282005968,-2.1621638183708085,2.1621638183708085,12.802822340633808,1.1274654983635485e-05,0.0,5.45759586023653e-07,0.0002329233288079072
random,11,1705,0.4769656138367132,0.1567659300183018,0.8618040422351801,0.06953397297934061,0.3440175182293811,0.3501464605882396,-2.1621680838629724,2.1621680838629724,12.802812826899979,1.1838815113827615e-05,0.0,5.730894601096992e-07,0.0002445694952483026
random,11,1706,0.4769650120465826,0.15676552176960581,0.8618017979313547,0.06953399671694074,0.34401763567053883,0.35013358108398,-2.16217256022773,2.16217256022773,12.802802837185617,1.2431227127512666e-05,0.0,6.017901306165641e-07,0.0002567979700107177
random,11,1707,0.4769643801160024,0.15676509309141662,0.8617994413185611,0.06953402162958541,0.34401775892519876,0.35012005924630674,-2.162177257761812,2.162177257761812,12.802792348146927,1.3053308127367874e-05,0.0,6.319305801971709e-07,0.0002696378685112536
random,11,1708,0.4769637165327168,0.1567646429605164,0.8617969667717684,0.06953404777481362,0.34401788827803353,0.35010586312495573,-2.1621821872536913,2.1621821872536913,12.802781333618896,1.3706546535035994e-05,0.0,6.635832855983459e-07,0.0002831197619368163
random,11,1709,0.4769630197083192,0.15676417030231457,0.8617943683835287,0.06953407521291109,0.34401802402730536,0.3500909591958054,-2.1621873599972874,2.1621873599972874,12.80276977048398,1.4392505704937338e-05,1.3877787807814457e-17,6.968243975724597e-07,0.0002972757500336571
random,11,1710,0.47696228797438833,0.15676367398838925,0.8617916399504629,0.06953410400705688,0.34401816648559086,0.3500753122579486,-2.1621927878390377,2.1621927878390377,12.802757622150649,1.5112827723678674e-05,0.0,7.317339308920978e-07,0.00031213953753534
random,11,1711,0.4769615195784275,0.15676315283336495,0.8617887749560951,0.06953413422338323,0.34401831598007754,0.35005888543455405,-2.1621984831238814,2.1621984831238814,12.802744887453416,1.586923740483427e-05,0.0,7.683959608595359e-07,0.000327746514412107
random,11,1712,0.47696071267959245,0.15676260559343944,0.8617857665627546,0.06953416593134881,0.3440184728544105,0.3500416398095897,-2.1622044589837883,2.1622044589837883,12.802731444695404,1.6663546489625454e-05,0.0,8.068988350262707e-07,0.00034413384013271236
random,11,1713,0.47695986534419993,0.15676203095836236,0.8617826075674795,0.06953419920301113,0.34401863746509226,0.3500235353510869,-2.162210728403222,2.162210728403222,12.802717581935717,1.749765806417543e-05,0.0,8.473353925175786e-07,0.000361340532139348
random,11,1714,0.4769589755410033,0.15676142756774084,0.8617792904916542,0.06953423411653263,0.34401881019882957,0.3500045268967502,-2.162217307964189,2.162217307964189,12.802702070997672,1.837357120558077e-05,0.0,8.898031966242392e-07,0.0003794075587463154
random,11,1715,0.476958041136226,0.15676079392742875,0.8617758071213696,0.06953427074246347,0.3440189914046674,0.34998458023830564,-2.1622242025271343,2.1622242025271343,12.802689623284891,1.929338587825266e-05,0.0,9.344047773307551e-07,0.00039837793668363116
random,11,1716,0.476957059888375,0.1567601287587117,0.8617721504270288,0.06953430920479078,0.34401918169602885,0.34996360095961077,-2.1622314726487564,2.1622314726487564,12.802660143556253,2.025930829049185e-05,0.0,9.812478509729772e-07,0.00041829683351781273
random,11,1717,0.47695602944375853,0.15675942935001505,0.8617683055020385,0.06953434939719307,0.34401938054689113,0.34994176580805136,-2.1622389202474053,2.1622389202474053,12.80270351298075,2.1273661313130746e-05,0.0,1.0304446164677294e-06,0.00043921167519370336
random,11,1718,0.4769549473581099,0.15675869974969905,0.8617642946018291,0.06953439239781009,0.34401959329132265,0.34991787391605933,-2.1622476520015397,2.1622476520015397,12.802388597493891,2.2339024575150445e-05,0.0,1.0820856486404296e-06,0.00046117225895338855
random,11,1719,0.47695381217933125,0.1567579087573342,0.8617599462053547,0.0695344332219521,0.34401979526770077,0.3498979177217031,-2.1622519454612776,2.1622519454612776,12.803826168849163,2.3461577012984655e-05,0.0,1.135178778643997e-06,0.000484230871901058
random,11,1720,0.4769526567722977,0.15675730133767077,0.8617566069802998,0.06953451453648749,0.3440201975692443,0.3498356850289562,-2.1622954060841177,2.1622954060841177,12.791394912962817,2.5001118349768093e-05,0.0,1.155407033548439e-06,0.0005084424154961109
random,11,1721,0.4769513679887283,0.15675624274895322,0.8617507875013113,0.0695345273176463,0.34402026080369424,0.34984755106297505,-2.1622682032002625,2.1622682032002625,12.822829572711894,2.6244785321094258e-05,0.0,1.2887835694197491e-06,0.0005338645362709166
random,11,1722,0.4769513658703314,0.15675625773036367,0.8617508698600232,0.0695345345212212,0.34402029644319326,0.3498426072930628,-2.1622732084158294,2.1622732084158294,12.677284558868239,3.1288165214653277e-07,1.3877787807814457e-17,2.1183969023397253e-09,2.1896787620486813e-06
random,11,1723,0.4769513557379577,0.15675625015179417,0.8617508281976428,0.06953453252340604,0.3440202865590548,0.3498433769255918,-2.162272252125456,2.162272252125456,12.801529358495184,1.3368401211271304e-07,1.3877787807814457e-17,1.0132373662319338e-08,2.2991627001511155e-06
random,11,1724,0.476951349866202,0.15675624599950777,0.8617508053708895,0.06953453239164155,0.34402028590715344,0.34984340931145763,-2.1622721338303474,2.1622721338303474,12.799486759010975,1.1908392126391943e-07,0.0,5.871755692776759e-09,2.4141208351586715e-06
random,11,1725,0.47695134371040177,0.1567562416963586,0.8617507817147841,0.06953453227373965,0.3440202853238369,0.34984342888280623,-2.1622720221640757,2.1622720221640757,12.799080873186446,1.249388842754196e-07,0.0,6.155800258422772e-09,2.534826876916605e-06
random,11,1726,0.47695133725578975,0.1567562372373916,0.8617507572020869,0.06953453217132588,0.3440202848171474,0.34984343424074976,-2.1622719176657936,2.1622719176657936,12.798676780574798,1.3109194093118396e-07,0.0,6.454612011541627e-09,2.6615682207624355e-06
random,11,1727,0.4769513304867194,0.15675623261689753,0.8617507318014117,0.06953453208592457,0.3440202843946267,0.3498434240396484,-2.1622718205458944,2.1622718205458944,12.798278518668518,1.3755950333620158e-07,0.0,6.7690703597911295e-09,2.7946466318005573e-06
random,11,1728,0.47695132338664054,0.15675622782822396,0.8617507054761876,0.06953453201889917,0.34402028406302027,0.34984339703284073,-2.16227173041453,2.16227173041453,12.797890509484718,1.44358623301631e-07,0.0,7.10007885817987e-09,2.9343789633905854e-06
random,11,1729,0.4769513159380863,0.15675622286358315,0.8617506781836023,0.06953453197139194,0.34402028382797945,0.34984335212010853,-2.162271645583886,2.162271645583886,12.797517396418932,1.5150690989579377e-07,0.0,7.448554217859282e-09,3.0810979115601147e-06
random,11,1730,0.4769513081226669,0.15675621771387166,0.8617506498736106,0.06953453194426835,0.34402028369378623,0.34984328839245193,-2.162271559763327,2.162271559763327,12.797163817968501,1.590224565985369e-07,0.0,7.815419422740888e-09,3.2351528071381206e-06
random,11,1731,0.4769513000294708,0.15675621278245308,0.861750622763661,0.06953453222572269,0.3440202850862742,0.3498430523849852,-2.1622716540375717,2.1622716540375717,12.796834130469307,1.6543352306000976e-07,0.0,8.093196113279078e-09,3.3969104474950267e-06
random,11,1732,0.47695129159702904,0.15675620780054839,0.8617505953761694,0.06953453267149103,0.3440202872917014,0.3498427284210642,-2.162271853759359,2.162271853759359,12.7970459771674,1.7345201719942916e-07,0.0,8.432441744865571e-09,3.566755969869778e-06
random,11,1733,0.4769512827527656,0.15675620250862518,0.8617505662843838,0.06953453312904205,0.3440202895554232,0.34984240151022317,-2.162272050849737,2.162272050849737,12.797505691295706,1.820194136790341e-07,0.0,8.844263432727928e-09,3.7450937683632672e-06
random,11,1734,0.47695127347495164,0.156756196893371,0.8617505354151207,0.06953453359934209,0.3440202918822204,0.3498420709506161,-2.162272245708838,2.162272245708838,12.797927881490544,1.9102742197875065e-07,0.0,9.277813961539039e-09,3.932348456781431e-06
random,11,1735,0.47695126374092567,0.156756190940526,0.8617505026899879,0.0695345340833571,0.344020294276872,0.3498417360774743,-2.162272438687557,2.162272438687557,12.798316989768317,2.0049639337259825e-07,1.3877787807814457e-17,9.73402597415074e-09,4.128965879620503e-06
random,11,1736,0.4769512535270181,0.15675618463490112,0.861750468025485,0.06953453458206411,0.344020296744212,0.3498413962487836,-2.1622726301005937,2.1622726301005937,12.798676606237267,2.104480300070203e-07,0.0,1.021390755306939e-08,4.335414173601528e-06
random,11,1737,0.4769512428084765,0.15675617796038255,0.8617504313330284,0.06953453509646047,0.34402029928917455,0.34984105083384714,-2.162272820236676,2.162272820236676,12.7990096713891,2.2090536735344825e-07,0.0,1.071854160983321e-08,4.552184882281604e-06
random,11,1738,0.4769512315593958,0.1567561708999269,0.8617503925189238,0.06953453562757199,0.3440203019168349,0.34984069920386474,-2.1622730093668285,2.1622730093668285,12.799318622535452,2.318927805020974e-07,0.0,1.1249080722475213e-08,4.779794126395684e-06
random,11,1739,0.47695121975264637,0.15675616343554796,0.8617503514842938,0.06953453617646012,0.34402030463244465,0.349840340723943,-2.162273197751216,2.162273197751216,12.799605502062397,2.434360073369885e-07,0.0,1.180674941148041e-08,5.018783832715468e-06
random,11,1740,0.4769512073598032,0.1567561555482978,0.8617503081249741,0.06953453674422862,0.34402030744146445,0.3498399747461282,-2.1622733856449754,2.1622733856449754,12.799872038977062,2.555621844288234e-07,0.0,1.2392843196096237e-08,5.269723024351242e-06
random,11,1741,0.47695119435107264,0.15675614721824224,0.8617502623313789,0.06953453733202965,0.34402031034959474,0.34983960060318386,-2.1622735733032834,2.1622735733032834,12.800119711412139,2.682998929094958e-07,0.0,1.3008730537222846e-08,5.533209175568804e-06
random,11,1742,0.47695118069521814,0.1567561384244319,0.8617502139883408,0.06953453794106981,0.3440203133628051,0.349839217602909,-2.1622737609858684,2.1622737609858684,12.800349795298873,2.816792124026263e-07,0.0,1.3655854502747644e-08,5.809869634347245e-06
random,11,1743,0.47695116635948237,0.15675612914486867,0.8617501629749281,0.06953453857261578,0.3440203164873623,0.3498388250228597,-2.162273948961083,2.162273948961083,12.800563402841506,2.9573178201977385e-07,0.0,1.4335735765147462e-08,6.100363116064608e-06
random,11,1744,0.4769511513095073,0.1567561193564688,0.8617501091642399,0.0695345392279999,0.34402031972985814,0.3498384221053759,-2.16227413750964,2.16227413750964,12.800761513350476,3.1049086770405124e-07,1.3877787807814457e-17,1.5049975043979202e-08,6.405381271867839e-06
random,11,1745,0.4769511355092515,0.1567561090350214,0.8617500524231796,0.0695345399086259,0.3440203230972375,0.3498380080528434,-2.1622743269280695,2.1622743269280695,12.800944998279123,3.259914353054964e-07,0.0,1.5800255825926257e-08,6.725650335461231e-06
random,11,1746,0.4769511189209014,0.15675609815514344,0.8617499926122066,0.0695345406159741,0.3440203265968243,0.34983758202315623,-2.1622745175319324,2.1622745175319324,12.801114641796444,3.422702293071727e-07,0.0,1.658835008244708e-08,7.061932852234293e-06
random,11,1747,0.4769511015047822,0.15675608669023056,0.8617499295850664,0.06953454135160712,0.3440203302363495,0.3498371431253486,-2.1622747096588184,2.1622747096588184,12.801271157868937,3.593658570250902e-07,0.0,1.7416119213464754e-08,7.415029494846008e-06
random,11,1748,0.4769510832192615,0.15675607461240376,0.8617498631884969,0.06953454211717523,0.34402033402397775,0.349836690415396,-2.1622749036711175,2.1622749036711175,12.801415204581312,3.7731887814042186e-07,0.0,1.828552070870515e-08,7.78578096958831e-06
random,11,1749,0.47695106402065035,0.15675606189245173,0.8617497932619123,0.06953454291442171,0.3440203379683339,0.3498362228921851,-2.162275099958579,2.162275099958579,12.80154739621398,3.961718997571538e-07,0.0,1.9198611145299083e-08,8.175070018067725e-06
random,11,1750,0.4769510438630981,0.15675604849976793,0.8617497196370562,0.06953454374518828,0.34402034207852983,0.34983573949367164,-2.1622752989406218,2.1622752989406218,12.801668313476236,4.1596967696176856e-07,0.0,2.01575522384978e-08,8.583823518971112e-06
random,11,1751,0.4769510226984832,0.1567560344022835,0.8617496421376335,0.06953454461142025,0.34402034636418993,0.3498352390932436,-2.162275501068384,2.162275501068384,12.801778512168898,4.3675921906717207e-07,0.0,2.116461489398702e-08,9.013014694919669e-06
random,11,1752,0.4769510004762985,0.15675601956639396,0.8617495605789072,0.06953454551517196,0.344020350835478,0.3498347204963212,-2.1622757068264793,2.1622757068264793,12.801878530480318,4.5858990160471216e-07,0.0,2.222218470349091e-08,9.463665429665653e-06
random,11,1753,0.47695097714352913,0.15675600395688039,0.861749474767265,0.06953454645861157,0.3440203555031208,0.34983418243722,-2.162275916734428,2.162275916734428,12.801968895050871,4.81513584357206e-07,1.3877787807814457e-17,2.333276938326634e-08,9.936848701148936e-06
random,11,1754,0.47695095264452697,0.1567559875368246,0.8617493844997531,0.06953454744402623,0.3440203603784342,0.3498336235763075,-2.1622761313477334,2.1622761313477334,12.802050125891105,5.05584735548983e-07,0.0,2.4499002160283112e-08,1.0433691136206383e-05
random,11,1755,0.4769509269208772,0.15675597026751759,0.8617492895635729,0.06953454847382678,0.3440203654733456,0.34983304249747943,-2.1622763512585745,2.1622763512585745,12.802122740209162,5.308605623637133e-07,0.0,2.5723649765829748e-08,1.0955375693016703e-05
random,11,1756,0.4769508999112581,0.15675595210836113,0.8617491897355399,0.06953454955055248,0.34402037080041786,0.34983243770597044,-2.1622765770960943,2.1622765770960943,12.80218725517249,5.574011480903879e-07,0.0,2.7009619096851623e-08,1.1503144477667538e-05
random,11,1757,0.47695087155129434,0.15675593301676222,0.8617490847815036,0.0695345506768754,0.34402037637287114,0.3498318076265116,-2.162276809526274,2.162276809526274,12.802244189621456,5.852695962142871e-07,0.0,2.8359963766266816e-08,1.2078301701550915e-05
random,11,1758,0.47695084177340286,0.15675591294802005,0.861748974455726,0.06953455185560484,0.3440203822046043,0.3498311506018229,-2.1622770492513887,2.1622770492513887,12.802294064740401,6.145321814289015e-07,1.3877787807814457e-17,2.9777891485949226e-08,1.2682216786628462e-05
random,11,1759,0.47695081050663074,0.15675589185520544,0.861748858500219,0.06953455308969148,0.34402038831021575,0.3498304648914175,-2.1622772970090773,2.1622772970090773,12.80233740370662,6.452585082640076e-07,0.0,3.12667721158455e-08,1.3316327625959886e-05
random,11,1760,0.4769507776764855,0.15675586968903288,0.8617487366440407,0.06953455438223169,0.34402039470502477,0.34982974867067096,-2.1622775535710486,2.1622775535710486,12.802374730351955,6.775216773380871e-07,0.0,3.283014521349159e-08,1.3982144007257881e-05
random,11,1761,0.47695074320475617,0.15675584639772447,0.8617486086025478,0.06953455573647153,0.3440204014050911,0.34982900003008616,-2.1622778197414996,2.1622778197414996,12.802406566891031,7.113984597132443e-07,0.0,3.447172935988618e-08,1.4681251207620776e-05
random,11,1762,0.4769507070093266,0.1567558219268671,0.8617484740766096,0.06953455715581117,0.3440204084272369,0.3498282169746577,-2.1622780963553208,2.1622780963553208,12.802433430813194,7.469694798164841e-07,0.0,3.619542954247379e-08,1.5415313768001816e-05
random,11,1763,0.4769506690039785,0.15675579621926167,0.8617483327517804,0.06953455864380914,0.3440204157890681,0.3498273974232264,-2.1622783842761915,2.1622783842761915,12.802455831067526,7.843194072629557e-07,0.0,3.80053481463527e-08,1.6186079456401908e-05
random,11,1764,0.47695062909818503,0.1567557692147662,0.8617481842974362,0.06953456020418741,0.3440204235089989,0.3498265392076811,-2.162278684394692,2.162278684394692,12.802474263706952,8.23537158073218e-07,0.0,3.990579344748113e-08,1.6995383429222003e-05
random,11,1765,0.47695058719689465,0.15675574085013172,0.8617480283658722,0.06953456184083644,0.34402043160627727,0.34982564007186434,-2.1622789976265677,2.1622789976265677,12.802489207209021,8.647161058574079e-07,0.0,4.190129038184054e-08,1.7845152600683103e-05
random,11,1766,0.4769505432003034,0.15675571105883246,0.8617478645913701,0.06953456355782112,0.3440204401010142,0.34982469767002433,-2.162279324911275,2.162279324911275,12.802501117706752,9.07954303537064e-07,0.0,4.3996591259087836e-08,1.873741023071726e-05
random,11,1767,0.47695049700361697,0.15675567977089022,0.8617476925892323,0.06953456535938737,0.3440204490142163,0.349823709564662,-2.162279667210964,2.162279667210964,12.802510424393047,9.533547161190995e-07,0.0,4.619668642069641e-08,1.9674280742253123e-05
random,11,1768,0.4769504484967997,0.15675564691269278,0.8617475119547834,0.06953456724996977,0.3440204583678234,0.34982267322363314,-2.1622800255100065,2.1622800255100065,12.802517525363637,1.0010254651443998e-06,1.3877787807814457e-17,4.8506817285076664e-08,2.065799477936578e-05
random,11,1769,0.4769503975643129,0.15675561240680735,0.8617473222623449,0.06953456923419994,0.3440204681847504,0.3498215860163903,-2.1622804008151784,2.1622804008151784,12.802522784145378,1.051080085566429e-06,0.0,5.093248678367246e-08,2.169089451833407e-05
random,11,1770,0.4769503440848379,0.1567555761717881,0.8617471230641769,0.06953457131691614,0.34402047848893447,0.3498204452092831,-2.162280794156569,2.162280794156569,12.802526527124453,1.1036377955736333e-06,0.0,5.347947501510575e-08,2.2775439244250775e-05
random,11,1771,0.4769502879309871,0.15675553812197798,0.861746913889389,0.06953457350317399,0.3440204893053882,0.34981924795987146,-2.1622812065892423,2.1622812065892423,12.802529042029267,1.158823780145425e-06,0.0,5.615385079149604e-08,2.3914211206463314e-05
random,11,1772,0.4769502289690003,0.15675549816730433,0.8617466942428161,0.06953457579825835,0.34402050066025824,0.3498179913102536,-2.16228163919565,2.16228163919565,12.802530577557254,1.2167694889743105e-06,0.0,5.8961986793004684e-08,2.510992176678648e-05
random,11,1773,0.47695016705842463,0.15675545621306683,0.8617464636038537,0.06953457820769617,0.344020512580889,0.3498166721794481,-2.1622820930887405,2.1622820930887405,12.802531344146788,1.2776129494905688e-06,0.0,6.191057566606872e-08,2.6365417855125808e-05
random,11,1774,0.47695010205178073,0.15675541215971772,0.861746221425248,0.06953458073727066,0.34402052509589287,0.34981528735491196,-2.162282569415685,2.162282569415685,12.802531515820577,1.3414990956803138e-06,0.0,6.500664390118871e-08,2.76836887478821e-05
random,11,1775,0.47695003379420964,0.15675536590263264,0.8617459671318382,0.06953458339303603,0.3440205382352228,0.3498138334833009,-2.1622830693620996,2.1622830693620996,12.802531232949065,1.4085801136698937e-06,0.0,6.825757109529818e-08,2.906787318527621e-05
random,11,1776,0.47694996212310403,0.1567553173318706,0.8617457001192349,0.06953458618133362,0.34402055203025245,0.3498123070605945,-2.162283594156648,2.162283594156648,12.802530605716361,1.4790158045013674e-06,0.0,7.167110560590828e-08,3.052126684454002e-05
random,11,1777,0.4769498868677198,0.15675526633192222,0.861745419752438,0.0695345891088084,0.34402056651385754,0.3498107044217161,-2.1622841450758763,2.1622841450758763,12.802529718051103,1.5529739654019914e-06,0.0,7.52553842575665e-08,3.204733018676703e-05
random,11,1778,0.47694980784876884,0.15675521278144472,0.8617451253643782,0.06953459218242637,0.3440205817205023,0.3498090217297599,-2.1622847234491784,2.1622847234491784,12.802528631749697,1.6306307900680265e-06,1.3877787807814457e-17,7.90189509380923e-08,3.364969669610538e-05
random,11,1779,0.4769497248779912,0.15675515655298244,0.8617448162543817,0.06953459540949268,0.34402059768632876,0.34980725496492393,-2.1622853306637673,2.1622853306637673,12.802527390557131,1.712171289119834e-06,1.3877787807814457e-17,8.297077763730343e-08,3.533218153091065e-05
random,11,1780,0.4769496377577055,0.15675509751267175,0.8617444916865473,0.06953459879767021,0.34402061444924875,0.3498053999132108,-2.1622859681695923,2.1622859681695923,12.80252602398369,1.7977897317176405e-06,0.0,8.712028570778685e-08,3.709879060745619e-05
random,11,1781,0.4769495462803365,0.15675503551992925,0.8617441508880329,0.0695346023549987,0.34402063204903865,0.3498034521549289,-2.1622866374841565,2.1622866374841565,12.802524550708217,1.8876901091936467e-06,1.3877787807814457e-17,9.147736901304881e-08,3.8953730137829e-05
random,11,1782,0.4769494502279208,0.15675497042712289,0.8617437930472467,0.06953460608991485,0.34402065052743896,0.34980140705298873,-2.1622873401972167,2.1622873401972167,12.80252298146286,1.9820866221381164e-06,1.3877787807814457e-17,9.605241568788614e-08,4.0901416644720454e-05
random,11,1783,0.47694934937158523,0.15675490207922443,0.8617434173119376,0.06953461001127274,0.34402066992825486,0.34979925974096765,-2.162288077975387,2.162288077975387,12.802521321368976,2.0812041918394327e-06,0.0,1.008563355608949e-07,4.294648747695648e-05
random,11,1784,0.4769492434710005,0.15675483031344342,0.8617430227871824,0.06953461412836501,0.34402069029746146,0.34979700511088185,-2.162288852566676,2.162288852566676,12.802519571728725,2.1852789973523564e-06,0.0,1.0590058474591046e-07,4.5093811850804306e-05
random,11,1785,0.4769491322738074,0.1567547549588411,0.8617426085332635,0.06953461845094515,0.34402071168331405,0.3497946378006028,-2.1622896658050124,2.1622896658050124,12.802517731337657,2.2945590396657287e-06,0.0,1.1119719306451614e-07,4.734850244334452e-05
random,11,1786,0.4769490155150134,0.15675467583592453,0.8617421735634372,0.06953462298925041,0.34402073413646095,0.3497921521808388,-2.162290519614801,2.162290519614801,12.802515797390235,2.4093047340683822e-06,0.0,1.167587940220649e-07,4.9715927565511745e-05
random,11,1787,0.47694889291636006,0.1567545927562194,0.8617417168415863,0.06953462775402584,0.3440207577100632,0.34978954234160925,-2.1622914160155777,2.1622914160155777,12.802513766069033,2.5297895323911493e-06,0.0,1.225986533404111e-07,5.2201723943787334e-05
random,11,1788,0.4769487641856574,0.1567545055218208,0.8617412372797496,0.06953463275654943,0.3440207824599182,0.34978680207814034,-2.162292357126792,2.162292357126792,12.802511632903885,2.6563005763760825e-06,0.0,1.287307026531792e-07,5.4811810140976704e-05
random,11,1789,0.4769486290160861,0.1567544139249217,0.86174073373553,0.0695346380086583,0.34402080844458993,0.3497839248761193,-2.162293345172769,2.162293345172769,12.802509392972569,2.789139383998071e-06,1.3877787807814457e-17,1.351695713136536e-07,5.755240064802554e-05
random,11,1790,0.4769484870854633,0.15675431774731713,0.8617402050093687,0.06953464352277629,0.3440208357255448,0.34978090389625116,-2.162294382487879,2.162294382487879,12.802507041002814,2.928622570240237e-06,0.0,1.419306228100936e-07,6.043002068042682e-05
random,11,1791,0.47694833805547265,0.15675421675988355,0.8617396498416835,0.06953464931194273,0.34402086436729484,0.3497777319580686,-2.1622954715219302,2.1622954715219302,12.802504571415817,3.0750826041139696e-06,0.0,1.4902999062593736e-07,6.345152171444817e-05
random,11,1792,0.4769481815708548,0.15675411072203227,0.8617390669098638,0.06953465538984258,0.34402089443754585,0.3497744015229471,-2.162296614845822,2.162296614845822,12.802501978336291,3.2288686036948506e-06,0.0,1.5648461787476364e-07,6.662409780017058e-05
random,11,1793,0.47694801725855757,0.1567539993811351,0.8617384548251128,0.06953466177083821,0.3440209260073554,0.3497709046762835,-2.162297815157454,2.162297815157454,12.802499255590718,3.390347171279353e-06,0.0,1.643122972128097e-07,6.995530269017912e-05
random,11,1794,0.4769478447268434,0.1567538824719215,0.8617378121291339,0.06953466847000248,0.34402095915129594,0.34976723310879526,-2.16229907528792,2.16229907528792,12.802496396695632,3.5599032704777382e-06,0.0,1.7253171419318036e-07,7.345306782468808e-05
random,11,1795,0.4769476635643514,0.1567537597158453,0.861737137290649,0.06953467550315347,0.34402099394762703,0.34976337809689223,-2.1623003982079925,2.1623003982079925,12.802493394841786,3.7379411474412746e-06,0.0,1.811624919523247e-07,7.712572121592248e-05
random,11,1796,0.4769474733391129,0.15675363082041952,0.8617364287017423,0.06953468288689088,0.3440210304784754,0.34975933048208063,-2.1623017870349153,2.1623017870349153,12.802490242879951,3.924885298574006e-06,0.0,1.9022523850553696e-07,8.098200727671861e-05
random,11,1797,0.47694727359751643,0.1567534954785182,0.8617356846740213,0.06953469063863424,0.34402106883002354,0.3497550806493485,-2.1623032450395154,2.1623032450395154,12.802486933303218,4.121181486927195e-06,0.0,1.9974159648494805e-07,8.503110764055454e-05
random,11,1798,0.4769470638632212,0.15675335336764273,0.8617349034345843,0.06953469877666268,0.34402110909270706,0.34975061850448375,-2.1623047756536464,2.1623047756536464,12.802483458229364,4.3272978097787825e-06,0.0,2.0973429520898534e-07,8.928266302258227e-05
random,11,1799,0.47694684363601614,0.15675320414915175,0.8617340831217861,0.06953470732015703,0.34402115136142253,0.349745933450273,-2.1623063824779845,2.1623063824779845,12.802479809381202,4.54372582016516e-06,0.0,2.2022720508330096e-07,9.37467961737114e-05
random,11,1800,0.4769466123906202,0.15675304746745197,0.8617332217807907,0.06953471628924329,0.34402119573574297,0.3497410143615264,-2.1623080692901846,2.1623080692901846,12.802475978068275,4.7709817048037735e-06,0.0,2.3124539594299165e-07,9.843413598239697e-05
random,11,1801,0.4769463695754231,0.15675288294914866,0.8617323173589,0.06953472570503881,0.3440212423201458,0.349735849558872,-2.1623098400534153,2.1623098400534153,12.802471955164844,5.009607521595851e-06,0.0,2.4281519711566446e-07,0.00010335584278151683
random,11,1802,0.4769461146111621,0.15675271020215334,0.8617313677006494,0.06953473558970005,0.3440212912242495,0.34973042678125965,-2.1623116989252904,2.1623116989252904,12.802467731089122,5.260172499486317e-06,0.0,2.549642609817049e-07,0.00010852363492059268
random,11,1803,0.47694584688953234,0.15675252881474658,0.8617303705426551,0.06953474596647302,0.3440213425630632,0.3497247331571113,-2.1623136502672087,2.1623136502672087,12.802463295779303,5.523274404081149e-06,0.0,2.677216297541918e-07,0.00011394981666662232
random,11,1804,0.4769455657717256,0.15675233835459373,0.8617293235082032,0.06953475685974568,0.34402139645724567,0.3497187551740525,-2.1623156986541265,2.1623156986541265,12.802458638670688,5.799540972162358e-06,0.0,2.811178067552156e-07,0.00011964730749995344
random,11,1805,0.4769452705868975,0.15675213836771124,0.8617282241015675,0.0695347682951032,0.34402145303337883,0.34971247864716004,-2.162317848884768,2.162317848884768,12.802453748670674,6.089631418736319e-06,0.0,2.951848280807745e-07,0.0001256296728749511
random,11,1806,0.4769449606305551,0.15675192837738078,0.8617270697020395,0.06953478029938534,0.3440215124242517,0.34970588868564456,-2.1623201059923085,2.1623201059923085,12.802448614129327,6.3942380204278744e-06,0.0,3.0995634242581005e-07,0.00013191115651869868
random,11,1807,0.47694463516286284,0.15675170788300893,0.8617258575576601,0.06953479290074668,0.34402157476915834,0.34969896965790814,-2.162322475255529,2.162322475255529,12.802443222817248,6.714087778846074e-06,0.0,3.2546769224151006e-07,0.00013850671434463362
random,11,1808,0.4769442934068649,0.15675147635892947,0.8617245847786351,0.06953480612871965,0.3440216402142097,0.3496917051548821,-2.1623249622104797,2.1623249622104797,12.802437561890073,7.049944168283558e-06,0.0,3.417559979457252e-07,0.0001454320500618653
random,11,1809,0.4769439345466146,0.1567512332531451,0.8617232483304181,0.06953482001428031,0.344021708912659,0.349684077951577,-2.1623275726626585,2.1623275726626585,12.802431617862958,7.402608971964195e-06,1.3877787807814457e-17,3.5886025029352453e-07,0.00015270365256495858
random,11,1810,0.4769435577252109,0.15675097798600623,0.861721845026447,0.06953483458991715,0.3440217810252422,0.34967606996674744,-2.162330312699729,2.162330312699729,12.802425376574202,7.772924211392346e-06,0.0,3.768214036914408e-07,0.0001603388351932065
random,11,1811,0.47694316204273407,0.15675070994882276,0.8617203715205126,0.0695348498897029,0.3440218567205333,0.3496676622205954,-2.162333188704796,2.162333188704796,12.802418823156751,8.161774173563005e-06,0.0,3.9568247683918756e-07,0.00016835577695286684
random,11,1812,0.47694274655407753,0.15675042850240617,0.8617188242987441,0.06953486594936983,0.3440219361753167,0.34965883479039933,-2.1623362073702634,2.1623362073702634,12.802411941994034,8.570087541214196e-06,0.0,4.1548865653551204e-07,0.0001767735658005102
random,11,1813,0.4769423102666682,0.15675013297553825,0.8617171996711905,0.06953488280638792,0.34402201957497414,0.3496495667639986,-2.1623393757122824,2.1623393757122824,12.802404716695802,8.998839631219457e-06,0.0,4.362874093111202e-07,0.00018561224409053572
random,11,1814,0.47694185213807183,0.15674982266336193,0.8617154937629753,0.06953490050004695,0.3440221071138908,0.3496398361909942,-2.1623427010858354,2.1623427010858354,12.802397130041607,9.449054746885682e-06,0.0,4.58128596392271e-07,0.0001948928562950625
random,11,1815,0.476941371073476,0.15674949682569175,0.8617137025050071,0.06953491907154183,0.3440221989958775,0.3496296200316102,-2.162346191200429,2.162346191200429,12.80238916396286,9.92180864998021e-06,0.0,4.81064595825309e-07,0.00020463749910981562
random,11,1816,0.47694086592304463,0.15674915468523853,0.8617118216242217,0.06953493856406183,0.34402229543461194,0.34961889410302666,-2.162349854136497,2.162349854136497,12.802380799464975,1.0418231158704072e-05,0.0,5.051504313735578e-07,0.00021486937406530642
random,11,1817,0.47694033547913794,0.15674879542574421,0.8617098466333267,0.06953495902288358,0.34402239665409906,0.34960763302319814,-2.1623536983623977,2.1623536983623977,12.802372016638994,1.0939508878107087e-05,0.0,5.30443906687772e-07,0.00022561284276857176
random,11,1818,0.4769397784733903,0.1567484181900233,0.8617077728200363,0.06953498049546808,0.344022502889151,0.34959581015180313,-2.1623577327522625,2.1623577327522625,12.802362794514885,1.1486888069932706e-05,0.0,5.570057476367296e-07,0.00023689348490700036
random,11,1819,0.47693919357363784,0.1567480220779036,0.8617055952357493,0.06953500303156147,0.34402261438588544,0.34958339752864914,-2.1623619666042693,2.1623619666042693,12.802353111196648,1.20616776690494e-05,1.3877787807814457e-17,5.848997524648958e-07,0.0002487381591523504
random,11,1820,0.47693857938069023,0.15674760614406602,0.8617033086836746,0.06953502668330086,0.3440227314022493,0.3495703658084571,-2.162366409660272,2.162366409660272,12.80234294343409,1.2665252454214851e-05,0.0,6.141929476122243e-07,0.0002611750671099679
random,11,1821,0.4769379344249358,0.1567471693957677,0.8617009077063137,0.06953505150532291,0.34402285420855616,0.3495566841940302,-2.1623710721247607,2.1623710721247607,12.802332267394757,1.3299056381201617e-05,1.3877787807814457e-17,6.449557544141449e-07,0.0002742338204654663
random,11,1822,0.47693725716277324,0.15674671079046834,0.8616983865724122,0.06953507755488013,0.3440229830880613,0.3495423203624209,-2.1623759646881466,2.1623759646881466,12.802321056641459,1.3964606086743231e-05,0.0,6.772621625739106e-07,0.00028794551148873966
random,11,1823,0.47693654597285906,0.15674622923328582,0.8616957392629718,0.06953510489195329,0.3440231183375179,0.34952724039776767,-2.1623810985412777,2.1623810985412777,12.802309287089205,1.4663494572454429e-05,0.0,7.111899141820643e-07,0.00030234278706317666
random,11,1824,0.4769357991521633,0.15674572357446892,0.8616929594573576,0.06953513357939317,0.3440232602678787,0.3495114086914911,-2.162386485418337,2.162386485418337,12.802296923187583,1.539739507803276e-05,0.0,7.468206957850221e-07,0.0003174599264163355
random,11,1825,0.4769350149118214,0.15674519260628922,0.8616900405162106,0.06953516368299056,0.34402340920464186,0.3494947879287346,-2.162392137555237,2.162392137555237,12.802283958253934,1.6168065153783425e-05,0.0,7.842403418889532e-07,0.0003333329227371523
random,11,1826,0.47693419137277104,0.1567446350612728,0.861686975471728,0.06953519527180498,0.3440235654894775,0.34947733877309006,-2.1623980679312598,2.1623980679312598,12.8022702873939,1.6977350943115866e-05,0.0,8.235390503430473e-07,0.00034999956887400995
random,11,1827,0.47693332656116544,0.156744049605046,0.8616837569883321,0.0695352284175992,0.34402372947743015,0.3494590206009778,-2.1624042895123177,2.1624042895123177,12.80225613421443,1.7827191686043985e-05,0.0,8.648116056053645e-07,0.00036749954731771044
random,11,1828,0.4769324184035482,0.15674343484880868,0.8616803774312417,0.06953526319767557,0.34402390155095114,0.3494397882524445,-2.1624108182685156,2.1624108182685156,12.802240519721959,1.871962445592087e-05,0.0,9.081576172187411e-07,0.00038587452468359597
random,11,1829,0.4769314647217789,0.15674278928198512,0.8616768284962275,0.06953529968404275,0.34402408206630136,0.3494196047996006,-2.162417660999441,2.162417660999441,12.802227118636614,1.9656789147387014e-05,0.0,9.536817693334143e-07,0.0004051682509177758
random,11,1830,0.476930463227719,0.15674211154636408,0.8616731027166674,0.06953533799122479,0.34402427159008564,0.34939838559879166,-2.162424868316452,2.162424868316452,12.802200394469173,2.0640933845758113e-05,0.0,1.001494059904573e-06,0.0004254266634636646
random,11,1831,0.47692941151819923,0.15674139915195678,0.8616691864041127,0.06953537805673425,0.34402446981314905,0.3493762557309288,-2.1624322904470694,2.1624322904470694,12.802229017899482,2.1674423262964502e-05,0.0,1.0517095197504212e-06,0.00044669799663684783
random,11,1832,0.4769283070846601,0.15674065477341104,0.8616650942621557,0.0695354207219319,0.3440246808981019,0.34935228455447714,-2.1624407770339586,2.1624407770339586,12.801987774153988,2.275982067205574e-05,0.0,1.1044335391230398e-06,0.0004690328964686902
random,11,1833,0.4769271478590681,0.1567398541082622,0.861660692690579,0.06953546222107738,0.3440248862140421,0.34933100258917754,-2.162445994600222,2.162445994600222,12.80306362619111,2.390181750024914e-05,0.0,1.1592255920178651e-06,0.0004924845412921248
random,11,1834,0.4769259474238971,0.156739156171738,0.8616568558587004,0.0695355302331779,0.34402522270213604,0.34928164326199673,-2.1624769962232655,2.1624769962232655,12.795224625659252,2.5239128247841786e-05,1.3877787807814457e-17,1.2004351709893335e-06,0.0005171087683567311
random,11,1835,0.47692465386423005,0.1567381521706902,0.8616513364696259,0.06953555513475747,0.34402534590205164,0.3492810320284874,-2.1624611485447134,2.1624611485447134,12.818181366247794,2.6517319021604476e-05,0.0,1.2935596670482497e-06,0.0005429642067745677
random,11,1836,0.47692465176087906,0.15673816742690178,0.8616514203390279,0.06953556245814098,0.34402538213430056,0.34927600753966825,-2.162466235650303,2.162466235650303,12.676602350038376,3.183428000631569e-07,0.0,2.1033509933765515e-09,2.2270016293488127e-06
random,11,1837,0.47692464139747087,0.15673815967727783,0.8616513777362937,0.06953556039914195,0.3440253719474566,0.3492768002805012,-2.16246525203662,2.16246525203662,12.80098419405625,1.3650047674200488e-07,0.0,1.036340818716397e-08,2.3383517108162533e-06
random,11,1838,0.4769246353894102,0.15673815543465558,0.8616513544129287,0.06953556024524207,0.34402537118604093,0.3492768396647281,-2.162465124430499,2.162465124430499,12.798916454679611,1.2148231991564576e-07,0.0,6.008060660089853e-09,2.455269296357066e-06
random,11,1839,0.4769246290914479,0.15673815104002262,0.861651330253901,0.06953556010531922,0.3440253704937763,0.3492768657640445,-2.162465003590866,2.162465003590866,12.798493741325505,1.2744759871993932e-07,0.0,6.297962318324579e-09,2.5780327611749194e-06
random,11,1840,0.47692462248847756,0.15673814648861603,0.8616513052330269,0.06953555998109497,0.34402536987918003,0.349276877083584,-2.162464890047159,2.162464890047159,12.798072258271151,1.337168824615852e-07,0.0,6.60297033716617e-09,2.7069343992336653e-06
random,11,1841,0.4769246155644758,0.15673814177489281,0.8616512793198344,0.06953555987418156,0.3440253693502287,0.349276872184563,-2.162464783931616,2.162464783931616,12.79765630645637,1.4030708552831285e-07,0.0,6.924001760832965e-09,2.8422811191953488e-06
random,11,1842,0.47692460830247874,0.15673813689232097,0.8616512524784145,0.06953555978601517,0.3440253689140278,0.3492768497354253,-2.1624646846127424,2.1624646846127424,12.797250636993986,1.4723577501354608e-07,0.0,7.261997059249126e-09,2.9843951751551164e-06
random,11,1843,0.47692460068457043,0.1567381318331654,0.8616512246662443,0.06953555971778771,0.34402536857647426,0.3492768085653658,-2.1624645896242334,2.1624645896242334,12.79686027648643,1.545210684585413e-07,0.0,7.617908304169418e-09,3.133614933912872e-06
random,11,1844,0.4769245926918806,0.15673812658828684,0.8616511958330818,0.06953555967038383,0.34402536834194475,0.3492767477151562,-2.1624644863429188,2.1624644863429188,12.796490277997279,1.6218154098811556e-07,0.0,7.992689843305811e-09,3.2902956806085157e-06
random,11,1845,0.47692458447902036,0.15673812178209245,0.8616511694115389,0.06953556008709329,0.3440253704036039,0.3492764323432758,-2.162464676181777,2.162464676181777,12.796145410170741,1.6840599096581714e-07,0.0,8.212860225231822e-09,3.4548104646389417e-06
random,11,1846,0.4769245758731328,0.15673811670190177,0.8616511414837303,0.06953556053228209,0.34402537260616395,0.3492761047577285,-2.1624648768441443,2.1624648768441443,12.796606497892004,1.7671320861484847e-07,0.0,8.605887558132963e-09,3.6275509878708888e-06
random,11,1847,0.4769245668467285,0.1567381113067171,0.861651111824276,0.0695355609892785,0.3440253748671418,0.34927577403031623,-2.1624650749366214,2.1624650749366214,12.797058932832705,1.8544416268819421e-07,0.0,9.02640429067958e-09,3.8089285372644332e-06
random,11,1848,0.4769245573776693,0.1567381055828772,0.8616510803580744,0.06953556145903055,0.3440253771912278,0.3492754394729909,-2.162465270839909,2.162465270839909,12.797475158062356,1.9462359605611008e-07,0.0,9.469059203404129e-09,3.999374964127655e-06
random,11,1849,0.47692454744285745,0.15673809951577292,0.8616510470048132,0.0695355619424883,0.3440253795831224,0.3492751004312389,-2.16246546488856,2.16246546488856,12.797859361947511,2.042723378108314e-07,0.0,9.934811862066795e-09,4.199343712334038e-06
random,11,1850,0.47692453701815923,0.15673809308986109,0.8616510116790458,0.06953556244061447,0.34402538204758865,0.34927475627062793,-2.1624656573831644,2.1624656573831644,12.798214942209407,2.1441256919310027e-07,0.0,1.0424698215771855e-08,4.409310897950741e-06
random,11,1851,0.476924526078331,0.15673808628866606,0.8616509742901988,0.06953556295439318,0.34402538458949544,0.3492744063659739,-2.162465848599984,2.162465848599984,12.79854469072764,2.2506781311299263e-07,0.0,1.0939828209988178e-08,4.629776442848278e-06
random,11,1852,0.476924514596949,0.15673807909477214,0.8616509347425314,0.06953556348483791,0.3440253872138569,0.3492740500923491,-2.162466038798785,2.162466038798785,12.79885092812234,2.3626294525214065e-07,0.0,1.1481382011790942e-08,4.861265264990692e-06
random,11,1853,0.4769245025463368,0.15673807148980867,0.8616508929350528,0.0695355640329983,0.3440253899258661,0.3492736868173955,-2.1624662282293787,2.1624662282293787,12.79913560376981,2.480242211103924e-07,0.0,1.2050612230307678e-08,5.104328528240227e-06
random,11,1854,0.47692448989749303,0.15673806345442912,0.8616508487614076,0.06953556459996663,0.34402539273092714,0.3492733158945786,-2.1624664171372183,2.1624664171372183,12.799400371507797,2.6037931479897474e-07,0.0,1.2648843750184824e-08,5.3595449546522386e-06
random,11,1855,0.47692447662001813,0.15673805496828513,0.8616508021097328,0.06953556518688389,0.344025395634685,0.3492729366571174,-2.162466605768303,2.162466605768303,12.799646647912104,2.7335736737586784e-07,0.0,1.3277474897321895e-08,5.627522202384851e-06
random,11,1856,0.4769244626820373,0.15673804600999625,0.8616507528624915,0.06953556579494546,0.34402539864305376,0.3492725484124113,-2.1624667943735605,2.1624667943735605,12.799875657863144,2.869890429500724e-07,0.0,1.393798082505171e-08,5.908898312504094e-06
random,11,1857,0.4769244480501232,0.15673803655711516,0.8616507008962823,0.06953556642540697,0.3440254017622456,0.3492721504368339,-2.162466983212834,2.162466983212834,12.800088470696396,3.013065916962435e-07,1.3877787807814457e-17,1.4631914124763057e-08,6.204343228129299e-06
random,11,1858,0.4769244326892128,0.1567380265860894,0.8616506460816277,0.06953556707958959,0.3440254049987971,0.34927174197080113,-2.1624671725585487,2.1624671725585487,12.800286029277872,3.1634391899433077e-07,0.0,1.5360910377015813e-08,6.514560389535765e-06
random,11,1859,0.4769244165625239,0.15673801607221885,0.8616505882827415,0.06953556775888578,0.3440254083595973,0.3492713222140546,-2.162467362699128,2.162467362699128,12.800469173691916,3.3213666040121004e-07,0.0,1.6126688928697064e-08,6.840288409012553e-06
random,11,1860,0.47692439963146543,0.1567380049896097,0.8616505273572754,0.06953556846476448,0.34402541185191376,0.34927089032112235,-2.16246755394218,2.16246755394218,12.800638660767845,3.4872226220903753e-07,0.0,1.6931058444136227e-08,7.182302829463181e-06
random,11,1861,0.47692438185554525,0.156737993311124,0.8616504631560412,0.06953556919877685,0.34402541548342075,0.3492704453969352,-2.1624677466174824,2.1624677466174824,12.800795180348986,3.6614006734945964e-07,0.0,1.7775920180262972e-08,7.541417970936341e-06
random,11,1862,0.4769243631922729,0.15673798100832534,0.8616503955227128,0.06953556996256141,0.34402541926222496,0.3492699864925969,-2.1624679410797594,2.1624679410797594,12.800939368969438,3.844314069459706e-07,1.3877787807814457e-17,1.866327237198817e-08,7.918488869483158e-06
random,11,1863,0.476924343597058,0.1567379680514197,0.861650324293501,0.06953557075784966,0.3440254231968929,0.3492695126013094,-2.162468137711248,2.162468137711248,12.801071821428835,4.036396972021045e-07,1.3877787807814457e-17,1.95952148951406e-08,8.314413312957317e-06
random,11,1864,0.4769243230231037,0.1567379544091923,0.8616502492968054,0.06953557158647129,0.3440254272964768,0.34926902265447546,-2.162468336924031,2.162468336924031,12.80119310063018,4.238105419944663e-07,0.0,2.057395426247055e-08,8.730133978605184e-06
random,11,1865,0.4769243014212949,0.15673794004893826,0.8616501703528348,0.0695355724503596,0.34402543157054166,0.3492685155179962,-2.162468539162118,2.162468539162118,12.801303745934527,4.4499184113563753e-07,0.0,2.1601808841698045e-08,9.166640677535443e-06
random,11,1866,0.4769242787400804,0.15673792493638872,0.8616500872731995,0.06953557335155656,0.34402543602919017,0.3492679899887954,-2.1624687449032365,2.1624687449032365,12.801404280224755,4.672339046227801e-07,0.0,2.268121446213911e-08,9.624972711412215e-06
random,11,1867,0.47692425492535073,0.15673790903563084,0.8616499998604727,0.06953557429221813,0.3440254406830887,0.34926744479160127,-2.1624689546603064,2.1624689546603064,12.801495215798804,4.905895728604409e-07,0.0,2.3814729688265146e-08,1.0106221346982826e-05
random,11,1868,0.4769242299203075,0.15673789230902138,0.8616499079077146,0.06953557527461904,0.34402544554349157,0.349266878576015,-2.1624691689825606,2.1624691689825606,12.801577059172256,5.151143432951747e-07,0.0,2.500504325819719e-08,1.0611532414331967e-05
random,11,1869,0.47692420366532845,0.15673787471709388,0.8616498111979625,0.06953557630115775,0.34402545062226514,0.3492662899138943,-2.1624693884562864,2.1624693884562864,12.801650314836879,5.408665033854101e-07,0.0,2.6254979024198377e-08,1.1142109035048566e-05
random,11,1870,0.47692417609782434,0.15673785621845873,0.8616497095036815,0.06953557737436115,0.344025455931911,0.3492656772970734,-2.1624696137051607,2.1624696137051607,12.801715487997651,5.679072704261096e-07,0.0,2.7567504112813168e-08,1.1699214486800995e-05
random,11,1871,0.476924147152089,0.15673783676969605,0.8616496025861752,0.06953557849688895,0.34402546148558794,0.3492650391354276,-2.162469845390164,2.162469845390164,12.801773086294101,5.963009383571122e-07,0.0,2.8945735364160896e-08,1.2284175211141045e-05
random,11,1872,0.47692411675914276,0.15673781632524109,0.8616494901949565,0.06953557967153819,0.3440254672971344,0.3492643737552812,-2.162470084209077,2.162470084209077,12.80182362051607,6.261150317376218e-07,0.0,3.039294621531852e-08,1.2898383971698098e-05
random,11,1873,0.4769240848465657,0.15673779483726155,0.8616493720670724,0.06953558090124733,0.34402547338108835,0.3492636793981328,-2.1624703308955717,2.1624703308955717,12.801867604317993,6.574204673617415e-07,0.0,3.191257708090589e-08,1.3543303170283004e-05
random,11,1874,0.47692405133832566,0.1567377722555276,0.8616492479263894,0.06953558218910064,0.344025479752709,0.349262954219659,-2.1624705862179345,2.1624705862179345,12.801905552964834,6.902917237734825e-07,0.0,3.3508240016022484e-08,1.4220468328797154e-05
random,11,1875,0.47692401615459545,0.15673774852727368,0.8616491174828349,0.06953558353833211,0.3440254864279966,0.3492621962889287,-2.1624708509774777,2.1624708509774777,12.801937981155744,7.248070189438126e-07,0.0,3.5183730207055675e-08,1.4931491745237013e-05
random,11,1876,0.47692397921156127,0.15673772359705304,0.8616489804315961,0.0695355849523298,0.3440254934237132,0.3492614035877358,-2.1624711260067198,2.1624711260067198,12.801965400008726,7.610484967310908e-07,0.0,3.6943034187331136e-08,1.5678066332498865e-05
random,11,1877,0.47692394042122316,0.15673769740658441,0.8616488364522779,0.06953558643464029,0.34402550075740573,0.34926057400994065,-2.1624714121674353,2.1624714121674353,12.801988313330549,7.991024224028037e-07,0.0,3.879033810827437e-08,1.646196964912381e-05
random,11,1878,0.47692389969118343,0.15673766989459187,0.8616486852080222,0.06953558798897337,0.34402550844742813,0.34925970536068374,-2.162471710348698,2.162471710348698,12.802007213327718,8.390593876602803e-07,0.0,4.073003972981937e-08,1.728506813158e-05
random,11,1879,0.47692385692442607,0.1567376409966379,0.861648526344591,0.06953558961920707,0.3440255165129668,0.34925879535532334,-2.162472021465044,2.162472021465044,12.80202257596108,8.810145259859902e-07,0.0,4.2766757357703966e-08,1.8149321538159e-05
random,11,1880,0.4769238120190849,0.15673761064494968,0.8616483594894102,0.0695355913293937,0.34402552497407063,0.3492578416179397,-2.1624723464549103,2.1624723464549103,12.802034856175256,9.250677384321304e-07,0.0,4.4905341167744695e-08,1.9056787615066952e-05
random,11,1881,0.4769237648681996,0.15673757876823996,0.8616481842505858,0.06953559312376602,0.34402553385168083,0.3492568416792527,-2.162472686279473,2.162472686279473,12.802044483259047,9.713239309383085e-07,0.0,4.715088530726774e-08,2.0009626995820302e-05
random,11,1882,0.4769237153594611,0.15673754529152162,0.861648000215884,0.06953559500674483,0.3440255431676694,0.3492557929738037,-2.162473041922028,2.162473041922028,12.802051856595115,1.0198932633951193e-06,1.3877787807814457e-17,4.950873849773885e-08,2.101010834561132e-05
random,11,1883,0.47692366337494285,0.15673751013591672,0.8616478069516816,0.06953559698294727,0.34402555294487946,0.34925469283628535,-2.1624734143880144,2.1624734143880144,12.802057342052857,1.070891411318239e-06,0.0,5.1984518245618005e-08,2.2060613762891885e-05
random,11,1884,0.47692360879081896,0.15673747321846002,0.8616476040018863,0.06953559905719597,0.34402556320717087,0.349253538496923,-2.1624738047057606,2.1624738047057606,12.802061269239152,1.1244398408806882e-06,0.0,5.458412388748002e-08,2.316364445103648e-05
random,11,1885,0.4769235514770694,0.1567374344518961,0.8616473908868206,0.06953560123453001,0.3440255739794742,0.34925232707586085,-2.162474213927995,2.162474213927995,12.802063929775166,1.1806660976885464e-06,0.0,5.7313749579623874e-08,2.4321826673588304e-05
random,11,1886,0.4769234912971696,0.15673739374447074,0.8616471671020752,0.06953560352021625,0.34402558528784727,0.34925105557654057,-2.162474643134116,2.162474643134116,12.802065576695734,1.2397041103971137e-06,0.0,6.017989978568394e-08,2.553791800726772e-05
random,11,1887,0.47692342810776434,0.1567373509997141,0.8616469321173176,0.06953560591976223,0.34402559715953845,0.3492497208781097,-2.1624750934331876,2.1624750934331876,12.80206642499396,1.3016945096169162e-06,0.0,6.318940526384154e-08,2.6814813907631106e-05
random,11,1888,0.47692336175832556,0.1567373061162162,0.8616466853750573,0.06953560843893011,0.3440256096230559,0.34924831972693177,-2.1624755659675636,2.1624755659675636,12.802066653245559,1.3667849629545264e-06,0.0,6.63494387764807e-08,2.815555460301266e-05
random,11,1889,0.476923292090794,0.15673725898739344,0.861646426289362,0.06953561108375146,0.34402562270824055,0.34924684872730427,-2.162476061917054,2.162476061917054,12.80206640617771,1.4351305270395381e-06,1.3877787807814457e-17,6.966753157700012e-08,2.9563332333163296e-05
random,11,1890,0.47692321893920125,0.15673720950124329,0.8616461542445101,0.06953561386054313,0.34402563644634493,0.3492453043315056,-2.1624765825034844,2.1624765825034844,12.802065797980898,1.5068940172424949e-06,0.0,7.315159272769378e-08,3.1041498949821465e-05
random,11,1891,0.4769231421292741,0.15673715754008816,0.8616458685935812,0.06953561677592372,0.3440256508701144,0.3492436828293024,-2.162477128995529,2.162477128995529,12.802064916125952,1.5822463960822965e-06,0.0,7.680992714087509e-08,3.259357389731254e-05
random,11,1892,0.47692306147801844,0.1567371029803051,0.8616455686569714,0.06953561983683107,0.3440256660138737,0.3492419803370355,-2.162477702713679,2.162477702713679,12.802063825422708,1.66136718110279e-06,0.0,8.065125567391362e-08,3.4223252592178166e-05
random,11,1893,0.4769229767932826,0.1567370456920412,0.861645253720828,0.06953562305054016,0.3440256819136156,0.3492401927863883,-2.1624783050352487,2.1624783050352487,12.80206257207961,1.7444448732815275e-06,0.0,8.468473583489455e-08,3.5934415221787073e-05
random,11,1894,0.4769228878732982,0.1567369855389132,0.8616449230353987,0.06953562642468165,0.34402569860709264,0.34923831591290583,-2.16247893739933,2.16247893739933,12.802061187538975,1.8316774069494678e-06,1.3877787807814457e-17,8.891998443116833e-08,3.773113598287643e-05
random,11,1895,0.4769227945061994,0.15673692237769005,0.861644575813286,0.06953562996726133,0.3440257161339132,0.3492363452443052,-2.162479601311646,2.162479601311646,12.802059691928383,1.9232726222827013e-06,0.0,9.336709877461047e-08,3.961769278202025e-05
random,11,1896,0.4769226964695161,0.1567368560579581,0.8616442112276068,0.06953563368667962,0.34402573453563823,0.34923427608857877,-2.1624802983492906,2.1624802983492906,12.802058097015397,2.019448761538398e-06,0.0,9.803668327146298e-08,4.159857742112126e-05
random,11,1897,0.4769225935296429,0.15673678642176705,0.8616438284100462,0.06953563759175234,0.3440257538558837,0.34923210352186396,-2.1624810301653574,2.1624810301653574,12.802056408615519,2.1204349901799485e-06,0.0,1.0293987323661824e-07,4.367850629217733e-05
random,11,1898,0.47692248544128135,0.15673671330325742,0.8616434264488091,0.06953564169173178,0.34402577414042507,0.3492298223760266,-2.162481798493494,2.162481798493494,12.802054628466312,2.2264719441898566e-06,0.0,1.0808836153897161e-07,4.5862431606786195e-05
random,11,1899,0.47692237194685366,0.15673663652826733,0.8616430043864592,0.06953564599632879,0.34402579543730655,0.3492274272258927,-2.1624826051524297,2.1624826051524297,12.802052755607084,2.337812304815831e-06,0.0,1.1349442768926465e-07,4.8155553187125504e-05
random,11,1900,0.4769222527758877,0.15673655591391905,0.8616425612176457,0.0695356505157357,0.34402581779695435,0.3492249123760489,-2.1624834520505267,2.1624834520505267,12.802050787342804,2.4547214022658247e-06,0.0,1.1917096598423882e-07,5.056333084648178e-05
random,11,1901,0.47692212764437003,0.15673647126818363,0.8616420958867097,0.06953565526065017,0.34402584127229496,0.3492222718471398,-2.1624843411904067,2.1624843411904067,12.802048719879831,2.577477849617753e-06,0.0,1.25131517647592e-07,5.309149738880587e-05
random,11,1902,0.4769219962540678,0.15673638238942367,0.8616416072851711,0.06953566024230025,0.34402586591887885,0.34921949936158575,-2.162485274673707,2.162485274673707,12.80204654871634,2.7063742087101673e-06,0.0,1.3139030224929016e-07,5.574607225824617e-05
random,11,1903,0.4769218582918153,0.1567362890659126,0.8616410942490856,0.06953566547247049,0.34402589179500975,0.34921658832865776,-2.162486254706005,2.162486254706005,12.802044268866464,2.8417176894269283e-06,0.0,1.3796225245554794e-07,5.853337587115848e-05
random,11,1904,0.47692171342876527,0.1567361910753296,0.8616405555562681,0.06953567096352922,0.3440259189618797,0.34921353182885023,-2.1624872836019358,2.1624872836019358,12.802041874974297,2.9838308840735173e-06,0.0,1.4486305005556588e-07,6.146004466471641e-05
random,11,1905,0.47692156131960234,0.15673608818422913,0.8616399899233765,0.0695356767284573,0.344025947483711,0.3492103225975,-2.162488363790542,2.162488363790542,12.802039361365535,3.133052538861538e-06,0.0,1.521091629319571e-07,6.453304689795224e-05
random,11,1906,0.47692140160171753,0.15673598014748402,0.8616393960028503,0.06953568278087813,0.34402597742790525,0.34920695300760507,-2.162489497820865,2.162489497820865,12.802036722062825,3.2897383639880813e-06,0.0,1.5971788480673155e-07,6.775969924284985e-05
random,11,1907,0.4769212338943398,0.1567358667077002,0.861638772379693,0.06953568913508906,0.34402600886519813,0.3492034150517948,-2.1624906883677983,2.1624906883677983,12.802033950782631,3.4542618846748954e-06,0.0,1.677073777073268e-07,7.114768420499235e-05
random,11,1908,0.4769210577976255,0.15673574759460268,0.8616381175680964,0.0695356958060944,0.34402604186982305,0.3491997003234125,-2.1624919382382175,2.1624919382382175,12.802031040925623,3.6270153348551968e-06,0.0,1.7609671432161633e-07,7.470506841524196e-05
random,11,1909,0.47692087289170093,0.15673562252438988,0.8616374300078916,0.06953570280963993,0.344026076519682,0.3491957999966612,-2.162493250377399,2.162493250377399,12.802027985561644,3.808410596020263e-06,0.0,1.8490592457176547e-07,7.844032183600406e-05
random,11,1910,0.47692067873565674,0.15673549119905625,0.8616367080608246,0.06953571016224906,0.34402611289652396,0.34919170480576844,-2.1624946278757395,2.1624946278757395,12.802024777413811,3.998880183203156e-06,0.0,1.9415604418648869e-07,8.236233792780426e-05
random,11,1911,0.47692047486649247,0.1567353533056806,0.8616359500066447,0.06953571788126084,0.34402615108613344,0.3491874050231229,-2.162496073975795,2.162496073975795,12.802021408841652,4.198878280793248e-06,1.3877787807814457e-17,2.0386916427250767e-07,8.648045482419449e-05
random,11,1912,0.47692026079800653,0.1567352085156789,0.8616351540389958,0.06953572598486944,0.34402619117852573,0.34918289043633066,-2.162497592079643,2.162497592079643,12.80201787182213,4.408881830399312e-06,0.0,2.1406848593752414e-07,9.080447756540422e-05
random,11,1913,0.4769200360196312,0.15673505648401892,0.8616343182611,0.06953573449216591,0.3440262332681531,0.349178150324139,-2.162499185756596,2.162499185756596,12.802014157930733,4.629391673685485e-06,0.0,2.2477837535728185e-07,9.534470144367444e-05
random,11,1914,0.4769197999952091,0.1567348968483965,0.8616334406812287,0.06953574342318156,0.3440262774541202,0.349173173431175,-2.1625008587512635,2.1625008587512635,12.802010258321822,4.860933752814887e-06,0.0,2.3602442206227536e-07,0.00010011193651585817
random,11,1915,0.4769195521617064,0.15673472922836942,0.8616325192079413,0.06953575279893359,0.34402632384040893,0.3491679479414378,-2.1625026149919977,2.1625026149919977,12.802006163707256,5.104060371454667e-06,1.3877787807814457e-17,2.478335027200629e-07,0.00010511753334165108
random,11,1916,0.47691929192786314,0.15673455322444843,0.8616315516450879,0.0695357626414728,0.34402637253611507,0.34916246145048635,-2.162504458599719,2.162504458599719,12.802001864334121,5.359351519482636e-06,0.0,2.602338432522444e-07,0.00011037341000873364
random,11,1917,0.4769190186727729,0.15673436841714206,0.8616305356865588,0.06953577297393335,0.34402642365569414,0.3491567009362603,-2.1625063938971496,2.1625063938971496,12.80199734996217,5.627416264550398e-06,0.0,2.732550902218023e-07,0.00011589208050917033
random,11,1918,0.4769187317443935,0.15673417436595394,0.8616294689107722,0.06953578382058513,0.34402647731922104,0.3491506527284631,-2.1625084254184728,2.1625084254184728,12.801992609837038,5.908894214114199e-06,0.0,2.8692837944488403e-07,0.00012168668453462885
random,11,1919,0.476918430457979,0.15673397060832925,0.8616283487748818,0.06953579520688824,0.3440265336526588,0.3491443024764466,-2.1625105579194215,2.1625105579194215,12.801987632668933,6.204457051181612e-06,0.0,3.012864144835703e-07,0.0001277710187613603
random,11,1920,0.47691811409443624,0.1567337566585484,0.8616271726086961,0.06953580715955032,0.34402659278814274,0.3491376351155154,-2.1625127963878286,2.1625127963878286,12.801982406601123,6.514810147974064e-06,0.0,3.163635427516631e-07,0.00013415956969942833
random,11,1921,0.47691778189859446,0.15673353200656506,0.8616259376082893,0.06953581970658608,0.344026654864275,0.3491306348315825,-2.1625151460546497,2.1625151460546497,12.801976919184828,6.840694261106592e-06,0.0,3.3219584177901496e-07,0.00014086754818439976
random,11,1922,0.4769174330773895,0.15673329611678558,0.8616246408292924,0.0695358328773799,0.344026720026434,0.3491232850240919,-2.1625176124054764,2.1625176124054764,12.8019711573473,7.182887312759623e-06,0.0,3.4882120497625735e-07,0.00014791092559361975
random,11,1923,0.4769170667979553,0.1567330484267869,0.8616232791798443,0.06953584670275105,0.3440267884270973,0.34911556826713136,-2.1625202011925553,2.1625202011925553,12.801965107363865,7.542206262081969e-06,0.0,3.6627943417189e-07,0.00015530647187330074
random,11,1924,0.4769166821856182,0.15673278834597013,0.8616218494131904,0.06953586121502192,0.344026860226179,0.34910746626863864,-2.162522918447346,2.162522918447346,12.801958754819426,7.919509071476513e-06,1.3877787807814457e-17,3.846123370898624e-07,0.00016307179546696577
random,11,1925,0.47691627832179034,0.15673251525414608,0.8616203481199066,0.06953587644808942,0.34402693559138325,0.34909895982762684,-2.1625257704936125,2.1625257704936125,12.801952084582519,8.315696772802608e-06,0.0,4.0386382788026864e-07,0.00017122538524031407
random,11,1926,0.4769158542417544,0.15673222850004961,0.861618771719732,0.06953589243749918,0.3440270146985711,0.34909002878931145,-2.1625287639610957,2.1625287639610957,12.801945080758072,8.731715638426373e-06,0.0,4.240800359212038e-07,0.00017978665450232978
random,11,1927,0.47691540893233736,0.15673192739977876,0.861617116452988,0.06953590922052348,0.34402709773214624,0.3490806519980708,-2.162531905799755,2.162531905799755,12.801937726663724,9.168559462702363e-06,0.0,4.453094170631111e-07,0.00018877598722744627
random,11,1928,0.47691494132946477,0.15673161123515575,0.8616153783715689,0.06953592683624224,0.3440271848854555,0.34907080724809664,-2.162535203294638,2.162535203294638,12.80193000477175,9.627271959455752e-06,1.3877787807814457e-17,4.67602872589179e-07,0.0001982147865888186
random,11,1929,0.47691445031559077,0.15673127925200447,0.8616135533294715,0.06953594532562773,0.3440272763612081,0.3490604712316823,-2.16253866408134,2.16253866408134,12.801921896691647,1.010894928168626e-05,0.0,4.91013874004409e-07,0.00020812552591825955
random,11,1930,0.476913934716997,0.1567309306583417,0.8616116369728521,0.06953596473163288,0.34402737237191255,0.34904961948495616,-2.162542296162158,2.162542296162158,12.801913383091033,1.061474266953412e-05,0.0,5.15598593764377e-07,0.00021853180221417253
random,11,1931,0.4769133933009537,0.1567305646224764,0.8616096247295778,0.06953598509928322,0.3440274731403315,0.3490382263310667,-2.1625461079228305,2.1625461079228305,12.80190444370332,1.1145861233509163e-05,0.0,5.414160432759552e-07,0.00022945839232488117
random,11,1932,0.4769128247727355,0.15673018027101351,0.861607511798252,0.06953600647577289,0.3440275788999568,0.3490262648204879,-2.1625501081500818,2.1625501081500818,12.801895057190908,1.1703574879607801e-05,0.0,5.685282182255058e-07,0.00024093131194112525
random,11,1933,0.4769122277724843,0.15672977668675558,0.8616052931366792,0.0695360289105645,0.34402768989550325,0.3490137066687107,-2.1625543060496284,2.1625543060496284,12.801885201253942,1.2289217384259877e-05,0.0,5.970002511790362e-07,0.00025297787753818154
random,11,1934,0.4769116008719129,0.15672935290650108,0.8616029634497612,0.06953605245549341,0.3440278063834251,0.3490005221903761,-2.162558711265409,2.162558711265409,12.801874852259115,1.290418962640967e-05,0.0,6.26900571398803e-07,0.00026562677141509064
random,11,1935,0.47691094257083755,0.15672890791872468,0.8616005171767451,0.06953607716487535,0.344027928632448,0.3489866802315247,-2.16256333389836,2.16256333389836,12.801863985871446,1.3549962985275922e-05,0.0,6.583010753735685e-07,0.00027890810998584516
random,11,1936,0.4769102512935337,0.15672844066115565,0.8615979484779105,0.06953610309562089,0.3440280569241354,0.34897214809545,-2.16256818452888,2.16256818452888,12.80185257538724,1.4228082912399243e-05,0.0,6.912773038436626e-07,0.0002928535154851374
random,11,1937,0.47690952538490483,0.1567279500181923,0.8615952512203555,0.0695361303073475,0.3440281915534433,0.3489568914733488,-2.1625732742322397,2.1625732742322397,12.801840595718136,1.4940172687167735e-05,0.0,7.259086288735617e-07,0.0003074961912593943
random,11,1938,0.4769087631064527,0.156727434818303,0.8615924189637094,0.06953615886251598,0.3440283328293947,0.34894087434792953,-2.1625786146169994,2.1625786146169994,12.801828012393097,1.568793736546789e-05,1.3877787807814457e-17,7.622784521377213e-07,0.00032287100082236406
random,11,1939,0.4769079626320411,0.1567268938309348,0.8615894449431384,0.06953618882651078,0.3440284810754777,0.3489240589648219,-2.1625842177963515,2.1625842177963515,12.801814813167159,1.6473167931680246e-05,0.0,8.00474411588592e-07,0.0003390145508634823
random,11,1940,0.47690712204344005,0.1567263257644429,0.8615863220579623,0.06953622026792378,0.3440286366310487,0.34890640556629604,-2.1625900965818996,2.1625900965818996,12.80180090968602,1.7297745664839953e-05,0.0,8.405886010587338e-07,0.0003559652784066564
random,11,1941,0.47690623932564014,0.1567257292598032,0.8615830428370903,0.06953625325814891,0.3440287998493273,0.34888787293720747,-2.1625962639042164,2.1625962639042164,12.801786463307346,1.8163646730298342e-05,0.0,8.827177999104485e-07,0.00037376354232698924
random,11,1942,0.4769053123619244,0.15672510289932665,0.861579599486928,0.06953628787356861,0.3440289711082137,0.3488684159032122,-2.1626027351198664,2.1626027351198664,12.801770730897973,1.9072947009214316e-05,0.0,9.269637157305333e-07,0.0003924517194433387
random,11,1943,0.47690433892868384,0.15672444515493067,0.8615759836070035,0.0695363241874623,0.34402915077025586,0.3488479949241003,-2.162609518846894,2.162609518846894,12.801756423761516,2.0027827181443716e-05,0.0,9.734332405697543e-07,0.00041207430541550567
random,11,1944,0.4769033166899773,0.15672375459154206,0.8615721873081542,0.06953636230546317,0.34402933935807123,0.348826534438538,-2.1626166563881752,2.1626166563881752,12.801732166247296,2.1030578137629387e-05,0.0,1.0222387065161875e-06,0.00043267802068628096
random,11,1945,0.4769022431920945,0.156723028920116,0.8615681980065998,0.06953640220490016,0.3440295367594954,0.34880411208229944,-2.1626240422466374,2.1626240422466374,12.801747588321444,2.208360812443353e-05,0.0,1.0734978828086383e-06,0.000454311921720595
random,11,1946,0.4769011158653836,0.1567222695735828,0.8615640235797221,0.0695364445156404,0.34402974609077946,0.34878004023684783,-2.1626322948298826,2.1626322948298826,12.801570699756141,2.3189487196806235e-05,0.0,1.1273267109257468e-06,0.0004770275178066248
random,11,1947,0.47689993227519295,0.15672145848277513,0.8615595646941939,0.06953648656334327,0.34402995412069304,0.3487575511124693,-2.162638312911839,2.162638312911839,12.802327972218922,2.435193851793782e-05,0.0,1.1835901906342983e-06,0.0005008788936969561
random,11,1948,0.47689869700677184,0.15672069842511183,0.861555386357954,0.0695365462798196,0.3440302495664026,0.3487163242481368,-2.162661287455138,2.162661287455138,12.797370737870443,2.5626203937124995e-05,0.0,1.2352684211069942e-06,0.0005259228383818039
random,11,1949,0.47689738696550144,0.1567197202851982,0.8615500091377166,0.06953657827494267,0.3440304078614397,0.348707878499255,-2.162652436941591,2.162652436941591,12.81399242894583,2.692902716482368e-05,0.0,1.3100412704081243e-06,0.0005522189803008941
random,11,1950,0.47689738487757893,0.1567197358215634,0.8615500945472334,0.06953658571990333,0.34403044469518845,0.34870277193792554,-2.162657607307755,2.162657607307755,12.675907834461196,3.239040501833168e-07,0.0,2.087922501559092e-09,2.264960661390386e-06
random,11,1951,0.476897374276639,0.15671972789680944,0.8615500509817406,0.06953658359774684,0.34403043419587453,0.3487035884297858,-2.1626565956090804,2.1626565956090804,12.800426229088929,1.3938924470022715e-07,1.3877787807814457e-17,1.0600939959193312e-08,2.3782086944599054e-06
random,11,1952,0.47689736812795325,0.15671972356194797,0.8615500271513002,0.0695365834206128,0.34403043331950844,0.3487036350496866,-2.162656458365353,2.162656458365353,12.798333105240587,1.2394073522411097e-07,1.3877787807814457e-17,6.148685727236369e-09,2.4971191291829007e-06
random,11,1953,0.47689736168335994,0.1567197190739523,0.861550002479021,0.06953658325755942,0.34403043251280613,0.3487036679000091,-2.1626563280127478,2.1626563280127478,12.797893423133708,1.3001871634781788e-07,0.0,6.4445933034562586e-09,2.6219750856420457e-06
random,11,1954,0.4768973549274036,0.15671971442827073,0.8615499769398802,0.06953658311041021,0.34403043178478926,0.34870368538416036,-2.162656205060764,2.162656205060764,12.79745435012891,1.3640674180994916e-07,0.0,6.755956349913106e-09,2.753073839924148e-06
random,11,1955,0.4768973478436723,0.15671970961954523,0.8615499505044228,0.06953658298087116,0.3440304311438982,0.34870368596429835,-2.1626560895359703,2.1626560895359703,12.79702045770824,1.4312225596121879e-07,0.0,7.083731268231475e-09,2.8907275319203557e-06
random,11,1956,0.47689734041477355,0.15671970464138069,0.8615499231374921,0.069536582870456,0.34403043059762206,0.34870366821839893,-2.1626559804801837,2.1626559804801837,12.796596840262572,1.50183370989192e-07,1.3877787807814457e-17,7.428898773920167e-09,3.0352639085163736e-06
random,11,1957,0.47689733262232487,0.15671969948610667,0.8615498947969211,0.06953658278040956,0.34403043015211965,0.34870363090048784,-2.162655874240091,2.162655874240091,12.796188928993423,1.5760874222010816e-07,1.3877787807814457e-17,7.792448686316789e-09,3.1870271039421923e-06
random,11,1958,0.4768973244961324,0.15671969431719054,0.8615498663813539,0.06953658283237743,0.34403043040922937,0.3487035093871921,-2.162655833518498,2.162655833518498,12.79580221871169,1.6452353689082067e-07,1.3877787807814457e-17,8.126192441171298e-09,3.346378459139302e-06
random,11,1959,0.47689731611982195,0.1567196894462965,0.8615498396041315,0.0695365832662525,0.34403043255581495,0.348703180192788,-2.1626560385557703,2.1626560385557703,12.79565190746991,1.7158678556326463e-07,0.0,8.376310478563909e-09,3.5136973820962674e-06
random,11,1960,0.47689730733580943,0.15671968426816324,0.8615498111378941,0.06953658371097374,0.34403043475606165,0.3487028484289676,-2.162656240617221,2.162656240617221,12.796139604849273,1.8004734185730898e-07,0.0,8.78401251735994e-09,3.689382251201081e-06
random,11,1961,0.4768972981224314,0.15671967876977758,0.8615497809111032,0.06953658416748323,0.3440304370146305,0.34870251336827457,-2.162656440128578,2.162656440128578,12.796587059991008,1.889446329278423e-07,0.0,9.213378004968575e-09,3.873851363761135e-06
random,11,1962,0.4768972884571201,0.15671967293714634,0.8615497488468328,0.06953658463671408,0.34403043933613786,0.34870217433084827,-2.1626566374563123,2.1626566374563123,12.796999267489385,1.9829855381660762e-07,0.0,9.665311329065673e-09,4.067543931949192e-06
random,11,1963,0.4768972783163219,0.15671966675532284,0.861549714862915,0.06953658511960284,0.3440304417252174,0.34870183066800564,-2.1626568329226843,2.1626568329226843,12.797380233451626,2.0813039527600606e-07,0.0,1.0140798201163648e-08,4.270921128546652e-06
random,11,1964,0.4768972676754207,0.15671966020841782,0.8615496788720003,0.06953658561709954,0.34403044418656936,0.348701481749359,-2.1626570268173695,2.1626570268173695,12.797733216702817,2.1846280866401944e-07,0.0,1.0640901215719367e-08,4.484467184973985e-06
random,11,1965,0.47689725650866477,0.1567196532795987,0.8615496407815534,0.06953658613017637,0.3440304467250036,0.34870112695237837,-2.162657219406696,2.162657219406696,12.798060901353177,2.2931980024315474e-07,0.0,1.1166755908842418e-08,4.708690544222684e-06
random,11,1966,0.4768972447890944,0.15671964595107996,0.8615496004938004,0.06953658665983518,0.3440304493454768,0.3487007656536761,-2.1626574109411933,2.1626574109411933,12.798365523032336,2.4072674607726525e-07,1.3877787807814457e-17,1.1719570369717047e-08,4.944125071433819e-06
random,11,1967,0.47689723248846894,0.15671963820410675,0.8615495579056384,0.06953658720711424,0.34403045205312566,0.34870039722151414,-2.162657601661927,2.162657601661927,12.79864896307026,2.527104218317248e-07,0.0,1.2300625462646764e-08,5.19133132500551e-06
random,11,1968,0.47689721957719405,0.1567196300189326,0.8615495129085132,0.06953658777309454,0.3440304548532984,0.3487000210091925,-2.16265779180595,2.16265779180595,12.798912820047072,2.6529904393229046e-07,1.3877787807814457e-17,1.2911274882565493e-08,5.450897891255785e-06
random,11,1969,0.4768972060242459,0.15671962137479215,0.8615494653882696,0.06953658835890568,0.34403045775158375,0.348699636349071,-2.162657981611094,2.162657981611094,12.799158465045977,2.7852232001985893e-07,1.3877787807814457e-17,1.3552948152639743e-08,5.723442785818575e-06
random,11,1970,0.47689719179709456,0.15671961224986966,0.8615494152249779,0.06953658896573164,0.34403046075383936,0.3486992425470551,-2.1626581713202775,2.1626581713202775,12.79938708498791,2.9241150686246495e-07,0.0,1.4227151345913569e-08,6.009614925109504e-06
random,11,1971,0.47689717686162336,0.15671960262126325,0.8615493622927373,0.06953658959481639,0.34403046386621977,0.34869883887742154,-2.162658361185434,2.162658361185434,12.799599717106256,3.069994751735654e-07,0.0,1.4935471193133765e-08,6.31009567136498e-06
random,11,1972,0.47689716118204606,0.15671959246494532,0.8615493064594587,0.06953659024746932,0.34403046709520313,0.34869842457789824,-2.1626585514711483,2.1626585514711483,12.799797276749535,3.2232078051782175e-07,0.0,1.5679577303195913e-08,6.625600454933229e-06
random,11,1973,0.47689714472081984,0.15671958175571926,0.8615492475866264,0.06953659092507072,0.3440304704476184,0.34869799884494196,-2.162658742458049,2.162658742458049,12.79998058009006,3.384117400107654e-07,0.0,1.6461226215458424e-08,6.95688047767989e-06
random,11,1974,0.47689712743855567,0.15671957046717203,0.8615491855290375,0.06953659162907731,0.34403047393067265,0.34869756082917786,-2.1626589344459903,2.1626589344459903,12.800150362888953,3.5531051458306644e-07,0.0,1.72822641753001e-08,7.304724501563885e-06
random,11,1975,0.47689710929392276,0.1567195585716229,0.8615491201345202,0.06953659236102752,0.3440304775519772,0.3486971096309826,-2.1626591277570397,2.1626591277570397,12.800307296170674,3.7305719673008266e-07,0.0,1.8144632907279856e-08,7.66996072664208e-06
random,11,1976,0.4768970902435507,0.156719546040068,0.8615490512436287,0.06953659312254706,0.3440304813195753,0.34869664429620556,-2.1626593227382713,2.1626593227382713,12.80045199943123,3.916939038657792e-07,0.0,1.9050372057627385e-08,8.053458762974184e-06
random,11,1977,0.47689707024192446,0.15671953284212015,0.8615489786893129,0.06953659391535418,0.3440304852419678,0.34869616381203933,-2.1626595197643557,2.1626595197643557,12.8005850518484,4.112648771955889e-07,1.3877787807814457e-17,2.0001626244159354e-08,8.456131701122893e-06
random,11,1978,0.47689704924127707,0.15671951894594432,0.8615489022965629,0.06953659474126521,0.3440304893281411,0.34869566710305216,-2.162659719239925,2.162659719239925,12.800707001832171,4.31816586194532e-07,0.0,2.1000647387747762e-08,8.878938286179037e-06
random,11,1979,0.4768970271914743,0.1567195043181876,0.8615488218820246,0.0695365956021997,0.344030493587592,0.3486951530274093,-2.162659921601695,2.162659921601695,12.800818375164658,4.5339783908838743e-07,0.0,2.2049802761436865e-08,9.32288520048799e-06
random,11,1980,0.47689700403989566,0.1567194889239038,0.8615487372535853,0.06953659650018582,0.34403049803035496,0.3486946203733122,-2.162660127320298,2.162660127320298,12.800919681902316,4.7605989920841727e-07,0.0,2.315157865417916e-08,9.78902946051239e-06
random,11,1981,0.47689697973130835,0.15671947272647235,0.861548648209927,0.06953659743736536,0.3440305026670263,0.3486940678556876,-2.1626603369018125,2.1626603369018125,12.801011422158743,4.998566075578862e-07,0.0,2.430858730972929e-08,1.0278480933538008e-05
random,11,1982,0.4768969542077355,0.15671945568751056,0.8615485545400451,0.06953659841599888,0.3440305075087901,0.34869349411315875,-2.1626605508889343,2.1626605508889343,12.801094090842124,5.248445117996927e-07,0.0,2.552357286633722e-08,1.0792404980214908e-05
random,11,1983,0.476896927408317,0.1567194377667794,0.8615484560227299,0.06953659943847047,0.34403051256744166,0.34869289770532935,-2.1626607698617737,2.1626607698617737,12.801168181387354,5.51083001894024e-07,0.0,2.6799418462175595e-08,1.1332025229225655e-05
random,11,1984,0.47689689926916473,0.15671941892208222,0.8615483524260096,0.06953660050729256,0.34403051785541106,0.3486922771104007,-2.162660994438243,2.162660994438243,12.801234188502017,5.786344524754187e-07,0.0,2.8139152286055236e-08,1.1898626490686938e-05
random,11,1985,0.47689686972320866,0.15671939910915586,0.8615482435065522,0.06953660162511038,0.3440305233857856,0.34869163072313913,-2.162661225274022,2.162661225274022,12.801292609931192,6.075643725445346e-07,0.0,2.9545956070631263e-08,1.2493557815221286e-05
random,11,1986,0.47689683870003713,0.15671937828155436,0.8615481290090261,0.06953660279470644,0.3440305291723316,0.34869095685318874,-2.1626614630620944,2.1626614630620944,12.801343947238477,6.379415623779588e-07,0.0,3.102317153169665e-08,1.3118235705982351e-05
random,11,1987,0.4768968061257275,0.15671935639052448,0.8615480086654155,0.06953660401900469,0.34403053522951527,0.34869025372371315,-2.162661708531871,2.162661708531871,12.801388705612935,6.698382782998027e-07,0.0,3.257430963854446e-08,1.3774147491281469e-05
random,11,1988,0.4768967719226694,0.15671933338487354,0.8615478821942941,0.06953660530107474,0.3440305415725234,0.3486895194703279,-2.162661962447929,2.162661962447929,12.801427392718496,7.033304053808714e-07,0.0,3.4203058107973305e-08,1.4462854865845543e-05
random,11,1989,0.4768967360093791,0.15671930921082905,0.8615477493000533,0.06953660664413605,0.34403054821728424,0.3486887521402587,-2.162662225608421,2.162662225608421,12.801460516629112,7.384976386487947e-07,0.0,3.5913290286071486e-08,1.5185997609137822e-05
random,11,1990,0.4768966983003038,0.15671928381189054,0.8615476096720877,0.06953660805156199,0.34403055518048736,0.34868794969163996,-2.162662498843234,2.162662498843234,12.801488582925284,7.754236730974247e-07,0.0,3.770907530675771e-08,1.5945297489594713e-05
random,11,1991,0.4768966587056175,0.15671925712867352,0.8615474629839375,0.06953660952688433,0.3440305624796062,0.3486871099928431,-2.16266278301199,2.16266278301199,12.801512091061346,8.1419640292361e-07,1.3877787807814457e-17,3.959468630743146e-08,1.674256236407445e-05
random,11,1992,0.4768966171310053,0.1567192290987465,0.8615473088923922,0.06953661107379781,0.3440305701329203,0.3486862308217009,-2.1626630790020163,2.1626630790020163,12.80153153015369,8.549081306051066e-07,0.0,4.1574612197337046e-08,1.7579690482278175e-05
random,11,1993,0.4768965734774383,0.15671919965646033,0.8615471470365526,0.06953661269616515,0.3440305781595404,0.3486853098644813,-2.1626633877264125,2.1626633877264125,12.801547374381087,8.9765578626952e-07,0.0,4.365356698343703e-08,1.8458675006392085e-05
random,11,1994,0.4768965276409369,0.15671916873277147,0.861546977036859,0.0695366143980228,0.34403058657943675,0.34868434471444915,-2.1626637101223607,2.1626637101223607,12.801560078219966,9.425411578976824e-07,0.0,4.583650142775397e-08,1.938160875671169e-05
random,11,1995,0.47689647951232184,0.15671913625505857,0.8615467984940834,0.06953661618358715,0.3440305954134698,0.3486833328698594,-2.1626640471498226,2.1626640471498226,12.801570071764612,9.896711330374279e-07,0.0,4.81286150377791e-08,2.0350689194547274e-05
random,11,1996,0.47689642897695395,0.15671910214693308,0.8615466109882879,0.06953661805726177,0.34403060468342617,0.3486822717312308,-2.1626643997907578,2.1626643997907578,12.801577756388996,1.0391579527058009e-06,0.0,5.0535367890347516e-08,2.1368223654274638e-05
random,11,1997,0.4768963759144598,0.1567190663280443,0.861546414077753,0.06953662002364554,0.34403061441205857,0.34868115859777044,-2.1626647690489733,2.1626647690489733,12.801583501002987,1.09111947802333e-06,0.0,5.306249412084796e-08,2.243663483698837e-05
random,11,1998,0.4768963201984452,0.1567190287138781,0.8615462072978712,0.06953662208754186,0.3440306246231318,0.3486799906628517,-2.1626651559506995,2.1626651559506995,12.801587639124966,1.1456794703203825e-06,0.0,5.571601463527642e-08,2.355846657883779e-05
random,11,1999,0.47689626169619204,0.15671898921554986,0.8615459901600088,0.06953662425396898,0.34403063534147343,0.34867876500848227,-2.16266556154593,2.16266556154593,12.80159046694629,1.2029678855462177e-06,0.0,5.850225315295887e-08,2.4736389907779683e-05
random,11,2000,0.47689620026834345,0.1567189477395907,0.8615457621503305,0.0695366265281715,0.3440306465930311,0.34867747859874837,-2.1626659869105405,2.1626659869105405,12.801592242499643,1.263121183462504e-06,0.0,6.142784858553796e-08,2.5973209403168667e-05
random,11,2001,0.4768961357685694,0.15671890418772633,0.861545522728584,0.06953662891563295,0.3440306584049344,0.3486761282722577,-2.1626664331491483,2.1626664331491483,12.80159318596508,1.3262826526723261e-06,0.0,6.44997740772979e-08,2.72718698733271e-05
random,11,2002,0.47689606804321905,0.1567188584566479,0.8615452713268398,0.06953663142208963,0.3440306708055635,0.34867471073365297,-2.162666901398637,2.162666901398637,12.801593481068384,1.3926027519097517e-06,0.0,6.772535032784077e-08,2.8635463366993456e-05
random,11,2003,0.47689599693095336,0.15671881043777286,0.8615450073481767,0.06953663405354527,0.34403068382462165,0.3486732225442935,-2.162667392832244,2.162667392832244,12.801593277447669,1.4622394688204293e-06,1.3877787807814457e-17,7.111226568712326e-08,3.006723653534313e-05
random,11,2004,0.47689592226235994,0.1567187600169958,0.8615447301653126,0.06953663681628668,0.3440306974932127,0.34867166011222855,-2.1626679086640803,2.1626679086640803,12.801592693802528,1.5353586965459572e-06,0.0,7.466859341942467e-08,3.1570598362110285e-05
random,11,2005,0.47689584385954914,0.15671870707442653,0.8615444391191638,0.0695366397169003,0.344030711843923,0.3486700196815944,-2.1626684501539444,2.1626684501539444,12.80159182159173,1.6121346296009736e-06,0.0,7.840281079918299e-08,3.31491282802158e-05
random,11,2006,0.47689576153572927,0.1567186514841151,0.8615441335173337,0.06953664276228957,0.344030726910907,0.34866829732155735,-2.162669018612305,2.162669018612305,12.801590729023056,1.6927501793902602e-06,0.0,8.232381987216542e-08,3.4806584694226594e-05
random,11,2007,0.476895675094761,0.15671859311376202,0.8615438126325201,0.06953664595969274,0.3440307427299758,0.34866648891491303,-2.1626696154053353,2.1626696154053353,12.801589465090593,1.7773974107861328e-06,0.0,8.644096827215009e-08,3.6546913928937926e-05
random,11,2008,0.47689558433068857,0.15671853182441203,0.8615434757008312,0.06953664931670142,0.3440307593386887,0.3486645901464195,-2.1626702419599018,2.1626702419599018,12.801588063432165,1.8662780005526569e-06,0.0,9.076407242458728e-08,3.8374259625384826e-05
random,11,2009,0.4768954890272486,0.15671846747013135,0.8615431219200115,0.06953665284127993,0.34403077677644894,0.3486625964909089,-2.162670899768465,2.162670899768465,12.801586545830196,1.9596037187898874e-06,0.0,9.530343997310453e-08,4.029297260665407e-05
random,11,2010,0.4768953889573535,0.1567183998976664,0.8615427504475657,0.06953665654178479,0.34403079508460027,0.3486605032011887,-2.1626715903938574,2.1626715903938574,12.80158492524215,2.0575969346187666e-06,0.0,1.0006989509259157e-07,4.230762123698677e-05
random,11,2011,0.47689528388254887,0.15671832894608373,0.8615423603987794,0.06953666042698543,0.34403081430652915,0.3486583052957103,-2.1626723154739413,2.1626723154739413,12.801583208294097,2.160491147158079e-06,1.3877787807814457e-17,1.0507480463495256e-07,4.4423002298836114e-05
random,11,2012,0.47689517355244393,0.15671825444639037,0.8615419508446315,0.06953666450608516,0.3440308344877687,0.34865599754595544,-2.162673076726185,2.162673076726185,12.801581397236784,2.2685315432438453e-06,1.3877787807814457e-17,1.1033010494099216e-07,4.6644152413777924e-05
random,11,2013,0.476895057704114,0.15671817622113354,0.8615415208095943,0.06953666878874318,0.3440308556761076,0.34865357446347645,-2.1626738759521906,2.1626738759521906,12.801579491405803,2.381975583077608e-06,0.0,1.1584832992905802e-07,4.8976360034466826e-05
random,11,2014,0.47689493606147143,0.15671809408397944,0.8615410692693176,0.06953667328509734,0.34403087792170256,0.3486510302865119,-2.1626747150422374,2.1626747150422374,12.801577488249457,2.501093615373252e-06,0.0,1.2164264256986357e-07,5.142517803619017e-05
random,11,2015,0.476894808334606,0.1567180078392698,0.8615405951481908,0.06953667800578797,0.3440309012771964,0.3486483589661009,-2.162675595979889,2.162675595979889,12.80157538401558,2.626169523390727e-06,0.0,1.2772686541762113e-07,5.399643693799968e-05
random,11,2016,0.4768946742190923,0.15671791728155615,0.8615400973167827,0.06953668296198269,0.3440309257978405,0.34864555415162035,-2.1626765208467127,2.1626765208467127,12.801573174181623,2.757501403333456e-06,0.0,1.341155136946881e-07,5.6696258784899665e-05
random,11,2017,0.47689453339526156,0.15671782219510977,0.8615395745891476,0.06953668816540239,0.3440309515416238,0.34864260917567924,-2.162677491827157,2.162677491827157,12.801570853702128,2.8954022770082064e-06,0.0,1.408238307631926e-07,5.953107172414465e-05
random,11,2018,0.47689438552743724,0.15671772235340725,0.8615390257199973,0.06953669362834834,0.34403097856940645,0.3486395170383046,-2.1626785112136293,2.1626785112136293,12.801568417138748,3.0402008402389965e-06,0.0,1.4786782431830403e-07,6.250762531035188e-05
random,11,2019,0.47689423026313227,0.1567176175185901,0.8615384494017297,0.06953669936373078,0.3440310069450615,0.3486362703903707,-2.162679581411777,2.162679581411777,12.80156585872211,3.192242248835687e-06,1.3877787807814457e-17,1.552643049684832e-07,6.563300657586947e-05
random,11,2020,0.47689406723220595,0.15671750744089702,0.8615378442613091,0.06953670538509864,0.34403103673562196,0.3486328615162165,-2.162680704946027,2.162680704946027,12.801563172369468,3.3518889442761405e-06,0.0,1.6303092631453353e-07,6.891465690466295e-05
random,11,2021,0.4768938960459777,0.15671739185806777,0.8615372088569871,0.06953671170667086,0.34403106801143574,0.34862928231541174,-2.162681884465366,2.162681884465366,12.801560351686973,3.5195215207897626e-06,0.0,1.71186228248299e-07,7.23603897498961e-05
random,11,2022,0.4768937162962974,0.1567172704947173,0.861536541674864,0.06953671834336904,0.3440311008463269,0.34862552428361887,-2.1626831227494057,2.1626831227494057,12.801557389956635,3.695539636177953e-06,0.0,1.7974968030687322e-07,7.59784092373909e-05
random,11,2023,0.4768935275545678,0.15671714306167797,0.8615358411252715,0.06953672531085184,0.34403113531776636,0.34862157849251285,-2.162684422714723,2.162684422714723,12.801554280125394,3.8803629684321796e-06,0.0,1.8874172957872304e-07,7.977732969926045e-05
random,11,2024,0.47689332937071804,0.15671700925530938,0.8615351055389785,0.06953673262555073,0.34403117150704837,0.3486174355687074,-2.1626857874215037,2.1626857874215037,12.801551014787009,4.074432220612779e-06,0.0,1.9818384977554615e-07,8.376619618422347e-05
random,11,2025,0.4768931212721258,0.15671686875677304,0.8615343331632044,0.06953674030470779,0.34403120949947774,0.348613085671641,-2.162687220080495,2.162687220080495,12.801547586164528,4.278210176314176e-06,1.3877787807814457e-17,2.080985922470191e-07,8.795450599343464e-05
random,11,2026,0.47689290276248486,0.15671672123127087,0.8615335221574324,0.06953674836641503,0.3440312493845641,0.3486085184703704,-2.162688724060283,2.162688724060283,12.801543986091446,4.492182808346422e-06,0.0,2.18509640936837e-07,9.235223129310638e-05
random,11,2027,0.476892673320615,0.1567165663272455,0.8615326705890132,0.06953675682965557,0.344031291256226,0.348603723119221,-2.1626903028949056,2.1626903028949056,12.801540205993739,4.716860443312019e-06,0.0,2.2944186983675507e-07,9.69698428577617e-05
random,11,2028,0.47689243239921275,0.15671640367554018,0.8615317764285466,0.06953676571434696,0.34403133521300494,0.3485986882322358,-2.1626919602918235,2.1626919602918235,12.801536236867852,4.952778985012156e-06,0.0,2.4092140227249814e-07,0.0001018183350006498
random,11,2029,0.4768921794235381,0.15671623288851666,0.8615308375450327,0.0695367750413862,0.34403138135828837,0.3485934018563662,-2.1626937001402524,2.1626937001402524,12.801532069259904,5.200501199552666e-06,0.0,2.5297567463056225e-07,0.00010690925175068229
random,11,2030,0.4768919137900364,0.15671605355912877,0.8615298517007784,0.06953678483269723,0.34403142980054446,0.34858785144334364,-2.1626955265198795,2.1626955265198795,12.801527693243292,5.4606180652653615e-06,0.0,2.656335016948397e-07,0.00011225471433821641
random,11,2031,0.4768916348648882,0.15671586525994918,0.8615288165460474,0.06953679511128032,0.34403148065356626,0.34858202382016823,-2.1626974437099813,2.1626974437099813,12.801523098394767,5.733750191016716e-06,1.3877787807814457e-17,2.7892514820049286e-07,0.00011786745005512724
random,11,2032,0.4768913419824883,0.15671566754214752,0.8615277296134424,0.06953680590126383,0.34403153403672837,0.34857590515814496,-2.1626994561989483,2.1626994561989483,12.801518273768986,6.020549306083314e-06,1.3877787807814457e-17,2.928823999437391e-07,0.00012376082255788362
random,11,2033,0.4768910344438459,0.1567154599344169,0.8615265883120039,0.06953681722795842,0.34403159007525447,0.34856948094040485,-2.1627015686942452,2.1627015686942452,12.801513207874851,6.321699825421187e-06,0.0,3.0753864238564077e-07,0.0001299488636857778
random,11,2034,0.47689071151490525,0.15671524194184666,0.861525389921013,0.06953682911791371,0.34403164890049825,0.34856273592782583,-2.162703786132818,2.162703786132818,12.801507888643194,6.637920494097242e-06,0.0,3.2292894064367417e-07,0.00013644630687006668
random,11,2035,0.4768903724247796,0.15671501304473784,0.86152413158348,0.06953684159897744,0.3440317106502356,0.3485556541232927,-2.1627061136919603,2.1627061136919603,12.801502303404886,6.9699661151269425e-06,0.0,3.3909012564503627e-07,0.00014326862221357003
random,11,2036,0.47689001636389755,0.15671477269735987,0.861522810299309,0.06953685470035736,0.3440317754689712,0.348548218734198,-2.1627085568006676,2.1627085568006676,12.801496438852954,7.3186293646925645e-06,0.0,3.5606088205630826e-07,0.00015043205332424854
random,11,2037,0.47688964248205373,0.15671452032664382,0.8615214229181146,0.069536868452686,0.3440318435082585,0.3485404121331195,-2.162711121151485,2.162711121151485,12.801490281018353,7.684742699525833e-06,0.0,3.738818438181468e-07,0.00015795365599046096
random,11,2038,0.4768892498863607,0.15671425533081035,0.8615199661316787,0.06953688288808808,0.3440319149270339,0.3485322158165671,-2.1627138127128767,2.1627138127128767,12.801483815229352,8.069180360993598e-06,0.0,3.9259569301064445e-07,0.00016585133878998403
random,11,2039,0.47688883763909884,0.1567139770779283,0.861518436466027,0.06953689804025132,0.3440319898919664,0.3485236103617287,-2.1627166377421254,2.1627166377421254,12.80147702608424,8.47286048100884e-06,0.0,4.1224726188282546e-07,0.00017414390572948325
random,11,2040,0.4768884047554531,0.15671368490440052,0.8615168302731046,0.06953691394449986,0.34403206857782137,0.3485145753810948,-2.162719602798795,2.162719602798795,12.801469897405145,8.896747294879775e-06,1.3877787807814457e-17,4.328836457623275e-07,0.00018285110101595741
random,11,2041,0.4768879502011388,0.15671337811337369,0.8615151437220343,0.06953693063787138,0.3440321511678417,0.3485050894748939,-2.1627227147587496,2.1627227147587496,12.80146241221159,9.34185346668052e-06,0.0,4.545543142997488e-07,0.0001919936560667553
random,11,2042,0.4768874728899036,0.1567130559730674,0.8615133727899312,0.06953694815919734,0.344032237854145,0.3484951301811953,-2.1627259808287795,2.1627259808287795,12.801454552664875,9.809242533158943e-06,1.3877787807814457e-17,4.77311235203004e-07,0.00020159333887009306
random,11,2043,0.4768869716809026,0.15671271771501927,0.8615115132522552,0.06953696654918651,0.3440323288381369,0.3484846739236167,-2.1627294085618196,2.1627294085618196,12.801446300043471,1.0300031471843611e-05,1.3877787807814457e-17,5.012090009692827e-07,0.0002116730058135977
random,11,2044,0.47688644537594144,0.1567123625322413,0.8615095606726753,0.06953698585051249,0.34403242433094394,0.3484736959564672,-2.1627330058728123,2.1627330058728123,12.801437634676102,1.0815393400376261e-05,0.0,5.263049611681225e-07,0.0002222566561042776
random,11,2045,0.4768858927165756,0.156711989577283,0.8615075103924223,0.06953700610790454,0.3440325245538629,0.3484621703072856,-2.1627367810551794,2.1627367810551794,12.80142853592557,1.135656041340381e-05,0.0,5.526593658267132e-07,0.00023336948890949149
random,11,2046,0.4768853123810638,0.15671159796019668,0.8615053575191038,0.06953702736824241,0.34403262973883014,0.3484500697165241,-2.162740742798024,2.162740742798024,12.80141898209007,1.1924826564606102e-05,0.0,5.803355118128017e-07,0.0002450379633549661
random,11,2047,0.4768847029811643,0.15671118674639947,0.8615030969149495,0.06953704968065498,0.34403274012890955,0.34843736557447835,-2.1627449002038657,2.1627449002038657,12.801408950440461,1.2521551001022011e-05,0.0,6.093998994871619e-07,0.0002572898615227144
random,11,2048,0.47688406305876746,0.15671075495442852,0.8615007231844717,0.06953707309662308,0.3440328559788011,0.3484240278548712,-2.1627492628073655,2.1627492628073655,12.801398416990436,1.3148161258007092e-05,0.0,6.399223968500678e-07,0.0002701543545988501
random,11,2049,0.476883391082355,0.15671030155357868,0.8614982306614783,0.06953709767008594,0.3440329775553679,0.34841002504595375,-2.1627538405940907,2.1627538405940907,12.801387356813299,1.3806156723120533e-05,0.0,6.719764124585303e-07,0.00028366207232879265
random,11,2050,0.4768826854432785,0.15670982546142945,0.8614956133954778,0.06953712345755339,0.3440331051381907,0.3483953240765976,-2.162758644021602,2.162758644021602,12.801375743121305,1.4497112277625755e-05,0.0,7.056390765036724e-07,0.0002978451759452323
random,11,2051,0.47688194445184484,0.15670932554122408,0.8614928651372705,0.06953715051821842,0.34403323902012534,0.3483798902433223,-2.1627636840370865,2.1627636840370865,12.801363549336502,1.522268212530048e-05,0.0,7.409914336564682e-07,0.00031273743474249396
random,11,2052,0.47688116633320216,0.15670880059917802,0.861489979324153,0.06953717891408488,0.3440333795079342,0.34836368712132204,-2.162768972107457,2.162768972107457,12.801350743340272,1.5984603818208505e-05,0.0,7.781186426858433e-07,0.0003283743064796187
random,11,2053,0.4768803492230106,0.15670824938146258,0.8614869490633351,0.06953720871006797,0.3440335269227836,0.3483466765089134,-2.1627745202149145,2.1627745202149145,12.801337303641757,1.6784702489926456e-05,0.0,8.171101915643852e-07,0.00034479302180359965
random,11,2054,0.4768794911628932,0.15670767057164126,0.861483767117847,0.069537239974201,0.34403368160126657,0.34832881824814815,-2.162780340966901,2.162780340966901,12.801323169635431,1.7624895307243842e-05,0.0,8.580601174035252e-07,0.00036203267289377963
random,11,2055,0.47687859009564754,0.15670706278589075,0.8614804258802673,0.06953727277749716,0.344033843894719,0.3483100704541426,-2.162786447315391,2.162786447315391,12.801308403994003,1.8507196152008845e-05,0.0,9.010672456510882e-07,0.0003801343065384686
random,11,2056,0.4768776438602123,0.15670642457564038,0.8614769173872325,0.0695373071951011,0.344034014174917,0.3482903882216394,-2.1627928537164975,2.1627928537164975,12.80129262500096,1.9433720545400654e-05,0.0,9.462354352285374e-07,0.0003991410218653921
random,11,2057,0.4768766501863705,0.15670575440030704,0.8614732331695507,0.06953734330240514,0.34403419281486236,0.348269728283605,-2.1627995716436894,2.1627995716436894,12.801277121651724,2.0406690828227364e-05,0.0,9.936738418203639e-07,0.0004190980729586617
random,11,2058,0.4768756066891812,0.1567050507241355,0.8614693647845706,0.06953738119223159,0.3440343802737907,0.3482480287695534,-2.1628066287039545,2.1628066287039545,12.801256453896341,2.142844162530104e-05,1.3877787807814457e-17,1.0434971892681055e-06,0.0004400529766065948
random,11,2059,0.4768745108631827,0.15670431156005907,0.8614653013086045,0.06953742089836754,0.34403457671886295,0.348225299688435,-2.1628139827777484,2.1628139827777484,12.801253951668066,2.2501425913861956e-05,0.0,1.0958259984983343e-06,0.0004620556254369246
random,11,2060,0.47687336007790737,0.1567035366307761,0.8614610412172159,0.06953746276241864,0.34403478384016417,0.3482011893480266,-2.1628219329801643,2.1628219329801643,12.801161994680832,2.3628229282233693e-05,0.0,1.1507852753500636e-06,0.00048515840670877085
random,11,2061,0.4768721516220472,0.1567027164430796,0.861456532322508,0.06953750558480633,0.3440349957028107,0.34817717643122104,-2.1628290411441644,2.1628290411441644,12.80150118937419,2.481179107488977e-05,0.0,1.20845586015772e-06,0.0005094163270442094
random,11,2062,0.4768708841133821,0.15670189350983912,0.8614520083344638,0.0695375569883823,0.34403525002066254,0.34814445142692174,-2.16284361314319,2.16284361314319,12.799448957146996,2.606345129546268e-05,0.0,1.2675086651370293e-06,0.0005348871433964199
random,11,2063,0.4768695536220811,0.15670093989995407,0.8614467659654519,0.06953759577352712,0.3440354419091552,0.3481280698851745,-2.162841860311646,2.162841860311646,12.807946925357644,2.738432029440518e-05,0.0,1.3304913009659636e-06,0.000561631500566241
random,11,2064,0.47686955154992583,0.1567009557219404,0.8614468529451405,0.06953760334184414,0.3440354793532063,0.34812287987360446,-2.1628471153328097,2.1628471153328097,12.675200782332638,3.2956749369066846e-07,1.3877787807814457e-17,2.072155280696819e-09,2.303566701541223e-06
random,11,2065,0.4768695407047299,0.15670094761787373,0.8614468083938951,0.06953760115448572,0.34403546853130756,0.34812372077755155,-2.1628460747647047,2.1628460747647047,12.799855221835825,1.4235259893238425e-07,0.0,1.0845195907993599e-08,2.418745036618284e-06
random,11,2066,0.4768695344109204,0.15670094318882896,0.8614467840456921,0.06953760095296785,0.34403546753430314,0.34812377487699947,-2.162845927545503,2.162845927545503,12.797736464142057,1.2646109516666036e-07,0.0,6.293809529100969e-09,2.5396822884491986e-06
random,11,2067,0.47686952781504227,0.15670093860555306,0.8614467588496199,0.0695376007656224,0.3440354666074164,0.34812381470749365,-2.162845787326843,2.162845787326843,12.797279669225652,1.3265423734573236e-07,0.0,6.595878121462562e-09,2.666666402871659e-06
random,11,2068,0.4768695209012819,0.15670093386372547,0.8614467327819265,0.06953760059438112,0.3440354657602046,0.34812383856467405,-2.162845654585633,2.162845654585633,12.796822802199877,1.391635936363081e-07,0.0,6.913760397520008e-09,2.7999997230152418e-06
random,11,2069,0.47686951365282604,0.15670092895819313,0.8614467058142837,0.06953760044104973,0.3440354650016016,0.34812384480539155,-2.16284552920763,2.16284552920763,12.796370711971612,1.46007167850855e-07,0.0,7.248455835551226e-09,2.939999709166004e-06
random,11,2070,0.47686950605183825,0.15670092388271528,0.8614466779123836,0.06953760030722486,0.34403546433950655,0.34812383191124785,-2.162845409789537,2.162845409789537,12.795928850679049,1.532036492267068e-07,0.0,7.600987783629165e-09,3.086999694624304e-06
random,11,2071,0.4768694980794513,0.1567009186296991,0.8614466490344853,0.06953760019420763,0.3440354637803567,0.34812379855624004,-2.162845290747813,2.162845290747813,12.795503076445751,1.6077226229542342e-07,0.0,7.972386972809886e-09,3.2413496793555193e-06
random,11,2072,0.4768694898286687,0.15670091356889737,0.8614466212132657,0.0695376003688277,0.34403546464428497,0.34812360421385474,-2.162845330851746,2.162845330851746,12.795099354580222,1.670222875193934e-07,0.0,8.250782557173153e-09,3.4034171633232955e-06
random,11,2073,0.47686948127835754,0.15670090860363245,0.8614465939172493,0.06953760080204138,0.3440354667875984,0.3481232708346457,-2.1628455373452913,2.1628455373452913,12.795177434933338,1.7483052056209058e-07,0.0,8.550311181299008e-09,3.5735880214894606e-06
random,11,2074,0.47686947231170307,0.15670090332607134,0.861446564904418,0.06953760124608073,0.34403546898447146,0.3481229347245029,-2.1628457408916173,2.1628457408916173,12.7956594711838,1.8345292479083124e-07,0.0,8.966654474473756e-09,3.7522674225639336e-06
random,11,2075,0.476869462906626,0.15670089772286938,0.8614465341014106,0.06953760170187091,0.3440354712394815,0.34812259516622224,-2.162845941900371,2.162845941900371,12.796102383536269,1.9251994468140425e-07,0.0,9.405077050494981e-09,3.93988079369213e-06
random,11,2076,0.4768694530401163,0.15670089177969881,0.8614465014294619,0.06953760217032993,0.3440354735571703,0.3481222514873107,-2.1628461407243944,2.1628461407243944,12.796510943742321,2.020519377487366e-07,0.0,9.866509720346528e-09,4.136874833376737e-06
random,11,2077,0.4768694426881517,0.1567008854812715,0.8614464668045271,0.06953760265238039,0.3440354759421024,0.3481219030443183,-2.1628463376740403,2.1628463376740403,12.796888990743062,2.1207066092122864e-07,0.0,1.0351964618848797e-08,4.343718575045574e-06
random,11,2078,0.4768694318256212,0.15670087881134726,0.8614464301373272,0.06953760314895918,0.34403547839891296,0.3481215492104689,-2.162846533028284,2.162846533028284,12.797239655471989,2.2259924184791592e-07,0.0,1.0862530486210886e-08,4.560904503797853e-06
random,11,2079,0.476869420426251,0.15670087175273065,0.8614463913333325,0.06953760366102583,0.3440354809323494,0.3481211893655783,-2.162846727043603,2.162846727043603,12.797565522459747,2.3366217775093288e-07,1.3877787807814457e-17,1.1399370170028789e-08,4.788949728987746e-06
random,11,2080,0.47686940846253134,0.15670086428725996,0.8614463502927007,0.06953760418956985,0.3440354835473071,0.34812082288758883,-2.162846919961272,2.162846919961272,12.797868748546312,2.4528535369080325e-07,0.0,1.1963719681595819e-08,5.028397215437134e-06
random,11,2081,0.4768693959056435,0.15670085639578896,0.8614463069101773,0.0695376047356172,0.34403548624886215,0.34812044914525164,-2.1628471120135053,2.1628471120135053,12.79815115178717,2.574960750496097e-07,1.3877787807814457e-17,1.2556887862835708e-08,5.2798170762089905e-06
random,11,2082,0.47686938272538415,0.15670084805816337,0.8614462610749667,0.06953760530023652,0.3440354890423015,0.34812006749163454,-2.1628473034287747,2.1628473034287747,12.798414279220328,2.7032311099932164e-07,0.0,1.3180259328393618e-08,5.54380793001944e-06
random,11,2083,0.47686936889009013,0.1567008392531923,0.8614462126705739,0.06953760588454501,0.3440354919331525,0.34811967725822734,-2.162847494436502,2.162847494436502,12.79865945936792,2.837967468650043e-07,0.0,1.3835294021546929e-08,5.820998326520413e-06
random,11,2084,0.47686935436655936,0.15670082995861576,0.861446161574627,0.06953760648971404,0.34403549492721053,0.34811927774947604,-2.1628476852712923,2.1628476852712923,12.798887843521788,2.979488440314183e-07,0.0,1.4523530766918924e-08,6.112048242846434e-06
random,11,2085,0.47686933911996865,0.15670082015106737,0.8614461076586718,0.0695376071169746,0.34403549803056577,0.34811886823763655,-2.1628478761768184,2.1628478761768184,12.799100438684427,3.1281290642237056e-07,0.0,1.524659071217016e-08,6.4176506549887555e-06
random,11,2086,0.47686932311379016,0.1567008098060343,0.8614460507879518,0.06953760776762292,0.34403550124963145,0.3481184479578608,-2.1628480674094206,2.1628480674094206,12.7992981341962,3.284241531836745e-07,0.0,1.6006178493732648e-08,6.738533187738194e-06
random,11,2087,0.47686930630970176,0.15670079889781224,0.8614459908211601,0.06953760844302577,0.3440355045911694,0.34811801610346454,-2.1628482592414846,2.1628482592414846,12.799481723539188,3.4481959712622655e-07,0.0,1.6804088398547634e-08,7.075459847125103e-06
random,11,2088,0.47686928866749606,0.1567007873994575,0.8614459276101768,0.06953760914462592,0.34403550806231786,0.3481175718213427,-2.162848451964621,2.162848451964621,12.799651922398152,3.620381287187958e-07,0.0,1.7642205696333235e-08,7.429232839481359e-06
random,11,2089,0.47686927014498315,0.15670077528273432,0.8614458609997786,0.0695376098739476,0.3440355116706178,0.34811711420751307,-2.162848645892657,2.162848645892657,12.799809383781593,3.8012060575770746e-07,0.0,1.8522512912344524e-08,7.800694481455428e-06
random,11,2090,0.4768692506978898,0.1567007625180584,0.8614457908273291,0.06953761063260175,0.34403551542403943,0.3481166423027904,-2.1628488413644478,2.1628488413644478,12.799954710795962,3.991099484634179e-07,0.0,1.944709332457606e-08,8.1907292055282e-06
random,11,2091,0.4768692302797541,0.15670074907443585,0.8614457169224427,0.06953761142229173,0.34403551933101,0.3481161550885924,-2.1628490387464954,2.1628490387464954,12.800088467515588,4.190512403462833e-07,0.0,2.0418135737720888e-08,8.600265665804611e-06
random,11,2092,0.47686920884181416,0.15670073491939734,0.8614456391066226,0.06953761224481839,0.34403552340043925,0.3481156514829028,-2.1628492384353457,2.1628492384353457,12.800211188266967,4.399918348023781e-07,0.0,2.143793992326337e-08,9.030278949094843e-06
random,11,2093,0.47686918633289144,0.15670072001892688,0.8614455571928695,0.06953761310208564,0.3440355276417466,0.3481151303364108,-2.162849440859753,2.162849440859753,12.80032338556774,4.619814675738035e-07,0.0,2.2508922725705816e-08,9.481792896549585e-06
random,11,2094,0.47686916269926916,0.15670070433738548,0.861445470985262,0.06953761399610553,0.3440355320648867,0.34811459042885995,-2.1628496464825675,2.1628496464825675,12.800425556881459,4.850723754646918e-07,0.0,2.3633622281415967e-08,9.955882541377064e-06
random,11,2095,0.47686913788456353,0.15670068783742852,0.861445380278502,0.06953761492900358,0.3440355366803755,0.3481140304656405,-2.16284985580231,2.16284985580231,12.800518190300775,5.093194211699777e-07,0.0,2.481470562365473e-08,1.0453676668445917e-05
random,11,2096,0.4768691118295893,0.1567006704799169,0.8614452848574262,0.06953761590302376,0.3440355414993149,0.3481134490746572,-2.1628500693544077,2.1628500693544077,12.800601769227615,5.347802247615979e-07,0.0,2.6054974233691297e-08,1.0976360501868213e-05
random,11,2097,0.47686908447221843,0.15670065222382154,0.8614451844964819,0.06953761692053337,0.34403554653341717,0.3481128448035064,-2.1628502877120486,2.1628502877120486,12.800676776087771,5.615153018901874e-07,1.3877787807814457e-17,2.7357370868674735e-08,1.1525178526961625e-05
random,11,2098,0.4768690557472308,0.1567006330261202,0.8614450789591588,0.06953761798402783,0.3440355517950283,0.3481122161169861,-2.1628505114866288,2.1628505114866288,12.80074369509369,5.895882089853693e-07,0.0,2.872498761075093e-08,1.2101437453309708e-05
random,11,2099,0.4768690255861588,0.15670061284168751,0.8614449679973849,0.06953761909613522,0.34403555729715063,0.348111561394956,-2.1628507413277696,2.1628507413277696,12.800803014057196,6.190656956903594e-07,0.0,3.016107202880036e-08,1.2706509325975194e-05
random,11,2100,0.47686899391712306,0.15670059162317648,0.8614448513508752,0.06953762025962076,0.344035563053465,0.34811087893055037,-2.1628509779229046,2.1628509779229046,12.800855225246726,6.500178649017892e-07,0.0,3.1669035727155403e-08,1.3341834792273954e-05
random,11,2101,0.4768689606646608,0.1567005693208926,0.8614447287464394,0.06953762147739101,0.34403556907835153,0.34811016692872754,-2.162851221996439,2.162851221996439,12.800900825291254,6.825183406406436e-07,1.3877787807814457e-17,3.325246228369494e-08,1.4008926531887653e-05
random,11,2102,0.47686892574954437,0.15670054588265905,0.861444599897241,0.06953762275249807,0.3440355753869105,0.34810942350512286,-2.1628514743085097,2.1628514743085097,12.800940314142569,7.166444441786711e-07,0.0,3.491511640918432e-08,1.4709372858482036e-05
random,11,2103,0.476868889088592,0.15670052125367448,0.8614444645020154,0.06953762408814367,0.34403558199498224,0.3481086466851459,-2.162851735653398,2.162851735653398,12.800974193131841,7.524773786862038e-07,0.0,3.666095238497036e-08,1.5444841501406137e-05
random,11,2104,0.47686885059446876,0.156700495376362,0.8614443222442397,0.06953762548768341,0.34403558891916863,0.3481078344032373,-2.16285200685767,2.16285200685767,12.801002962184496,7.901024229278318e-07,0.0,3.8494123222321264e-08,1.6217083576476446e-05
random,11,2105,0.47686881017547694,0.15670046819021052,0.8614441727912608,0.06953762695463092,0.3440355961768532,0.3481069845021798,-2.162852288778132,2.162852288778132,12.801027116297337,8.296091343509552e-07,0.0,4.041899182016806e-08,1.702793775530027e-05
random,11,2106,0.4768687677353371,0.1567004396316085,0.861444015793381,0.06953762849266257,0.34403560378622466,0.34810609473233073,-2.1628525822997298,2.1628525822997298,12.801047141411452,8.710915622317226e-07,0.0,4.244013984688877e-08,1.7879334643065286e-05
random,11,2107,0.4768687231729573,0.15670040963367016,0.8614438508829024,0.06953763010562224,0.34403561176630054,0.34810516275062964,-2.162852888333514,2.162852888333514,12.801063509870135,9.146484711925392e-07,0.0,4.4562379786228234e-08,1.877330137521855e-05
random,11,2108,0.47686867638219216,0.15670037812605483,0.8614436776731352,0.06953763179752691,0.3440356201369548,0.348104186119219,-2.1628532078148255,2.1628532078148255,12.80107667566721,9.603835759032693e-07,1.3877787807814457e-17,4.6790765151349945e-08,1.971196644397948e-05
random,11,2109,0.47686862725158824,0.15670034503477995,0.8614434957573679,0.06953763357257281,0.3440356289189481,0.3481031623035181,-2.162853541701842,2.162853541701842,12.801087069736301,1.0084057873213667e-06,0.0,4.913060391853463e-08,2.0697564766178453e-05
random,11,2110,0.4768685756641183,0.15670031028202713,0.8614433047078022,0.06953763543514235,0.3440356381339624,0.34810208866959347,-2.1628538909746244,2.1628538909746244,12.801095095529073,1.0588294714941819e-06,0.0,5.158746996247743e-08,2.1732443004487377e-05
random,11,2111,0.47686852149690173,0.15670027378594312,0.8614431040744583,0.06953763738981217,0.3440356478046403,0.348100962480688,-2.162854256634787,2.162854256634787,12.801101125137652,1.1117747212130512e-06,0.0,5.416721654549761e-08,2.2819065154711748e-05
random,11,2112,0.47686846462091115,0.1567002354604339,0.8614428933840439,0.06953763944136197,0.3440356579546295,0.34809978089280535,-2.162854639705884,2.162854639705884,12.80110549618972,1.1673676415028416e-06,0.0,5.687599058390447e-08,2.3960018412447335e-05
random,11,2113,0.47686840490066457,0.15670019521495282,0.8614426721387882,0.06953764159478484,0.344035668608633,0.3480985409492742,-2.1628550412345686,2.1628550412345686,12.801108509697224,1.2257406494816127e-06,1.3877787807814457e-17,5.972024658129627e-08,2.5158019333069703e-05
random,11,2114,0.4768683421939015,0.15670015295428202,0.8614424398152412,0.06953764385529837,0.3440356797924647,0.34809723957426913,-2.162855462292542,2.162855462292542,12.801110428985243,1.2870327895516194e-06,0.0,6.2706763059861e-08,2.6415920299723188e-05
random,11,2115,0.47686827635124407,0.15670010857830657,0.8614421958630315,0.06953764622835712,0.344035691533111,0.34809587356530447,-2.162855903979266,2.162855903979266,12.801111479752079,1.3513900644312048e-06,0.0,6.584265743736495e-08,2.7736716314709347e-05
random,11,2116,0.4768682072158408,0.15670006198178002,0.8614419397035782,0.06953764871966629,0.34403570385879817,0.34809443958476144,-2.162856367425368,2.162856367425368,12.801111851227093,1.4189657830536898e-06,0.0,6.913540329112067e-08,2.9123552130444818e-05
random,11,2117,0.47686813462299105,0.1567000130540807,0.8614416707287503,0.06953765133519617,0.34403571679906403,0.34809293415054654,-2.162856853796639,2.162856853796639,12.801111698324112,1.4899209259667017e-06,0.0,7.25928497313788e-08,3.057972973696706e-05
random,11,2118,0.4768680583997532,0.15669996167895717,0.8614413882994677,0.0695376540811977,0.34403573038483504,0.34809135362599963,-2.162857364298498,2.162857364298498,12.801111144611427,1.5644245292224346e-06,0.0,7.622323783262885e-08,3.2108716223815416e-05
random,11,2119,0.4768679783645313,0.15669990773426126,0.8614410917442342,0.06953765696421904,0.3440357446485079,0.34808969420918534,-2.162857900180786,2.162857900180786,12.801110285878194,1.6426540876539816e-06,0.0,8.003522189437007e-08,3.371415203500619e-05
random,11,2120,0.47686789432664195,0.1566998510916682,0.8614407803575977,0.06953765999112255,0.3440357596240341,0.34808795192169767,-2.16285846274275,2.16285846274275,12.801109194045326,1.7247959783309186e-06,0.0,8.403788936961476e-08,3.5399859636756504e-05
random,11,2121,0.476867806085859,0.15669979161638098,0.8614404533985262,0.06953766316910284,0.34403577534700874,0.3480861225970897,-2.1628590533380967,2.1628590533380967,12.80110792117192,1.8110459053877934e-06,0.0,8.824078295832649e-08,3.716985261859433e-05
random,11,2122,0.476867713431935,0.15669972916681885,0.8614401100886943,0.06953766650570516,0.3440357918547617,0.3480842018690171,-2.16285967338003,2.16285967338003,12.801106503327052,1.9016093671926684e-06,0.0,9.265392397761474e-08,3.9028345249524045e-05
random,11,2123,0.4768676161441001,0.1566996635942887,0.8614397496106775,0.06953767000884453,0.3440358091864524,0.3480821851591469,-2.162860324346186,2.162860324346186,12.801104964143757,1.9967021469593582e-06,0.0,9.728783489926229e-08,4.0979762512000245e-05
random,11,2124,0.4768675139905341,0.15669959474263745,0.861439371106041,0.06953767368682547,0.3440358273831672,0.34808006766485033,-2.1628610077834542,2.1628610077834542,12.8011033179222,2.0965508279350583e-06,0.0,1.0215356599507786e-07,4.302875063760026e-05
random,11,2125,0.47686740672781336,0.15669952244788582,0.861438973673326,0.06953767754836236,0.34403584648802027,0.3480778443466632,-2.16286172531267,2.16286172531267,12.801101572213604,2.201393334641127e-06,0.0,1.072627207610033e-07,4.518018816948027e-05
random,11,2126,0.47686729410032846,0.15669944653784124,0.8614385563659221,0.06953768160260049,0.3440358665462577,0.3480755099154685,-2.1628624786332056,2.1628624786332056,12.801099729865044,2.3114795010578124e-06,1.3877787807814457e-17,1.1262748489393459e-07,4.7439197577954287e-05
random,11,2127,0.47686717583967436,0.15669936683169067,0.861438118189829,0.06953768585913779,0.344035887605365,0.34807305881933964,-2.1628632695275103,2.1628632695275103,12.8010977905638,2.4270716675181553e-06,0.0,1.1826065410280862e-07,4.9811157456852e-05
random,11,2128,0.47686705166400867,0.1566992831395712,0.8614376581012955,0.0695376903280477,0.3440359097151802,0.3480704852299638,-2.1628640998656388,2.1628640998656388,12.801095751937355,2.5484453074881186e-06,0.0,1.2417566569444816e-07,5.230171532969461e-05
random,11,2129,0.47686692127737773,0.15669919526211867,0.861437175004338,0.0695376950199026,0.34403593292801005,0.34806778302857033,-2.1628649716098347,2.1628649716098347,12.801093610297217,2.6758896859352877e-06,0.0,1.303866309365631e-07,5.491680109617934e-05
random,11,2130,0.4768667843690096,0.1566991029899928,0.8614366677481309,0.06953769994579859,0.34403595729875197,0.34806494579128533,-2.1628658868192163,2.1628658868192163,12.801091361111471,2.8097085506696865e-06,0.0,1.369083681423966e-07,5.766264115098831e-05
random,11,2131,0.4768666406125706,0.15669900610337822,0.8614361351242625,0.06953770511738121,0.34403598288502213,0.34806196677383966,-2.1628668476546062,2.1628668476546062,12.801088999280072,2.9502208585162312e-06,1.3877787807814457e-17,1.4375643897501789e-07,6.054577320853773e-05
random,11,2132,0.4768664896653854,0.15669890437146014,0.861435575863853,0.06953771054687247,0.3440360097472886,0.34805883889557,-2.1628678563835475,2.1628678563835475,12.801086519284771,3.0977615380507998e-06,0.0,1.509471851957045e-07,6.357306186896462e-05
random,11,2133,0.4768663311676166,0.15669879755187371,0.8614349886345273,0.06953771624709906,0.34403603794901105,0.34805555472265365,-2.1628689153855323,2.1628689153855323,12.80108391525981,3.252682290519041e-06,0.0,1.5849776879850452e-07,6.675171496241285e-05
random,11,2134,0.4768661647414046,0.15669868539012552,0.8614343720372349,0.06953772223152198,0.34403606755678734,0.34805210645052825,-2.1628700271574655,2.1628700271574655,12.801081181016892,3.4153524312341697e-06,0.0,1.6642621203377672e-07,7.00893007105335e-05
random,11,2135,0.47686598998996227,0.1566985676189862,0.861433724602911,0.06953772851426743,0.34403609864050666,0.34804848588544696,-2.162871194319376,2.162871194319376,12.80107831004857,3.586159773288763e-06,0.0,1.747514423167118e-07,7.359376574606017e-05
random,11,2136,0.4768658064966264,0.15669844395785257,0.8614330447889692,0.06953773511015944,0.3440361312735104,0.3480446844251262,-2.1628724196204026,2.1628724196204026,12.801075295518554,3.7655115556609477e-06,0.0,1.8349333585909733e-07,7.727345403336318e-05
random,11,2137,0.47686561382385884,0.15669831411207752,0.8614323309756183,0.0695377420347537,0.34403616553275995,0.3480406930384339,-2.1628737059450525,2.1628737059450525,12.801072130246974,3.953835418173118e-06,0.0,1.9267276757384266e-07,8.113712673503134e-05
random,11,2138,0.4768654115121997,0.1566981777722664,0.8614315814619943,0.0695377493043734,0.3440362014990138,0.34803650224407906,-2.162875056319756,2.162875056319756,12.801068806696403,4.151580425501329e-06,0.0,2.0231165914763594e-07,8.519398307178291e-05
random,11,2139,0.47686519907916536,0.15669803461353826,0.8614307944620985,0.06953775693614625,0.34403623925701105,0.3480321020882452,-2.162876473919728,2.162876473919728,12.80106531695026,4.359218142816208e-06,0.0,2.1243303433005067e-07,8.945368222537206e-05
random,11,2140,0.4768649760180928,0.15669788429474968,0.8614299681005312,0.06953776494804377,0.3440362788956651,0.34802748212112267,-2.162877962076148,2.162877962076148,12.801061652697383,4.577243765695078e-06,0.0,2.2306107255731789e-07,9.392636633664066e-05
random,11,2141,0.4768647417969252,0.15669772645767976,0.8614291004080111,0.06953777335892206,0.3440363205082661,0.3480226313722824,-2.162879524283667,2.162879524283667,12.801057805210291,4.806177306945041e-06,0.0,2.3422116762761291e-07,9.86226846534727e-05
random,11,2142,0.4768644958569354,0.15669756072617425,0.8614281893166703,0.06953778218856464,0.34403636419269257,0.34801753832483673,-2.1628811642082697,2.1628811642082697,12.801053765325092,5.046564843457554e-06,0.0,2.459399897625225e-07,0.00010355381888614634
random,11,2143,0.4768642376113858,0.15669738670524655,0.8614272326551119,0.0695377914577272,0.34403641005163266,0.3480121908883281,-2.162882885695491,2.162882885695491,12.801049523419671,5.2989798257734906e-06,0.0,2.582455496114022e-07,0.00010873150983045367
random,11,2144,0.47686396644412027,0.15669720398013356,0.8614262281432197,0.06953780118818455,0.34403645819281664,0.3480065763702834,-2.1628846927790057,2.1628846927790057,12.801045069390423,5.56402445408763e-06,0.0,2.7116726553089165e-07,0.00011416808532197635
random,11,2145,0.4768636817080846,0.156697012115304,0.8614251733867069,0.06953781140277951,0.3440365087292589,0.34800068144636875,-2.1628865896896174,2.1628865896896174,12.801040392627176,5.842331123577658e-06,0.0,2.8473603569389994e-07,0.00011987648958807517
random,11,2146,0.4768633827237729,0.15669681065341706,0.8614240658713909,0.06953782212547442,0.34403656177951236,0.3479944921290822,-2.1628885808646428,2.1628885808646428,12.801035481991889,6.1345639429043495e-06,0.0,2.9898431169739226e-07,0.00012587031406747893
random,11,2147,0.4768630687775935,0.15669659911422848,0.8614229029571799,0.06953783338140444,0.3440366174679326,0.3479879937349041,-2.162890670957724,2.162890670957724,12.8010303257854,6.441420329504039e-06,0.0,3.1394617938662606e-07,0.0001321638297708529
random,11,2148,0.4768627391201553,0.1566963769934415,0.8614216818717562,0.06953784519693401,0.3440366759249571,0.34798117084984354,-2.162892864849076,2.162892864849076,12.801024911726673,6.7636326856426666e-06,0.0,3.296574381805861e-07,0.00013877202125939554
random,11,2149,0.4768623929644637,0.15669614376150032,0.8614203997039429,0.06953785759971516,0.3440367372873934,0.34797400729329014,-2.16289516765619,2.16289516765619,12.801019226917347,7.101970159426598e-06,0.0,3.461556916106723e-07,0.0001457106223223653
random,11,2150,0.4768620294840276,0.1566958988623225,0.861419053396736,0.06953787061874891,0.34403680169872347,0.34796648608010605,-2.1628975847450027,2.1628975847450027,12.80101325781711,7.457240494921053e-06,0.0,3.6348043608303016e-07,0.0001529961534384836
random,11,2151,0.4768616478108694,0.15669564171196762,0.861417639739985,0.06953788428444925,0.34403686930941957,0.3479585893808545,-2.1629001217415635,2.1629001217415635,12.8010069902035,7.830291976272957e-06,0.0,3.8167315818959935e-07,0.0001606459611104078
random,11,2152,0.4768612470334335,0.15669537169723877,0.861416155362705,0.0695378986287099,0.3440369402772751,0.34795029848009884,-2.1629027845441926,2.1629027845441926,12.801000409147834,8.222015470391393e-06,0.0,4.007774359049421e-07,0.00016867825916592818
random,11,2153,0.4768608261943901,0.15669508817421382,0.8614145967250026,0.06953791368497426,0.34403701476775045,0.3479415937326568,-2.1629055793361753,2.1629055793361753,12.800993498969133,8.633346573425938e-06,0.0,4.208390434468079e-07,0.0001771121721242246
random,11,2154,0.47686038428832456,0.1566947904667022,0.8614129601095921,0.06953792948830805,0.34403709295433227,0.34793245451773575,-2.1629085125989835,2.1629085125989835,12.800986243206214,9.065267866366367e-06,0.0,4.4190606551808287e-07,0.00018596778073043583
random,11,2155,0.47685992025931273,0.15669447786462426,0.861411241612886,0.06953794607547548,0.3440371750189106,0.34792285919082716,-2.1629115911260652,2.1629115911260652,12.800978624570048,9.518811285386731e-06,0.0,4.6402901182629464e-07,0.00019526616976695764
random,11,2156,0.4768594329983692,0.1566941496223084,0.8614094371356338,0.06953796348501848,0.34403726115217065,0.34791278503327666,-2.162914822037195,2.162914822037195,12.800970624910791,9.99506061280193e-06,0.0,4.872609435380149e-07,0.00020502947825530552
random,11,2157,0.47685892134076796,0.1566938049567028,0.8614075423730913,0.06953798175733933,0.3440373515540016,0.3479022081993964,-2.1629182127934303,2.1629182127934303,12.800962225164724,1.0495154095108601e-05,0.0,5.116576012320628e-07,0.0002152809521680708
random,11,2158,0.47685838406322545,0.15669344304549598,0.8614055528046888,0.06953800093478699,0.34403744643392387,0.34789110366103443,-2.1629217712126545,2.1629217712126545,12.800953405321456,1.1020287194473977e-05,1.3877787807814457e-17,5.372775425116494e-07,0.00022604499977647434
random,11,2159,0.4768578198809385,0.1566930630251433,0.861403463683181,0.06953802106174663,0.34403754601153186,0.3478794451494392,-2.162925505485772,2.162925505485772,12.800944144357544,1.1571715480748136e-05,0.0,5.641822869439928e-07,0.00023734724976529807
random,11,2160,0.4768572274444736,0.15669266398879284,0.8614012700232462,0.06953804218473333,0.34403765051695784,0.3478672050943695,-2.1629294241934924,2.1629294241934924,12.800934420217352,1.215075767130026e-05,0.0,5.92436464885715e-07,0.000249214612253563
random,11,2161,0.47685660533649343,0.15669224498410708,0.86139896658951,0.06953806435248926,0.34403776019135224,0.3478543545601724,-2.1629335363238638,2.1629335363238638,12.80092420970216,1.2758798826392576e-05,0.0,6.221079801860263e-07,0.00026167534286624115
random,11,2162,0.476855952068318,0.156691805010973,0.8613965478839571,0.06953808761608486,0.3440378752873849,0.3478408631790041,-2.162937851290265,2.162937851290265,12.800913488532007,1.3397293708294438e-05,0.0,6.532681754434222e-07,0.00027475911000955324
random,11,2163,0.4768552660763088,0.15669134301909893,0.8613940081327209,0.06953811202902437,0.34403799606976654,0.34782669908036923,-2.162942378950534,2.162942378950534,12.800902231037368,1.4067770312603185e-05,0.0,6.859920091972782e-07,0.0002884970655100309
random,11,2164,0.4768545457180665,0.15669085790548357,0.861391341272169,0.06953813764735442,0.3440381228157865,0.34781182881843725,-2.162947129625704,2.162947129625704,12.800890410667213,1.477183358096979e-05,0.0,7.203582422787846e-07,0.00030292191878553246
random,11,2165,0.4768537892684329,0.15669034851177127,0.8613885409343641,0.06953816452977944,0.3440382558158833,0.34779621729294186,-2.1629521141221923,2.1629521141221923,12.800877998535887,1.5511169304705574e-05,0.0,7.564496335987769e-07,0.0003180680147248091
random,11,2166,0.47685299491528793,0.1566898136214326,0.8613856004315651,0.0695381927377744,0.34403839537420283,0.3477798276744486,-2.162957343747085,2.162957343747085,12.800864966996798,1.6287548229466166e-05,0.0,7.943531449838837e-07,0.0003339714154610496
random,11,2167,0.4768521607551282,0.15668925195692213,0.8613825127406015,0.06953822233572209,0.3440385418092773,0.3477626213019895,-2.1629628303466824,2.1629628303466824,12.800851279330656,1.7102830371441495e-05,0.0,8.34160159723929e-07,0.0003506699862341021
random,11,2168,0.47685128478841843,0.156688662176309,0.8613792704843513,0.0695382533909911,0.34403869545441096,0.3477445576522399,-2.1629685862741437,2.1629685862741437,12.800836920530877,1.7958969556649945e-05,0.0,8.759667097790746e-07,0.0003682034855458072
random,11,2169,0.4768503649147011,0.15668804287103397,0.8613758659194095,0.0695382859742343,0.34403885665915707,0.34772559404809317,-2.1629746246009143,2.1629746246009143,12.80082179774784,1.8858018194864677e-05,0.0,9.198737173088389e-07,0.0003866136598230976
random,11,2170,0.4768493989274526,0.1566873925588506,0.8613722908972841,0.0695383201589085,0.34403902578694134,0.34770568629256204,-2.1629809584475463,2.1629809584475463,12.800806082777276,1.980213230102418e-05,0.0,9.659872485245913e-07,0.0004059443428142525
random,11,2171,0.47684838450867256,0.15668670969458073,0.861368536923522,0.06953835602382756,0.3440392032276932,0.34768478570221917,-2.1629876037239377,2.1629876037239377,12.800788953247505,2.079357677745095e-05,0.0,1.0144187800320559e-06,0.00042624155995496515
random,11,2172,0.47684731922319246,0.1566859926065461,0.8613645948082498,0.06953839364323862,0.3440393893487485,0.3476628509568632,-2.1629945678207947,2.1629945678207947,12.80077352162853,2.1834730975689874e-05,0.0,1.065285480106315e-06,0.00044755363795271344
random,11,2173,0.4768462005127068,0.15668523975817028,0.8613604561043019,0.06953843313166187,0.3440395847166929,0.34763979491116354,-2.1630018999489726,2.1630018999489726,12.800746282567928,2.2928094653806987e-05,1.3877787807814457e-17,1.1187104856369423e-06,0.00046993131985034915
random,11,2174,0.47684502569000936,0.1566844484918491,0.8613561062017815,0.06953847443340003,0.3440397890559655,0.34761573475898266,-2.163009453913565,2.163009453913565,12.800768207988503,2.4076296745725463e-05,0.0,1.1748226974583886e-06,0.0004934278858428667
random,11,2175,0.47684379194728505,0.15668362131897287,0.8613515589067904,0.06953851838141382,0.3440400064876178,0.34758973548740685,-2.1630180790631384,2.1630180790631384,12.80054430059692,2.5282172670417064e-05,0.0,1.2337427243158672e-06,0.0005180992801350101
random,11,2176,0.4768424968960121,0.15668273308870254,0.8613466759552632,0.06953856117767564,0.3440402182210072,0.34756642414408334,-2.1630233475283034,2.1630233475283034,12.801546346000729,2.6550649105199063e-05,0.0,1.2950512729426045e-06,0.0005440042441417606
random,11,2177,0.476841154004814,0.1566819485816549,0.8613423632111309,0.0695386309695111,0.34404056351429335,0.3475140566311341,-2.1630552228839472,2.1630552228839472,12.794179251639086,2.8016688578392524e-05,0.0,1.342891198075069e-06,0.0005712044563488486
random,11,2178,0.4768397107392076,0.15668084219128434,0.8613362809476345,0.06953865670690296,0.3440406908493685,0.3475122365272603,-2.163038461142231,2.163038461142231,12.81635859617347,2.9436579004802556e-05,0.0,1.4432656064156113e-06,0.000599764679166291
random,11,2179,0.47683970876379345,0.15668085911127097,0.861336373963463,0.06953866478482974,0.3440407308147006,0.34750671619022677,-2.163044051027371,2.163044051027371,12.674444810666289,3.521100472484621e-07,0.0,1.9754141655781154e-09,2.4599723168929905e-06
random,11,2180,0.4768396970649308,0.1566808503423992,0.8613363257575223,0.06953866239258097,0.3440407189791122,0.3475076391216024,-2.1630429134219735,2.1630429134219735,12.79969397722057,1.5286171828436867e-07,0.0,1.1698862656395193e-08,2.58297093273764e-06
random,11,2181,0.47683969028404943,0.1566808455280255,0.8613362992910144,0.06953866213064037,0.3440407176831679,0.3475077198919885,-2.163042731904822,2.163042731904822,12.797508477730748,1.3565505178805535e-07,0.0,6.780881356416302e-09,2.7121194793745223e-06
random,11,2182,0.4768396831812066,0.1566808405540988,0.8613362719473809,0.06953866188489229,0.3440407164673357,0.34750778438596436,-2.163042558473703,2.163042558473703,12.796991954410322,1.4226293996038567e-07,0.0,7.102842813910826e-09,2.8477254533432484e-06
random,11,2183,0.4768396757394045,0.15668083541720768,0.8613362437078678,0.06953866165779389,0.3440407153437723,0.3475078304608349,-2.1630423937050582,2.1630423937050582,12.796472513544739,1.492093144403395e-07,0.0,7.441802118979268e-09,2.990111726010411e-06
random,11,2184,0.4768396679404782,0.1566808301130114,0.8613362145486124,0.06953866145165143,0.34404071432388783,0.34750785604092416,-2.163042237297701,2.163042237297701,12.795955993202583,1.5651439667610646e-07,0.0,7.798926282553964e-09,3.1396173123109315e-06
random,11,2185,0.47683965976506953,0.15668082463588276,0.8613361844386797,0.06953866126850038,0.3440407134177528,0.3475078592085017,-2.1630420867377356,2.1630420867377356,12.795449174701726,1.6419918184099204e-07,1.3877787807814457e-17,8.175408683364083e-09,3.2965981779264783e-06
random,11,2186,0.4768396511926287,0.15668081897852715,0.8613361533379684,0.06953866110997767,0.3440407126334658,0.34750783830372534,-2.1630419269869425,2.1630419269869425,12.794959553137463,1.7228516942632554e-07,1.3877787807814457e-17,8.572440812759652e-09,3.4614280868228023e-06
random,11,2187,0.47683964244890037,0.1566808139105624,0.8613361254773707,0.06953866152569682,0.34404071469022546,0.34750750618885284,-2.1630421244829163,2.1630421244829163,12.794494941802057,1.7820703981373787e-07,0.0,8.743728352467173e-09,3.6344994911639424e-06
random,11,2188,0.47683963328913986,0.15668080855572203,0.8613360960397047,0.06953866197246618,0.3440407169006052,0.3475071603759769,-2.163042334498751,2.163042334498751,12.794962018368466,1.869932720195669e-07,0.0,9.15976050563927e-09,3.81622446572214e-06
random,11,2189,0.47683962368221916,0.15668080286779196,0.8613360647709136,0.069538662430593,0.34404071916717577,0.347506811410892,-2.163042541556717,2.163042541556717,12.795422706100492,1.9622770047604006e-07,0.0,9.606920703397748e-09,4.007035689008247e-06
random,11,2190,0.4768396136045644,0.15668079683233332,0.8613360315916211,0.06953866290101723,0.34404072149458736,0.34750645857185464,-2.163042746049968,2.163042746049968,12.795846673878915,2.059368160635039e-07,0.0,1.0077654766238453e-08,4.207387473458659e-06
random,11,2191,0.4768396030315842,0.15668079043389502,0.8613359964168864,0.06953866338467699,0.34404072388748136,0.34750610117515957,-2.163042948320208,2.163042948320208,12.796238214336391,2.1614261553358918e-07,0.0,1.0572980213563454e-08,4.417756847131593e-06
random,11,2192,0.4768395919375877,0.1566807836560295,0.8613359591562909,0.06953866388251967,0.34404072635054506,0.34750573856061984,-2.1630431486708495,2.1630431486708495,12.796600804309538,2.2686853737156888e-07,0.0,1.1093996499234038e-08,4.638644689488173e-06
random,11,2193,0.47683958029570567,0.15668077648129558,0.8613359197139536,0.06953866439551121,0.3440407288885573,0.34750537007992666,-2.163043347377367,2.163043347377367,12.796937296424609,2.3813944738531965e-07,0.0,1.1641882013968541e-08,4.870576923962582e-06
random,11,2194,0.47683956807781347,0.15668076889125054,0.8613358779884875,0.06953866492464408,0.34404073150642844,0.34750499508702387,-2.163043544695683,2.163043544695683,12.797250058287604,2.4998164856837193e-07,0.0,1.221789219796321e-08,5.114105770160711e-06
random,11,2195,0.47683955525445526,0.1566807608664352,0.8613358338729179,0.06953866547094453,0.34404073420923564,0.3475046129299117,-2.163043740869136,2.163043740869136,12.797541075701398,2.624229081076962e-07,0.0,1.2823358208624569e-08,5.369811058668747e-06
random,11,2196,0.4768395417947667,0.15668075238635193,0.8613357872545613,0.06953866603547906,0.3440407370022555,0.3475042229434733,-2.163043936134425,2.163043936134425,12.797812030637878,2.754924974346637e-07,0.0,1.3459688585903962e-08,5.638301611602184e-06
random,11,2197,0.47683952766639504,0.1566807434294375,0.861335738014876,0.06953866661936062,0.34404073989099426,0.347503824443039,-2.1630441307267994,2.1630441307267994,12.798064361144078,2.892212425462306e-07,0.0,1.4128371639277049e-08,5.920216692182294e-06
random,11,2198,0.47683951283541914,0.156680733973031,0.8613356860292861,0.06953866722375446,0.34404074288121705,0.34750341671848567,-2.1630443248846882,2.1630443248846882,12.798299308095269,3.0364158278246067e-07,0.0,1.483097589183302e-08,6.216227526791409e-06
random,11,2199,0.4768394972662653,0.1566807239933378,0.8613356311669831,0.06953866784988395,0.3440407459789764,0.3475029990287277,-2.1630445188538996,2.1630445188538996,12.798517952221355,3.187876369997157e-07,0.0,1.556915385503288e-08,6.52703890313098e-06
random,11,2200,0.4768394809216205,0.15668071346538867,0.8613355732907015,0.06953866849903619,0.34404074919064015,0.3475025705964967,-2.1630447128914954,2.1630447128914954,12.798721243840447,3.3469527633877767e-07,1.3877787807814457e-17,1.6344644804267006e-08,6.853390848287529e-06
random,11,2201,0.47683946376234126,0.15668070236299567,0.8613355122564756,0.06953866917256746,0.34404075252291855,0.34750213060334445,-2.1630449072693905,2.1630449072693905,12.79891002704514,3.51402203223381e-07,1.3877787807814457e-17,1.7159279219747248e-08,7.196060390701906e-06
random,11,2202,0.4768394457473604,0.1566806906587034,0.8613354479133727,0.06953866987190889,0.3440407559828921,0.34750167818482003,-2.1630451022777315,2.1630451022777315,12.799085059619081,3.689480362607907e-07,0.0,1.8014980840419526e-08,7.5558634102370015e-06
random,11,2203,0.4768394268335873,0.1566806783237362,0.8613353801032012,0.06953867059857198,0.34404075957803876,0.34750121242579973,-2.1630452982280657,2.1630452982280657,12.799247029617822,3.8737440094713867e-07,1.3877787807814457e-17,1.891377310325737e-08,7.933656580748851e-06
random,11,2204,0.47683940697580524,0.15668066532794128,0.8613353086601996,0.06953867135415398,0.344040763316261,0.3475007323559573,-2.1630454954563128,2.1630454954563128,12.799396569308184,4.06725026235017e-07,0.0,1.9857782085352937e-08,8.330339409786294e-06
random,11,2205,0.47683938612656307,0.1566806516397271,0.8613352334106967,0.06953867214034355,0.3440407672059134,0.3475002369453827,-2.163045694325528,2.163045694325528,12.799534266981407,4.270458468502976e-07,0.0,2.0849242166054438e-08,8.746856380275608e-06
random,11,2206,0.47683936423606194,0.15668063722599657,0.8613351541727446,0.06953867295892617,0.34404077125582955,0.34749972510035776,-2.163045895228449,2.163045895228449,12.799660677010884,4.4838511170832744e-07,0.0,2.1890501133992046e-08,9.184199199289388e-06
random,11,2207,0.4768393412520362,0.15668062205207559,0.8613350707557265,0.06953867381178948,0.34404077547534856,0.34749919565931897,-2.163046098589786,2.163046098589786,12.799776328440787,4.707934982317327e-07,0.0,2.2984025738193026e-08,9.643409159253857e-06
random,11,2208,0.47683931711962907,0.15668060608163553,0.8613349829599293,0.06953867470092877,0.344040779874342,0.3474986473890284,-2.1630463048682427,2.1630463048682427,12.799881732292413,4.943242331294377e-07,0.0,2.413240712817455e-08,1.012557961721655e-05
random,11,2209,0.47683929178126067,0.15668058927660966,0.8613348905760853,0.06953867562845205,0.3440407844632392,0.3474980789809948,-2.163046514558216,2.163046514558216,12.799977387731914,5.190332195461877e-07,0.0,2.5338368403460265e-08,1.0631858598077378e-05
random,11,2210,0.4768392651764914,0.1566805715971034,0.8613347933848783,0.06953867659658534,0.3440407892530535,0.34749748904817224,-2.16304672819115,2.16304672819115,12.800063787179852,5.44979170898177e-07,1.3877787807814457e-17,2.6604769276517004e-08,1.1163451527981247e-05
random,11,2211,0.47683923724187693,0.1566805530012974,0.8613346911564108,0.0695386776076776,0.344040794255406,0.34749687612197433,-2.1630469463365016,2.1630469463365016,12.800141420420074,5.722237515893207e-07,0.0,2.793461445493861e-08,1.172162410438031e-05
random,11,2212,0.4768392079108165,0.15668053344534344,0.8613345836496319,0.06953867866420536,0.3440407994825496,0.34749623864962853,-2.1630471696022866,2.1630471696022866,12.800210777727084,6.008317250265069e-07,0.0,2.9331060413806398e-08,1.2307705309599325e-05
random,11,2213,0.47683917711339346,0.15668051288325255,0.8613344706117222,0.06953867976877762,0.34404080494739203,0.3474955749918931,-2.163047398635192,2.163047398635192,12.80027235202282,6.308711088868004e-07,0.0,3.079742305622801e-08,1.2923090575079292e-05
random,11,2214,0.47683914477620837,0.15668049126677522,0.861334351777435,0.06953868092414008,0.34404081066351766,0.3474948834211389,-2.163047634120232,2.163047634120232,12.800326640062034,6.624133382425431e-07,0.0,3.233718509632055e-08,1.3569245103833256e-05
random,11,2215,0.4768391108222023,0.15668046854527323,0.8613342268683922,0.06953868213317947,0.3440408166452085,0.3474941621197905,-2.1630478767799586,2.1630478767799586,12.80037414264499,6.955334366625833e-07,0.0,3.395400605121779e-08,1.424770735902492e-05
random,11,2216,0.47683907517047364,0.15668044466558315,0.8613340955923334,0.06953868339892788,0.3440408229074658,0.3474934091790921,-2.16304812737325,2.16304812737325,12.800415363870652,7.30310195690206e-07,0.0,3.5651728680363703e-08,1.4960092726976167e-05
random,11,2217,0.4768390377360824,0.15668041957187126,0.8613339576423188,0.06953868472456651,0.3440408294660283,0.3474926225981451,-2.163048386693724,2.163048386693724,12.800450809459091,7.668263631504597e-07,0.0,3.743439125347692e-08,1.5708097363324975e-05
random,11,2218,0.4768389984298488,0.15668039320548022,0.8613338126958858,0.06953868611343006,0.3440408363373946,0.34749180028313964,-2.1630486555678368,2.1630486555678368,12.800480984203313,8.051688404894011e-07,0.0,3.930623360126617e-08,1.6493502231491224e-05
random,11,2219,0.47683895715813845,0.15668036550476727,0.8613336604141598,0.0695386875690108,0.3440408435388423,0.34749094004667186,-2.1630489348527746,2.1630489348527746,12.800506388640818,8.45428889926315e-07,0.0,4.127171032708432e-08,1.7318177343065786e-05
random,11,2220,0.47683891382263854,0.15668033640493448,0.8613335004409213,0.06953868909496293,0.34404085108845067,0.34749003960702074,-2.16304922543424,2.16304922543424,12.800527515079022,8.877023515377656e-07,0.0,4.3335499910757136e-08,1.8184086210219076e-05
random,11,2221,0.47683886832012307,0.15668030583785147,0.8613333324016305,0.06953869069510747,0.3440408590051241,0.34748909658723376,-2.163049528224277,2.163049528224277,12.800544843143818,9.320898712132883e-07,0.0,4.550251547774664e-08,1.909329052073003e-05
random,11,2222,0.47683882054220517,0.15668027373187068,0.8613331559024127,0.06953869237343745,0.3440408673086179,0.3474881085138582,-2.163049844159275,2.163049844159275,12.800558835060668,9.78697139766559e-07,0.0,4.777791789978281e-08,2.004795504676653e-05
random,11,2223,0.4768387703750786,0.156680240011636,0.8613329705290056,0.06953869413412378,0.34404087601956757,0.34748707281515306,-2.1630501741983066,2.1630501741983066,12.800569930907194,1.0276351439652786e-06,0.0,5.016712656402689e-08,2.1050352799104858e-05
random,11,2224,0.47683871769924596,0.15668020459788456,0.8613327758456703,0.0695386959815222,0.3440408851595231,0.34748598681861337,-2.1630505193219487,2.1630505193219487,12.800578544089618,1.079020430130944e-06,0.0,5.2675832640236564e-08,2.2102870439060104e-05
random,11,2225,0.4768386623892327,0.15668016740724264,0.8613325713940682,0.06953869792018068,0.34404089475098537,0.34748484774766575,-2.1630508805317095,2.1630508805317095,12.800585057302408,1.1329753811269352e-06,1.3877787807814457e-17,5.531001323610951e-08,2.320801396101311e-05
random,11,2226,0.47683860431328756,0.15668012835201478,0.8613323566921031,0.06953869995484827,0.3440409048174502,0.34748365271741033,-2.163051258850173,2.163051258850173,12.800589819205028,1.1896285070553502e-06,0.0,5.80759451640489e-08,2.4368414659063767e-05
random,11,2227,0.4768385433330686,0.15668008733996708,0.8613321312327288,0.06953870209048503,0.34404091538345744,0.3474823987293316,-2.163051655321927,2.163051655321927,12.800593142017544,1.2491147509775512e-06,1.3877787807814457e-17,6.098021898548467e-08,2.5586835392016958e-05
random,11,2228,0.47683847930331236,0.15668004427410354,0.8613318944827201,0.06953870433227281,0.344040926474644,0.3474810826649331,-2.1630520710153025,2.1630520710153025,12.80059530017366,1.3115758099717627e-06,0.0,6.402975621933038e-08,2.6866177161617807e-05
random,11,2229,0.4768384120714878,0.1566799990524347,0.861331645881401,0.06953870668562771,0.344040938117806,0.3474797012783077,-2.1630525070249087,2.1630525070249087,12.800596530104961,1.3771604725124879e-06,0.0,6.723182455203869e-08,2.82094860196987e-05
random,11,2230,0.47683834147743187,0.1566799515677385,0.8613313848393294,0.06953870915621323,0.34404095034096344,0.34747825118769293,-2.1630529644749044,2.1630529644749044,12.800597031143337,1.4460249729209602e-06,0.0,7.059405593423662e-08,2.9619960320683636e-05
random,11,2231,0.47683826735296686,0.1566799017073111,0.861331110736928,0.0695387117499547,0.34404096317343175,0.34747672886610476,-2.163053444522898,2.163053444522898,12.800596967457084,1.5183333637768848e-06,0.0,7.41244650104278e-08,3.110095833671782e-05
random,11,2232,0.47683818952150003,0.1566798493527075,0.861330822923058,0.06953871447305479,0.34404097664589844,0.3474751306311673,-2.1630539483643716,2.1630539483643716,12.800596470855824,1.5942579070957677e-06,0.0,7.783146682704967e-08,3.265600625355371e-05
random,11,2233,0.4768381077976015,0.15667979437946958,0.8613305207135239,0.06953871733200978,0.3440409907905037,0.34747345263427504,-2.16305447723746,2.16305447723746,12.80059564425529,1.6739794852840442e-06,0.0,8.172389853733364e-08,3.42888065662314e-05
random,11,2234,0.4768380219865617,0.15667973665684046,0.861330203389504,0.06953872033362658,0.34404100564092455,0.3474716908492243,-2.1630550324279723,2.1630550324279723,12.800594565551654,1.7576880327079138e-06,0.0,8.581103977389759e-08,3.600324689454297e-05
random,11,2235,0.47683793188392626,0.15667967604746424,0.8613298701958986,0.06953872348504055,0.344041021232463,0.3474698410604356,-2.1630556152744997,2.1630556152744997,12.800593291651369,1.8455829890286538e-06,1.3877787807814457e-17,9.010263546382902e-08,3.780340923927012e-05
random,11,2236,0.4768378372750087,0.15667961240706868,0.8613295203395864,0.0695387267937341,0.34404103760213806,0.34746789885086415,-2.163056227173521,2.163056227173521,12.800591862421083,1.9378737752943863e-06,0.0,9.460891753354517e-08,3.9693579701233625e-05
random,11,2237,0.47683773793437695,0.15667954558413066,0.8613291529875854,0.06953873026755546,0.34404105478877867,0.3474658595896643,-2.1630568695844175,2.1630568695844175,12.800590304357963,2.034780293949433e-06,0.0,9.934063177619024e-08,4.167825868629531e-05
random,11,2238,0.4768376336253151,0.15667947541952285,0.8613287672651097,0.06953873391473854,0.34404107283312185,0.347463718419634,-2.1630575440343653,2.1630575440343653,12.800588633833716,2.1365334539458104e-06,0.0,1.043090618324527e-07,4.3762171620610076e-05
random,11,2239,0.47683752409925834,0.15667940174614048,0.8613283622535186,0.06953873774392308,0.34404109177791253,0.34746147024443164,-2.1630582521230846,2.1630582521230846,12.800586859828282,2.2433757222229096e-06,0.0,1.0952605677960747e-07,4.595028020164058e-05
random,11,2240,0.4768374090951987,0.15667932438850765,0.8613279369881522,0.06953874176417564,0.3440411116680072,0.347459109715527,-2.1630589955274733,2.1630589955274733,12.800584986121285,2.355561702897063e-06,0.0,1.150040596087365e-07,4.824779421172261e-05
random,11,2241,0.4768372883390619,0.15667924316236267,0.8613274904560514,0.06953874598501121,0.34404113255048113,0.3474566312188224,-2.1630597760061647,2.1630597760061647,12.800583012964609,2.4733587455923205e-06,0.0,1.2075613681217234e-07,5.0660183922308745e-05
random,11,2242,0.47683716154305167,0.15667915787422051,0.8613270215935526,0.0695387504164158,0.3440411544747398,0.3474540288608704,-2.163060595404053,2.163060595404053,12.800580938294692,2.5970475841629506e-06,0.0,1.2679601024689902e-07,5.319319311842418e-05
random,11,2243,0.4768370284049629,0.15667906832091325,0.8613265292837619,0.06953875506886989,0.34404117749263513,0.3474512964546047,-2.163061455656855,2.163061455656855,12.800578758560654,2.726923007740546e-06,0.0,1.3313808877590816e-07,5.5852852774345395e-05
random,11,2244,0.47683688860745743,0.15667897428910607,0.8613260123538938,0.06953875995337266,0.3440412016585852,0.3474484275045037,-2.163062358795753,2.163062358795753,12.800576469259795,2.863294565361684e-06,0.0,1.3979750546067038e-07,5.864549541306267e-05
random,11,2245,0.47683674181730706,0.15667887555478885,0.8613254695724765,0.06953876508146785,0.3440412270297024,0.3474454151911146,-2.163063306952175,2.163063306952175,12.800574065257155,3.0064873060356603e-06,0.0,1.4679015036822562e-07,6.15777701837158e-05
random,11,2246,0.4768365876845958,0.1566787718827421,0.8613248996464157,0.06953877046527021,0.34404125366592425,0.3474422523548654,-2.16306430236274,2.16306430236274,12.800571540961633,3.156842556106922e-06,0.0,1.5413271126085704e-07,6.46566586929016e-05
random,11,2247,0.47683642584188213,0.15667866302597536,0.8613243012179077,0.06953877611749361,0.34404128163015213,0.3474389314791108,-2.1630653473744132,2.1630653473744132,12.800568890413917,3.3147187356343587e-06,0.0,1.6184271367514214e-07,6.788949162754668e-05
random,11,2248,0.4768362559033206,0.15667854872513803,0.8613236728612002,0.06953878205148019,0.344041310988396,0.3474354446723563,-2.163066444449886,2.163066444449886,12.800566107320439,3.480492215882539e-06,0.0,1.6993856150060438e-07,7.128396620892401e-05
random,11,2249,0.47683607746373846,0.15667842870790033,0.861323013079189,0.06953878828123122,0.3440413418099268,0.3474317836496087,-2.1630675961732013,2.1630675961732013,12.800563185057639,3.6545582200346663e-06,1.3877787807814457e-17,1.7843958216579026e-07,7.484816451937021e-05
random,11,2250,0.4768358900976647,0.15667830268830285,0.8613223202998428,0.06953879482143906,0.3440413741674345,0.3474279397128107,-2.163068805255641,2.163068805255641,12.800560116668164,3.8373317691634545e-06,1.3877787807814457e-17,1.8736607376723668e-07,7.859057274533872e-05
random,11,2251,0.47683569335831205,0.156678170366074,0.8613215928724504,0.06953880168752083,0.3440414081371951,0.3474239037303075,-2.1630700745418845,2.1630700745418845,12.800556894844405,4.029248675913214e-06,0.0,1.9673935264252762e-07,8.252010138260567e-05
random,11,2252,0.4768354867765059,0.15667803142591286,0.8613208290636784,0.06953880889565367,0.34404144379924434,0.34741966611530184,-2.1630714070164614,2.1630714070164614,12.80055351191329,4.230766588238432e-06,0.0,2.0658180616139887e-07,8.664610645173596e-05
random,11,2253,0.4768352698595612,0.1566778855367361,0.8613200270534312,0.0695388164628117,0.34404148123756134,0.34741521680324217,-2.1630728058104953,2.1630728058104953,12.800549959817088,4.44236608574046e-06,0.0,2.1691694468417566e-07,9.097841177432276e-05
random,11,2254,0.4768350420901008,0.15667773235088703,0.8613191849305037,0.06953882440680448,0.3440415205402585,0.34741054522809933,-2.1630742742087654,2.1630742742087654,12.800546230096504,4.664551831349958e-06,0.0,2.2776946040359292e-07,9.55273323630389e-05
random,11,2255,0.4768348029248146,0.156677571503305,0.8613183006880133,0.06953883274631757,0.34404156179978207,0.34740564029747195,-2.1630758156570913,2.1630758156570913,12.800542313868414,4.89785378103407e-06,0.0,2.391652861866156e-07,0.00010030369898119084
random,11,2256,0.4768345517931572,0.15667740261065308,0.8613173722186059,0.06953884150095478,0.34404160511312143,0.3474004903664635,-2.163077433770059,2.163077433770059,12.800538201804535,5.142828454585104e-06,0.0,2.511316574138611e-07,0.00010531888393025039
random,11,2257,0.4768342880959783,0.15667722527040182,0.8613163973094189,0.0695388506912824,0.3440416505820277,0.3473950832102776,-2.1630791323390928,2.1630791323390928,12.800533884111124,5.40006027065052e-06,0.0,2.636971789260478e-07,0.00011058482812676291
random,11,2258,0.47683401120408475,0.15667703905986688,0.86131537363679,0.0695388603388756,0.3440416983132435,0.3473894059954612,-2.1630809153409047,2.1630809153409047,12.800529350503368,5.670162949129705e-06,1.3877787807814457e-17,2.768918935247555e-07,0.00011611406953310106
random,11,2259,0.47683372045672984,0.15667684353519862,0.8613142987607028,0.06953887046636685,0.34404174841874235,0.34738344524973797,-2.1630827869463154,2.1630827869463154,12.800524590183503,5.953780984460414e-06,1.3877787807814457e-17,2.907473549140782e-07,0.00012191977300975612
random,11,2260,0.47683341516002553,0.1566766382303204,0.8613131701189506,0.06953888109749651,0.34404180101597914,0.34737718683035756,-2.163084751529476,2.163084751529476,12.800519591811756,6.251591193474807e-06,0.0,3.0529670430601286e-07,0.00012801576166024392
random,11,2261,0.4768330945852751,0.15667642265581383,0.8613119850210078,0.06953889225716586,0.34404185622815225,0.34737061589089463,-2.1630868136774986,2.1630868136774986,12.800514343482366,6.564304341563819e-06,0.0,3.205747504120282e-07,0.00013441654974325612
random,11,2262,0.4768327579672204,0.15667619629774768,0.8613107406415921,0.06953890397149246,0.34404191418447766,0.3473637168464187,-2.1630889782005176,2.1630889782005176,12.800508832693383,6.892666851153659e-06,0.0,3.3661805470819317e-07,0.00014113737723041894
random,11,2263,0.4768324045022017,0.156675958616448,0.8613094340139033,0.06953891626786801,0.34404197502047507,0.34735647333696024,-2.1630912501421906,2.1630912501421906,12.800503046317147,7.2374625967532545e-06,0.0,3.534650186987065e-07,0.0001481942460919399
random,11,2264,0.4768320333462227,0.15667570904520636,0.8613080620225219,0.0695389291750188,0.34404203887826706,0.34734886818919,-2.1630936347906564,2.1630936347906564,12.800496970569984,7.599514791047452e-06,0.0,3.711559790064989e-07,0.0001556039583965369
random,11,2265,0.4768316436129175,0.15667544698892266,0.8613066213959485,0.06953894272306875,0.34404210590689094,0.34734088337622443,-2.1630961376899718,2.1630961376899718,12.800490590977113,7.979687966667722e-06,0.0,3.897333051838814e-07,0.00016338415631636375
random,11,2266,0.47683123437141606,0.15667517182267993,0.8613051086987684,0.0695389569436055,0.3440421762626257,0.34733249997547366,-2.163098764652034,2.163098764652034,12.800483892341362,8.378890058497833e-06,0.0,4.092415014644857e-07,0.00017155336413218194
random,11,2267,0.4768308046440986,0.15667488289024709,0.861303520323421,0.06953897186974912,0.3440422501093321,0.3473236981244309,-2.1631015217690144,2.1631015217690144,12.800476858703139,8.798074591950976e-06,1.3877787807814457e-17,4.297273174524996e-07,0.00018013103233879106
random,11,2268,0.4768303534042374,0.1566745795025063,0.8613018524815541,0.06953898753622391,0.3440423276188076,0.34731445697431573,-2.1631044154263126,2.1631044154263126,12.800469473306121,9.238242982321098e-06,0.0,4.5123986119888215e-07,0.00018913758395573062
random,11,2269,0.4768298795735178,0.15667426093580072,0.8613001011949414,0.06953900397943329,0.34404240897115723,0.3473047546414578,-2.1631074523160514,2.1631074523160514,12.800461718553287,9.700446951331843e-06,1.3877787807814457e-17,4.7383071960505063e-07,0.00019859446315351716
random,11,2270,0.476829382019434,0.15667392643019928,0.8612982622859422,0.06953902123753797,0.34404249435518014,0.34729456815632936,-2.1631106394511233,2.1631106394511233,12.800453575969165,1.0185791066692402e-05,0.0,4.975540838225712e-07,0.00020852418631119303
random,11,2271,0.47682885955254967,0.15667357518767333,0.8612963313674791,0.06953903935053725,0.3440425839687718,0.34728387341010153,-2.163113984179813,2.163113984179813,12.80044502615187,1.0695435411063348e-05,0.0,5.224668843117897e-07,0.0002189503956267527
random,11,2272,0.4768283109236211,0.1566732063701814,0.8612943038325078,0.0695390583603539,0.34404267801934396,0.3472726450986196,-2.163117494200999,2.163117494200999,12.800436048729377,1.1230598387434051e-05,0.0,5.486289285649981e-07,0.00022989791540809035
random,11,2273,0.4768277348205725,0.15667281909765743,0.8612921748429592,0.06953907831092238,0.3440427767242613,0.3472608566636736,-2.1631211775799573,2.1631211775799573,12.8004266223105,1.179255966757969e-05,0.0,5.761030485995633e-07,0.00024139281117849487
random,11,2274,0.4768271298653154,0.15667241244589641,0.861289939318114,0.06953909924828092,0.34404288031129676,0.3472484802314303,-2.163125042764786,2.163125042764786,12.800416724429935,1.238266329142868e-05,0.0,6.049552571107952e-07,0.00025346245173741964
random,11,2275,0.4768264946104064,0.15667198544433397,0.861287591922398,0.0695391212206669,0.34404298901910346,0.34723548654792546,-2.163129098603428,2.163129098603428,12.800406331506425,1.3002320925132049e-05,0.0,6.352549090093973e-07,0.0002661355743242906
random,11,2276,0.47682582753553304,0.15667153707371287,0.8612851270525526,0.06953914427861647,0.34404310309770775,0.3472218449114099,-2.1631333543613898,2.1631333543613898,12.800395418759773,1.3653015285984754e-05,0.0,6.670748733395016e-07,0.00027944235304050517
random,11,2277,0.4768251270438196,0.15667106626363114,0.8612825388241568,0.06953916847506778,0.34404322280901967,0.34720752310156344,-2.1631378197399886,2.1631378197399886,12.800383960208022,1.4336303743275426e-05,1.3877787807814457e-17,7.004917134678657e-07,0.00029341447069253045
random,11,2278,0.47682439145794125,0.1566705718899671,0.8612798210574713,0.0695391938654682,0.34404334842736367,0.34719248730507263,-2.163142504895505,2.163142504895505,12.800371928481129,1.5053822104035165e-05,0.0,7.355858783197888e-07,0.00030808519422715697
random,11,2279,0.4768236190160412,0.15667005277217047,0.861276967262546,0.06953922050788557,0.34404348024002895,0.3471767020382968,-2.1631474204583907,2.1631474204583907,12.80035929505157,1.5807288593617468e-05,0.0,7.724419000543215e-07,0.0003234894539385148
random,11,2280,0.47682280786743325,0.15666950767042448,0.8612739706236202,0.06953924846312434,0.3440436185478438,0.3471601300645257,-2.163152577554761,2.163152577554761,12.80034602940275,1.6598508041388336e-05,0.0,8.111486079487307e-07,0.00033966392663544056
random,11,2281,0.4768219560680861,0.15666893528263867,0.86127082398259,0.06953927779484226,0.3440437636657534,0.34714273231235365,-2.1631579878238325,2.1631579878238325,12.800332101069756,1.7429376282426213e-05,0.0,8.517993471679475e-07,0.0003566471229672126
random,11,2282,0.47682106157587195,0.15666833424136736,0.8612675198220681,0.06953930856968396,0.34404391592348027,0.34712446777447303,-2.1631636634507507,2.1631636634507507,12.800317473302805,1.8301884786579275e-05,1.3877787807814457e-17,8.944922141318479e-07,0.00037447947911557327
random,11,2283,0.476820122245569,0.15666770311030848,0.8612640502461362,0.0695393408573754,0.34404407566599177,0.3471052934541163,-2.163169617150914,2.163169617150914,12.800302122827642,1.9218125527293043e-05,0.0,9.393303029292532e-07,0.00039320345307135193
random,11,2284,0.4768191358236054,0.15666704038156082,0.8612604069652678,0.0695393747309775,0.34404424325475497,0.3470851641222226,-2.1631758623301702,2.1631758623301702,12.800285972591192,2.0180296102830562e-05,0.0,9.86421963611317e-07,0.00041286362572491955
random,11,2285,0.47681809994252927,0.15666634446917904,0.8612565812608971,0.0695394102665548,0.34404441906609706,0.34706403277322084,-2.16318241257912,2.16318241257912,12.800269134381407,2.119070512347558e-05,0.0,1.0358810761390558e-06,0.00043350680701116553
random,11,2286,0.47681701211519023,0.15666561371683646,0.8612525640275439,0.0695394475452371,0.34404460350140564,0.3470418482249988,-2.1631892838702966,2.1631892838702966,12.80025097385151,2.225177787935627e-05,0.0,1.0878273390413362e-06,0.00045518214736172384
random,11,2287,0.4768158697286187,0.15666484634358413,0.8612483454746308,0.06953948664497363,0.3440447969463326,0.3470185650211587,-2.163196485090796,2.163196485090796,12.80023394512434,2.3366062307299663e-05,0.0,1.1423865715065595e-06,0.00047794125472981006
random,11,2288,0.47681467003760114,0.15666404067280892,0.8612439163851552,0.06953952767963818,0.3440449999642656,0.34699409681131227,-2.1632040621429858,2.1632040621429858,12.800206855547895,2.453623535249833e-05,0.0,1.1996910175837705e-06,0.0005018383174663005
random,11,2289,0.4768134101583812,0.1566631939785384,0.8612392617733732,0.06953957060724877,0.34404521234749963,0.3469685454413166,-2.1632118807164704,2.1632118807164704,12.80022244780173,2.5765111796712392e-05,0.0,1.2598792199502995e-06,0.0005269302333396156
random,11,2290,0.4768120870759698,0.15666230851564242,0.8612343940351923,0.06953961623768427,0.34404543810288946,0.34694099900046177,-2.1632207653372855,2.1632207653372855,12.800014263081543,2.7055716400683057e-05,0.0,1.3230824114085493e-06,0.0005532767450065965
random,11,2291,0.4768106982120657,0.15666135865940892,0.8612291723014809,0.06953966074917639,0.3440456583223361,0.34691613949433914,-2.1632262334927606,2.1632262334927606,12.80096976234003,2.8413176276977045e-05,0.0,1.3888639041059747e-06,0.0005809405822569263
random,11,2292,0.476809258681449,0.1566605195507197,0.8612245593906261,0.06953973383610364,0.3440460199180029,0.3468603895290311,-2.1632599693865378,2.1632599693865378,12.793599322463542,2.998338022998036e-05,0.0,1.4395306166536948e-06,0.0006099876113697727
random,11,2293,0.47680771005648653,0.156659335671919,0.861218051142719,0.06953976001899,0.34404614945715045,0.3468585177943941,-2.1632418700093368,2.1632418700093368,12.816151892525435,3.150188328360496e-05,0.0,1.5486249624885318e-06,0.0006404869919382614
random,11,2294,0.4768077081990644,0.15665935376779236,0.8612181506228599,0.06953976864026348,0.3440461921106762,0.3468526460342227,-2.1632478161703905,2.1632478161703905,12.673636632787925,3.762104812984916e-07,1.3877787807814457e-17,1.8574221605227592e-09,2.6269974278717753e-06
random,11,2295,0.4768076955725963,0.1566593442791759,0.8612180984601993,0.06953976602339118,0.34404617916376873,0.34685365847199284,-2.16324657281503,2.16324657281503,12.799478668059841,1.6421479112719153e-07,0.0,1.2626468093301924e-08,2.758347299265364e-06
random,11,2296,0.47680768826125175,0.15665933904757667,0.8612180697000383,0.0695397656923294,0.34404617752584926,0.3468537691855156,-2.163246352994412,2.163246352994412,12.797225145534208,1.4557520741580828e-07,0.0,7.311344529803421e-09,2.8962646642286322e-06
random,11,2297,0.4768076806069466,0.15665933365131557,0.8612180400346663,0.06953976537970251,0.34404617597913584,0.34685386139281454,-2.163246142400502,2.163246142400502,12.796647557489473,1.5262391440117088e-07,0.0,7.654305134163764e-09,3.041077897440064e-06
random,11,2298,0.47680767259142587,0.15665932808819413,0.8612180094519973,0.06953976508861058,0.3440461745389661,0.3468539324201997,-2.1632459416832504,2.1632459416832504,12.796063427450116,1.6003470379463596e-07,0.0,8.01552074713996e-09,3.1931317923120674e-06
random,11,2299,0.47680766419505555,0.1566593223549923,0.8612179779343295,0.0695397648219795,0.3440461732198158,0.34685397966114073,-2.163245750153744,2.163245750153744,12.79547963389712,1.6783047943715974e-07,1.3877787807814457e-17,8.396370321239743e-09,3.352788381927671e-06
random,11,2300,0.47680765539678877,0.15665931644697365,0.8612179454556247,0.06953976458239201,0.3440461720344629,0.34685400070353795,-2.1632455630057073,2.1632455630057073,12.794904452250508,1.7603507100760391e-07,1.3877787807814457e-17,8.798266781795405e-09,3.5204278010240546e-06
random,11,2301,0.4768076462883453,0.1566593106956907,0.8612179138385578,0.06953976461104149,0.3440461721762054,0.3468538696551799,-2.1632455131434187,2.1632455131434187,12.79434730905167,1.8275485131838244e-07,0.0,9.108443443928138e-09,3.6964491910752573e-06
random,11,2302,0.4768076369276568,0.15665930526620872,0.8612178839905577,0.06953976506054381,0.3440461744001065,0.346853512993749,-2.1632457305954684,2.1632457305954684,12.794195237245455,1.9063972369057182e-07,0.0,9.360688502102477e-09,3.88127165062902e-06
random,11,2303,0.4768076271108914,0.15665929949568533,0.8612178522677184,0.06953976552091866,0.344046176677799,0.3468531535612535,-2.1632459445817873,2.1632459445817873,12.794677359109283,2.0004464355154054e-07,0.0,9.81676540057208e-09,4.075335233160471e-06
random,11,2304,0.4768076168138684,0.15665929336961706,0.8612178185903091,0.06953976599313441,0.34404617901407414,0.3468527905735496,-2.1632461555481273,2.1632461555481273,12.795119805209547,2.099344873060184e-07,0.0,1.0297023012029172e-08,4.279101994818495e-06
random,11,2305,0.4768076060113889,0.15665928687242323,0.8612177828726764,0.06953976647814918,0.34404618141367205,0.3468524232965801,-2.1632463638768935,2.1632463638768935,12.795527454284828,2.2033143612710506e-07,0.0,1.0802479522009634e-08,4.49305709455942e-06
random,11,2306,0.47680759467714745,0.15665927998747314,0.8612177450233949,0.06953976697692375,0.3440461838813463,0.34685205102890165,-2.163246569903112,2.163246569903112,12.795904225450565,2.3125920350821555e-07,0.0,1.133424143429096e-08,4.717709949287392e-06
random,11,2307,0.47680758278364654,0.15665927269709612,0.8612177049453219,0.06953976749043216,0.3440461864219157,0.3468516730879317,-2.163246773926792,2.163246773926792,12.796253311070405,2.42743001672234e-07,0.0,1.189350090635699e-08,4.953595446751761e-06
random,11,2308,0.4768075703021168,0.15665926498257954,0.8612176625355867,0.06953976801967074,0.3440461890403098,0.3468512887987729,-2.1632469762227746,2.1632469762227746,12.79657734375924,2.548095389721851e-07,0.0,1.2481529754193588e-08,5.20127521908935e-06
random,11,2309,0.4768075572024351,0.15665925682415718,0.8612176176855267,0.06953976856566588,0.3440461917416065,0.3468508974848582,-2.163247177048791,2.163247177048791,12.796878518800494,2.674870388788934e-07,0.0,1.3099681672734675e-08,5.461338980043817e-06
random,11,2310,0.4768075434530458,0.1566592482009902,0.8612175702805825,0.06953976912948125,0.34404619453106833,0.3468504984598889,-2.1632473766522344,2.1632473766522344,12.797158685656234,2.808052748878956e-07,0.0,1.374938929377123e-08,5.734405929046008e-06
random,11,2311,0.47680752902087736,0.1566592390911417,0.8612175202001585,0.06953976971222425,0.3440461974141742,0.3468500910207056,-2.1632475752759914,2.1632475752759914,12.797419417607145,2.947956176393938e-07,0.0,1.4432168460309924e-08,6.021126225498308e-06
random,11,2312,0.47680751387125986,0.1566592294715462,0.8612174673174544,0.06953977031505236,0.3440462003966505,0.34684967444083387,-2.163247773163575,2.163247773163575,12.797662065622427,3.0949109171188496e-07,0.0,1.514961750492816e-08,6.322182536773224e-06
random,11,2313,0.4768074979678385,0.15665921931797389,0.8612174114992696,0.06953977093917908,0.3440462034845012,0.34684924796452266,-2.163247970563736,2.163247970563736,12.797887800671818,3.2492644091958496e-07,0.0,1.5903421357599257e-08,6.638291663611885e-06
random,11,2314,0.4768074812724836,0.15665920860499072,0.8612173526057829,0.06953977158587962,0.34404620668403524,0.34684881080114716,-2.1632481677346647,2.1632481677346647,12.798097647439414,3.4113820079447824e-07,0.0,1.6695354876361534e-08,6.9702062467924796e-06
random,11,2315,0.4768074637451988,0.15665919730591413,0.86121729049031,0.06953977225649687,0.34404621000189656,0.3468483621198875,-2.1632483649478766,2.1632483649478766,12.798292511548052,3.581647777749387e-07,0.0,1.7527284845719748e-08,7.318716559132104e-06
random,11,2316,0.47680744534402353,0.15665918539276438,0.8612172249990352,0.06953977295244691,0.3440462134450913,0.34684790104462293,-2.163248562491829,2.163248562491829,12.798473201821416,3.760465348475866e-07,1.3877787807814457e-17,1.840117525020446e-08,7.684652387088709e-06
random,11,2317,0.47680742602493226,0.15665917283621172,0.8612171559707212,0.06953977367522476,0.3440462170210159,0.34684742664900414,-2.1632487606753052,2.1632487606753052,12.798640448703553,3.9482588319273524e-07,0.0,1.9319091271174926e-08,8.068885006443145e-06
random,11,2318,0.47680740574172903,0.15665915960551902,0.861217083236394,0.06953977442640992,0.34404622073748486,0.34684693795169036,-2.163248959830578,2.163248959830578,12.798794919654734,4.1454737998690814e-07,0.0,2.0283203228110835e-08,8.472329256765303e-06
random,11,2319,0.4768073844459364,0.15665914566847952,0.8612170066190002,0.06953977520767199,0.3440462246027586,0.3468464339117425,-2.1632491603163504,2.1632491603163504,12.798937232131127,4.3525783225898214e-07,0.0,2.1295792629327792e-08,8.895945719603568e-06
random,11,2320,0.47680736208668023,0.15665913099134993,0.86121692593304,0.06953977602077634,0.3440462286255711,0.3468459134241889,-2.163249362520467,2.163249362520467,12.799067964602937,4.570064069542888e-07,0.0,2.2359256168780206e-08,9.340743005583747e-06
random,11,2321,0.4768073386105673,0.15665911553877793,0.8612168409841674,0.06953977686758944,0.3440462328151569,0.34684537531577725,-2.1632495668623686,2.1632495668623686,12.7991876659314,4.7984474722371e-07,0.0,2.347611294251095e-08,9.807780155862936e-06
random,11,2322,0.47680731396155834,0.15665909927372404,0.861216751568762,0.06953977775008442,0.3440462371812778,0.34684481834094555,-2.163249773795263,2.163249773795263,12.79929686335086,5.038270951609247e-07,0.0,2.4649008945054618e-08,1.0298169163656082e-05
random,11,2323,0.476807288080834,0.15665908215737737,0.8612166574734649,0.06953977867034637,0.3440462417342498,0.34684424117804025,-2.163249983807976,2.163249983807976,12.799396069216044,5.290104213129074e-07,0.0,2.588072434139832e-08,1.0813077621838886e-05
random,11,2324,0.47680726090665404,0.1566590641490645,0.8612165584746785,0.0695397796305775,0.3440462464849683,0.3468436424258203,-2.163250197426447,2.163250197426447,12.799485786628564,5.554545608733857e-07,0.0,2.7174179961786393e-08,1.1353731502930831e-05
random,11,2325,0.4768072323742101,0.1566590452061519,0.8612164543380294,0.06953978063310223,0.3440462514449332,0.3468430206002782,-2.1632504152148306,2.1632504152148306,12.799566514012625,5.832223571184185e-07,0.0,2.853244396305854e-08,1.1921418078077373e-05
random,11,2326,0.4768072024154703,0.15665902528394043,0.8612163448177887,0.06953978168037205,0.3440462566262733,0.34684237413181185,-2.1632506377761747,2.1632506377761747,12.799638748675353,6.123798119929394e-07,0.0,2.995873976674446e-08,1.2517488981981243e-05
random,11,2327,0.4768071709590168,0.15665900433555205,0.8612162296562497,0.06953978277497017,0.34404626204176897,0.3468417013627667,-2.1632508657526395,2.1632508657526395,12.799702989370644,6.429962445987277e-07,0.0,3.14564534975581e-08,1.3143363431080306e-05
random,11,2328,0.4768071379298745,0.15665898231180847,0.8612161085830595,0.06953978391961606,0.3440462677048747,0.34684100054536215,-2.163251099825256,2.163251099825256,12.799759737868953,6.751444572334876e-07,0.0,3.302914231007037e-08,1.3800531602634322e-05
random,11,2329,0.47680710324933157,0.15665895916110126,0.8612159813145067,0.06953978511716967,0.34404627362973994,0.3468402698399937,-2.1632513407132103,2.1632513407132103,12.799809499537085,7.089009099402827e-07,0.0,3.4680542937426395e-08,1.4490558182766039e-05
random,11,2330,0.476807066834751,0.15665893482925314,0.8612158475527572,0.06953978637063568,0.3440462798312304,0.34683950731388763,-2.1632515891726816,2.1632515891726816,12.799852782936457,7.443459034385043e-07,0.0,3.641458057312974e-08,1.5215086091904341e-05
random,11,2331,0.47680702859937224,0.15665890925937068,0.8612157069850453,0.06953978768316746,0.3440462863249471,0.346838710940059,-2.1632518459952683,2.1632518459952683,12.799890098466149,7.815637710503267e-07,0.0,3.8235378752027316e-08,1.5975840396499558e-05
random,11,2332,0.47680698845210434,0.15665888239168815,0.8612155592828157,0.06953978905807114,0.3440462931272472,0.34683787859649895,-2.16325211200607,2.16325211200607,12.79992195610043,8.206430800285222e-07,0.0,4.014726789902667e-08,1.6774632416324538e-05
random,11,2333,0.47680694629730647,0.1566588541634027,0.861215404100816,0.06953979049880965,0.34404630025526345,0.3468370080654879,-2.163252388061512,2.163252388061512,12.799948862305408,8.616768426173513e-07,0.0,4.215479787461618e-08,1.7613364037140766e-05
random,11,2334,0.4768069020345601,0.1566588245085013,0.8612152410761467,0.06953979200900706,0.34404630772692574,0.3468360970329126,-2.1632526750470267,2.1632526750470267,12.799971316255911,9.047627374604654e-07,0.0,4.4262746357048854e-08,1.8494032238997807e-05
random,11,2335,0.4768068555584284,0.15665879335757962,0.8612150698272649,0.06953979359245312,0.3440463155609838,0.34683514308743313,-2.1632529738747266,2.1632529738747266,12.799989805513803,9.500033419461944e-07,0.0,4.647613172092946e-08,1.9418733850947698e-05
random,11,2336,0.47680680675820336,0.1566587606376532,0.8612148899529461,0.06953979525310815,0.34404632377703126,0.346834143719339,-2.163253285481215,2.163253285481215,12.80000480136825,9.97506375933556e-07,0.0,4.8800225027623156e-08,2.0389670543495082e-05
random,11,2337,0.4768067555176421,0.15665872627196137,0.8612147010312071,0.06953979699510895,0.34404633239553484,0.34683309631891834,-2.1632536108256937,2.1632536108256937,12.800016754067533,1.0473849576596592e-06,0.0,5.1240561238508064e-08,2.1409154070669838e-05
random,11,2338,0.47680670171468825,0.1566586901797646,0.8612145026181905,0.06953979882277506,0.3440463414378652,0.34683199817416993,-2.1632539508885187,2.1632539508885187,12.800026088200923,1.0997578723782166e-06,0.0,5.380295386991918e-08,2.247961177420333e-05
random,11,2339,0.4768066452211808,0.15665865227613499,0.8612142942470143,0.0695398007406161,0.34404635092633373,0.34683084646769924,-2.1632543066703502,2.1632543066703502,12.800033198485078,1.1547498545701935e-06,0.0,5.649350742764625e-08,2.36035923629135e-05
random,11,2340,0.47680658590254815,0.15665861247174026,0.861214075426584,0.06953980275334024,0.34404636088423396,0.34682963827266655,-2.1632546791920073,2.1632546791920073,12.800038446204637,1.212491884365966e-06,0.0,5.931863267250037e-08,2.4783771981059176e-05
random,11,2341,0.47680652361748627,0.15665857067262187,0.8612138456403723,0.06953980486586364,0.34404637133588845,0.34682837054768817,-2.163255069495114,2.163255069495114,12.800042156519053,1.2731214989353251e-06,0.0,6.228506188588057e-08,2.6022960580112136e-05
random,11,2342,0.47680645821762163,0.15665852677996533,0.861213604345157,0.0695398070833211,0.34404638230670137,0.3468270401306373,-2.163255478643581,2.163255478643581,12.800044616798997,1.3367831197631129e-06,0.0,6.539986463494074e-08,2.7324108609117744e-05
random,11,2343,0.4768063895471572,0.15665848068986393,0.8612133509697221,0.06953980941107797,0.34404639382321783,0.3468256437313372,-2.163255907725913,2.163255907725913,12.800046076082761,1.4036283964274908e-06,1.3877787807814457e-17,6.867046442593505e-08,2.869031403957363e-05
random,11,2344,0.4768063174425008,0.15665843229307375,0.8612130849135108,0.0695398118547433,0.3440464059131883,0.346824177923188,-2.1632563578582937,2.1632563578582937,12.800046745670837,1.4738165678352349e-06,0.0,7.210465641227515e-08,3.0124829741552313e-05
random,11,2345,0.4768062417318738,0.15665838147475933,0.8612128055452272,0.06953981442018384,0.34404641860563845,0.34682263913381217,-2.163256830188361,2.163256830188361,12.800046800789561,1.5475148418164739e-06,0.0,7.571062698996656e-08,3.163107122862993e-05
random,11,2346,0.47680616223490196,0.15665832811422878,0.8612125122013806,0.06953981711353938,0.34404643193094475,0.3468210236348326,-2.163257325899543,2.163257325899543,12.800046383184426,1.6248987937025008e-06,0.0,7.949697183873283e-08,3.321262479006143e-05
random,11,2347,0.47680607876218495,0.15665827208465644,0.8612122041847604,0.06953981994123884,0.34404644592091416,0.34681932753092426,-2.1632578462158203,2.1632578462158203,12.800045604441394,1.7061527853007139e-06,0.0,8.347271701625303e-08,3.48732560295645e-05
random,11,2348,0.47680599111484323,0.1566582132527922,0.8612118807628383,0.06953982291001723,0.3440464606088678,0.3468175467482777,-2.163258392406754,2.163258392406754,12.800044549794418,1.7914704046939166e-06,0.0,8.76473417177337e-08,3.661691883104273e-05
random,11,2349,0.4768058990840442,0.1566581514786554,0.8612115411660853,0.06953982602693334,0.344046476029729,0.34681567702261157,-2.1632589657926524,2.1632589657926524,12.800043282164163,1.8810549283337736e-06,0.0,9.203079903707945e-08,3.844776477259487e-05
random,11,2350,0.47680580245050336,0.15665808661521222,0.8612111845861989,0.06953982929938811,0.34404649222011363,0.3468137138868414,-2.163259567749748,2.163259567749748,12.800041846179305,1.9751198062888382e-06,0.0,9.663354083588871e-08,4.0370153011224616e-05
random,11,2351,0.4768057009839604,0.15665801850803515,0.8612108101742301,0.06953983273514355,0.3440465092184241,0.34681165265848024,-2.1632601997153023,2.1632601997153023,12.800040271970422,2.073889171953703e-06,1.3877787807814457e-17,1.0146654294551638e-07,4.2388660661785846e-05
random,11,2352,0.47680559444262915,0.15665794699494348,0.8612104170386077,0.06953983634234222,0.34404652706494543,0.34680948842681747,-2.163260863192573,2.163260863192573,12.800038578574128,2.1775983772257907e-06,0.0,1.0654133125731491e-07,4.450809369487514e-05
random,11,2353,0.47680548257262045,0.1566578719056235,0.86121000424305,0.06953984012952746,0.3440465458019457,0.34680721603987036,-2.1632615597556417,2.1632615597556417,12.800036776836661,2.2864945547043036e-06,0.0,1.1187000870105379e-07,4.67334983796189e-05
random,11,2354,0.4768053651073355,0.15665779306122785,0.8612095708043631,0.06953984410566419,0.3440465654737785,0.3468048300910828,-2.163262291054094,2.163262291054094,12.800034871778834,2.4008372080315946e-06,1.3877787807814457e-17,1.1746528494338548e-07,4.9070173298599845e-05
random,11,2355,0.4768052417668281,0.15665771027395303,0.8612091156901168,0.06953984828016029,0.3440465861269891,0.34680232490570834,-2.1632630588176043,2.1632630588176043,12.800032864427122,2.5208988319452832e-06,0.0,1.2334050741857894e-07,5.152368196352984e-05
random,11,2356,0.4768051122571364,0.15665762334659428,0.8612086378161989,0.06953985266288894,0.3440466078104248,0.346799694526808,-2.1632638648604634,2.1632638648604634,12.800030753160637,2.6469655634435356e-06,0.0,1.2950969169311932e-07,5.409986606170633e-05
random,11,2357,0.4768049762695798,0.15665753207207683,0.8612081360442382,0.06953985726421189,0.34404663057535007,0.34679693270077316,-2.1632647110861187,2.1632647110861187,12.800028534646685,2.7793378657117116e-06,0.0,1.3598755660426676e-07,5.680485936479165e-05
random,11,2358,0.47680483348002106,0.15665743623296327,0.8612076091788954,0.0695398620950035,0.34404665447556565,0.34679403286229604,-2.1632655994917696,2.1632655994917696,12.800026204458513,2.9183312464097472e-06,1.3877787807814457e-17,1.4278955873248123e-07,5.964510233303123e-05
random,11,2359,0.4768046835480907,0.1566573356009352,0.8612070559650142,0.06953986716667608,0.3440466795675335,0.3467909881187024,-2.163266532173083,2.163266532173083,12.800023757448951,3.064277012091461e-06,1.3877787807814457e-17,1.4993193037105002e-07,6.262735744968279e-05
random,11,2360,0.4768045261163737,0.1566572299362489,0.8612064750846292,0.0695398724912062,0.34404670591050746,0.34678779123358033,-2.163267511329067,2.163267511329067,12.80002118796632,3.2175230605122613e-06,0.0,1.574317169961148e-07,6.575872532216693e-05
random,11,2361,0.4768043608095536,0.15665711898716317,0.86120586515382,0.06953987808116231,0.34404673356666954,0.3467844346096369,-2.163268539267132,2.163268539267132,12.800018489960687,3.3784347129546754e-06,0.0,1.653068201212804e-07,6.904666158827528e-05
random,11,2362,0.4768041872335141,0.15665700248933853,0.8612052247194082,0.06953988394973361,0.344046762601273,0.34678091027073005,-2.163269618408374,2.163269618408374,12.800015657032048,3.5473955882300637e-06,1.3877787807814457e-17,1.7357603948608968e-07,7.249899466768904e-05
random,11,2363,0.4768040049743968,0.1566568801652064,0.8612045522554901,0.06953989011076034,0.34404679308279207,0.3467772098430213,-2.1632707512930938,2.1632707512930938,12.80001268244144,3.7248085208294095e-06,0.0,1.8225911729841116e-07,7.61239444010735e-05
random,11,2364,0.4768038135976093,0.15665675172330612,0.8612038461597915,0.06953989657876555,0.3440468250830792,0.346773324535202,-2.1632719405865695,2.1632719405865695,12.800009559107503,3.911096525283908e-06,0.0,1.9137678747283005e-07,7.993014162112718e-05
random,11,2365,0.47680361264678456,0.1566566168575892,0.8612031047498436,0.0695399033689881,0.34404685867752827,0.3467692451177439,-2.163273189085097,2.163273189085097,12.800006279591543,4.106703809129737e-06,0.0,2.0095082475801718e-07,8.392664870218355e-05
random,11,2366,0.4768034016426875,0.15665647524668813,0.8612023262589628,0.0695399104974176,0.34404689394524735,0.3467649619011257,-2.163274499722315,2.163274499722315,12.800002836083294,4.3120968367732646e-06,0.0,2.1100409708374457e-07,8.812298113729273e-05
random,11,2367,0.4768031800820665,0.15665632655314918,0.8612015088320326,0.0695399179808306,0.344046930969238,0.3467604647129854,-2.1632758755758115,2.1632758755758115,12.79999922038123,4.527765447269312e-06,0.0,2.2156062096101437e-07,9.252913019415737e-05
random,11,2368,0.4768029474364475,0.15665617042262572,0.8612006505210704,0.06953992583682889,0.34404696983658467,0.34675574287414546,-2.163277319874047,2.163277319874047,12.799995423874073,4.754224028235126e-06,0.0,2.3264561899161151e-07,9.715558670386525e-05
random,11,2369,0.4768027031508658,0.1566560064830319,0.8611997492805737,0.06953993408387908,0.3440470106386505,0.3467507851734578,-2.163278836003588,2.163278836003588,12.799991437519491,4.992012749104034e-06,0.0,2.4428558170752623e-07,0.00010201336603905851
random,11,2370,0.4768024466425354,0.15665583434365324,0.8611988029626312,0.06953994274135457,0.3440470534712847,0.3467455798414072,-2.1632804275166717,2.1632804275166717,12.799987251822673,5.241698856647983e-06,0.0,2.565083304095772e-07,0.00010711403434101143
random,11,2371,0.4768021772994498,0.1566556535942128,0.8611978093117889,0.06953995182957894,0.3440470984350378,0.3467401145224188,-2.163282098139114,2.163282098139114,12.799982856814168,5.503878035909154e-06,0.0,2.6934308561266107e-07,0.000112469736058062
random,11,2372,0.47680189447891325,0.15665546380389025,0.8611967659596579,0.06953996136987174,0.3440471456353877,0.3467343762458019,-2.163283851778576,2.163283851778576,12.799978242025468,5.779175839935968e-06,0.0,2.828205365457137e-07,0.00011809322286096511
random,11,2373,0.47680159750599677,0.15665526452029171,0.8611956704192509,0.06953997138459607,0.34404719518297516,0.3467283513952669,-2.1632856925331994,2.1632856925331994,12.799973396464567,6.068249191728621e-06,0.0,2.969729164803425e-07,0.00012399788400401337
random,11,2374,0.4768012856719167,0.1566550552683677,0.861194520079034,0.06953998189720861,0.3440472471938516,0.3467220256769463,-2.1632876247006294,2.1632876247006294,12.799968308589674,6.371787962265427e-06,0.0,3.1183408005786006e-07,0.00013019777820421404
random,11,2375,0.4768009582323304,0.15665483554927667,0.8611933121966785,0.06953999293231168,0.3440473017897363,0.34671538408584723,-2.1632896527874323,2.1632896527874323,12.7999629662814,6.690516628368343e-06,0.0,3.274395863339663e-07,0.00013670766711442475
random,11,2376,0.47680061440554616,0.15665460483919147,0.8611920438925005,0.06954000451570767,0.34404735909828593,0.34670841087066023,-2.163291781518934,2.163291781518934,12.799957356813701,7.025196014519391e-06,1.3877787807814457e-17,3.4382678421041035e-07,0.000143543050470146
random,11,2377,0.4768002533706428,0.1566543625880453,0.8611907121425662,0.06954001667445617,0.34404741925337706,0.3467010894968466,-2.163294015849483,2.163294015849483,12.799951466824371,7.376625122955518e-06,0.0,3.610349033622562e-07,0.00015072020299365332
random,11,2378,0.476799874265492,0.15665410821821504,0.8611893137714538,0.06954002943693313,0.34404748239539906,0.346693402607921,-2.1632963609731553,2.1632963609731553,12.799945282282518,7.745643056624619e-06,0.0,3.791051508272858e-07,0.000158256213143336
random,11,2379,0.4767994761846829,0.15665384112313793,0.861187845444649,0.06954004283289333,0.3440475486715629,0.3466853319848431,-2.163298822334927,2.163298822334927,12.799938788454652,8.133131039663927e-06,0.0,3.980808090942034e-07,0.0001661690238005028
random,11,2380,0.47679905817733853,0.15665356066585848,0.8611863036605568,0.06954005689353483,0.34404761823622004,0.3466768585034302,-2.163301405642311,2.163301405642311,12.799931969870894,8.540014540591883e-06,1.3877787807814457e-17,4.1800734434938036e-07,0.00017447747499052795
random,11,2381,0.4767986192448234,0.1566532661775023,0.8611846847421112,0.06954007165156677,0.3440476912511983,0.3466679620896941,-2.1633041168774905,2.1633041168774905,12.799924810286546,8.967265503272141e-06,0.0,4.389325151121781e-07,0.00018320134874005435
random,11,2382,0.476798158338333,0.15665295695567283,0.8611829848279617,0.06954008714127988,0.34404776788615,0.34665862167300754,-2.1633069623099535,2.1633069623099535,12.799917292644736,9.41590469154245e-06,0.0,4.609064904181892e-07,0.0001923614161770571
random,11,2383,0.47679767435636095,0.15665263226276716,0.861181199863215,0.06954010339862,0.3440478483189163,0.34664881513699264,-2.1633099485096476,2.1633099485096476,12.799909399033467,9.887004153092062e-06,0.0,4.839819720547922e-07,0.00020197948698590996
random,11,2384,0.4767971661420372,0.15665229132420677,0.8611793255897076,0.06954012046126481,0.3440479327359066,0.34663851926803474,-2.163313082360665,2.163313082360665,12.799901110647413,1.0381689808897455e-05,0.0,5.082143237356007e-07,0.00021207846133520545
random,11,2385,0.4767966324803303,0.1566519333265791,0.8611773575357904,0.06954013836870358,0.344048021332493,0.3466277097012915,-2.163316371075482,2.163316371075482,12.799892407735335,1.0901144174835358e-05,0.0,5.336617069362504e-07,0.00022268238440196572
random,11,2386,0.47679607209510577,0.1566515574156847,0.861175291005593,0.06954015716232034,0.3440481143134219,0.3466163608641097,-2.1633198222097474,2.1633198222097474,12.799883269563784,1.1446609222106578e-05,1.3877787807814457e-17,5.603852245017471e-07,0.00023381650362206403
random,11,2387,0.4767954836460363,0.15665116269448648,0.8611731210677491,0.06954017688548057,0.34404821189324286,0.3466044459166869,-2.1633234436776636,2.1633234436776636,12.79987367435263,1.201938938399257e-05,0.0,5.884490694718636e-07,0.00024550732880316726
random,11,2388,0.4767948657253507,0.15665074822095404,0.8611708425435467,0.06954019758362105,0.34404831429675314,0.346591936689915,-2.1633272437679163,2.1633272437679163,12.799863599245803,1.2620854716363138e-05,0.0,6.179206856193886e-07,0.00025778269524332566
random,11,2389,0.47679421685441925,0.1566503130058002,0.8611684499944847,0.06954021930434366,0.34404842175946193,0.34657880362016497,-2.163331231160267,2.163331231160267,12.799853020217467,1.3252444220114943e-05,1.3877787807814457e-17,6.488709314300678e-07,0.00027067183000549196
random,11,2390,0.476793535480161,0.15664985601010123,0.8611659377091903,0.06954024209751244,0.34404853452807016,0.3465650156810837,-2.1633354149426167,2.1633354149426167,12.799841912088876,1.391566933395951e-05,0.0,6.813742582378879e-07,0.0002842054215057666
random,11,2391,0.47679281997126854,0.15664937614279878,0.861163299689686,0.06954026601535485,0.34404865286097175,0.3465505403118294,-2.1633398046289587,2.1633398046289587,12.799830248317411,1.4612117606576021e-05,0.0,7.155088924681863e-07,0.0002984156925810549
random,11,2392,0.47679206861423784,0.15664887225807103,0.8611605296369383,0.06954029111256615,0.3440487770287703,0.3465353433425592,-2.163344410177314,2.163344410177314,12.799818001261,1.5343456557584343e-05,0.0,7.513570307038364e-07,0.0003133364772101077
random,11,2393,0.4767912796091924,0.15664834315257914,0.8611576209357197,0.06954031744641902,0.3440489073148207,0.3465193889146944,-2.163349242009849,2.163349242009849,12.799805141344976,1.611143773726954e-05,1.3877787807814457e-17,7.890050454650854e-07,0.00032900330107061307
random,11,2394,0.4767904510654938,0.1566477875625514,0.8611545666385795,0.06954034507687357,0.34404904401577413,0.34650263940183434,-2.1633543110294613,2.1633543110294613,12.799791638923317,1.691790099564963e-05,0.0,8.285436985944195e-07,0.00034545346612414375
random,11,2395,0.47678958099712404,0.1566472041607827,0.8611513594493487,0.06954037406670151,0.344049187442192,0.346485055314289,-2.163359628648814,2.163359628648814,12.799777458981394,1.776477897192897e-05,0.0,8.700683697404621e-07,0.00036272613943035096
random,11,2396,0.47678866731782893,0.15664659155328725,0.8611479917047385,0.06954040448158268,0.3440493379190235,0.3464665952376682,-2.163365206783839,2.163365206783839,12.799762576209236,1.865410181618695e-05,0.0,9.136792951114359e-07,0.00038086244640186853
random,11,2397,0.4767877078360102,0.1566459482764148,0.8611444553584872,0.0695404363903094,0.344049495786617,0.3464472156425639,-2.1633710579659833,2.1633710579659833,12.799746927885774,1.9588002155675906e-05,0.0,9.594818187186327e-07,0.000399905568721962
random,11,2398,0.47678670024935144,0.1566452727916062,0.8611407419525293,0.06954046986463167,0.3440496613999535,0.3464268711253914,-2.1633771950422127,2.1633771950422127,12.799730569893018,2.0568720318748686e-05,1.3877787807814457e-17,1.0075866587744287e-06,0.0004199008471580601
random,11,2399,0.4767856421391652,0.1566445634881336,0.8611368426320597,0.06954050498046091,0.3440498351346031,0.3464055130197981,-2.1633836324154236,2.1633836324154236,12.799713123536444,2.1598609830528353e-05,0.0,1.0581101862472408e-06,0.0004408958895159631
random,11,2400,0.47678453096444495,0.15664381865317742,0.8611327479810347,0.06954054181369097,0.34405001736604834,0.3463830944650002,-2.163390381161549,2.163390381161549,12.799695865160727,2.2680143195555477e-05,0.0,1.111174720236363e-06,0.0004629406839917613
random,11,2401,0.47678336405560867,0.15664303657926396,0.861128448612799,0.0695405804588357,0.3440502085618942,0.3463595480988247,-2.1633974700859304,2.1633974700859304,12.799673315608349,2.381591799904353e-05,0.0,1.1669088362809e-06,0.0004860877181913494
random,11,2402,0.4767821386079904,0.15664221505163406,0.8611239323519497,0.06954062094490264,0.34405040886565474,0.34633488707619337,-2.1634048498999197,2.1634048498999197,12.799669251599735,2.5008663699683186e-05,0.0,1.2254476182693708e-06,0.0005103921041009169
random,11,2403,0.47678085167694906,0.1566413538080279,0.8611191977567412,0.06954066364396042,0.34405062011812976,0.34630871491664406,-2.163412857629101,2.163412857629101,12.799572596720433,2.626125816565405e-05,1.3877787807814457e-17,1.2869310413443635e-06,0.0005359117093059628
random,11,2404,0.47677950023362325,0.15664044195564172,0.8611141849451421,0.06954070718731341,0.3440508355477333,0.3462827336537813,-2.1634198392525237,2.1634198392525237,12.799926940516464,2.7576995987733702e-05,0.0,1.351443325803281e-06,0.000562707294771261
random,11,2405,0.4767780829446306,0.15663952956075214,0.8611091691511882,0.06954076032337603,0.3440510984370176,0.3462466829070285,-2.16343546547974,2.16343546547974,12.797739002889893,2.8969725819589496e-05,0.0,1.4172889926666876e-06,0.0005908426595098241
random,11,2406,0.4767765946220966,0.15663846808779705,0.8611033338164104,0.06954079893821735,0.34405128948293817,0.34622940557903814,-2.1634323668597606,2.1634323668597606,12.806739210995005,3.043827402146087e-05,0.0,1.488322533993447e-06,0.0006203847924853153
random,11,2407,0.47677659268566835,0.1566384856411068,0.8611034303138655,0.06954080728384586,0.3440513307727176,0.34622370276637215,-2.1634381418496016,2.1634381418496016,12.672853253904579,3.6458781789110326e-07,0.0,1.9364282399791932e-09,2.5445470004280513e-06
random,11,2408,0.47677658042406723,0.15663847646627513,0.8611033798762033,0.0695408047385069,0.34405131817971946,0.3462246820226759,-2.1634369376537244,2.1634369376537244,12.798367944883916,1.5961199836627463e-07,0.0,1.226160112333119e-08,2.671774350449454e-06
random,11,2409,0.476776573304639,0.15663847144136944,0.8611033522523183,0.06954080441540252,0.34405131658116894,0.34622478056827805,-2.1634367323802155,2.1634367323802155,12.796127826981554,1.4137485868047863e-07,1.3877787807814457e-17,7.119428213631096e-09,2.8053630679719265e-06
random,11,2410,0.47677656584934563,0.15663846625503938,0.8611033237410198,0.06954080410858104,0.3440513150631777,0.3462248616707379,-2.163436535271438,2.163436535271438,12.795575418215956,1.4823944155755406e-07,0.0,7.45529338264106e-09,2.945631221370523e-06
random,11,2411,0.476776558040376,0.1566384609045793,0.8611032943274342,0.06954080382079426,0.3440513136393601,0.3462249228997402,-2.16343634669705,2.16343634669705,12.795018072453692,1.55456205265951e-07,0.0,7.80896963759048e-09,3.0929127824390494e-06
random,11,2412,0.47677654985863116,0.15663845538630286,0.8611032639912958,0.06954080355462598,0.34405131232249947,0.34622496189326063,-2.1634361656121044,2.1634361656121044,12.794462243965885,1.630468508258736e-07,0.0,8.181744837187921e-09,3.247558421561002e-06
random,11,2413,0.4767765412836936,0.15663844969511065,0.8611032327045713,0.06954080331234545,0.34405131112382287,0.3462249764683644,-2.1634359864205894,2.1634359864205894,12.79391558304805,1.7103393114031615e-07,0.0,8.57493753780858e-09,3.409936342639052e-06
random,11,2414,0.47677653243327955,0.15663844422791487,0.8611032026492434,0.06954080338224528,0.3440513114696504,0.3462248168730885,-2.1634359729738026,2.1634359729738026,12.79338669320011,1.772307736680515e-07,0.0,8.850414068284351e-09,3.5804331597710047e-06
random,11,2415,0.4767765233208518,0.15663843899952146,0.8611031739067062,0.06954080381544911,0.3440513136129151,0.34622446344888963,-2.163436190361299,2.163436190361299,12.793338342572161,1.851218189620445e-07,0.0,9.112427756807762e-09,3.7594548177595553e-06
random,11,2416,0.4767765137653725,0.156638433440567,0.8611031433469447,0.06954080425886595,0.3440513158067084,0.3462241073605051,-2.163436404330401,2.163436404330401,12.79383291423243,1.942447875504443e-07,0.0,9.555479296707858e-09,3.947427558647533e-06
random,11,2417,0.47677650374328423,0.1566384275369782,0.8611031108925927,0.06954080471341263,0.3440513180555662,0.3462237478461362,-2.163436615313205,2.163436615313205,12.794287323874256,2.0383883531237557e-07,0.0,1.0022088270389418e-08,4.144798936579909e-06
random,11,2418,0.47677649323004573,0.15663842127362293,0.8611030764604627,0.06954080517999296,0.34405132036396024,0.3462233841959838,-2.1634368236770136,2.1634368236770136,12.794706559380982,2.1392542216970392e-07,1.3877787807814457e-17,1.0513238501985711e-08,4.352038883408905e-06
random,11,2419,0.47677648220004404,0.15663841463433797,0.8611030399616991,0.06954080565951049,0.3440513227363607,0.3462230157348747,-2.163437029740234,2.163437029740234,12.79509462224589,2.245275140586977e-07,0.0,1.103000168978241e-08,4.5696408275793504e-06
random,11,2420,0.4767764706265109,0.1566384076019396,0.8611030013018363,0.06954080615287875,0.34405132517728726,0.3462226418086418,-2.163437233784634,2.163437233784634,12.795454767648591,2.3566954524996515e-07,0.0,1.1573533131858937e-08,4.798122868958318e-06
random,11,2421,0.47677645848144296,0.15663840015822206,0.86110296038079,0.06954080666103005,0.3440513276913526,0.3462222617730994,-2.1634374360650708,2.1634374360650708,12.795789676284425,2.4737741236454145e-07,0.0,1.214506795133019e-08,5.038029012406234e-06
random,11,2422,0.4767764457355225,0.15663839228394694,0.8611029170927993,0.06954080718492292,0.34405133028329893,0.3462218749848452,-2.163437636817422,2.163437636817422,12.796101580093296,2.596784904131631e-07,0.0,1.274592043021272e-08,5.289930463026546e-06
random,11,2423,0.47677643235803907,0.15663838395882454,0.8611028713263236,0.06954080772554909,0.3440513329580328,0.3462214807933583,-2.163437836265233,2.163437836265233,12.796392356078695,2.726016648839573e-07,0.0,1.3377483454313222e-08,5.5544269861778735e-06
random,11,2424,0.47677641831680956,0.1566383751614897,0.8611028229639102,0.06954080828393967,0.34405133572065566,0.34622107853402534,-2.1634380346254223,2.1634380346254223,12.796663597581091,2.8617737611975367e-07,1.3877787807814457e-17,1.4041229512429254e-08,5.832148335486767e-06
random,11,2425,0.4767764035780959,0.1566383658694719,0.8611027718820297,0.06954080886117119,0.3440513385764935,0.3462206675218344,-2.163438232113301,2.163438232113301,12.79691666931515,3.004376734624977e-07,1.3877787807814457e-17,1.473871363844026e-08,6.123755752261106e-06
random,11,2426,0.4767763881065217,0.1566383560591611,0.8611027179508884,0.0695408094583713,0.3440513415311255,0.3462202470455478,-2.1634384289470843,2.1634384289470843,12.797152750524218,3.154162778000367e-07,0.0,1.5471574243974828e-08,6.429943539874161e-06
random,11,2427,0.47677637186498445,0.15663834570576904,0.8611026610342157,0.06954081007672434,0.34405134459041103,0.3462198163622234,-2.163438625352007,2.163438625352007,12.797372869304072,3.311486511948138e-07,0.0,1.624153722623589e-08,6.75144071686787e-06
random,11,2428,0.47677635481456576,0.15663833478328673,0.8611026009890299,0.06954081071747695,0.3440513477605179,0.3462193746919869,-2.1634388215641507,2.1634388215641507,12.797577930276711,3.4767207320408453e-07,0.0,1.705041868804713e-08,7.089012752711264e-06
random,11,2429,0.4767763369144365,0.15663832326443758,0.8611025376653807,0.06954081138194344,0.34405135104794854,0.3462189212129939,-2.1634390178340275,2.1634390178340275,12.797768737192074,3.6502572343231013e-07,0.0,1.7900129267722775e-08,7.443463390346827e-06
random,11,2430,0.4767763181217588,0.1566383111206267,0.8611024709060708,0.06954081207151133,0.3440513544595677,0.34621845505653626,-2.163439214429961,2.163439214429961,12.797946011609517,3.8325077011513833e-07,0.0,1.879267769178128e-08,7.815636559864169e-06
random,11,2431,0.4767762983915838,0.15663829832188636,0.8611024005463558,0.06954081278764687,0.3440513580026296,0.34621797530227344,-2.1634394116412894,2.1634394116412894,12.798110408512843,4.023904644869828e-07,0.0,1.9730174993792815e-08,8.206418387857378e-06
random,11,2432,0.4767762776767431,0.15663828483681633,0.8611023264136162,0.06954081353190038,0.3440513616848044,0.34621748097357546,-2.1634396097813906,2.1634396097813906,12.79826252949332,4.2249024128901997e-07,0.0,2.0714840731628215e-08,8.616739307250248e-06
random,11,2433,0.47677625592773665,0.15663827063252034,0.8611022483270083,0.06954081430591191,0.3440513655142063,0.3462169710329883,-2.163439809190524,2.163439809190524,12.798402933971015,4.435978252300799e-07,0.0,2.174900642915034e-08,9.04757627261276e-06
random,11,2434,0.476776233092615,0.15663825567453732,0.8611021660970861,0.06954081511141672,0.3440513694994203,0.3462164443778306,-2.163440010238468,2.163440010238468,12.798532148801986,4.657633434751721e-07,0.0,2.2835121626929578e-08,9.4999550862434e-06
random,11,2435,0.47677620911685453,0.1566382399267674,0.8611020795253944,0.0695408159502505,0.34405137364952854,0.3462158998359496,-2.1634402133269375,2.1634402133269375,12.798650676529935,4.890394446145681e-07,0.0,2.397576048807082e-08,9.97495284055557e-06
random,11,2436,0.47677618394322757,0.1566382233513921,0.86110198840403,0.06954081682435502,0.3440513779741379,0.34621533616166583,-2.163440418891735,2.163440418891735,12.79875900246131,5.134814240132132e-07,0.0,2.517362696075054e-08,1.0473700482583348e-05
random,11,2437,0.47677615751166674,0.1566382059087887,0.8611018925151713,0.06954081773578338,0.34405138248340594,0.3462147520319424,-2.1634406274046087,2.1634406274046087,12.798857600692894,5.391473559323721e-07,0.0,2.6431560828932277e-08,1.0997385506712515e-05
random,11,2438,0.47677612975912015,0.15663818755743777,0.8611017916305695,0.06954081868670504,0.34405138718806605,0.34621414604281525,-2.1634408393747697,2.1634408393747697,12.798946939169376,5.660982325482793e-07,0.0,2.775254659415083e-08,1.1547254782048142e-05
random,11,2439,0.47677610061940173,0.1566381682538236,0.8611016855110019,0.0695408196794111,0.3440513920994534,0.34621351670612355,-2.163441055350035,2.163441055350035,12.79902748381968,5.943981102255769e-07,0.0,2.9139718416004712e-08,1.212461752115055e-05
random,11,2440,0.47677607002303274,0.1566381479523275,0.8611015739056843,0.06954082071631894,0.3440513972295279,0.3462128624465742,-2.1634412759175565,2.1634412759175565,12.79909970178929,6.241142632287173e-07,0.0,3.059636899394036e-08,1.2730848397208079e-05
random,11,2441,0.47677603789707584,0.1566381266051129,0.8611014565516404,0.06954082179997718,0.3440514025908988,0.3462121815991644,-2.1634415017041064,2.1634415017041064,12.799164063771796,6.553173451527696e-07,0.0,3.2125956894724084e-08,1.3367390817068484e-05
random,11,2442,0.47677600416495985,0.15663810416200202,0.8611013331730232,0.06954082293306993,0.3440514081968456,0.34621147240698125,-2.1634417333758957,2.1634417333758957,12.799221045431562,6.880815584735725e-07,0.0,3.3732115989337785e-08,1.4035760357921908e-05
random,11,2443,0.4767759687462975,0.15663808057034445,0.8611012034803925,0.06954082411842133,0.34405141406134077,0.34621073301937416,-2.163441971637932,2.163441971637932,12.799271127906467,7.224848323962642e-07,0.0,3.5418662336361706e-08,1.4737548375818004e-05
random,11,2444,0.47677593155669196,0.1566380557748763,0.8611010671699412,0.06954082535899954,0.3440514201990691,0.34620996149048405,-2.163442217232912,2.163442217232912,12.799314797391192,7.586090095008893e-07,0.0,3.718960556176043e-08,1.5474425794608906e-05
random,11,2445,0.47677589250753577,0.1566380297175708,0.861100923922673,0.06954082665792095,0.3440514266254489,0.3462091557780847,-2.1634424709397004,2.1634424709397004,12.799352543812011,7.965400414710053e-07,0.0,3.904915618635485e-08,1.624814708433935e-05
random,11,2446,0.4767758515057977,0.15663800233747957,0.861100773403531,0.06954082801845407,0.34405143335665106,0.34620831374266914,-2.1634427335714395,2.1634427335714395,12.799384858633154,8.363681943717794e-07,0.0,4.1001738060320037e-08,1.706055443855632e-05
random,11,2447,0.47677580845380046,0.15663797357056541,0.8611006152604771,0.06954082944402358,0.34405144040961905,0.34620743314668756,-2.1634430059733796,2.1634430059733796,12.799412231860094,8.781882639488035e-07,0.0,4.305199724496944e-08,1.791358216048414e-05
random,11,2448,0.47677576324898685,0.15663794334952605,0.8611004491235246,0.0695408309382146,0.3440514478020901,0.34620651165381305,-2.1634432890205373,2.1634432890205373,12.79943514834836,9.220998014292306e-07,0.0,4.5204813614585504e-08,1.8809261268508346e-05
random,11,2449,0.47677571578367467,0.15663791160360985,0.8611002746037235,0.06954083250477708,0.3440514555526172,0.34620554682809446,-2.163443583615307,2.163443583615307,12.799454083562866,9.682073503866198e-07,0.0,4.7465312180694497e-08,1.9749724331933764e-05
random,11,2450,0.4767756659447985,0.15663787825842312,0.8611000912921029,0.06954083414763068,0.34405146368059253,0.3462045361328323,-2.1634438906851745,2.1634438906851745,12.799469498969833,1.0166206953190897e-06,0.0,4.983887619269822e-08,2.0737210548530452e-05
random,11,2451,0.4767756136136397,0.15663784323573032,0.8610998987585707,0.06954083587087037,0.34405147220627597,0.3462034769290043,-2.163444211180687,2.163444211180687,12.799481837279734,1.0674551225620244e-06,0.0,5.233115879521577e-08,2.1774071075956974e-05
random,11,2452,0.4767755586655429,0.15663780645324674,0.8610996965507757,0.06954083767877245,0.34405148115082435,0.34620236647306835,-2.163444546073839,2.163444546073839,12.799491517784412,1.1208316941465104e-06,0.0,5.494809679484902e-08,2.2862774629754823e-05
random,11,2453,0.4767755009696178,0.1566377678244244,0.8610994841929296,0.06954083957580177,0.34405149053632744,0.34620120191397996,-2.163444896357016,2.163444896357016,12.79949893203838,1.176877535542411e-06,0.0,5.769592509308197e-08,2.4005913361242566e-05
random,11,2454,0.47677544038842684,0.15663772725823114,0.8610992611845928,0.0695408415666198,0.34405150038584775,0.3461999802892808,-2.1634452630426155,2.1634452630426155,12.799504440127969,1.2357261377211407e-06,0.0,6.058119095264658e-08,2.5206209029304694e-05
random,11,2455,0.4767753767776568,0.1566376846589232,0.861099026999424,0.06954084365609377,0.3440515107234657,0.34619869852015206,-2.1634456471634564,2.1634456471634564,12.799508367747688,1.2975176746503566e-06,0.0,6.361077004024551e-08,2.646651948076993e-05
random,11,2456,0.4767753099857744,0.1566376399258103,0.8610987810838893,0.06954084584930705,0.3440515215743312,0.34619735340536556,-2.163446049774004,2.163446049774004,12.79951100425397,1.3623993367942761e-06,0.0,6.679188241376366e-08,2.7789845454808428e-05
random,11,2457,0.47677523985366455,0.15663759295301366,0.861098522855931,0.06954084815157074,0.34405153296472085,0.3461959416141119,-2.163446471952444,2.163446471952444,12.799512601802002,1.4305256815205585e-06,0.0,7.013210984174734e-08,2.917933772754885e-05
random,11,2458,0.4767751662142507,0.15663754362921523,0.8610982517035903,0.06954085056843647,0.344051544922101,0.34619445967773754,-2.163446914803544,2.163446914803544,12.799513375604008,1.5020590012890572e-06,0.0,7.363941384452843e-08,3.0638304613926294e-05
random,11,2459,0.4767750888920958,0.15663749183739756,0.8610979669835761,0.06954085310571013,0.3440515574751963,0.3461929039804589,-2.1634473794622395,2.1634473794622395,12.799513505257957,1.5771697104548107e-06,0.0,7.732215490108274e-08,3.217021984462261e-05
random,11,2460,0.47677500770298387,0.15663743745457312,0.8610976680197775,0.06954085576946697,0.3440515706540638,0.3461912707491679,-2.1634478670978172,2.1634478670978172,12.799513137032537,1.6560367516058415e-06,0.0,8.118911193344402e-08,3.377873083685374e-05
random,11,2461,0.4767749224534797,0.15663738035150115,0.8610973541017072,0.06954085856606733,0.34405158449017115,0.34618955604245855,-2.1634483789185612,2.1634483789185612,12.799512386920306,1.7388480224637197e-06,0.0,8.524950417809762e-08,3.5467667378696426e-05
random,11,2462,0.4767748329404678,0.1566373203923909,0.8610970244828698,0.06954086150217356,0.34405159901648014,0.3461877557390187,-2.163448916176711,2.163448916176711,12.799511344232915,1.8258008242358391e-06,0.0,8.951301189163985e-08,3.724105074763125e-05
random,11,2463,0.4767747389506667,0.1566372574345896,0.861096678379047,0.06954086458476744,0.34405161426753295,0.3461858655255229,-2.163449480173589,2.163449480173589,12.799510075491881,1.917102332486614e-06,0.0,9.398980110875144e-08,3.9103103285012814e-05
random,11,2464,0.4767746402601206,0.15663719132825385,0.8610963149664909,0.06954086782116832,0.34405163027954194,0.3461838808841433,-2.163450072264769,2.163450072264769,12.79950862836496,2.0129700918436936e-06,0.0,9.869054606870264e-08,4.1058258449263454e-05
random,11,2465,0.47677453663366326,0.1566371219160025,0.8610959333800148,0.06954087121905193,0.3440516470904825,0.3461817970797662,-2.1634506938651907,2.1634506938651907,12.799507035435436,2.1136325353787753e-06,1.3877787807814457e-17,1.0362645735950693e-07,4.311117137172663e-05
random,11,2466,0.47677442782435725,0.15663704903255055,0.8610955327109824,0.0695408747864698,0.3440516647401894,0.34617960914696305,-2.1634513464541523,2.1634513464541523,12.799505317627426,2.2193295302133734e-06,0.0,1.0880930600976058e-07,4.526672994031296e-05
random,11,2467,0.4767743135729038,0.15663697250432257,0.861095112005181,0.06954087853186915,0.344051683270455,0.34617731187672746,-2.1634520315801544,2.1634520315801544,12.799503487168932,2.3303129504373e-06,0.0,1.1425145346466437e-07,4.7530066437328614e-05
random,11,2468,0.4767741936070228,0.15663689214904453,0.8610946702605785,0.06954088246411351,0.34405170272513147,0.3461748998029547,-2.1634527508655994,2.1634527508655994,12.799501550035961,2.4468472788914334e-06,0.0,1.1996588100693373e-07,4.9906569759195044e-05
random,11,2469,0.47677406764080293,0.15663680777531358,0.8610942064249583,0.06954088659250411,0.3440517231502363,0.3461723671886122,-2.163453506011377,2.163453506011377,12.799499507871687,2.5692102391276753e-06,0.0,1.259662198438427e-07,5.24018982471548e-05
random,11,2470,0.4767739353740175,0.15663671918214453,0.8610937193934254,0.06954089092680181,0.3440517445940612,0.34616970801152924,-2.1634542988013745,2.1634542988013745,12.799497359416598,2.697693459164229e-06,0.0,1.3226678541311543e-07,5.5021993159512544e-05
random,11,2471,0.47677379649140716,0.15663662615849253,0.8610932080057833,0.06954089547725012,0.3440517671072855,0.34616691594972,-2.163455131106985,2.163455131106985,12.799495101519522,2.8326031685322266e-06,1.3877787807814457e-17,1.3888261035654992e-07,5.7773092817488176e-05
random,11,2472,0.47677365066192545,0.15663652848275078,0.8610926710437721,0.06954090025459898,0.34405179074309444,0.3461639843661588,-2.1634560048916556,2.1634560048916556,12.799492729812702,2.974260930507425e-06,0.0,1.4582948171248944e-07,6.066174745836259e-05
random,11,2473,0.47677349753794807,0.15663642592222266,0.8610921072281669,0.06954090527012989,0.34405181555730285,0.346160906292925,-2.163456922215533,2.163456922215533,12.79949023913295,3.1230044109399644e-06,0.0,1.5312397738664885e-07,6.369483483128071e-05
random,11,2474,0.4767733367544401,0.1566363182325667,0.8610915152157265,0.06954091053568164,0.3440518416084828,0.34615767441463846,-2.1634578852402653,2.1634578852402653,12.799487623763536,3.2791881860568973e-06,0.0,1.6078350795201146e-07,6.687957657284475e-05
random,11,2475,0.47677316792808355,0.15663620515721377,0.8610908935959891,0.06954091606367786,0.3440518689581,0.3461542810511277,-2.1634588962339665,2.1634588962339665,12.799484877564929,3.44318459064071e-06,0.0,1.688263565613468e-07,7.022355540148699e-05
random,11,2476,0.47677299065635914,0.1566360864267545,0.8610902408879056,0.06954092186715535,0.3440518976706536,0.34615071813926124,-2.1634599575764093,2.1634599575764093,12.799481994028776,3.6153846090616307e-06,0.0,1.772717244108435e-07,7.373473317156134e-05
random,11,2477,0.47677280451658327,0.1566359617582963,0.8610895555363041,0.069540927959794,0.3440519278138244,0.34614697721389853,-2.163461071764432,2.163461071764432,12.799478966299501,3.7961988110870383e-06,0.0,1.861397758706751e-07,7.742146983013941e-05
random,11,2478,0.4767726090648953,0.1566358308547879,0.8610888359081765,0.069540934355948,0.34405195945862954,0.34614304938790097,-2.163462241417602,2.163462241417602,12.799475787168719,3.986058334945776e-06,0.0,1.95451687945436e-07,8.129254332164639e-05
random,11,2479,0.4767724038351947,0.1566356934043099,0.8610880802887794,0.06954094107067864,0.3440519926795843,0.34613892533116086,-2.1634634692841357,2.1634634692841357,12.799472449066082,4.185415919722811e-06,0.0,2.0522970062275547e-07,8.535717048772871e-05
random,11,2480,0.4767721883380239,0.15663554907932983,0.8610872868775374,0.06954094811978849,0.34405202755487146,0.34613459524859386,-2.1634647582470943,2.1634647582470943,12.799468944041285,4.394746990062521e-06,0.0,2.1549717083013675e-07,8.962502901211515e-05
random,11,2481,0.4767719620593956,0.1566353975359197,0.8610864537837434,0.06954095551985733,0.34405206416651907,0.3461300488570479,-2.1634661113308598,2.1634661113308598,12.799465263746962,4.614550795329642e-06,1.3877787807814457e-17,2.262786282791751e-07,9.410628046272092e-05
random,11,2482,0.47677172445956023,0.1566352384129343,0.8610855790220396,0.06954096328827969,0.34405210260058616,0.3461252753610715,-2.163467531707912,2.163467531707912,12.799461399417623,4.845351606387719e-06,0.0,2.3759983536209006e-07,9.881159448585697e-05
random,11,2483,0.47677147497171096,0.15663507133114835,0.8610846605076755,0.06954097144330398,0.3440521429473562,0.3461202634274899,-2.163469022705916,2.163469022705916,12.799457341849218,5.087699972723075e-06,0.0,2.494878492687036e-07,0.00010375217421014982
random,11,2484,0.4767712130006241,0.15663489589234975,0.8610836960515225,0.0695409800040738,0.34405218530154164,0.34611500115872745,-2.1634705878151235,2.1634705878151235,12.79945308137732,5.342174043039759e-06,1.3877787807814457e-17,2.6197108687897597e-07,0.00010893978292065732
random,11,2485,0.47677093792123043,0.1566347116783881,0.861082683354843,0.06954098899067065,0.3440522297624953,0.346109476064821,-2.163472230696118,2.163472230696118,12.799448607854861,5.6093809526324985e-06,0.0,2.7507939365234435e-07,0.00011438677206669019
random,11,2486,0.4767706490771142,0.15663451825017466,0.8610816200037934,0.06954099842415916,0.3440522764344337,0.34610367503405404,-2.1634739551878983,2.1634739551878983,12.799443910626284,5.88995828082012e-06,0.0,2.888441162363087e-07,0.0001201061106700247
random,11,2487,0.47677034577893584,0.15663431514663234,0.8610805034636514,0.06954100832663379,0.3440523254266687,0.34609758430215015,-2.1634757653163295,2.1634757653163295,12.79943897850254,6.184575582089904e-06,1.3877787807814457e-17,3.0329817835017536e-07,0.00012611141620352595
random,11,2488,0.47677002730277607,0.15663410188359272,0.8610793310727525,0.06954101872126815,0.3440523768538512,0.34609118941995654,-2.1634776653029637,2.1634776653029637,12.79943379973652,6.4939359947701525e-06,0.0,3.184761597774255e-07,0.00013241698701370224
random,11,2489,0.47676969288839444,0.15663387795263786,0.8610781000361232,0.06954102963236622,0.3440524308362244,0.3460844752195402,-2.1634796595742474,2.1634796595742474,12.799428361991637,6.818777931151322e-06,0.0,3.3441438163084314e-07,0.00013903783636438736
random,11,2490,0.47676934173740076,0.1566336428198833,0.8610768074187903,0.06954104108541594,0.3440524874998892,0.34607742577862655,-2.163481752771135,2.163481752771135,12.79942265231509,7.159876853142826e-06,0.0,3.511509936715562e-07,0.00014598972818260673
random,11,2491,0.47676897301133364,0.15663339592470021,0.8610754501387565,0.06954105310714534,0.344052546977082,0.34607002438329687,-2.1634839497591134,2.1634839497591134,12.799416657105636,7.518047138048264e-06,0.0,3.687260671236814e-07,0.00015328921459173707
random,11,2492,0.476768585829641,0.1566331366783732,0.8610740249596215,0.06954106572558084,0.3440526094064626,0.3460622534888651,-2.163486255638659,2.163486255638659,12.799410362081836,7.89414403900248e-06,0.0,3.8718169265150593e-07,0.00016095367532132393
random,11,2493,0.4767681792675587,0.15663286446268987,0.8610725284828281,0.06954107897010846,0.3440526749334176,0.34605409467884274,-2.1634886757561356,2.1634886757561356,12.799403752247127,8.289065744800403e-06,0.0,4.065620822779614e-07,0.00016900135908739014
random,11,2494,0.47676775235388047,0.1566325786284602,0.8610709571395234,0.06954109287153724,0.34405274371037403,0.34604552862190613,-2.163491215715152,2.163491215715152,12.799396811855342,8.703755544612952e-06,0.0,4.2691367824199133e-07,0.00017745142704175967
random,11,2495,0.47676730406861567,0.1566322784939604,0.8610693071820033,0.06954110746216603,0.34405281589712955,0.3460365350267662,-2.1634938813883933,2.1634938813883933,12.799389524371087,9.139204102476954e-06,0.0,4.4828526479800956e-07,0.00018632399839384767
random,11,2496,0.4767668333405256,0.15663196334329865,0.8610675746747284,0.06954112277585237,0.34405289166119335,0.34602709259484965,-2.1634966789299312,2.1634966789299312,12.799381872433816,9.596451847785437e-06,0.0,4.707280900628774e-07,0.00019564019831354006
random,11,2497,0.4767663390445373,0.15663163242469846,0.8610657554848875,0.06954113884808494,0.34405297117814493,0.34601717897067397,-2.1634996147880408,2.1634996147880408,12.799373837810483,1.0076591487435582e-05,0.0,4.942959883069697e-07,0.00020542220822921707
random,11,2498,0.4767658199990227,0.1566312849486952,0.8610638452724825,0.06954115571605865,0.34405305463200503,0.3460067706898316,-2.1635026957185204,2.1635026957185204,12.799365401360859,1.0580770645998039e-05,0.0,5.190455146242279e-07,0.00021569331864067793
random,11,2499,0.47676527496293997,0.1566309200862411,0.8610618394799117,0.06954117341875297,0.3440531422156236,0.3459958431244383,-2.163505928798549,2.163505928798549,12.7993565429797,1.1110194640688585e-05,0.0,5.450360827108369e-07,0.00022647798457271185
random,11,2500,0.47676527496293997,0.1566309200862411,0.8610618394799117,0.06954117341875297,0.3440531422156236,0.3459958431244383,-2.163505928798549,2.163505928798549,12.799347241564838,0.0,0.0,0.0,0.00023780188380134745
random,23,0,0.7808983850994647,0.16389263721991282,0.9009823577879148,0.1494459701414319,0.7393800404977973,0.11177652791381434,-3.1150815171862307,3.1150815171862307,12.180044570073647,0.10980186840203714,8.326672684688674e-17,0.13714222471921578,0.1
random,23,1,0.6166641344799081,0.17363144630378893,0.954520425874911,0.10177927959135749,0.503550331901733,0.03712790848805655,-2.9760982818042714,2.9760982818042714,12.359688020116646,0.09754253677758583,1.942890293094024e-16,0.16423425061955665,0.1
random,23,2,0.5659800931950234,0.17115841960008915,0.9409252243566015,0.08872108376915035,0.4389452485614833,0.15398506847606364,-2.761823258254872,2.761823258254872,12.842398979147058,0.06931940291936113,2.7755575615628914e-17,0.050684041284884684,0.1
random,23,3,0.5565345871693751,0.16978904011962626,0.9333972061738302,0.08661932562161889,0.42854685492953914,0.17751444287631252,-2.713244626381222,2.713244626381222,13.16036859172837,0.029791305096057857,1.3877787807814457e-17,0.00944550602564831,0.1
random,23,4,0.542935635088099,0.16866988613692943,0.9272447760759185,0.08336444810157072,0.4124434332694499,0.17918661170319025,-2.6565876826814008,2.6565876826814008,13.198969154610435,0.03382879509197304,1.3877787807814457e-17,0.01359895208127615,0.1
random,23,5,0.5213897851889097,0.16788452297103332,0.922927325524559,0.07787749015942043,0.3852968519221081,0.1685314866188821,-2.5493408091667487,2.5493408091667487,13.203847174959899,0.041914970131402884,2.7755575615628914e-17,0.021545849899189284,0.1
random,23,6,0.5006958104951508,0.17012837047437074,0.9352626387415938,0.0715462441619531,0.3539731774357453,0.14002677329433408,-2.468237739664446,2.468237739664446,13.18164254939898,0.04303772706235326,1.3877787807814457e-17,0.020693974693758888,0.1
random,23,7,0.47707704539755824,0.17296190577933085,0.9508396979874748,0.06419299118909423,0.3175931500872819,0.11722583352281829,-2.3193075050657006,2.3193075050657006,13.16119894049606,0.04620905905211127,1.3877787807814457e-17,0.02361876509759253,0.1
random,23,8,0.4719767866813874,0.17266135845457078,0.9491874710059428,0.06293174478080332,0.3113531663690371,0.11650441531238401,-2.2496449410212245,2.2496449410212245,13.168842510072803,0.018947650069560514,1.3877787807814457e-17,0.005100258716170869,0.1
random,23,9,0.47099918871583085,0.17276048318516496,0.9497323986793318,0.06265772114832165,0.3099974415924512,0.10680078516595243,-2.237505685755944,2.237505685755944,13.169611165017065,0.008861676400596825,1.3877787807814457e-17,0.0009775979655565203,0.1
random,23,10,0.47015618091936695,0.1727431089182615,0.9496368854932299,0.062457755341723854,0.3090081159783813,0.09908725622734642,-2.2334151987537596,2.2334151987537596,13.173728815857812,0.00896703910652786,1.3877787807814457e-17,0.0008430077964639016,0.1
random,23,11,0.4691415768956032,0.17272624825301855,0.949544195777681,0.06221088252709536,0.3077867191651713,0.09154885773044963,-2.2271376697233274,2.2271376697233274,13.180060550982645,0.009836217896624696,0.0,0.0010146040237637433,0.1
random,23,12,0.4679193734984965,0.1727098182405279,0.9494538735298764,0.06190701954773333,0.30628336499795045,0.08433813675644888,-2.217942025292883,2.217942025292883,13.187243186827653,0.010794575794737261,1.3877787807814457e-17,0.0012222033971067137,0.1
random,23,13,0.4664459805639424,0.1726937338982853,0.9493654515675295,0.06153392375296427,0.30443748328173664,0.07765052107575623,-2.204721636491375,2.204721636491375,13.195403245083362,0.011850967566296682,1.3877787807814457e-17,0.0014733929345541186,0.1
random,23,14,0.46466863302164857,0.17267790728550564,0.9492784464455186,0.06107673626863985,0.30217556012412344,0.07173513171763392,-2.1855410962246595,2.1855410962246595,13.204689357404787,0.013015105724417537,1.3877787807814457e-17,0.0017773475422938056,0.1
random,23,15,0.4625234861507455,0.17266224636675373,0.9491923522088185,0.06051743115769788,0.29940841267151874,0.06690885949018091,-2.154905632796117,2.154905632796117,13.215276145201244,0.01429760555330091,0.0,0.0021451468709030586,0.1
random,23,16,0.4609990564329951,0.1724373122175948,0.947955800625453,0.06019983781266387,0.29783712787815264,0.06322603680173493,-2.1394278951982026,2.1394278951982026,13.22736862938283,0.011748071781819388,1.3877787807814457e-17,0.0015244297177504085,0.1
random,23,17,0.45947075060920384,0.17217473756121135,0.9465123243533232,0.05989231934474349,0.2963156882766056,0.06059033134187978,-2.124414515800522,2.124414515800522,13.228903108060106,0.012238088797132424,0.0,0.001528305823791265,0.1
random,23,18,0.4578147888641935,0.17190142660924787,0.9450098264370873,0.05955118562837491,0.2946279381098727,0.05913786725172102,-2.102146791736925,2.102146791736925,13.22943383804224,0.012738486438208359,0.0,0.0016559617450103148,0.1
random,23,19,0.45676162020564515,0.17173307641049324,0.9440843391084254,0.05933037709871621,0.2935354936669292,0.05889151783419177,-2.079441541671836,2.079441541671836,13.230550919437874,0.007846471970109804,0.0,0.0010531686585483757,0.1
random,23,20,0.45676162020564515,0.17173307641049324,0.9440843391084254,0.05933037709871621,0.2935354936669292,0.05889151783419177,-2.079441541671836,2.079441541671836,13.231526705371953,0.0,0.0,0.0,0.1
random,23,21,0.45676162020564515,0.17173307641049324,0.9440843391084254,0.05933037709871621,0.2935354936669292,0.05889151783419177,-2.079441541671836,2.079441541671836,13.231526705371953,0.0,0.0,0.0,0.1
random,23,22,0.45676162020564515,0.17173307641049324,0.9440843391084254,0.05933037709871621,0.2935354936669292,0.05889151783419177,-2.079441541671836,2.079441541671836,13.231526705371953,0.0,0.0,0.0,0.1
random,23,23,0.45676162020564515,0.17173307641049324,0.9440843391084254,0.05933037709871621,0.2935354936669292,0.05889151783419177,-2.079441541671836,2.079441541671836,13.231526705371953,0.0,0.0,0.0,0.1
random,23,24,0.45676162020564515,0.17173307641049324,0.9440843391084254,0.05933037709871621,0.2935354936669292,0.05889151783419177,-2.079441541671836,2.079441541671836,13.231526705371953,0.0,0.0,0.0,0.1
random,23,25,0.45676162020564515,0.17173307641049324,0.9440843391084254,0.05933037709871621,0.2935354936669292,0.05889151783419177,-2.079441541671836,2.079441541671836,13.231526705371953,0.0,0.0,0.0,0.1
random,23,26,0.45676162020564515,0.17173307641049324,0.9440843391084254,0.05933037709871621,0.2935354936669292,0.05889151783419177,-2.079441541671836,2.079441541671836,13.231526705371953,0.0,0.0,0.0,0.1
random,23,27,0.45676162020564515,0.17173307641049324,0.9440843391084254,0.05933037709871621,0.2935354936669292,0.05889151783419177,-2.079441541671836,2.079441541671836,13.231526705371953,0.0,0.0,0.0,0.1
random,23,28,0.45676162020564515,0.17173307641049324,0.9440843391084254,0.05933037709871621,0.2935354936669292,0.05889151783419177,-2.079441541671836,2.079441541671836,13.231526705371953,0.0,0.0,0.0,0.1
random,23,29,0.45676162020564515,0.17173307641049324,0.9440843391084254,0.05933037709871621,0.2935354936669292,0.05889151783419177,-2.079441541671836,2.079441541671836,13.231526705371953,0.0,0.0,0.0,0.1
random,23,30,0.45676162020564515,0.17173307641049324,0.9440843391084254,0.05933037709871621,0.2935354936669292,0.05889151783419177,-2.079441541671836,2.079441541671836,13.231526705371953,0.0,0.0,0.0,0.1
random,23,31,0.45676162020564515,0.17173307641049324,0.9440843391084254,0.05933037709871621,0.2935354936669292,0.05889151783419177,-2.079441541671836,2.079441541671836,13.231526705371953,0.0,0.0,0.0,0.1
random,23,32,0.45676162020564515,0.17173307641049324,0.9440843391084254,0.05933037709871621,0.2935354936669292,0.05889151783419177,-2.079441541671836,2.079441541671836,13.231526705371953,0.0,0.0,0.0,0.1
random,23,33,0.45676162020564515,0.17173307641049324,0.9440843391084254,0.05933037709871621,0.2935354936669292,0.05889151783419177,-2.079441541671836,2.079441541671836,13.231526705371953,0.0,0.0,0.0,0.1
random,23,34,0.45676162020564515,0.17173307641049324,0.9440843391084254,0.05933037709871621,0.2935354936669292,0.05889151783419177,-2.079441541671836,2.079441541671836,13.231526705371953,0.0,0.0,0.0,0.1
random,23,35,0.45676162020564515,0.17173307641049324,0.9440843391084254,0.05933037709871621,0.2935354936669292,0.05889151783419177,-2.079441541671836,2.079441541671836,13.231526705371953,0.0,0.0,0.0,0.1
random,23,36,0.45676162020564515,0.17173307641049324,0.9440843391084254,0.05933037709871621,0.2935354936669292,0.05889151783419177,-2.079441541671836,2.079441541671836,13.231526705371953,0.0,0.0,0.0,0.1
random,23,37,0.45676162020564515,0.17173307641049324,0.9440843391084254,0.05933037709871621,0.2935354936669292,0.05889151783419177,-2.079441541671836,2.079441541671836,13.231526705371953,0.0,0.0,0.0,0.1
random,23,38,0.45676162020564515,0.17173307641049324,0.9440843391084254,0.05933037709871621,0.2935354936669292,0.05889151783419177,-2.079441541671836,2.079441541671836,13.231526705371953,0.0,0.0,0.0,0.1
random,23,39,0.45676162020564515,0.17173307641049324,0.9440843391084254,0.05933037709871621,0.2935354936669292,0.05889151783419177,-2.079441541671836,2.079441541671836,13.231526705371953,0.0,0.0,0.0,0.1
random,23,40,0.45676162020564515,0.17173307641049324,0.9440843391084254,0.05933037709871621,0.2935354936669292,0.05889151783419177,-2.079441541671836,2.079441541671836,13.231526705371953,0.0,0.0,0.0,0.1
random,23,41,0.45676162020564515,0.17173307641049324,0.9440843391084254,0.05933037709871621,0.2935354936669292,0.05889151783419177,-2.079441541671836,2.079441541671836,13.231526705371953,0.0,0.0,0.0,0.1
random,23,42,0.45676162020564515,0.17173307641049324,0.9440843391084254,0.05933037709871621,0.2935354936669292,0.05889151783419177,-2.079441541671836,2.079441541671836,13.231526705371953,0.0,0.0,0.0,0.1
random,23,43,0.45676162020564515,0.17173307641049324,0.9440843391084254,0.05933037709871621,0.2935354936669292,0.05889151783419177,-2.079441541671836,2.079441541671836,13.231526705371953,0.0,0.0,0.0,0.1
random,23,44,0.45676162020564515,0.17173307641049324,0.9440843391084254,0.05933037709871621,0.2935354936669292,0.05889151783419177,-2.079441541671836,2.079441541671836,13.231526705371953,0.0,0.0,0.0,0.1
random,23,45,0.45676162020564515,0.17173307641049324,0.9440843391084254,0.05933037709871621,0.2935354936669292,0.05889151783419177,-2.079441541671836,2.079441541671836,13.231526705371953,0.0,0.0,0.0,0.1
random,23,46,0.45676162020564515,0.17173307641049324,0.9440843391084254,0.05933037709871621,0.2935354936669292,0.05889151783419177,-2.079441541671836,2.079441541671836,13.231526705371953,0.0,0.0,0.0,0.1
random,23,47,0.45676162020564515,0.17173307641049324,0.9440843391084254,0.05933037709871621,0.2935354936669292,0.05889151783419177,-2.079441541671836,2.079441541671836,13.231526705371953,0.0,0.0,0.0,0.1
random,23,48,0.45676162020564515,0.17173307641049324,0.9440843391084254,0.05933037709871621,0.2935354936669292,0.05889151783419177,-2.079441541671836,2.079441541671836,13.231526705371953,0.0,0.0,0.0,0.1
random,23,49,0.45676162020564515,0.17173307641049324,0.9440843391084254,0.05933037709871621,0.2935354936669292,0.05889151783419177,-2.079441541671836,2.079441541671836,13.231526705371953,0.0,0.0,0.0,0.1
random,23,50,0.45676162020564515,0.17173307641049324,0.9440843391084254,0.05933037709871621,0.2935354936669292,0.05889151783419177,-2.079441541671836,2.079441541671836,13.231526705371953,0.0,0.0,0.0,0.1
random,23,51,0.45676162020564515,0.17173307641049324,0.9440843391084254,0.05933037709871621,0.2935354936669292,0.05889151783419177,-2.079441541671836,2.079441541671836,13.231526705371953,0.0,0.0,0.0,0.1
random,23,52,0.45676162020564515,0.17173307641049324,0.9440843391084254,0.05933037709871621,0.2935354936669292,0.05889151783419177,-2.079441541671836,2.079441541671836,13.231526705371953,0.0,0.0,0.0,0.1
random,23,53,0.45676162020564515,0.17173307641049324,0.9440843391084254,0.05933037709871621,0.2935354936669292,0.05889151783419177,-2.079441541671836,2.079441541671836,13.231526705371953,0.0,0.0,0.0,0.1
random,23,54,0.45676162020564515,0.17173307641049324,0.9440843391084254,0.05933037709871621,0.2935354936669292,0.05889151783419177,-2.079441541671836,2.079441541671836,13.231526705371953,0.0,0.0,0.0,0.1
random,23,55,0.45676162020564515,0.17173307641049324,0.9440843391084254,0.05933037709871621,0.2935354936669292,0.05889151783419177,-2.079441541671836,2.079441541671836,13.231526705371953,0.0,0.0,0.0,0.1
random,23,56,0.45676162020564515,0.17173307641049324,0.9440843391084254,0.05933037709871621,0.2935354936669292,0.05889151783419177,-2.079441541671836,2.079441541671836,13.231526705371953,0.0,0.0,0.0,0.1
random,23,57,0.45676162020564515,0.17173307641049324,0.9440843391084254,0.05933037709871621,0.2935354936669292,0.05889151783419177,-2.079441541671836,2.079441541671836,13.231526705371953,0.0,0.0,0.0,0.1
random,23,58,0.45676162020564515,0.17173307641049324,0.9440843391084254,0.05933037709871621,0.2935354936669292,0.05889151783419177,-2.079441541671836,2.079441541671836,13.231526705371953,0.0,0.0,0.0,0.1
random,23,59,0.45676162020564515,0.17173307641049324,0.9440843391084254,0.05933037709871621,0.2935354936669292,0.05889151783419177,-2.079441541671836,2.079441541671836,13.231526705371953,0.0,0.0,0.0,0.1
random,23,60,0.45676162020564515,0.17173307641049324,0.9440843391084254,0.05933037709871621,0.2935354936669292,0.05889151783419177,-2.079441541671836,2.079441541671836,13.231526705371953,0.0,0.0,0.0,0.1
random,23,61,0.45676162020564515,0.17173307641049324,0.9440843391084254,0.05933037709871621,0.2935354936669292,0.05889151783419177,-2.079441541671836,2.079441541671836,13.231526705371953,0.0,0.0,0.0,0.1
random,23,62,0.45676162020564515,0.17173307641049324,0.9440843391084254,0.05933037709871621,0.2935354936669292,0.05889151783419177,-2.079441541671836,2.079441541671836,13.231526705371953,0.0,0.0,0.0,0.1
random,23,63,0.45676162020564515,0.17173307641049324,0.9440843391084254,0.05933037709871621,0.2935354936669292,0.05889151783419177,-2.079441541671836,2.079441541671836,13.231526705371953,0.0,0.0,0.0,0.1
random,23,64,0.45676162020564515,0.17173307641049324,0.9440843391084254,0.05933037709871621,0.2935354936669292,0.05889151783419177,-2.079441541671836,2.079441541671836,13.231526705371953,0.0,0.0,0.0,0.1
random,23,65,0.45676162020564515,0.17173307641049324,0.9440843391084254,0.05933037709871621,0.2935354936669292,0.05889151783419177,-2.079441541671836,2.079441541671836,13.231526705371953,0.0,0.0,0.0,0.1
random,23,66,0.45676162020564515,0.17173307641049324,0.9440843391084254,0.05933037709871621,0.2935354936669292,0.05889151783419177,-2.079441541671836,2.079441541671836,13.231526705371953,0.0,0.0,0.0,0.1
random,23,67,0.45676162020564515,0.17173307641049324,0.9440843391084254,0.05933037709871621,0.2935354936669292,0.05889151783419177,-2.079441541671836,2.079441541671836,13.231526705371953,0.0,0.0,0.0,0.1
random,23,68,0.45676162020564515,0.17173307641049324,0.9440843391084254,0.05933037709871621,0.2935354936669292,0.05889151783419177,-2.079441541671836,2.079441541671836,13.231526705371953,0.0,0.0,0.0,0.1
random,23,69,0.45676162020564515,0.17173307641049324,0.9440843391084254,0.05933037709871621,0.2935354936669292,0.05889151783419177,-2.079441541671836,2.079441541671836,13.231526705371953,0.0,0.0,0.0,0.1
random,23,70,0.45676162020564515,0.17173307641049324,0.9440843391084254,0.05933037709871621,0.2935354936669292,0.05889151783419177,-2.079441541671836,2.079441541671836,13.231526705371953,0.0,0.0,0.0,0.1
random,23,71,0.45676162020564515,0.17173307641049324,0.9440843391084254,0.05933037709871621,0.2935354936669292,0.05889151783419177,-2.079441541671836,2.079441541671836,13.231526705371953,0.0,0.0,0.0,0.1
random,23,72,0.45676162020564515,0.17173307641049324,0.9440843391084254,0.05933037709871621,0.2935354936669292,0.05889151783419177,-2.079441541671836,2.079441541671836,13.231526705371953,0.0,0.0,0.0,0.1
random,23,73,0.45676162020564515,0.17173307641049324,0.9440843391084254,0.05933037709871621,0.2935354936669292,0.05889151783419177,-2.079441541671836,2.079441541671836,13.231526705371953,0.0,0.0,0.0,0.1
random,23,74,0.45676162020564515,0.17173307641049324,0.9440843391084254,0.05933037709871621,0.2935354936669292,0.05889151783419177,-2.079441541671836,2.079441541671836,13.231526705371953,0.0,0.0,0.0,0.1
random,23,75,0.45676162020564515,0.17173307641049324,0.9440843391084254,0.05933037709871621,0.2935354936669292,0.05889151783419177,-2.079441541671836,2.079441541671836,13.231526705371953,0.0,0.0,0.0,0.1
random,23,76,0.45676162020564515,0.17173307641049324,0.9440843391084254,0.05933037709871621,0.2935354936669292,0.05889151783419177,-2.079441541671836,2.079441541671836,13.231526705371953,0.0,0.0,0.0,0.1
random,23,77,0.45676162020564515,0.17173307641049324,0.9440843391084254,0.05933037709871621,0.2935354936669292,0.05889151783419177,-2.079441541671836,2.079441541671836,13.231526705371953,0.0,0.0,0.0,0.1
random,23,78,0.45676162020564515,0.17173307641049324,0.9440843391084254,0.05933037709871621,0.2935354936669292,0.05889151783419177,-2.079441541671836,2.079441541671836,13.231526705371953,0.0,0.0,0.0,0.1
random,23,79,0.45676162020564515,0.17173307641049324,0.9440843391084254,0.05933037709871621,0.2935354936669292,0.05889151783419177,-2.079441541671836,2.079441541671836,13.231526705371953,0.0,0.0,0.0,0.1
random,23,80,0.45676162020564515,0.17173307641049324,0.9440843391084254,0.05933037709871621,0.2935354936669292,0.05889151783419177,-2.079441541671836,2.079441541671836,13.231526705371953,0.0,0.0,0.0,0.1
random,23,81,0.45676162020564515,0.17173307641049324,0.9440843391084254,0.05933037709871621,0.2935354936669292,0.05889151783419177,-2.079441541671836,2.079441541671836,13.231526705371953,0.0,0.0,0.0,0.1
random,23,82,0.45676162020564515,0.17173307641049324,0.9440843391084254,0.05933037709871621,0.2935354936669292,0.05889151783419177,-2.079441541671836,2.079441541671836,13.231526705371953,0.0,0.0,0.0,0.1
random,23,83,0.45676162020564515,0.17173307641049324,0.9440843391084254,0.05933037709871621,0.2935354936669292,0.05889151783419177,-2.079441541671836,2.079441541671836,13.231526705371953,0.0,0.0,0.0,0.1
random,23,84,0.45676162020564515,0.17173307641049324,0.9440843391084254,0.05933037709871621,0.2935354936669292,0.05889151783419177,-2.079441541671836,2.079441541671836,13.231526705371953,0.0,0.0,0.0,0.1
random,23,85,0.45676162020564515,0.17173307641049324,0.9440843391084254,0.05933037709871621,0.2935354936669292,0.05889151783419177,-2.079441541671836,2.079441541671836,13.231526705371953,0.0,0.0,0.0,0.1
random,23,86,0.45676162020564515,0.17173307641049324,0.9440843391084254,0.05933037709871621,0.2935354936669292,0.05889151783419177,-2.079441541671836,2.079441541671836,13.231526705371953,0.0,0.0,0.0,0.1
random,23,87,0.45676162020564515,0.17173307641049324,0.9440843391084254,0.05933037709871621,0.2935354936669292,0.05889151783419177,-2.079441541671836,2.079441541671836,13.231526705371953,0.0,0.0,0.0,0.1
random,23,88,0.45676162020564515,0.17173307641049324,0.9440843391084254,0.05933037709871621,0.2935354936669292,0.05889151783419177,-2.079441541671836,2.079441541671836,13.231526705371953,0.0,0.0,0.0,0.1
random,23,89,0.45676162020564515,0.17173307641049324,0.9440843391084254,0.05933037709871621,0.2935354936669292,0.05889151783419177,-2.079441541671836,2.079441541671836,13.231526705371953,0.0,0.0,0.0,0.1
random,23,90,0.45676162020564515,0.17173307641049324,0.9440843391084254,0.05933037709871621,0.2935354936669292,0.05889151783419177,-2.079441541671836,2.079441541671836,13.231526705371953,0.0,0.0,0.0,0.1
random,23,91,0.45676162020564515,0.17173307641049324,0.9440843391084254,0.05933037709871621,0.2935354936669292,0.05889151783419177,-2.079441541671836,2.079441541671836,13.231526705371953,0.0,0.0,0.0,0.1
random,23,92,0.45676162020564515,0.17173307641049324,0.9440843391084254,0.05933037709871621,0.2935354936669292,0.05889151783419177,-2.079441541671836,2.079441541671836,13.231526705371953,0.0,0.0,0.0,0.1
random,23,93,0.45676162020564515,0.17173307641049324,0.9440843391084254,0.05933037709871621,0.2935354936669292,0.05889151783419177,-2.079441541671836,2.079441541671836,13.231526705371953,0.0,0.0,0.0,0.1
random,23,94,0.45676162020564515,0.17173307641049324,0.9440843391084254,0.05933037709871621,0.2935354936669292,0.05889151783419177,-2.079441541671836,2.079441541671836,13.231526705371953,0.0,0.0,0.0,0.1
random,23,95,0.45676162020564515,0.17173307641049324,0.9440843391084254,0.05933037709871621,0.2935354936669292,0.05889151783419177,-2.079441541671836,2.079441541671836,13.231526705371953,0.0,0.0,0.0,0.1
random,23,96,0.45676162020564515,0.17173307641049324,0.9440843391084254,0.05933037709871621,0.2935354936669292,0.05889151783419177,-2.079441541671836,2.079441541671836,13.231526705371953,0.0,0.0,0.0,0.1
random,23,97,0.45676162020564515,0.17173307641049324,0.9440843391084254,0.05933037709871621,0.2935354936669292,0.05889151783419177,-2.079441541671836,2.079441541671836,13.231526705371953,0.0,0.0,0.0,0.1
random,23,98,0.45676162020564515,0.17173307641049324,0.9440843391084254,0.05933037709871621,0.2935354936669292,0.05889151783419177,-2.079441541671836,2.079441541671836,13.231526705371953,0.0,0.0,0.0,0.1
random,23,99,0.45676162020564515,0.17173307641049324,0.9440843391084254,0.05933037709871621,0.2935354936669292,0.05889151783419177,-2.079441541671836,2.079441541671836,13.231526705371953,0.0,0.0,0.0,0.1
random,37,0,0.933665768684448,0.15068793626089821,0.8283909174050651,0.19517512291395783,0.9656238314603912,0.23501657378883198,-3.092859341293847,3.092859341293847,12.328132508418589,0.12808534035124214,9.71445146547012e-17,0.037786551108477395,0.1
random,37,1,0.8103201950416083,0.16999792935144753,0.9345455525290743,0.15525147895404642,0.7681026439706038,0.060682393138692205,-3.0979681212097003,3.0979681212097003,11.751599425935838,0.126870220701229,8.326672684688674e-17,0.1233455736428396,0.1
random,37,2,0.6318006175618863,0.1496857225212557,0.822881353867205,0.11412020029515552,0.5646067152964741,0.2625242622729452,-2.6210264452245804,2.6210264452245804,12.500759160178356,0.13092248353902874,4.163336342344337e-17,0.17851957747972202,0.1
random,37,3,0.5865128356939827,0.1515146818273188,0.8329358633059895,0.10121086650434921,0.5007381229750292,0.2725277636213438,-2.545942664310983,2.545942664310983,12.499065933064589,0.06025810054725971,5.551115123125783e-17,0.04528778186790361,0.1
random,37,4,0.5541906754307083,0.15114090469788774,0.830881063254721,0.09266580801719013,0.458461668920681,0.26241579265172976,-2.462833867242949,2.462833867242949,12.599626619552044,0.047717306438253934,1.3877787807814457e-17,0.03232216026327439,0.1
random,37,5,0.5185934827316978,0.15506297598132465,0.8524422333738013,0.08171557990721286,0.4042857008718076,0.2268648734391683,-2.414507180044251,2.414507180044251,12.659862736392444,0.053769666870762185,2.7755575615628914e-17,0.035597192699010516,0.1
random,37,6,0.4723322169681955,0.1614508363193713,0.8875588168043955,0.06697482261761858,0.3313561885441493,0.19253713589846566,-2.3257259491953537,2.3257259491953537,12.758066473498973,0.06404794701416709,5.551115123125783e-17,0.04626126576350231,0.1
random,37,7,0.4597798630440536,0.1627622798052304,0.8947683380131455,0.06298902324744145,0.31163655008920343,0.23603659738646915,-2.221025227078162,2.221025227078162,12.93625432229903,0.025677830594692377,1.3877787807814457e-17,0.01255235392414189,0.1
random,37,8,0.45935300201988105,0.16471020553342863,0.9054768527161754,0.06231666531869768,0.30831007676835637,0.1751231264569917,-2.277725613914587,2.277725613914587,12.757807675230133,0.026685245184151205,1.3877787807814457e-17,0.00042686102417255345,0.1
random,37,9,0.45551188985802904,0.1645757349934302,0.9047376152114531,0.06122999384023599,0.30293379796343156,0.2127137582592071,-2.220065428808114,2.220065428808114,13.055683595753647,0.01848833301353168,1.3877787807814457e-17,0.0038411121618520117,0.1
random,37,10,0.45431921069128484,0.16504253041044942,0.9073037734145593,0.0607109250846974,0.3003657188300293,0.22189782151230145,-2.2001291058029593,2.2001291058029593,13.053777220463553,0.010399153204639624,2.7755575615628914e-17,0.0011926791667442038,0.1
random,37,11,0.45388606670604925,0.16527403390081402,0.9085764392531409,0.06049911635485916,0.2993178006620294,0.22536063962419534,-2.2013037218251865,2.2013037218251865,13.071107202939299,0.006497930864815574,0.0,0.0004331439852355845,0.1
random,37,12,0.45340002094630927,0.1655341302498256,0.9100062912938401,0.06026261427565503,0.2981477127919164,0.2287663528911964,-2.2022255829147537,2.2022255829147537,13.081660284585961,0.00685851294376284,0.0,0.00048604575973998365,0.1
random,37,13,0.45283942362159335,0.16582709690232583,0.9116168443351504,0.059993209235732634,0.2968148383815885,0.23240837516143753,-2.2026319001802075,2.2026319001802075,13.094016354431398,0.007340469878862057,1.3877787807814457e-17,0.0005605973247159168,0.1
random,37,14,0.45217628302466756,0.16615787667447587,0.913435270983691,0.05968030382071814,0.2952667469997571,0.23674050289270313,-2.202090173181909,2.202090173181909,13.108382606748577,0.007959080919065437,0.0,0.0006631405969257931,0.1
random,37,15,0.4513747098267599,0.1665320539323355,0.9154922706984776,0.05931024855950381,0.2934359082440239,0.24247109691226054,-2.199903769239016,2.199903769239016,13.124992212307474,0.008728715463333666,0.0,0.0008015731979076346,0.1
random,37,16,0.4503904441435579,0.16695560696816558,0.9178207085059574,0.058865735848514344,0.2912366931969929,0.25077471193238954,-2.1948983187320463,2.1948983187320463,13.144077490538383,0.009658062680185021,4.163336342344337e-17,0.0009842656832020347,0.1
random,37,17,0.44917624803181216,0.1674339904292114,0.9204505707497473,0.058325913134937624,0.2885659343973528,0.26391545463606847,-2.1847911373159494,2.1847911373159494,13.16573676590799,0.010735272673072687,0.0,0.0012141961117457245,0.1
random,37,18,0.44770435381744755,0.1679442822302402,0.9232558457019946,0.057679163956593206,0.2853661597013629,0.28657726159267144,-2.165193769662693,2.165193769662693,13.189259526709227,0.011888372871027841,2.7755575615628914e-17,0.0014718942143646108,0.1
random,37,19,0.44736613313795576,0.1678992334270805,0.9230081946935366,0.05764698495475284,0.2852069549288194,0.27088682679570925,-2.176588362962452,2.176588362962452,13.202951730733885,0.005475576475994826,0.0,0.00033822067949179635,0.1
random,37,20,0.4471352983592429,0.16785862310353025,0.9227849437550961,0.05763335473645961,0.2851395197792192,0.2584422586054529,-2.1854924893545506,2.1854924893545506,13.214378659773985,0.004874322910065931,0.0,0.00023083477871282954,0.1
random,37,21,0.44692469363049103,0.16782966046904882,0.9226257247496211,0.057615264428112295,0.28505001845037237,0.24807486053064717,-2.192445908599217,2.192445908599217,13.219565225946324,0.004626730193155356,1.3877787807814457e-17,0.0002106047287518953,0.1
random,37,22,0.4467253762910184,0.16780848101550047,0.9225092929542804,0.0575938617032946,0.28494412902740907,0.2389956281891497,-2.1981746178428567,2.1981746178428567,13.223598206053174,0.004488674783977206,0.0,0.00019931733947264885,0.1
random,37,23,0.44653330215053055,0.16779359452649636,0.9224274560628274,0.05756951184255867,0.2848236587263363,0.23086940900715203,-2.2029826744993297,2.2029826744993297,13.22728232473011,0.00439898144328976,0.0,0.00019207414048783011,0.1
random,37,24,0.4463460218144573,0.16778426928112233,0.9223761915172898,0.05754232606767868,0.2846891578139818,0.22351055746485227,-2.207034567989787,2.207034567989787,13.230873058747386,0.004338486694519611,0.0,0.00018728033607323669,0.1
random,37,25,0.4461617942060178,0.16778011744667537,0.922353367248594,0.057512294546791104,0.28454057764745705,0.2168019158276512,-2.210430314130709,2.210430314130709,13.23448810704484,0.0042988034273127584,1.3877787807814457e-17,0.00018422760843950226,0.1
random,37,26,0.4459792404185646,0.16778093885924203,0.9223578828768954,0.05747933496073464,0.28437751095485797,0.21066364831973,-2.2132341978180308,2.2132341978180308,13.238194573885469,0.0042756445723739775,0.0,0.00018255378745318795,0.1
random,37,27,0.4457971775880708,0.16778664915072097,0.922389274597522,0.057443313612499665,0.28419929627371565,0.2050386733403561,-2.2154880553581298,2.2154880553581298,13.242037043453397,0.004266646722387535,1.3877787807814457e-17,0.0001820628304938232,0.1
random,37,28,0.44561452696594633,0.16779724227434392,0.9224475091690075,0.05740405530785498,0.2840050668351393,0.19988495473399356,-2.2172181371427775,2.2172181371427775,13.246048904475435,0.0042704808374620234,0.0,0.00018265062212446947,0.1
random,37,29,0.445430256968688,0.16781276922818736,0.9225328669478585,0.05736134786553579,0.28379377287785407,0.19517105733328438,-2.2184388762250333,2.2184388762250333,13.250257648532045,0.004286431297292876,0.0,0.00018426999725834614,0.1
random,37,30,0.4452433442443652,0.167833325226035,0.9226458713617335,0.057314943719521436,0.28356418957542784,0.19087342223609255,-2.219154977079527,2.219154977079527,13.254687635552617,0.004314174304253487,1.3877787807814457e-17,0.00018691272432280748,0.1
random,37,31,0.44505274454730304,0.16785904162530269,0.9227872445340677,0.057264559762199116,0.28331491626032834,0.18697462185398558,-2.2193624830701415,2.2193624830701415,13.259361670443953,0.00435365117735026,0.0,0.00019059969706214375,0.1
random,37,32,0.4448573690787374,0.16789008069952163,0.922957878546356,0.057209876003615365,0.2830443697906045,0.1834622099195049,-2.219049139030955,2.219049139030955,13.264301973805662,0.00440499080293678,0.0,0.00019537546856562837,0.1
random,37,33,0.44465606381799244,0.16792663219508133,0.9231588165092119,0.05715053334702434,0.28275077354446954,0.1803279532337349,-2.218194187025031,2.218194187025031,13.269530823853035,0.0044684593298508195,1.3877787807814457e-17,0.00020130526074496613,0.1
random,37,34,0.44444759033519526,0.16796891105048556,0.9233912400242205,0.057086130638708335,0.2824321428243652,0.17756732108662857,-2.216767620017725,2.216767620017725,13.275071011186675,0.004544425854691088,1.3877787807814457e-17,0.00020847348279717792,0.1
random,37,35,0.4442306071060444,0.16801715589508728,0.9236564609308927,0.05701622107165486,0.2820862670642476,0.17517915751355298,-2.214728821467042,2.214728821467042,13.280946183160086,0.004633337993002371,1.3877787807814457e-17,0.00021698322915086887,0.1
random,37,36,0.44400365065364955,0.16807162807995923,0.9239559159789797,0.05694030797712685,0.2817106890084906,0.17316549025366565,-2.212024403200495,2.212024403200495,13.287181121420568,0.0047357038740596935,1.3877787807814457e-17,0.0002269564523948442,0.1
random,37,37,0.44376511602597546,0.16813261107300698,0.9242911635031708,0.05685784001066652,0.2813026808947656,0.17153144791085292,-2.2085848742218723,2.2085848742218723,13.293801978218847,0.0048520785114033885,0.0,0.00023853462767409184,0.1
random,37,38,0.44351323623450595,0.16820041009742395,0.9246638814355387,0.05676820572231306,0.2808592175903349,0.17028526828701238,-2.2043194433122513,2.2043194433122513,13.300836486755138,0.004983053275475899,1.3877787807814457e-17,0.00025187979146951145,0.1
random,37,39,0.4432460603612389,0.16827535191964202,0.9250758661398202,0.05667072749121466,0.280376946583703,0.16943838885066181,-2.199107577336731,2.199107577336731,13.308314154475058,0.0051292476150034405,0.0,0.00026717587326702263,0.1
random,37,40,0.44296143010636496,0.16835778470667587,0.925529031627182,0.05656465480087987,0.279852154714098,0.16900561639959155,-2.192784362370918,2.192784362370918,13.316266443926576,0.0052913023874123855,0.0,0.0002846302548739632,0.1
random,37,41,0.44265695461217736,0.16844807787648672,0.9260254087336115,0.056449156832909825,0.2792807315291551,0.1690053781908121,-2.1851125387472354,2.1851125387472354,13.32472694244012,0.005469874244090932,1.3877787807814457e-17,0.000304475494187606,0.1
random,37,42,0.44232998347282976,0.16854662185983119,0.9265671438107058,0.056323314365213484,0.2786581292015473,0.16946006189928173,-2.1757206946168237,2.1757206946168237,13.333731518769271,0.0056656305149954,1.3877787807814457e-17,0.00032697113934759825,0.1
random,37,43,0.4419775779391848,0.16865382767741235,0.9271564964011048,0.056186110977761855,0.27797931901968415,0.17039645741454848,-2.1639290982895742,2.1639290982895742,13.34331846131896,0.005879243966725553,0.0,0.00035240553364496163,0.1
random,37,44,0.4415964804729422,0.16877012620957133,0.9277958352236978,0.05603642359902323,0.27723874461644643,0.1718463204682965,-2.1479038595428843,2.1479038595428843,13.353528588016843,0.0061113866675706905,1.3877787807814457e-17,0.000381097466242597,0.1
random,37,45,0.4414454659866865,0.1688338392313831,0.9281460907909247,0.05596847271191136,0.27690255937426766,0.1732023758254585,-2.1384174788195556,2.1384174788195556,13.364405311311755,0.0024338619910825874,1.3877787807814457e-17,0.00015101448625570724,0.1
random,37,46,0.4414339202565131,0.16886589641082658,0.9283223217285004,0.05595034512756891,0.2768128736234069,0.17436846068328604,-2.137251393961728,2.137251393961728,13.36911483458422,0.001074159281326745,0.0,1.1545730173367907e-05,0.1
random,37,47,0.4414223515123539,0.16889799159245925,0.928498761579073,0.05593210690673665,0.27672264050139767,0.17556807415374126,-2.1360517804912726,2.1360517804912726,13.370161936358265,0.0010754326436411335,0.0,1.1568744159196065e-05,0.1
random,37,48,0.441410777791246,0.16893010022662527,0.9286752753835182,0.05591377178540672,0.27663192796670283,0.17680129703392705,-2.134818557611087,2.134818557611087,13.37120465052047,0.0010758834058052752,0.0,1.1573721107938084e-05,0.1
random,37,49,0.44139921859726033,0.16896219577783328,0.9288517172657921,0.05589535491470554,0.27654081097912536,0.17806810464682665,-2.1335517499981873,2.1335517499981873,13.372241522896568,0.0010754450272257498,0.0,1.1559193985655192e-05,0.1
random,37,50,0.44138769495156066,0.16899424958680048,0.9290279296745325,0.05587687296821807,0.27644937203079206,0.17936835098334744,-2.1322515036616667,2.1322515036616667,13.37327097866547,0.0010740463447414736,0.0,1.1523645699673679e-05,0.1
random,37,51,0.44137622943420846,0.16902623072444847,0.9292037425804177,0.0558583442555856,0.27635770170817575,0.1807017507972218,-2.1309181038477925,2.1309181038477925,13.374291314134224,0.0010716113029386215,0.0,1.1465517352204913e-05,0.1
random,37,52,0.4413648462149097,0.16905810583804015,0.9293789726303195,0.0558397888422245,0.2762658992844008,0.18206785940291703,-2.129551995242097,2.129551995242097,13.375300688255376,0.0010680586908220712,0.0,1.138321929877728e-05,0.1
random,37,53,0.44135357106928397,0.1690898389899385,0.9295534222608973,0.055821228674799356,0.2761740733400179,0.18346604990462162,-2.1281538047403923,2.1281538047403923,13.376297113994022,0.0010633018945870247,0.0,1.127514562571097e-05,0.1
random,37,54,0.4413424313765165,0.16912139148987174,0.929726878776493,0.055802687711791955,0.2760823424089911,0.1848954875649969,-2.126724367080017,2.126724367080017,13.377278449701803,0.0010572486800360273,1.3877787807814457e-17,1.1139692767447862e-05,0.1
random,37,55,0.4413314560933991,0.16915272172214518,0.9298991133992472,0.05578419205810939,0.2759908356446675,0.18635510100865904,-2.125264753636355,2.125264753636355,13.378242390722418,0.0010498010232619928,0.0,1.0975283117442558e-05,0.1
random,37,56,0.4413206756987807,0.16918378496999825,0.9300698803035203,0.055765770102137145,0.27589969349784405,0.18784354995175234,-2.1237763046932616,2.1237763046932616,13.379186461543265,0.0010408550149689473,0.0,1.0780394618381539e-05,0.1
random,37,57,0.44131012210131093,0.169214533240327,0.9302389156523233,0.055747452652922476,0.27580906839547864,0.18935918916210837,-2.1222606654829055,2.1222606654829055,13.380108008927644,0.001030300872745531,0.0,1.0553597469764586e-05,0.1
random,37,58,0.4412998285020809,0.16924491509337125,0.9304059366610403,0.05572927307421256,0.27571912540384064,0.19090002839403108,-2.120719826250983,2.120719826250983,13.38100419662074,0.0010180231073949103,1.3877787807814457e-17,1.0293599230049022e-05,0.1
random,37,59,0.4412898292023639,0.1692748754837996,0.9305706407238115,0.0557112674107982,0.27563004285359255,0.19246368812166606,-2.119156166523348,2.119156166523348,13.381872002431415,0.001003900904866403,1.3877787807814457e-17,9.999299716956234e-06,0.1
random,37,60,0.4412801593451871,0.16930435562206297,0.9307327046513374,0.05569347450093739,0.2755420128960031,0.19404735103504187,-2.1175725036099724,2.1175725036099724,13.38270821876465,0.00098780880539481,1.3877787807814457e-17,9.669857176819452e-06,0.1
random,37,61,0.44127085457800963,0.16933329286809068,0.9308917840864858,0.05567593606643968,0.27545524194863724,0.1956477094910266,-2.1159721451539872,2.1159721451539872,13.383509458032048,0.0009696177872259912,0.0,9.30476717747597e-06,0.1
random,37,62,0.4412619506225301,0.16936162067358104,0.9310475131870397,0.05565869676915146,0.2753699509748153,0.1972609094658681,-2.114358945179146,2.114358945179146,13.384272164817679,0.0009491968949035048,1.3877787807814457e-17,8.903955479533376e-06,0.1
random,37,63,0.44125348273685727,0.16938926859451928,0.9311995046945132,0.05564180421894335,0.27528637552313096,0.1988824920880756,-2.1127373625569383,2.1127373625569383,13.38499263723963,0.0009264155924110123,0.0,8.46788567282486e-06,0.1
random,37,64,0.44124548505540323,0.1694161624023752,0.9313473505454493,0.055625308913715414,0.2752047654306279,0.20050733460699524,-2.1111125200380187,2.1111125200380187,13.38566706063395,0.0009011470697100216,1.3877787807814457e-17,7.997681454041672e-06,0.1
random,37,65,0.4412379897935368,0.16944222433089046,0.9314906232281059,0.05560926408628103,0.27512538406526227,0.20212959375636333,-2.1094902608886508,2.1094902608886508,13.386291557490686,0.000873272786000916,1.3877787807814457e-17,7.4952618664414494e-06,0.1
random,37,66,0.4412310263082072,0.16946737350551427,0.9316288781432341,0.055593725426242115,0.27504850694988753,0.20374265599830757,-2.1078771986467064,2.1078771986467064,13.38686225845131,0.0008426885898522037,0.0,6.963485329580799e-06,0.1
random,37,67,0.4412246200136697,0.1694915266141519,0.9317616572914459,0.055578750637302415,0.2749744195720733,0.2053391011753262,-2.106280753469688,2.106280753469688,13.387375400029532,0.0008093128050059232,0.0,6.406294537519841e-06,0.1
random,37,68,0.44121879116470925,0.16951459889011292,0.931888494676868,0.055564398782453554,0.2749034141444306,0.2069106887169322,-2.104709165928082,2.104709165928082,13.387827455331726,0.0007730966914469951,0.0,5.8288489604430005e-06,0.1
random,37,69,0.44121355354012215,0.16953650548912536,0.9320089238771306,0.055550729362364513,0.27483578504496775,0.2084483787113676,-2.1031714759336464,2.1031714759336464,13.3882153040434,0.0007340376495999875,0.0,5.237624587095535e-06,0.1
random,37,70,0.4412089130882024,0.16955716334848706,0.9321224882638552,0.05553780106845435,0.2747718226479502,0.20994240362759375,-2.1016774510174203,2.1016774510174203,13.388536446678623,0.0006921953756046459,0.0,4.6404519197240646e-06,0.1
random,37,71,0.4412048666340037,0.1695764936119116,0.9322287543329865,0.05552567015546079,0.2747118052722259,0.21138240965876473,-2.100237444986249,2.100237444986249,13.388789264606451,0.0006477108163732863,0.0,4.046454198713967e-06,0.1
random,37,72,0.4412014007929431,0.1695944246793758,0.9323273284710051,0.055514388394747136,0.274655989055265,0.21275768837430717,-2.0988621662707065,2.0988621662707065,13.388973320418279,0.0006008271119022924,0.0,3.4658410605903356e-06,0.1
random,37,73,0.44119849127983835,0.16961089588532594,0.9324178771754759,0.05550400060693225,0.27460459574591056,0.2140575176536435,-2.0975623369913703,2.0975623369913703,13.389089681464128,0.0005519106500672826,1.3877787807814457e-17,2.9095131047762735e-06,0.1
random,37,74,0.4411961028326125,0.16962586170809085,0.9325001501958488,0.05549454183901143,0.274557798738258,0.21527162299568076,-2.0963482316493334,2.0963482316493334,13.389141232158847,0.0005014688660918068,0.0,2.388447225831758e-06,0.1
random,37,75,0.44119418996388443,0.16963929626028543,0.932574005218975,0.05548603435203521,0.27451570816827436,0.21639075329348958,-2.0952291013515243,2.0952291013515243,13.389132919179128,0.00045015965786142484,0.0,1.912868728082273e-06,0.1
random,37,76,0.44119269868606714,0.1696511976119931,0.9326394316353432,0.05547848471542609,0.2744783565380061,0.21740733737267492,-2.094212517272339,2.094212517272339,13.38907185302999,0.00039878578274990984,0.0,1.4912778172893049e-06,0.1
random,37,77,0.4411915692091692,0.16966159129309885,0.9326965697927835,0.055471881438418524,0.27444568699719046,0.21831615130804513,-2.093303703336969,2.093303703336969,13.38896718014805,0.0003482673529217468,1.3877787807814457e-17,1.1294768979541736e-06,0.1
random,37,78,0.44119073939533066,0.16967053218532527,0.9327457213977337,0.055466193657512854,0.27441754684946756,0.21911489087965816,-2.092504963765356,2.092504963765356,13.388829656509014,0.000299587878130273,0.0,8.298138385320897e-07,0.1
random,37,79,0.441190148524488,0.16967810405372577,0.9327873469396742,0.05546137137256789,0.27439368872044256,0.2198045249237496,-2.0918153297212645,2.0918153297212645,13.38867090891543,0.00025371516959992504,1.3877787807814457e-17,5.908708426427545e-07,0.1
random,37,80,0.44118974077484235,0.16968441626824957,0.9328220476682791,0.05545734752708272,0.2743737808498257,0.22038932204032496,-2.091230532604689,2.091230532604689,13.388502460881996,0.00021150718603912165,0.0,4.07749645658928e-07,0.1
random,37,81,0.4411894678407148,0.169689597821257,0.9328505327053427,0.055454041865492396,0.2743574261753021,0.22087650329024922,-2.0907433513547646,2.0907433513547646,13.388334697181572,0.00017362142743891363,0.0,2.7293412757645186e-07,0.1
random,37,82,0.4411892903231056,0.16969378940327334,0.9328735754820775,0.055451366072009414,0.2743441877568159,0.22127556349743058,-2.0903442911475834,2.0903442911475834,13.388175994619425,0.00014044987127475377,0.0,1.775176091678432e-07,0.1
random,37,83,0.44118917785718714,0.1696971347973124,0.9328919664303237,0.05544922937053459,0.27433361648198334,0.2215973888118718,-2.090022465833142,2.090022465833142,13.388032215083449,0.00011209613943407067,0.0,1.1246591846703069e-07,0.1
random,37,84,0.44118910824365304,0.16969977296797584,0.9329064694932123,0.05544754368880342,0.2743252766155722,0.22185334086708078,-2.089766513777933,2.089766513777933,13.387906643753732,8.839877846598233e-05,0.0,6.961353410384064e-08,0.1
random,37,85,0.4411890660096566,0.16970183191436203,0.9329177883321855,0.05544622768865562,0.2743187657391554,0.22205446222437006,-2.089565392420644,2.089565392420644,13.387800315247704,6.899036062648178e-05,0.0,4.223399641123393e-08,0.1
random,37,86,0.44118904081400967,0.16970342479195835,0.9329265450075113,0.055445209330082464,0.27431372743666826,0.22221089846306438,-2.0894089561819498,2.0894089561819498,13.387712572557698,5.3373512074885654e-05,0.0,2.51956469576875e-08,0.1
random,37,87,0.44118902598900966,0.16970464824202294,0.9329332707942368,0.055444427004749997,0.2743098569024849,0.22233156135867846,-2.0892882932863355,2.0892882932863355,13.387641683338126,4.099488055209462e-05,0.0,1.4825000005380673e-08,0.1
random,37,88,0.44118901736242894,0.16970558248543163,0.9329384066981028,0.055443829523016394,0.2743069008771871,0.22242400300129375,-2.08919585164372,2.08919585164372,13.387585381634857,3.13042583867898e-05,0.0,8.626580727533195e-09,0.1
random,37,89,0.4411890123866689,0.1697062925932846,0.932942310440568,0.055443375333349317,0.27430465378565216,0.22249444372877583,-2.089125410916238,2.089125410916238,13.38754127060653,2.3794012893106148e-05,1.3877787807814457e-17,4.975760026226794e-09,0.1
random,37,90,0.4411890095363765,0.16970683038439976,0.9329452668900776,0.05544303132954761,0.27430295183581305,0.22254789369973008,-2.089071960945284,2.089071960945284,13.38750707888177,1.802009184273863e-05,0.0,2.8502923909989875e-09,0.1
random,37,91,0.4411890079123111,0.1697072365298395,0.9329474996314753,0.05544277151770227,0.2743016664234828,0.22258831868301476,-2.0890315359619995,2.0890315359619995,13.38748079583769,1.3608960650799583e-05,0.0,1.624065437688671e-09,0.1
random,37,92,0.44118900699071895,0.169707542592448,0.9329491821781432,0.05544257571955592,0.2743006977172591,0.22261881582388424,-2.0890010388211295,2.0890010388211295,13.38746072160633,1.0255424754502288e-05,1.3877787807814457e-17,9.215921359384538e-10,0.1
random,37,93,0.44118900646938514,0.16970777285393374,0.9329504480161932,0.055442428408491715,0.27429996889961006,0.22264177906293028,-2.0889780755820837,2.0889780755820837,13.387445464783012,7.715510732063173e-06,0.0,5.213338094556264e-10,0.1
random,37,94,0.4411890061751727,0.1697079458701089,0.9329513991542314,0.05544231771741189,0.2742994212583789,0.222659044283061,-2.0889608103619532,2.0889608103619532,13.38743391269361,5.797357521748947e-06,0.0,2.9421243219474036e-10,0.1
random,37,95,0.44118900600943345,0.16970807574908847,0.9329521131501206,0.05544223462264243,0.2742990101491737,0.22267201100229794,-2.088947843642716,2.088947843642716,13.387425190586605,4.351933443757963e-06,0.0,1.6573925565310788e-10,0.1
random,37,96,0.4411890059161938,0.16970817317600395,0.9329526487442358,0.05544217228929456,0.2742987017565604,0.22268174127145973,-2.0889381133735543,2.0889381133735543,13.38741861933574,3.264542524625885e-06,0.0,9.32396382324896e-11,0.1
random,37,97,0.44118900586379384,0.16970824621989178,0.9329530502952474,0.055442125555570355,0.2742984705426785,0.22268903829731326,-2.088930816347701,2.088930816347701,13.387413676569887,2.4475256851414593e-06,0.0,5.239997324935075e-11,0.1
random,37,98,0.4411890058343682,0.16970830096078826,0.9329533512275091,0.055442090531858515,0.2742982972637774,0.2226945079657865,-2.0889253466792272,2.0889253466792272,13.387409963256955,1.83423629406152e-06,1.3877787807814457e-17,2.9425628600421305e-11,0.1
random,37,99,0.44118900581785336,0.16970834197241688,0.9329535766845795,0.055442064292084176,0.27429816744317803,0.22269860643249842,-2.088921248212516,2.088921248212516,13.387407176145917,1.3742014203825857e-06,0.0,1.651484504705536e-11,0.1
random,37,100,0.4411890058085887,0.16970837269108327,0.9329537455571838,0.05544204463778578,0.2742980702040492,0.22270167662558696,-2.0889181780194273,2.0889181780194273,13.387405085658681,1.029308915745568e-06,1.3877787807814457e-17,9.264644607043238e-12,0.1
random,37,101,0.44118900580339304,0.16970839569611637,0.9329538720249088,0.055442029918740914,0.27429799738195854,0.22270397606969375,-2.0889158785753206,2.0889158785753206,13.38740351848884,7.708435442286221e-07,0.0,5.195677221792039e-12,0.1
random,37,102,0.4411890058004799,0.1697084129222282,0.9329539667236281,0.05544201889712655,0.27429794285280884,0.22270569799662712,-2.0889141566483866,2.0889141566483866,13.387402344088663,5.772057378723714e-07,0.0,2.9131141943139482e-12,0.1
random,37,103,0.44118900579884684,0.1697084258198494,0.9329540376269301,0.05544201064495109,0.27429790202538595,0.22270698730748442,-2.0889128673375295,2.0889128673375295,13.387401464276723,4.3216838655289806e-07,1.3877787807814457e-17,1.633082558072374e-12,0.1
random,37,104,0.44118900579793163,0.16970843547592093,0.9329540907101572,0.05544200446677946,0.2742978714590429,0.22270795261101672,-2.0889119020339972,2.0889119020339972,13.387400805301684,3.2355182262876537e-07,0.0,9.152123503497478e-13,0.1
random,37,105,0.4411890057974186,0.16970844270474633,0.9329541304498568,0.055441999841609135,0.2742978485761333,0.22270867528544613,-2.088911179359568,2.088911179359568,13.387400311813016,2.4222062109023615e-07,0.0,5.130340596792848e-13,0.1
random,37,106,0.44118900579713116,0.16970844811624222,0.9329541601989804,0.055441996379205494,0.2742978314459816,0.22270921628999238,-2.0889106383550216,2.0889106383550216,13.387399942297806,1.8132626151696945e-07,0.0,2.8743674107545303e-13,0.1
random,37,107,0.4411890057969701,0.16970845216716246,0.9329541824684839,0.055441993787328794,0.2742978186227392,0.22270962127947164,-2.0889102333655423,2.0889102333655423,13.387399665636963,1.3573663291259812e-07,1.3877787807814457e-17,1.6103784972187896e-13,0.1
random,37,108,0.44118900579687986,0.16970845519951824,0.9329541991385376,0.05544199184715336,0.2742978090237718,0.22270992444166302,-2.088909930203351,2.088909930203351,13.38739945851159,1.0160697701144005e-07,0.0,9.026113190202523e-14,0.1
random,37,109,0.4411890057968293,0.16970845746937888,0.9329542116168552,0.05544199039484042,0.27429780183849145,0.22271015137468786,-2.088909703270326,2.088909703270326,13.387399303452714,7.605759232801071e-08,1.3877787807814457e-17,5.057065877167588e-14,0.1
random,37,110,0.4411890057968009,0.16970845916845442,0.9329542209573426,0.055441989307729624,0.2742977964600391,0.22271032124359927,-2.0889095334014147,2.0889095334014147,13.387399187376495,5.693195065862966e-08,0.0,2.836619827917275e-14,0.1
random,37,111,0.44118900579678505,0.1697084604402638,0.9329542279489794,0.055441988493994177,0.2742977924341042,0.22271044839620596,-2.088909406248808,2.088909406248808,13.38739910048497,4.2615285193606145e-08,1.3877787807814457e-17,1.587618925213974e-14,0.1
random,37,112,0.4411890057967761,0.1697084613922447,0.9329542331823933,0.05544198788489287,0.27429778942059135,0.2227105435734249,-2.088909311071589,2.088909311071589,13.387399035441724,3.189860003042358e-08,1.3877787807814457e-17,8.93729534823251e-15,0.1
random,37,113,0.4411890057967711,0.16970846210482227,0.9329542370997127,0.05544198742896782,0.27429778716491404,0.22271061481574306,-2.0889092398292712,2.0889092398292712,13.387398986753942,2.387676682597752e-08,0.0,4.9960036108132044e-15,0.1
random,37,114,0.4411890057967684,0.1697084626381993,0.9329542400318963,0.055441987087699755,0.2742977854764992,0.22271066814199317,-2.0889091865030207,2.0889091865030207,13.387398950309395,1.7872185753104265e-08,1.3877787807814457e-17,2.7200464103316335e-15,0.1
random,37,115,0.44118900579676684,0.1697084630374403,0.9329542422266813,0.05544198683225526,0.27429778421269424,0.22271070805758092,-2.088909146587433,2.088909146587433,13.387398923029592,1.3377609553324789e-08,0.0,1.5543122344752192e-15,0.1
random,37,116,0.441189005796766,0.16970846333627776,0.9329542438695084,0.055441986641051516,0.2742977832667187,0.22271073793498608,-2.088909116710028,2.088909116710028,13.387398902610009,1.001332673278636e-08,0.0,8.326672684688674e-16,0.1
random,37,117,0.4411890057967655,0.16970846355996136,0.9329542450991852,0.05544198649793308,0.27429778255864395,0.22271076029861997,-2.088909094346394,2.088909094346394,13.387398887325539,7.49510163827405e-09,1.3877787807814457e-17,4.996003610813204e-16,0.1
random,37,118,0.4411890057967651,0.16970846372739112,0.9329542460196126,0.055441986390807246,0.2742977820286417,0.22271077703807168,-2.0889090776069423,2.0889090776069423,13.387398875884847,5.6101712271601e-09,0.0,3.885780586188048e-16,0.1
random,37,119,0.44118900579676507,0.16970846385271418,0.9329542467085629,0.055441986310622395,0.27429778163192925,0.22271078956774115,-2.088909065077273,2.088909065077273,13.387398867321316,4.199274839121157e-09,1.3877787807814457e-17,5.551115123125783e-17,0.1
random,37,120,0.441189005796765,0.16970846394651978,0.9329542472242491,0.0554419862506032,0.27429778133498584,0.222710798946333,-2.088909055698681,2.088909055698681,13.387398860911397,3.1432011434853046e-09,1.3877787807814457e-17,5.551115123125783e-17,0.1
random,37,121,0.4411890057967649,0.16970846401673423,0.9329542476102456,0.055441986205678216,0.27429778111272063,0.22271080596630524,-2.0889090486787087,2.0889090486787087,13.38739885611349,2.352717703585151e-09,0.0,1.1102230246251565e-16,0.1
random,37,122,0.44118900579676484,0.1697084640692904,0.9329542478991676,0.05544198617205142,0.27429778094635293,0.22271081122082412,-2.0889090434241897,2.0889090434241897,13.387398852522203,1.761032197443616e-09,0.0,5.551115123125783e-17,0.1
random,37,123,0.44118900579676484,0.16970846410862925,0.9329542481154287,0.05544198614688145,0.27429778082182515,0.22271081515388222,-2.088909039491132,2.088909039491132,13.387398849834089,1.318149417159722e-09,0.0,0.0,0.1
random,37,124,0.4411890057967649,0.16970846413807472,0.9329542482773021,0.055441986128041486,0.27429778072861494,0.22271081809781343,-2.0889090365472005,2.0889090365472005,13.387398847822002,9.866472001016053e-10,0.0,-5.551115123125783e-17,0.1
random,37,125,0.4411890057967649,0.16970846416011492,0.9329542483984657,0.0554419861139396,0.27429778065884625,0.22271082030137332,-2.0889090343436405,2.0889090343436405,13.38739884631594,7.385145669001427e-10,0.0,0.0,0.1
random,37,126,0.4411890057967648,0.16970846417661223,0.9329542484891579,0.055441986103384217,0.27429778060662374,0.2227108219507583,-2.088909032694256,2.088909032694256,13.387398845188635,5.527849248244191e-10,0.0,1.1102230246251565e-16,0.1
random,37,127,0.4411890057967649,0.1697084641889606,0.9329542485570418,0.05544198609548342,0.27429778056753473,0.222710823185338,-2.088909031459676,2.088909031459676,13.387398844344837,4.1376455208675136e-10,0.0,-1.1102230246251565e-16,0.1
random,37,128,0.44118900579676484,0.16970846419820346,0.9329542486078534,0.05544198608956959,0.27429778053827625,0.2227108241094321,-2.0889090305355817,2.0889090305355817,13.387398843713246,3.097064977520826e-10,1.3877787807814457e-17,5.551115123125783e-17,0.1
random,37,129,0.44118900579676484,0.16970846420512184,0.9329542486458865,0.05544198608514303,0.27429778051637593,0.22271082480112478,-2.0889090298438893,2.0889090298438893,13.387398843240495,2.318180968556158e-10,0.0,0.0,0.1
random,37,130,0.4411890057967648,0.16970846421030028,0.9329542486743544,0.05544198608182972,0.27429778049998343,0.22271082531886308,-2.088909029326151,2.088909029326151,13.387398842886636,1.735179437728966e-10,0.0,5.551115123125783e-17,0.1
random,37,131,0.4411890057967649,0.16970846421417643,0.9329542486956631,0.05544198607934968,0.2742977804877135,0.2227108257063948,-2.088909028938619,2.088909028938619,13.38739884262177,1.2987972621863746e-10,1.3877787807814457e-17,-1.1102230246251565e-16,0.1
random,37,132,0.4411890057967648,0.16970846421707775,0.9329542487116128,0.05544198607749334,0.2742977804785293,0.22271082599646574,-2.0889090286485485,2.0889090286485485,13.387398842423515,9.721613111900807e-11,0.0,1.1102230246251565e-16,0.1
random,37,133,0.44118900579676484,0.1697084642192494,0.9329542487235513,0.05544198607610386,0.2742977804716549,0.2227108262135865,-2.0889090284314276,2.0889090284314276,13.38739884227512,7.276716163243356e-11,1.3877787807814457e-17,-5.551115123125783e-17,0.1
random,37,134,0.44118900579676484,0.1697084642208749,0.9329542487324872,0.05544198607506382,0.2742977804665093,0.22271082637610326,-2.088909028268911,2.088909028268911,13.387398842164044,5.4466850849466375e-11,0.0,0.0,0.1
random,37,135,0.44118900579676484,0.16970846422209163,0.9329542487391761,0.055441986074285333,0.2742977804626578,0.22271082649774854,-2.0889090281472655,2.0889090281472655,13.387398842080904,4.076893246448328e-11,1.3877787807814457e-17,0.0,0.1
random,37,136,0.4411890057967649,0.16970846422300234,0.9329542487441826,0.05544198607370264,0.27429778045977493,0.22271082658880106,-2.088909028056213,2.088909028056213,13.387398842018671,3.051589506463116e-11,0.0,-5.551115123125783e-17,0.1
random,37,137,0.44118900579676484,0.16970846422368402,0.9329542487479301,0.055441986073266496,0.2742977804576171,0.2227108266569547,-2.0889090279880596,2.0889090279880596,13.38739884197209,2.284143032275129e-11,0.0,5.551115123125783e-17,0.1
random,37,138,0.44118900579676484,0.16970846422419425,0.932954248750735,0.05544198607294003,0.27429778045600195,0.22271082670796835,-2.0889090279370457,2.0889090279370457,13.387398841937225,1.7097011548787896e-11,0.0,0.0,0.1
random,37,139,0.44118900579676484,0.16970846422457617,0.9329542487528346,0.05544198607269565,0.27429778045479286,0.22271082674615245,-2.0889090278988616,2.0889090278988616,13.387398841911127,1.2797254472215178e-11,0.0,0.0,0.1
random,37,140,0.44118900579676484,0.16970846422486205,0.9329542487544061,0.05544198607251275,0.274297780453888,0.22271082677473367,-2.0889090278702804,2.0889090278702804,13.387398841891592,9.578878950405176e-12,0.0,0.0,0.1
random,37,141,0.4411890057967648,0.16970846422507602,0.9329542487555824,0.05544198607237584,0.2742977804532106,0.22271082679612692,-2.0889090278488873,2.0889090278488873,13.38739884187697,7.1698664648909256e-12,0.0,5.551115123125783e-17,0.1
random,37,142,0.44118900579676484,0.1697084642252362,0.932954248756463,0.05544198607227336,0.2742977804527036,0.22271082681213994,-2.088909027832874,2.088909027832874,13.387398841866025,5.3667035938023826e-12,1.3877787807814457e-17,-5.551115123125783e-17,0.1
random,37,143,0.4411890057967648,0.16970846422535607,0.932954248757122,0.05544198607219666,0.2742977804523241,0.22271082682412588,-2.0889090278208884,2.0889090278208884,13.387398841857834,4.0170324901650904e-12,0.0,5.551115123125783e-17,0.1
random,37,144,0.4411890057967649,0.1697084642254458,0.9329542487576153,0.05544198607213925,0.2742977804520401,0.2227108268330974,-2.0889090278119165,2.0889090278119165,13.387398841851702,3.0067761237847764e-12,0.0,-1.1102230246251565e-16,0.1
random,37,145,0.4411890057967649,0.16970846422551297,0.9329542487579846,0.05544198607209627,0.27429778045182746,0.2227108268398127,-2.0889090278052014,2.0889090278052014,13.387398841847112,2.250599969532317e-12,0.0,0.0,0.1
random,37,146,0.4411890057967649,0.16970846422556324,0.9329542487582608,0.05544198607206411,0.27429778045166836,0.22271082684483914,-2.0889090278001747,2.0889090278001747,13.387398841843677,1.6846012643397376e-12,0.0,0.0,0.1
random,37,147,0.44118900579676484,0.16970846422560087,0.9329542487584678,0.05544198607204003,0.27429778045154923,0.2227108268486015,-2.0889090277964124,2.0889090277964124,13.387398841841106,1.2609412535689398e-12,0.0,5.551115123125783e-17,0.1
random,37,148,0.44118900579676484,0.16970846422562905,0.9329542487586227,0.055441986072022005,0.27429778045146,0.22271082685141774,-2.0889090277935964,2.0889090277935964,13.387398841839179,9.438414555860702e-13,1.3877787807814457e-17,0.0,0.1
random,37,149,0.44118900579676484,0.16970846422565014,0.9329542487587387,0.05544198607200851,0.27429778045139325,0.22271082685352567,-2.0889090277914883,2.0889090277914883,13.38739884183774,7.064631017847646e-13,1.3877787807814457e-17,0.0,0.1
random,37,150,0.44118900579676484,0.1697084642256659,0.9329542487588253,0.05544198607199842,0.27429778045134334,0.2227108268551034,-2.0889090277899105,2.0889090277899105,13.387398841836662,5.287875142931781e-13,0.0,0.0,0.1
random,37,151,0.4411890057967649,0.16970846422567773,0.9329542487588903,0.05544198607199085,0.2742977804513059,0.22271082685628446,-2.0889090277887297,2.0889090277887297,13.387398841835854,3.95800683165037e-13,1.3877787807814457e-17,-5.551115123125783e-17,0.1
random,37,152,0.4411890057967649,0.16970846422568658,0.932954248758939,0.0554419860719852,0.27429778045127795,0.22271082685716836,-2.0889090277878455,2.0889090277878455,13.38739884183525,2.962568214479828e-13,0.0,0.0,0.1
random,37,153,0.4411890057967649,0.1697084642256932,0.9329542487589753,0.055441986071980975,0.274297780451257,0.22271082685783003,-2.088909027787184,2.088909027787184,13.387398841834798,2.217559336333497e-13,0.0,0.0,0.1
random,37,154,0.44118900579676484,0.16970846422569813,0.9329542487590025,0.055441986071977804,0.27429778045124137,0.22271082685832533,-2.0889090277866886,2.0889090277866886,13.38739884183446,1.6598821240654564e-13,0.0,5.551115123125783e-17,0.1
random,37,155,0.44118900579676484,0.16970846422570185,0.9329542487590229,0.05544198607197542,0.27429778045122954,0.22271082685869603,-2.088909027786318,2.088909027786318,13.387398841834205,1.2424337925875217e-13,1.3877787807814457e-17,0.0,0.1
random,37,156,0.44118900579676484,0.16970846422570462,0.9329542487590381,0.05544198607197365,0.2742977804512208,0.22271082685897353,-2.0889090277860403,2.0889090277860403,13.387398841834019,9.299853946114458e-14,0.0,0.0,0.1
random,37,157,0.44118900579676484,0.1697084642257067,0.9329542487590495,0.055441986071972316,0.27429778045121417,0.22271082685918123,-2.088909027785833,2.088909027785833,13.387398841833875,6.961397438689188e-14,0.0,0.0,0.1
random,37,158,0.44118900579676484,0.16970846422570826,0.9329542487590581,0.05544198607197132,0.2742977804512093,0.2227108268593367,-2.0889090277856774,2.0889090277856774,13.387398841833768,5.2107443472567786e-14,0.0,0.0,0.1
random,37,159,0.4411890057967648,0.16970846422570943,0.9329542487590645,0.05544198607197057,0.27429778045120556,0.22271082685945306,-2.088909027785561,2.088909027785561,13.387398841833688,3.8987359599662256e-14,1.3877787807814457e-17,5.551115123125783e-17,0.1
random,37,160,0.4411890057967649,0.1697084642257103,0.9329542487590693,0.05544198607197002,0.27429778045120284,0.22271082685954013,-2.088909027785474,2.088909027785474,13.387398841833628,2.918409357578467e-14,1.3877787807814457e-17,-1.1102230246251565e-16,0.1
random,37,161,0.4411890057967649,0.16970846422571095,0.932954248759073,0.05544198607196961,0.2742977804512008,0.22271082685960528,-2.0889090277854088,2.0889090277854088,13.387398841833585,2.1843920148217794e-14,0.0,0.0,0.1
random,37,162,0.44118900579676484,0.16970846422571143,0.9329542487590755,0.05544198607196929,0.27429778045119924,0.2227108268596541,-2.08890902778536,2.08890902778536,13.38739884183355,1.635840374724601e-14,0.0,5.551115123125783e-17,0.1
random,37,163,0.44118900579676484,0.16970846422571179,0.9329542487590775,0.055441986071969054,0.27429778045119807,0.22271082685969065,-2.0889090277853235,2.0889090277853235,13.387398841833527,1.2246721177733445e-14,0.0,0.0,0.1
random,37,164,0.4411890057967648,0.16970846422571206,0.9329542487590791,0.055441986071968874,0.2742977804511972,0.22271082685971796,-2.088909027785296,2.088909027785296,13.387398841833507,9.165414727566537e-15,0.0,5.551115123125783e-17,0.1
random,37,165,0.44118900579676484,0.16970846422571226,0.9329542487590801,0.05544198607196875,0.27429778045119657,0.22271082685973845,-2.0889090277852755,2.0889090277852755,13.387398841833493,6.859348448240154e-15,0.0,-5.551115123125783e-17,0.1
random,37,166,0.4411890057967649,0.16970846422571242,0.9329542487590811,0.05544198607196866,0.2742977804511961,0.22271082685975382,-2.08890902778526,2.08890902778526,13.387398841833482,5.142090256548631e-15,1.3877787807814457e-17,-5.551115123125783e-17,0.1
random,37,167,0.44118900579676495,0.16970846422571254,0.9329542487590816,0.055441986071968596,0.2742977804511958,0.22271082685976526,-2.0889090277852485,2.0889090277852485,13.387398841833475,3.8369259945808795e-15,0.0,-5.551115123125783e-17,0.1
random,37,168,0.44118900579676484,0.16970846422571262,0.9329542487590821,0.05544198607196853,0.27429778045119546,0.2227108268597739,-2.08890902778524,2.08890902778524,13.38739884183347,2.8850448928314367e-15,0.0,1.1102230246251565e-16,0.1
random,37,169,0.44118900579676484,0.16970846422571267,0.9329542487590824,0.055441986071968485,0.27429778045119524,0.2227108268597803,-2.088909027785234,2.088909027785234,13.387398841833464,2.1490864569940016e-15,1.3877787807814457e-17,0.0,0.1
random,37,170,0.44118900579676484,0.16970846422571273,0.9329542487590827,0.05544198607196845,0.2742977804511951,0.22271082685978505,-2.088909027785229,2.088909027785229,13.38739884183346,1.5995617934667115e-15,0.0,0.0,0.1
random,37,171,0.4411890057967649,0.16970846422571279,0.932954248759083,0.05544198607196844,0.274297780451195,0.22271082685978863,-2.0889090277852254,2.0889090277852254,13.387398841833459,1.1971954997463785e-15,0.0,-5.551115123125783e-17,0.1
random,37,172,0.44118900579676484,0.1697084642257128,0.9329542487590832,0.055441986071968416,0.2742977804511949,0.2227108268597913,-2.0889090277852227,2.0889090277852227,13.387398841833457,9.028031637431707e-16,0.0,5.551115123125783e-17,0.1
random,37,173,0.4411890057967649,0.1697084642257128,0.9329542487590832,0.0554419860719684,0.27429778045119485,0.22271082685979335,-2.0889090277852205,2.0889090277852205,13.387398841833456,6.771734783337286e-16,1.3877787807814457e-17,-5.551115123125783e-17,0.1
random,37,174,0.4411890057967649,0.16970846422571284,0.9329542487590833,0.055441986071968395,0.2742977804511948,0.22271082685979487,-2.088909027785219,2.088909027785219,13.387398841833454,5.102800490722269e-16,1.3877787807814457e-17,0.0,0.1
random,37,175,0.4411890057967648,0.16970846422571284,0.9329542487590833,0.05544198607196838,0.27429778045119474,0.22271082685979593,-2.0889090277852183,2.0889090277852183,13.387398841833454,3.632164660233972e-16,0.0,1.1102230246251565e-16,0.1
random,37,176,0.44118900579676484,0.16970846422571287,0.9329542487590835,0.055441986071968374,0.2742977804511947,0.22271082685979676,-2.0889090277852174,2.0889090277852174,13.387398841833454,2.847483988694276e-16,0.0,-5.551115123125783e-17,0.1
random,37,177,0.44118900579676484,0.16970846422571287,0.9329542487590835,0.055441986071968374,0.2742977804511947,0.2227108268597974,-2.0889090277852165,2.0889090277852165,13.387398841833454,2.1588771306901906e-16,0.0,0.0,0.1
random,37,178,0.44118900579676484,0.16970846422571287,0.9329542487590835,0.055441986071968374,0.2742977804511947,0.22271082685979793,-2.088909027785216,2.088909027785216,13.387398841833454,1.6711069443220838e-16,0.0,0.0,0.1
random,37,179,0.4411890057967649,0.16970846422571287,0.9329542487590835,0.05544198607196837,0.2742977804511947,0.22271082685979832,-2.0889090277852156,2.0889090277852156,13.387398841833452,1.1775693440128312e-16,0.0,-5.551115123125783e-17,0.1
feature_informed,0,0,1.2752466557283788,0.19776288572699433,1.0871804498829583,0.269389527325966,1.3327976621614828,0.38532966365273086,-3.432200887110852,3.432200887110852,11.784927451657003,0.40025713621003944,8.326672684688674e-17,0.6728339532981358,0.1
feature_informed,0,1,1.0429061136237618,0.14355755859395292,0.789192423859181,0.2268126407229064,1.122149625877547,0.3995788250806415,-3.3607080940165828,3.3607080940165828,13.380063296426405,0.23473549983608963,4.163336342344337e-17,0.23234054210461696,0.05
feature_informed,0,2,0.8689119997280699,0.17542549477742145,0.964383016722054,0.16915359568570845,0.8368830040052948,0.01539925435853464,-3.584972671175138,3.584972671175138,11.668220365354097,0.14327288834002785,5.551115123125783e-17,0.17399411389569197,0.052500000000000005
feature_informed,0,3,0.6887947114445636,0.16377186611739608,0.9003184314850378,0.12465214357837107,0.616713230071646,0.1180181019569644,-3.225607820508301,3.225607820508301,12.558517288788133,0.08941022323237692,5.551115123125783e-17,0.18011728828350626,0.05512500000000001
feature_informed,0,4,0.6323388598625518,0.1653315170571924,0.9088924467971368,0.10895515642754487,0.5390527954390654,0.08261515839686051,-3.134696283899981,3.134696283899981,12.706674473403478,0.04678756415850934,2.7755575615628914e-17,0.05645585158201183,0.05788125000000001
feature_informed,0,5,0.5877736575026923,0.16613771526776952,0.9133244357926859,0.09660849569427536,0.47796801339818434,0.09665385058825479,-3.020204548653715,3.020204548653715,12.9483316981038,0.04562696152662278,2.7755575615628914e-17,0.0445652023598595,0.06077531250000001
feature_informed,0,6,0.5476897095023076,0.16496753827529007,0.9068915121202293,0.08614818232805951,0.42621588576963126,0.13049171450267705,-2.854978703766033,2.854978703766033,13.117644995585593,0.0429670194074915,2.7755575615628914e-17,0.04008394800038473,0.06381407812500002
feature_informed,0,7,0.5233736472659352,0.16206416329000767,0.8909305166529823,0.0806236505430011,0.39888340881423273,0.1478461492015033,-2.73005693093716,2.73005693093716,13.181355306914073,0.03496410147906619,2.7755575615628914e-17,0.024316062236372393,0.06700478203125003
feature_informed,0,8,0.5098375400406396,0.15946945677843655,0.8766663933206685,0.07786694963335193,0.3852447029442266,0.1737414502302564,-2.6475842109123064,2.6475842109123064,13.127799247714917,0.027888393360319085,0.0,0.013536107225295524,0.07035502113281253
feature_informed,0,9,0.5010747725046122,0.15776595447895106,0.8673015704444088,0.0760760370549792,0.3763842096604526,0.19612226481706097,-2.5651580757734287,2.5651580757734287,13.097632384737883,0.025152829146480635,2.7755575615628914e-17,0.00876276753602745,0.07387277218945316
feature_informed,0,10,0.49512276221423973,0.15764049473554007,0.8666118688364334,0.07453228076140624,0.36874651565116956,0.19099082667542688,-2.5023870187337156,2.5023870187337156,13.097515174610535,0.01812838338938557,2.7755575615628914e-17,0.005952010290372456,0.07756641079892583
feature_informed,0,11,0.490636062199115,0.15803266376154784,0.8687677763847985,0.0732119526860122,0.36221422692547595,0.17834479088084382,-2.4690990325358535,2.4690990325358535,13.083800196045795,0.0171222045315422,1.3877787807814457e-17,0.004486700015124745,0.08144473133887213
feature_informed,0,12,0.4852722164103284,0.15779372492469848,0.8674542355190012,0.07186500182314401,0.35555022265293834,0.17459905408743737,-2.4426795240134895,2.4426795240134895,13.0694331597864,0.02003751035117393,0.0,0.00536384578878657,0.08551696790581574
feature_informed,0,13,0.475669046212311,0.15734005106314541,0.8649602116727662,0.0694494281020861,0.343599234653657,0.17295673038767012,-2.3851950216323448,2.3851950216323448,13.060283651088135,0.02721053179346115,1.3877787807814457e-17,0.00960317019801743,0.08979281630110653
feature_informed,0,14,0.46760731228430197,0.15663026230079766,0.861058223374333,0.06753679938324339,0.3341365539386344,0.17403409867429095,-2.3236185892722028,2.3236185892722028,13.051699222801247,0.020096289428531602,0.0,0.008061733928009018,0.09428245711616186
feature_informed,0,15,0.46414975598590597,0.15533816575533388,0.8539550599145889,0.06706477687777732,0.33180123490074337,0.18100648317011916,-2.307516276713504,2.307516276713504,13.042313263353723,0.017866387944442483,1.3877787807814457e-17,0.003457556298396003,0.09899657997196995
feature_informed,0,16,0.45956059682771766,0.15383455918939412,0.845689142592458,0.06635553563962318,0.3282922823683142,0.19190994033675263,-2.2800017285742746,2.2800017285742746,13.031030271890211,0.020668785533611744,1.3877787807814457e-17,0.004589159158188305,0.1
feature_informed,0,17,0.4534974919065207,0.15209977956870013,0.8361523759664012,0.06532082245814883,0.32317306588293093,0.2079598502722203,-2.2295414210351674,2.2295414210351674,13.019633359889633,0.023747723788870852,0.0,0.006063104921196938,0.1
feature_informed,0,18,0.45018841279499433,0.15135989550464132,0.8320849419447561,0.06468374801154914,0.3200211566699812,0.21513098063194117,-2.195571820783864,2.195571820783864,13.008836974922218,0.016152096200622523,0.0,0.0033090791115263918,0.1
feature_informed,0,19,0.44731890221453563,0.15079873410274744,0.8290000167671869,0.06409905847725296,0.3171284204447259,0.22225826891945002,-2.155465348785563,2.155465348785563,12.98911637488117,0.01674921250500668,1.3877787807814457e-17,0.0028695105804587007,0.1
feature_informed,0,20,0.4466988171878926,0.15067721608357573,0.8283319843693671,0.06396213885722561,0.31645101419479515,0.2277560449454473,-2.149269827670135,2.149269827670135,12.9671004234321,0.00770663769233263,1.3877787807814457e-17,0.0006200850266430136,0.1
feature_informed,0,21,0.44607315791068164,0.15055686728907305,0.8276703796599227,0.06381947049866495,0.3157451662108682,0.23466883375498007,-2.1423570388606024,2.1423570388606024,12.957135761995678,0.007872540888066574,0.0,0.000625659277210977,0.1
feature_informed,0,22,0.44542542920669537,0.1504342963543101,0.8269965589705234,0.06366704172576686,0.31499102883150787,0.24330178404335787,-2.1337240885722246,2.1337240885722246,12.946972262522165,0.008017900799069605,0.0,0.0006477287039862722,0.1
feature_informed,0,23,0.44476137384198683,0.1503099823676775,0.8263131560386884,0.0635050998235853,0.3141898254930708,0.2540715712511609,-2.1229543013644214,2.1229543013644214,12.93636190146565,0.00813192144356613,1.3877787807814457e-17,0.0006640553647085379,0.1
feature_informed,0,24,0.4440930583327048,0.15018483730938656,0.8256251843787218,0.06333460361559422,0.313346299949693,0.2677037275754555,-2.1093221450401267,2.1093221450401267,12.924971468031634,0.00818628547470023,0.0,0.0006683155092820359,0.1
feature_informed,0,25,0.44345194947642236,0.1500608993818642,0.8249438487918852,0.0631583635328603,0.3124743567357956,0.28602197266043977,-2.0910038999551426,2.0910038999551426,12.911866017480701,0.008107321772804217,0.0,0.0006411088562824352,0.1
feature_informed,0,26,0.4432256821488406,0.15001066209278643,0.8246676746334242,0.06308483176697306,0.3121105602413961,0.29758433094374653,-2.079441541671836,2.079441541671836,12.892118879127436,0.0032862407471919426,0.0,0.00022626732758174173,0.1
feature_informed,0,27,0.44322568201240825,0.15001066320787318,0.8246676807634951,0.06308483232031524,0.3121105629790421,0.29758395872529275,-2.079441924982732,2.079441924982732,12.677469795413733,2.1126474519507414e-08,0.0,1.3643236540517023e-10,1.9073486328125e-07
feature_informed,0,28,0.44322568190287587,0.15001066308560673,0.8246676800913483,0.0630848322933184,0.31211056284547595,0.29758397459317903,-2.079441906113005,2.079441906113005,12.777181584176939,2.011440038814276e-09,1.3877787807814457e-17,1.095323831634687e-10,2.0027160644531252e-07
feature_informed,0,29,0.44322568189206407,0.15001066304928395,0.8246676798916677,0.06308483230894447,0.31211056292278555,0.2975839727058027,-2.079441908321549,2.079441908321549,12.776771277367791,1.508208669239059e-09,0.0,1.0811795903009624e-11,2.1028518676757815e-07
feature_informed,0,30,0.4432256818807323,0.15001066301034216,0.8246676796775892,0.0630848323249753,0.31211056300209766,0.29758397097617767,-2.0794419102680433,2.0794419102680433,12.776838153560192,1.5821188494487521e-09,1.3877787807814457e-17,1.1331768856592817e-11,2.2079944610595707e-07
feature_informed,0,31,0.4432256818688522,0.15001066296866156,0.8246676794484545,0.06308483234143637,0.31211056308353835,0.2975839694084825,-2.0794419119283813,2.0794419119283813,12.77690096404665,1.6598941794678068e-09,0.0,1.1880108008455181e-11,2.3183941841125493e-07
feature_informed,0,32,0.44322568185639427,0.15001066292411952,0.8246676792035895,0.06308483235835594,0.31211056316724745,0.2975839680061238,-2.0794419132736537,2.0794419132736537,12.776959703139422,1.741719639545926e-09,1.3877787807814457e-17,1.2457923581621344e-11,2.434313893318177e-07
feature_informed,0,33,0.44322568184332706,0.15001066287659054,0.824667678942304,0.06308483237576509,0.3121105632533788,0.2975839667716892,-2.079441914267749,2.079441914267749,12.777014384016828,1.8277882602310084e-09,1.3877787807814457e-17,1.306721397753563e-11,2.556029587984086e-07
feature_informed,0,34,0.44322568182961847,0.15001066282594605,0.8246676786638912,0.06308483239369812,0.312110563342102,0.29758396570691004,-2.079441914863124,2.079441914863124,12.777065039484691,1.918301650543479e-09,0.0,1.3708589818861583e-11,2.6838310673832904e-07
feature_informed,0,35,0.44322568181523453,0.1500106627720542,0.8246676783676264,0.06308483241219243,0.3121105634336021,0.297583964812637,-2.079441914992579,2.079441914992579,12.777111722524726,2.013470732751673e-09,0.0,1.4383938484741066e-11,2.8180226207524553e-07
feature_informed,0,36,0.4432256818001399,0.15001066271477956,0.8246676780527653,0.06308483243128869,0.31211056352808036,0.29758396408882926,-2.0794419145506837,2.0794419145506837,12.777154506625742,2.113516415000076e-09,1.3877787807814457e-17,1.509464775395486e-11,2.9589237517900784e-07
feature_informed,0,37,0.4432256817842975,0.15001066265398288,0.824667677718542,0.06308483245103105,0.3121105636257552,0.29758396353456096,-2.0794419133393864,2.0794419133393864,12.777193485881996,2.2186704179843932e-09,1.3877787807814457e-17,1.5842382961039903e-11,3.1068699393795826e-07
feature_informed,0,38,0.4432256817676688,0.15001066258952064,0.8246676773641677,0.06308483247146708,0.3121105637268619,0.2975839631480448,-2.0794419107688604,2.0794419107688604,12.777228774738662,2.3291759854470454e-09,0.0,1.662869841823067e-11,3.262213436348562e-07
feature_informed,0,39,0.44322568175674176,0.1500106625943332,0.8246676773906243,0.06308483250711182,0.3121105639032133,0.2975839481675713,-2.079441924448011,2.079441924448011,12.777260507409133,1.8190436221818598e-09,0.0,1.0927037052965716e-11,3.42532410816599e-07
feature_informed,0,40,0.44322568174850147,0.1500106626211666,0.8246676775381381,0.0630848325467102,0.31211056409912524,0.2975839289623006,-2.079441943653282,2.079441943653282,12.777664133947521,1.7552900269550466e-09,0.0,8.240297333372837e-12,3.5965903135742896e-07
feature_informed,0,41,0.44322568174110594,0.15001066264721408,0.8246676776813312,0.06308483258514877,0.3121105642892991,0.29758391037987936,-2.079441962235703,2.079441962235703,12.77815289393108,1.7038792508258558e-09,0.0,7.395528633935555e-12,3.776419829253004e-07
feature_informed,0,42,0.4432256817344682,0.15001066267250135,0.8246676778203453,0.06308483262246552,0.3121105644739227,0.29758389239398036,-2.079441980221602,2.079441980221602,12.778604287622713,1.6541515142147094e-09,0.0,6.637745908477655e-12,3.9652408207156543e-07
feature_informed,0,43,0.4432256817285138,0.15001066269704574,0.8246676779552755,0.06308483265868595,0.31211056465312237,0.2975838749853145,-2.0794419976302683,2.0794419976302683,12.779022776105345,1.605554646784904e-09,0.0,5.954403636820871e-12,4.1635028617514373e-07
feature_informed,0,44,0.443225681723178,0.15001066272085775,0.8246676780861795,0.06308483269382563,0.312110564826975,0.2975838581401875,-2.079442014475395,2.079442014475395,12.779411964584268,1.5576482637425408e-09,0.0,5.3357873674997336e-12,4.371678004839009e-07
feature_informed,0,45,0.44322568171840415,0.15001066274394256,0.8246676782130858,0.0630848327278922,0.3121105649955185,0.2975838418493801,-2.0794420307662023,2.0794420307662023,12.779774803974348,1.510079552743453e-09,1.3877787807814457e-17,4.773847983585711e-12,4.59026190508096e-07
feature_informed,0,46,0.4432256817141415,0.15001066276630107,0.8246676783359993,0.06308483276088689,0.31211056515875885,0.29758382610725853,-2.079442046508324,2.079442046508324,12.780113736900185,1.4625660528672696e-09,0.0,4.262645791897057e-12,4.819775000335008e-07
feature_informed,0,47,0.44322568171034477,0.1500106627879306,0.8246676784549054,0.06308483279280587,0.3121105653166772,0.29758381091104924,-2.0794420617045333,2.0794420617045333,12.780430805594218,1.4148835787146724e-09,0.0,3.79674069961311e-12,5.060763750351759e-07
feature_informed,0,48,0.44322568170697263,0.150010662808826,0.8246676785697755,0.06308483282364143,0.31211056546923527,0.29758379626023057,-2.0794420763553516,2.0794420763553516,12.780727733127204,1.3668574686301973e-09,1.3877787807814457e-17,3.3721359038452192e-12,5.313801937869347e-07
feature_informed,0,49,0.4432256817039875,0.1500106628289799,0.8246676786805696,0.0630848328533828,0.31211056561637995,0.297583782156012,-2.0794420904595703,2.0794420904595703,12.781005985626281,1.3183562229230177e-09,0.0,2.9851121574608896e-12,5.579492034762815e-07
feature_informed,0,50,0.4432256817013548,0.15001066284838369,0.8246676787872398,0.06308483288201723,0.3121105657580481,0.29758376860087743,-2.079442104014705,2.079442104014705,12.781266820644813,1.2692869473628015e-09,0.0,2.632727369444865e-12,5.858466636500956e-07
feature_informed,0,51,0.4432256816990423,0.1500106628670278,0.8246676788897338,0.06308483290953054,0.31211056589416947,0.29758375559817396,-2.0794421170174084,2.0794421170174084,12.781511325328001,1.2195919658655528e-09,0.0,2.3124835379917386e-12,6.151389968326004e-07
feature_informed,0,52,0.4432256816970203,0.15001066288490225,0.8246676789879968,0.0630848329359081,0.3121105660246717,0.2975837431517383,-2.0794421294638443,2.0794421294638443,12.781740446951703,1.1692463245733205e-09,0.0,2.0219936835985663e-12,6.458959466742304e-07
feature_informed,0,53,0.4432256816952612,0.15001066290199722,0.8246676790819745,0.06308483296113535,0.31211056614948285,0.2975837312655484,-2.079442141350034,2.079442141350034,12.781955017669238,1.1182559168282742e-09,0.0,1.7590928713673293e-12,6.78190744007942e-07
feature_informed,0,54,0.4432256816937389,0.15001066291830337,0.8246676791716158,0.0630848329851985,0.3121105662685347,0.29758371994339694,-2.0794421526721854,2.0794421526721854,12.782155774818442,1.0666560572146926e-09,0.0,1.5223378113660146e-12,7.121002812083392e-07
feature_informed,0,55,0.4432256816924293,0.15001066293381232,0.8246676792568747,0.06308483300808529,0.3121105663817665,0.29758370918858257,-2.079442163427,2.079442163427,12.78234337781215,1.0145102477263606e-09,0.0,1.3095635686966034e-12,7.477052952687561e-07
feature_informed,0,56,0.44322568169131,0.1500106629485172,0.8246676793377131,0.06308483302978543,0.3121105664891274,0.2975836990036156,-2.079442173611967,2.079442173611967,12.782518422315007,9.6190899001329e-10,0.0,1.1193268534270828e-12,7.85090560032194e-07
feature_informed,0,57,0.44322568169035964,0.15001066296241275,0.8246676794141025,0.06308483305029126,0.31211056659057945,0.29758368938994006,-2.0794421832256424,2.0794421832256424,12.782681452310188,9.089687375465168e-10,0.0,9.50350909079134e-13,8.243450880338038e-07
feature_informed,0,58,0.4432256816895586,0.15001066297549595,0.8246676794860259,0.06308483306959832,0.3121105666861006,0.2975836803476695,-2.079442192267913,2.079442192267913,12.78283297042997,8.558304968362953e-10,0.0,8.010259122670504e-13,8.65562342435494e-07
feature_informed,0,59,0.4432256816888891,0.15001066298776633,0.8246676795534811,0.06308483308770586,0.3121105667756872,0.2975836718753423,-2.07944220074024,2.07944220074024,12.782973446913513,8.02658388124175e-10,0.0,6.695199950002007e-13,9.088404595572688e-07
feature_informed,0,60,0.443225681688334,0.15001066299922616,0.8246676796164802,0.06308483310461727,0.31211056685935595,0.2975836639696947,-2.079442208645888,2.079442208645888,12.78310332738213,7.49637812925061e-10,0.0,5.551115123125783e-13,9.542824825351322e-07
feature_informed,0,61,0.44322568168787796,0.1500106630098809,0.8246676796750535,0.06308483312034059,0.31211056693714667,0.2975836566254602,-2.079442215990122,2.079442215990122,12.783223039646755,6.969731444089969e-10,0.0,4.56024107364783e-13,1.001996606661889e-06
feature_informed,0,62,0.4432256816875072,0.15001066301973934,0.8246676797292493,0.06308483313488886,0.3121105670091238,0.29758364983519575,-2.079442222780387,2.079442222780387,12.783332999625081,6.448851146196959e-10,0.0,3.7075897907357103e-13,1.0520964369949834e-06
feature_informed,0,63,0.44322568168720866,0.15001066302881394,0.8246676797791359,0.0630848331482803,0.31211056707537765,0.2975836435891416,-2.079442229026441,2.079442229026441,12.783433616482451,5.936075919406862e-10,0.0,2.985389713217046e-13,1.1047012588447325e-06
feature_informed,0,64,0.4432256816869711,0.1500106630371207,0.8246676798248015,0.06308483316053874,0.312110567136026,0.2975836378751199,-2.079442234740463,2.079442234740463,12.783525297029694,5.43383857528334e-10,0.0,2.375877272697835e-13,1.1599363217869692e-06
feature_informed,0,65,0.44322568168678433,0.15001066304467967,0.824667679866356,0.06308483317169354,0.31211056719121405,0.29758363267847715,-2.0794422399371055,2.0794422399371055,12.783608449396487,4.944622817834016e-10,0.0,1.8673951274195133e-13,1.2179331378763177e-06
feature_informed,0,66,0.44322568168663934,0.15001066305151442,0.8246676799039294,0.06308483318177968,0.31211056724111497,0.2975836279820765,-2.079442244633506,2.079442244633506,12.783683485987522,4.470915631659325e-10,0.0,1.4499512701604544e-13,1.2788297947701336e-06
feature_informed,0,67,0.44322568168652837,0.15001066305765245,0.8246676799376726,0.06308483319083764,0.312110567285929,0.2975836237663443,-2.0794422488492383,2.0794422488492383,12.783750825699542,4.015154277596786e-10,0.0,1.109667913112844e-13,1.3427712845086404e-06
feature_informed,0,68,0.4432256816864446,0.15001066306312474,0.8246676799677559,0.06308483319891318,0.31211056732588255,0.2975836200093739,-2.0794422526062086,2.0794422526062086,12.783810895364825,3.5796703534964245e-10,0.0,8.376632720796806e-14,1.4099098487340724e-06
feature_informed,0,69,0.44322568168638243,0.15001066306796562,0.8246676799943682,0.06308483320605693,0.312110567361226,0.2975836166870908,-2.0794422559284915,2.0794422559284915,12.78386413042566,3.1666310965436855e-10,0.0,6.217248937900877e-14,1.480405341170776e-06
feature_informed,0,70,0.4432256816863371,0.15001066307221236,0.8246676800177142,0.0630848332123239,0.3121105673922317,0.2975836137734778,-2.0794422588421044,2.0794422588421044,12.78391097478,2.777980100696051e-10,0.0,4.5352610555937645e-14,1.554425608229315e-06
feature_informed,0,71,0.44322568168630455,0.1500106630759048,0.8246676800380129,0.06308483321777286,0.3121105674191903,0.2975836112408612,-2.079442261374721,2.079442261374721,12.783951879817883,2.4153798017868515e-10,0.0,3.2529534621517087e-14,1.6321468886407807e-06
feature_informed,0,72,0.4432256816862816,0.15001066307908476,0.8246676800554944,0.06308483322246558,0.3121105674424074,0.29758360906025066,-2.079442263555332,2.079442263555332,12.783987302619726,2.0801587667727563e-10,0.0,2.2926105458509483e-14,1.7137542330728197e-06
feature_informed,0,73,0.44322568168626597,0.1500106630817956,0.8246676800703969,0.06308483322646598,0.3121105674621993,0.29758360720172783,-2.0794422654138547,2.0794422654138547,12.78401770339509,1.7732654366484507e-10,0.0,1.5654144647214707e-14,1.7994419447264608e-06
feature_informed,0,74,0.4432256816862553,0.15001066308408137,0.8246676800829628,0.06308483322983914,0.3121105674788879,0.2975836056348732,-2.0794422669807093,2.0794422669807093,12.78404354219991,1.4952321732038663e-10,0.0,1.0658141036401503e-14,1.8894140419627839e-06
feature_informed,0,75,0.4432256816862484,0.1500106630859864,0.8246676800934355,0.06308483323265038,0.3121105674927964,0.2975836043292167,-2.079442268286366,2.079442268286366,12.784065275041426,1.2461514589428134e-10,1.3877787807814457e-17,6.938893903907228e-15,1.983884744060923e-06
feature_informed,0,76,0.4432256816862438,0.15001066308755434,0.824667680102055,0.06308483323496424,0.31211056750424415,0.2975836032546996,-2.0794422693608827,2.0794422693608827,12.784083349527451,1.0256669988893854e-10,0.0,4.551914400963142e-15,2.0830789812639692e-06
feature_informed,0,77,0.44322568168624105,0.15001066308882774,0.8246676801090554,0.06308483323684339,0.3121105675135412,0.29758360238212833,-2.079442270233454,2.079442270233454,12.784098200219699,8.329826050043414e-11,0.0,2.7755575615628914e-15,2.187232930327168e-06
feature_informed,0,78,0.44322568168623927,0.1500106630898472,0.8246676801146597,0.06308483323834785,0.3121105675209845,0.2975836016836013,-2.079442270931981,2.079442270931981,12.784110243906976,6.668865626597454e-11,0.0,1.7763568394002505e-15,2.2965945768435266e-06
feature_informed,0,79,0.4432256816862384,0.150010663090651,0.8246676801190786,0.06308483323953401,0.312110567526853,0.2975836011328941,-2.079442271482688,2.079442271482688,12.78411987506698,5.2579476751782036e-11,0.0,8.881784197001252e-16,2.411424305685703e-06
feature_informed,0,80,0.4432256816862379,0.15001066309127445,0.8246676801225059,0.06308483324045401,0.3121105675314047,0.29758360070578377,-2.079442271909799,2.079442271909799,12.784127461683973,4.0780890153262664e-11,0.0,4.996003610813204e-16,2.5319955209699886e-06
feature_informed,0,81,0.44322568168623744,0.1500106630917495,0.8246676801251176,0.06308483324115513,0.31211056753487343,0.29758360038029874,-2.079442272235284,2.079442272235284,12.784133341716796,3.10787476898183e-11,0.0,4.440892098500626e-16,2.6585952970184882e-06
feature_informed,0,82,0.44322568168623727,0.15001066309210484,0.8246676801270709,0.06308483324167946,0.3121105675374676,0.2975836001368879,-2.0794422724786945,2.0794422724786945,12.784137820387755,2.3242606775572046e-11,0.0,1.6653345369377348e-16,2.791525061869413e-06
feature_informed,0,83,0.4432256816862372,0.15001066309236524,0.8246676801285024,0.06308483324206374,0.3121105675393688,0.29758359995849903,-2.0794422726570834,2.0794422726570834,12.784141168430091,1.7034202319354967e-11,1.3877787807814457e-17,5.551115123125783e-17,2.9311013149628834e-06
feature_informed,0,84,0.44322568168623716,0.15001066309255198,0.8246676801295291,0.06308483324233934,0.3121105675407323,0.2975835998305723,-2.0794422727850104,2.0794422727850104,12.78414362141453,1.2215792820947002e-11,0.0,5.551115123125783e-17,3.0776563807110278e-06
feature_informed,0,85,0.44322568168623716,0.15001066309268282,0.8246676801302483,0.06308483324253239,0.3121105675416874,0.2975835997409517,-2.0794422728746307,2.0794422728746307,12.784145380141055,8.557996721546511e-12,0.0,0.0,3.2315391997465794e-06
feature_informed,0,86,0.4432256816862372,0.1500106630927722,0.8246676801307397,0.0630848332426643,0.31211056754234,0.29758359967972764,-2.079442272935855,2.079442272935855,12.784146612055924,5.846431917746462e-12,0.0,-5.551115123125783e-17,3.3931161597339083e-06
feature_informed,0,87,0.44322568168623716,0.15001066309283162,0.8246676801310663,0.06308483324275198,0.31211056754277383,0.29758359963902264,-2.07944227297656,2.07944227297656,12.784147453550045,3.887034978230985e-12,0.0,5.551115123125783e-17,3.562771967720604e-06
feature_informed,0,88,0.44322568168623716,0.15001066309286998,0.8246676801312772,0.06308483324280859,0.3121105675430539,0.2975835996127424,-2.07944227300284,2.07944227300284,12.784148012980848,2.509589991106177e-12,1.3877787807814457e-17,0.0,3.7409105661066343e-06
feature_informed,0,89,0.44322568168623716,0.150010663092894,0.8246676801314091,0.063084833242844,0.3121105675432291,0.29758359959630587,-2.0794422730192768,2.0794422730192768,12.784148374148522,1.5695710841420294e-12,0.0,0.0,3.927956094411966e-06
feature_informed,0,90,0.4432256816862372,0.15001066309290848,0.8246676801314888,0.0630848332428654,0.312110567543335,0.2975835995863747,-2.079442273029208,2.079442273029208,12.784148600028178,9.483570886469848e-13,0.0,-5.551115123125783e-17,4.1243538991325645e-06
feature_informed,0,91,0.4432256816862372,0.1500106630929169,0.8246676801315352,0.06308483324287785,0.31211056754339656,0.2975835995805955,-2.079442273034987,2.079442273034987,12.784148736504749,5.518826969253446e-13,0.0,0.0,4.330571594089193e-06
feature_informed,0,92,0.44322568168623716,0.15001066309292163,0.8246676801315611,0.0630848332428848,0.312110567543431,0.2975835995773675,-2.079442273038215,2.079442273038215,12.784148815923583,3.082486199663269e-13,0.0,5.551115123125783e-17,4.547100173793653e-06
feature_informed,0,93,0.44322568168623716,0.15001066309292413,0.8246676801315749,0.06308483324288851,0.3121105675434493,0.29758359957564395,-2.0794422730399384,2.0794422730399384,12.784148860282315,1.6458601918357131e-13,0.0,0.0,4.774455182483336e-06
feature_informed,0,94,0.4432256816862371,0.1500106630929254,0.8246676801315819,0.0630848332428904,0.3121105675434586,0.2975835995747681,-2.079442273040814,2.079442273040814,12.784148883967234,8.364359093867732e-14,0.0,5.551115123125783e-17,5.013177941607503e-06
feature_informed,0,95,0.4432256816862371,0.15001066309292602,0.8246676801315852,0.06308483324289131,0.31211056754346317,0.29758359957434666,-2.079442273041236,2.079442273041236,12.784148896003503,4.02400446254604e-14,0.0,0.0,5.263836838687878e-06
feature_informed,0,96,0.4432256816862371,0.1500106630929263,0.8246676801315868,0.06308483324289171,0.31211056754346517,0.29758359957415603,-2.0794422730414266,2.0794422730414266,12.78414890179516,1.8206645203181678e-14,0.0,0.0,5.527028680622272e-06
feature_informed,0,97,0.44322568168623716,0.15001066309292643,0.8246676801315875,0.06308483324289188,0.312110567543466,0.2975835995740754,-2.079442273041507,2.079442273041507,12.784148904414254,7.699667488019129e-15,0.0,-5.551115123125783e-17,5.803380114653386e-06
feature_informed,0,98,0.44322568168623716,0.15001066309292646,0.8246676801315876,0.06308483324289196,0.3121105675434664,0.29758359957404384,-2.0794422730415385,2.0794422730415385,12.784148905523164,3.0159567757190357e-15,0.0,0.0,6.093549120386055e-06
feature_informed,0,99,0.44322568168623716,0.1500106630929265,0.8246676801315879,0.06308483324289199,0.31211056754346655,0.2975835995740326,-2.0794422730415496,2.0794422730415496,12.784148905956242,1.078254507440318e-15,0.0,0.0,6.3982265764053585e-06
feature_informed,0,100,0.4432256816862372,0.15001066309292652,0.824667680131588,0.06308483324289199,0.31211056754346655,0.2975835995740288,-2.0794422730415536,2.0794422730415536,12.784148906111236,3.574861707468894e-16,0.0,-5.551115123125783e-17,6.7181379052256266e-06
feature_informed,0,101,0.44322568168623716,0.15001066309292652,0.824667680131588,0.06308483324289199,0.31211056754346655,0.29758359957402775,-2.079442273041555,2.079442273041555,12.784148906163281,9.961750584727846e-17,0.0,5.551115123125783e-17,7.054044800486908e-06
feature_informed,0,102,0.4432256816862372,0.15001066309292652,0.824667680131588,0.063084833242892,0.3121105675434666,0.2975835995740275,-2.079442273041555,2.079442273041555,12.784148906177826,2.1804419476576208e-17,0.0,-5.551115123125783e-17,7.406747040511254e-06
feature_informed,0,103,0.4432256816862372,0.15001066309292652,0.824667680131588,0.063084833242892,0.3121105675434666,0.2975835995740275,-2.079442273041555,2.079442273041555,12.78414890618125,8.99548989984067e-19,0.0,0.0,7.777084392536816e-06
feature_informed,0,104,0.4432256816862372,0.15001066309292652,0.824667680131588,0.063084833242892,0.3121105675434666,0.2975835995740275,-2.079442273041555,2.079442273041555,12.784148906181066,6.437450399132683e-19,0.0,0.0,8.165938612163657e-06
feature_informed,0,105,0.44322568168623716,0.15001066309292652,0.824667680131588,0.06308483324289199,0.31211056754346655,0.2975835995740275,-2.079442273041555,2.079442273041555,12.784148906181198,1.4263189785738323e-17,1.3877787807814457e-17,5.551115123125783e-17,8.57423554277184e-06
feature_informed,0,106,0.4432256816862372,0.15001066309292652,0.824667680131588,0.063084833242892,0.3121105675434666,0.29758359957402747,-2.079442273041555,2.079442273041555,12.784148906180526,6.074920297707842e-18,0.0,-5.551115123125783e-17,9.002947319910433e-06
feature_informed,0,107,0.4432256816862372,0.15001066309292652,0.824667680131588,0.063084833242892,0.3121105675434666,0.2975835995740274,-2.0794422730415554,2.0794422730415554,12.784148906181763,5.06610405752797e-18,0.0,0.0,9.453094685905955e-06
feature_informed,0,108,0.4432256816862372,0.15001066309292652,0.824667680131588,0.063084833242892,0.3121105675434666,0.2975835995740274,-2.079442273041555,2.079442273041555,12.784148906182793,1.734723475976807e-18,0.0,0.0,9.925749420201254e-06
feature_informed,0,109,0.4432256816862372,0.15001066309292652,0.824667680131588,0.063084833242892,0.3121105675434666,0.2975835995740275,-2.079442273041555,2.079442273041555,12.78414890618244,5.89534931288993e-18,1.3877787807814457e-17,0.0,1.0422036891211317e-05
feature_informed,0,110,0.4432256816862372,0.15001066309292652,0.824667680131588,0.063084833242892,0.3121105675434666,0.2975835995740274,-2.0794422730415554,2.0794422730415554,12.784148906181242,7.40984422258062e-18,0.0,0.0,1.0943138735771884e-05
feature_informed,0,111,0.44322568168623716,0.15001066309292652,0.824667680131588,0.06308483324289199,0.31211056754346655,0.2975835995740275,-2.079442273041555,2.079442273041555,12.784148906182748,1.0625181290357943e-17,1.3877787807814457e-17,5.551115123125783e-17,1.149029567256048e-05
feature_informed,0,112,0.4432256816862372,0.15001066309292652,0.824667680131588,0.063084833242892,0.3121105675434666,0.2975835995740273,-2.0794422730415554,2.0794422730415554,12.784148906180587,1.6207128412763783e-17,0.0,-5.551115123125783e-17,1.2064810456188504e-05
feature_informed,0,113,0.4432256816862372,0.15001066309292652,0.824667680131588,0.063084833242892,0.3121105675434666,0.2975835995740276,-2.079442273041555,2.079442273041555,12.784148906183885,2.1911742335918474e-17,0.0,0.0,1.2668050978997929e-05
feature_informed,0,114,0.44322568168623716,0.15001066309292652,0.824667680131588,0.06308483324289199,0.31211056754346655,0.2975835995740275,-2.079442273041555,2.079442273041555,12.784148906180434,1.3995009740333082e-17,1.3877787807814457e-17,5.551115123125783e-17,1.3301453527947826e-05
feature_informed,0,115,0.4432256816862372,0.15001066309292652,0.824667680131588,0.063084833242892,0.3121105675434666,0.2975835995740274,-2.079442273041555,2.079442273041555,12.784148906180803,9.278398904223606e-18,0.0,-5.551115123125783e-17,1.3966526204345218e-05
feature_informed,0,116,0.4432256816862372,0.15001066309292652,0.824667680131588,0.063084833242892,0.3121105675434666,0.2975835995740276,-2.079442273041555,2.079442273041555,12.784148906182692,1.8372479530894936e-17,0.0,0.0,1.466485251456248e-05
feature_informed,0,117,0.4432256816862372,0.15001066309292652,0.824667680131588,0.063084833242892,0.3121105675434666,0.2975835995740274,-2.079442273041555,2.079442273041555,12.78414890618024,1.7572341705507952e-17,0.0,0.0,1.5398095140290605e-05
feature_informed,0,118,0.4432256816862372,0.15001066309292652,0.824667680131588,0.063084833242892,0.3121105675434666,0.29758359957402747,-2.079442273041555,2.079442273041555,12.784148906182434,5.1906179007743525e-18,1.3877787807814457e-17,0.0,1.6167999897305134e-05
feature_informed,0,119,0.4432256816862372,0.15001066309292652,0.824667680131588,0.063084833242892,0.3121105675434666,0.2975835995740274,-2.079442273041555,2.079442273041555,12.784148906181377,6.3103954570445375e-18,0.0,0.0,1.697639989217039e-05
