initialization_kind,initialization_seed,iteration,total_objective,feature_raw,feature_normalized,gw_raw,gw_normalized,coverage_loss,entropy_loss,shannon_plan_entropy,gradient_norm,step_norm,source_marginal_feasibility_error,objective_improvement,learning_rate
uniform,0,0,0.9527151508703335,0.16041444350459846,0.8818613574328953,0.20215657825760994,1.0001643997329108,0.11702272287430426,-3.7514339279723656,3.7514339279723656,11.208677483575954,0.0721937974474268,8.326672684688674e-17,0.04728484912504427,0.05
uniform,0,1,0.9459455400459498,0.16155760464052168,0.8881457643046549,0.1990705632042187,0.9848964207235481,0.09424447531848308,-3.764344413738388,3.764344413738388,10.725965161340381,0.022690549298072037,8.326672684688674e-17,0.006769610824383765,0.052500000000000005
uniform,0,2,0.93141141342441,0.15908939798190835,0.8745770604720272,0.19505353396225408,0.965022273292247,0.11611746542272873,-3.6959191999254384,3.6959191999254384,10.800841855099668,0.024734279142578804,8.326672684688674e-17,0.014534126621539745,0.05512500000000001
uniform,0,3,0.8809278075733314,0.15935632579825132,0.8760444677784651,0.1750616937427641,0.8661131650899777,0.09848991139110085,-3.537033798489446,3.537033798489446,10.76938648900922,0.04368960465546245,1.1102230246251565e-16,0.05048360585107858,0.05788125000000001
uniform,0,4,0.8148322717116397,0.162335379187941,0.8924214972323091,0.1457066363905965,0.7208797842679977,0.08181630961486301,-3.36478547015539,3.36478547015539,10.902941652998202,0.05225047128439831,2.7755575615628914e-17,0.0660955358616917,0.06077531250000001
uniform,0,5,0.7494361937114888,0.16625533671740106,0.9139710472135105,0.1142099343240905,0.5650506720648312,0.09925334072317979,-3.15122631656031,3.15122631656031,11.137431600428728,0.058644893522085864,2.7755575615628914e-17,0.0653960780001509,0.06381407812500002
uniform,0,6,0.7225959306221371,0.16371871329349452,0.9000262294836895,0.10546101673784318,0.5217656304333336,0.11700000663625532,-3.0526696337846264,3.0526696337846264,11.451529197775908,0.037739550680272155,5.551115123125783e-17,0.026840263089351724,0.06700478203125003
uniform,0,7,0.7094628730799698,0.16083258903266276,0.8841600680410376,0.1025329617116748,0.5072791545398765,0.13743261789512645,-3.0067798122308136,3.0067798122308136,11.470020396971906,0.03093075947055687,2.7755575615628914e-17,0.013133057542167315,0.07035502113281253
uniform,0,8,0.6929272001442135,0.15948973481647902,0.8767778696800507,0.09684252742126141,0.4791258792651124,0.14975325671632006,-2.944826647127933,2.944826647127933,11.433001469800661,0.033105490914785755,2.7755575615628914e-17,0.016535672935756307,0.07387277218945316
uniform,0,9,0.6655036071893689,0.15886399925520353,0.8733379549229695,0.08614981376400867,0.4262239572564503,0.15722651099658938,-2.805802815690557,2.805802815690557,11.419703562030739,0.041871254829765184,2.7755575615628914e-17,0.027423592954844644,0.07756641079892583
uniform,0,10,0.6498950320180902,0.15583782926245274,0.8567019069504351,0.08182566668876451,0.40483035235304127,0.19128902366351977,-2.6766921315163215,2.6766921315163215,11.426211923271927,0.029911171590099775,1.3877787807814457e-17,0.015608575171278671,0.08144473133887213
uniform,0,11,0.6458247147369715,0.1540001112080748,0.8465992472234997,0.08161380113390138,0.4037821530447123,0.20634014602865536,-2.645325004128889,2.645325004128889,11.37492286691602,0.01925826480212776,0.0,0.004070317281118729,0.08551696790581574
uniform,0,12,0.6420492075673685,0.15290065410976117,0.840555098654482,0.08096113739359853,0.40055311620765427,0.21495100136300435,-2.6096927632301217,2.6096927632301217,11.362048155469791,0.01810322896262785,1.3877787807814457e-17,0.003775507169602954,0.08979281630110653
uniform,0,13,0.6380484270555352,0.15253703402056407,0.8385561358526066,0.07982661782555159,0.3949401102271368,0.2130030401566355,-2.5863575392613383,2.5863575392613383,11.353592641827234,0.018931312073123527,0.0,0.0040007805118332795,0.09428245711616186
uniform,0,14,0.6325699869387179,0.15236508802961365,0.8376108810384394,0.07793754201189766,0.3855939568963979,0.20967567971299284,-2.547183527833812,2.547183527833812,11.35245748778766,0.022320860109090228,2.7755575615628914e-17,0.005478440116817307,0.09899657997196995
uniform,0,15,0.6264184836579493,0.15302741789934685,0.8412519691177339,0.07526795100110185,0.3723862249795937,0.1959938660928546,-2.5103834169201424,2.5103834169201424,11.349783360176593,0.02347461238637192,2.7755575615628914e-17,0.006151503280768633,0.1
uniform,0,16,0.6188122847125076,0.15370581007981862,0.8449813580435233,0.071968028871074,0.3560599462861601,0.18291632547666017,-2.4494969616123226,2.4494969616123226,11.35123790811272,0.026577594769184545,2.7755575615628914e-17,0.007606198945441678,0.1
uniform,0,17,0.6136306355807571,0.15329139119284482,0.8427031342487807,0.07020369907990172,0.34733097064891894,0.1861358313190729,-2.389105986426037,2.389105986426037,11.351795163395577,0.020047984542471597,1.3877787807814457e-17,0.005181649131750454,0.1
uniform,0,18,0.6104338040586392,0.15369052986871823,0.8448973567066831,0.06873439132156019,0.3400616088264612,0.17954321292067077,-2.3584187775487147,2.3584187775487147,11.345291841723638,0.0174867766959005,2.7755575615628914e-17,0.0031968315221179155,0.1
uniform,0,19,0.6072576211405774,0.1536907835260781,0.8448987511610652,0.06743130000184999,0.333614598500068,0.18000946310010782,-2.3212673766034304,2.3212673766034304,11.342088132525793,0.0166234443980303,1.3877787807814457e-17,0.003176182918061876,0.1
uniform,0,20,0.6041075493380845,0.1533232965146054,0.8428785303648813,0.0662850166125383,0.32794339132058276,0.1869658849535244,-2.2861012658944273,2.2861012658944273,11.334646464273714,0.017407423321013686,1.3877787807814457e-17,0.0031500718024928265,0.1
uniform,0,21,0.6007873143445572,0.1527630192854588,0.8397984658330374,0.06521373950898976,0.3226432757841352,0.19566443535970937,-2.235362117392543,2.235362117392543,11.323553733242468,0.01698367607393606,0.0,0.0033202349935272935,0.1
uniform,0,22,0.5985471114621194,0.1518395353987237,0.8347217112956552,0.06494582210812702,0.3213177614292651,0.205273750996592,-2.1990298839492866,2.1990298839492866,11.30907252195757,0.014863025190566948,1.3877787807814457e-17,0.0022402028824378695,0.1
uniform,0,23,0.59689230229763,0.15132857709602152,0.8319127723212814,0.0646139952250628,0.31967605657763143,0.2109788784817351,-2.1660469941338474,2.1660469941338474,11.287416839782352,0.011771171166091454,0.0,0.001654809164489346,0.1
uniform,0,24,0.5964284854499409,0.1512208263231076,0.831320423896848,0.06452018139180334,0.3192119150837592,0.2116231595963727,-2.1654027130192097,2.1654027130192097,11.269608509833624,0.007048449209573992,0.0,0.0004638168476891469,0.1
uniform,0,25,0.596080319079974,0.1511274154032454,0.8308069072908051,0.06443435537103778,0.31878729308391973,0.21283218892611613,-2.1641936836894664,2.1641936836894664,11.2618936572683,0.00611041671872055,0.0,0.00034816636996681805,0.1
uniform,0,26,0.5958206412645042,0.1510466662668856,0.8303629974941181,0.06435679717871666,0.318403575949727,0.21437354542581646,-2.162652327189766,2.162652327189766,11.254334217972282,0.00528215409465158,0.0,0.000259677815469872,0.1
uniform,0,27,0.5956287308180341,0.15097716495365604,0.8299809214098892,0.06428754305619185,0.3180609429843243,0.21607798620927268,-2.16094788640631,2.16094788640631,11.24709536348748,0.0045463848012356235,0.0,0.00019191044647004496,0.1
uniform,0,28,0.5954884550988353,0.15091766377776286,0.8296538200180467,0.0642264164200808,0.31775852054603104,0.21782284816796485,-2.1592030244476175,2.1592030244476175,11.24029246827151,0.0038922320912551443,0.0,0.00014027571919883464,0.1
uniform,0,29,0.5953871569667735,0.15086702762667534,0.8293754531580704,0.06417306223246334,0.3174945520939946,0.2195215434074104,-2.157504329208172,2.157504329208172,11.234005282278005,0.003312332055323011,1.3877787807814457e-17,0.00010129813206183336,0.1
uniform,0,30,0.5953149253042714,0.15082420654419923,0.8291400488073515,0.06412698480655427,0.31726658523077006,0.22111608285210596,-2.1559097897634767,2.1559097897634767,11.228284496663585,0.0028011142451200505,0.0,7.223166250203139e-05,0.1
uniform,0,31,0.5952640684969707,0.1507882242892725,0.8289422401843874,0.06408758763077474,0.31707166873087517,0.22257114039339412,-2.1544547322221885,2.1544547322221885,11.223155356515614,0.0023537566315147565,0.0,5.08568073007698e-05,0.1
uniform,0,32,0.5952286988412568,0.15075817611587689,0.8287770535440817,0.06405421285245931,0.31690654788540096,0.22386898126515478,-2.1531568913504278,2.1531568913504278,11.218620602484878,0.0019655824110762117,1.3877787807814457e-17,3.536965571382389e-05,0.1
uniform,0,33,0.5952043838053693,0.15073323101344419,0.8286399204941394,0.06402617777905299,0.3167678450907327,0.2250050101293337,-2.152020862486249,2.152020862486249,11.214663759230655,0.0016317682255980522,0.0,2.431503588751216e-05,0.1
uniform,0,34,0.5951878459004067,0.15071263506952384,0.8285266964809744,0.06400280611167308,0.31665221437578267,0.22598390472028138,-2.1510419678953014,2.1510419678953014,11.211253018837875,0.0013472707500847081,0.0,1.6537904962588e-05,0.1
uniform,0,35,0.5951767053771351,0.15069571381582328,0.828433673686818,0.06398345243528633,0.3165564625665028,0.22681637250474726,-2.1502095001108352,2.1502095001108352,11.20834551404486,0.001106893194778182,1.3877787807814457e-17,1.1140523271668812e-05,0.1
uniform,0,36,0.5951692643430142,0.15068187244941558,0.8283575822457835,0.06396751947075839,0.31647763463995005,0.22751655900147436,-2.149509313614108,2.149509313614108,11.205891578542003,0.0009054242997745972,0.0,7.441034120869716e-06,0.1
uniform,0,37,0.5951643309672112,0.15067059363440724,0.8282955781587686,0.06395446848051349,0.31641306520601564,0.22810009284819158,-2.148925779767391,2.148925779767391,11.203838591507981,0.0007377966076790449,0.0,4.933375802984585e-06,0.1
uniform,0,38,0.595161080873054,0.15066143314204886,0.8282452193254278,0.06394382384116129,0.3163604011303777,0.22858270645151205,-2.1484431661640704,2.1484431661640704,11.20213412312903,0.000599227860519714,0.0,3.2500941572477515e-06,0.1
uniform,0,39,0.5951589512158378,0.15065401388313868,0.8282044327379439,0.06393517310264617,0.3163176018271406,0.22897933933295597,-2.148046533282627,2.148046533282627,11.200728257598417,0.0004853261669209659,0.0,2.1296572161322302e-06,0.1
uniform,0,40,0.5951575620223982,0.15064801897429939,0.8281714763636224,0.06392816388728233,0.316282923916892,0.22930361882141057,-2.147722253794172,2.147722253794172,11.199575111209471,0.00039215320064285136,1.3877787807814457e-17,1.3891934396159655e-06,0.1
uniform,0,41,0.5951566592348453,0.15064318442912814,0.8281448989652651,0.06392249883243903,0.3162548962057701,0.2295676164932768,-2.147458256122306,2.147458256122306,11.198633656898304,0.0003162487392839918,0.0,9.027875529366014e-07,0.1
uniform,0,42,0.5951560743601689,0.1506392919436573,0.828123500440007,0.06391792954029363,0.3162322897520242,0.2297817926415324,-2.14724407997405,2.14724407997405,11.197868009784289,0.00025462449501178076,0.0,5.848746763570389e-07,0.1
uniform,0,43,0.5951556964087148,0.15063616210404382,0.8281062944793105,0.06391425023892908,0.3162140865044602,0.2299550591682941,-2.1470708134472885,2.1470708134472885,11.197247332272674,0.00020473649471949287,0.0,3.779514541335516e-07,0.1
uniform,0,44,0.5951554526793877,0.15063364821418104,0.8280924746369174,0.06391129162530618,0.3161994488407062,0.23009490940575897,-2.1469309632098237,2.1469309632098237,11.19674549773489,0.00016444452821115998,0.0,2.4372932705407635e-07,0.1
uniform,0,45,0.5951552957708726,0.15063163083654132,0.8280813843177107,0.06390891517238217,0.31618769140183034,0.2302075791110205,-2.146818293504562,2.146818293504562,11.196340622206227,0.00013196549264167144,0.0,1.569085151809091e-07,0.1
uniform,0,46,0.5951551948941247,0.1506300130642756,0.8280724907865853,0.06390700804354674,0.31617825593164506,0.23029821535009484,-2.1467276572654876,2.1467276572654876,11.196014543067616,0.0001058255578046121,0.0,1.0087674784386991e-07,0.1
uniform,0,47,0.5951551301119804,0.15062871649348433,0.8280653630264347,0.06390547866228127,0.3161706893577125,0.23037103919906757,-2.146654833416515,2.146654833416515,11.195752297183992,8.481436486917812e-05,1.3877787807814457e-17,6.478214431560048e-08,0.1
uniform,0,48,0.5951550885465652,0.15062767783620054,0.8280596531183855,0.06390425292461283,0.31616462505255877,0.23042949461093135,-2.1465963780046513,2.1465963780046513,11.195541630250872,6.794311458645949e-05,1.3877787807814457e-17,4.1565415220823354e-08,0.1
uniform,0,49,0.5951550618965823,0.15062684610125446,0.8280550807439,0.06390327100729679,0.31615976704224097,0.23047638003511847,-2.1465494925804642,2.1465494925804642,11.195372554128934,5.440741968509838e-05,0.0,2.664998288715026e-08,0.1
uniform,0,50,0.5951550448196101,0.15062618026684252,0.8280514203899723,0.06390248470772619,0.3161558768456181,0.23051396201814908,-2.1465119105974337,2.1465119105974337,11.195236958846868,4.355514032711398e-05,0.0,1.7076972169682847e-08,0.1
uniform,0,51,0.5951550338819782,0.1506256473714437,0.8280484908541431,0.06390185524608721,0.3161527626005723,0.2305440715462049,-2.1464818010693776,2.1464818010693776,11.19512827960001,3.4859018185574174e-05,0.0,1.0937631911289714e-08,0.1
uniform,0,52,0.5951550268791411,0.15062522095594064,0.8280461466802261,0.06390135146171542,0.316150270140529,0.2305681846876351,-2.1464576879279478,2.1464576879279478,11.195041215404954,2.7893702608778153e-05,1.3877787807814457e-17,7.002837087988212e-09,0.1
uniform,0,53,0.5951550223969014,0.1506248797975497,0.8280442711982238,0.063900948340841,0.316148275710514,0.23058748942532517,-2.1464383831902576,2.1464383831902576,11.194971494219564,2.231666210686758e-05,0.0,4.482239690517531e-09,0.1
uniform,0,54,0.5951550195286832,0.15062460688426835,0.8280427708864594,0.06390062581990259,0.316146680046581,0.2306029406216298,-2.1464229319939525,2.1464229319939525,11.194915678649123,1.7852451081176227e-05,0.0,2.868218218488039e-09,0.1
uniform,0,55,0.5951550176936409,0.15062438858631813,0.8280415708166745,0.06390036781610219,0.3161454035795059,0.23061530495550678,-2.1464105676600758,2.1464105676600758,11.194871006369201,1.4279823457030834e-05,0.0,1.8350423403035165e-09,0.1
uniform,0,56,0.595155016519789,0.15062421398814022,0.8280406109817443,0.06390016144413467,0.3161443825595777,0.23062519749128027,-2.146400675124302,2.146400675124302,11.194835259791892,1.1421230269498281e-05,0.0,1.1738519045678686e-09,0.1
uniform,0,57,0.5951550157689841,0.15062407435072941,0.8280398433399164,0.06389999638467565,0.3161435659322081,0.23063311132921796,-2.1463927612863647,2.1463927612863647,11.194806660082481,9.134293621188953e-06,0.0,7.50804862725829e-10,0.1
uniform,0,58,0.5951550152888105,0.15062396267945252,0.8280392294389379,0.06389986437608032,0.3161429128231248,0.2306394415777915,-2.146386431037791,2.146386431037791,11.194783781274952,7.304906519051991e-06,1.3877787807814457e-17,4.80173567574127e-10,0.1
uniform,0,59,0.5951550149817421,0.15062387337702507,0.8280387385083323,0.06389975880580291,0.31614239051693005,0.23064450469110834,-2.1463813679244743,2.1463813679244743,11.19476548086508,5.841662264365456e-06,0.0,3.070684817529923e-10,0.1
uniform,0,60,0.5951550147853857,0.15062380196510428,0.828038345928886,0.06389967438232413,0.3161419728339701,0.23064855403957654,-2.1463773185760058,2.1463773185760058,11.194750843841446,4.671365996658839e-06,0.0,1.963563756035569e-10,0.1
uniform,0,61,0.5951550146598311,0.15062374486108196,0.8280380320055913,0.0638996068719478,0.31614163882814356,0.23065179242963738,-2.146374080185945,2.146374080185945,11.1947391376304,3.7354237946938606e-06,0.0,1.2555456674334664e-10,0.1
uniform,0,62,0.5951550145795519,0.1506236991992306,0.8280377809844155,0.06389955288778394,0.31614137174290047,0.23065438215893955,-2.146371490456643,2.146371490456643,11.194729775876493,2.9869413576320015e-06,0.0,8.027922770992291e-11,0.1
uniform,0,63,0.5951550145282234,0.15062366268745142,0.8280375802647892,0.063899509720663,0.3161411581746951,0.2306564530848124,-2.14636941953077,2.14636941953077,11.194722289357498,2.388395128978826e-06,0.0,5.132849700828501e-11,0.1
uniform,0,64,0.595155014495406,0.15062363349257704,0.8280374197690696,0.06389947520370806,0.31614098740296065,0.23065810909390858,-2.146367763521674,2.146367763521674,11.194716302648958,1.9097643907246508e-06,0.0,3.281741545180239e-11,0.1
uniform,0,65,0.5951550144744243,0.1506236101485631,0.8280372914378334,0.06389944760390283,0.3161408508536439,0.23065943328685626,-2.1463664393287263,2.1463664393287263,11.194711515414664,1.527034026698838e-06,0.0,2.0981660853180983e-11,0.1
uniform,0,66,0.59515501446101,0.1506235914830168,0.8280371888259761,0.06389942553529777,0.31614074166979583,0.23066049213124043,-2.146365380484342,2.146365380484342,11.194707687414388,1.2209950018219972e-06,0.0,1.3414269695033454e-11,0.1
uniform,0,67,0.5951550144524339,0.15062357655841072,0.8280371067795401,0.06389940788955244,0.3161406543679309,0.23066133878698378,-2.146364533828599,2.146364533828599,11.194704626495593,9.762837436337095e-07,0.0,8.576139798321947e-12,0.1
uniform,0,68,0.595155014446951,0.15062356462505325,0.8280370411771755,0.06389939378036052,0.3161405845630718,0.2306620157682733,-2.146363856847309,2.146363856847309,11.194702178978604,7.806130916254364e-07,0.0,5.482947429413798e-12,0.1
uniform,0,69,0.5951550144434457,0.15062355508346867,0.8280369887233281,0.06389938249898947,0.3161405287487826,0.23066255707390235,-2.14636331554168,2.14636331554168,11.194700221960373,6.241567693308605e-07,1.3877787807814457e-17,3.5053071556490067e-12,0.1
uniform,0,70,0.5951550144412047,0.15062354745430687,0.8280369467828218,0.06389937347871581,0.3161404841212139,0.2306629898918676,-2.146362882723715,2.146362882723715,11.19469865715536,4.990568323183342e-07,0.0,2.2409851752058785e-12,0.1
uniform,0,71,0.595155014439772,0.1506235413542776,0.8280369132485591,0.06389936626637877,0.3161404484383645,0.23066333596310226,-2.14636253665248,2.14636253665248,11.194697405967423,3.990295880351434e-07,0.0,1.432631790976302e-12,0.1
uniform,0,72,0.595155014438856,0.15062353647690388,0.8280368864357154,0.06389936049962917,0.31614041990752123,0.2306636126723776,-2.146362259943205,2.146362259943205,11.194696405547251,3.190503411132872e-07,0.0,9.160450176182167e-13,0.1
uniform,0,73,0.5951550144382706,0.1506235325771306,0.8280368649971261,0.06389935588873459,0.3161403970952405,0.23066383392087267,-2.14636203869471,2.14636203869471,11.194695605638612,2.551012241168821e-07,0.0,5.85420600884845e-13,0.1
uniform,0,74,0.5951550144378962,0.15062352945901605,0.8280368478556227,0.06389935220202851,0.31614037885535834,0.23066401082405666,-2.146361861791526,2.146361861791526,11.194694966055799,2.0396950641865644e-07,0.0,3.743672039036028e-13,0.1
uniform,0,75,0.595155014437657,0.15062352696588985,0.8280368341499263,0.06389934925427472,0.3161403642714233,0.23066415226982104,-2.1463617203457614,2.1463617203457614,11.194694454666145,1.6308628728719061e-07,0.0,2.3925306180672123e-13,0.1
uniform,0,76,0.5951550144375038,0.1506235249724824,0.8280368231913807,0.06389934689736253,0.3161403526106617,0.2306642653648258,-2.146361607250757,2.146361607250757,11.19469404577651,1.3039749430359788e-07,0.0,1.5309975509580909e-13,0.1
uniform,0,77,0.595155014437406,0.15062352337863208,0.828036814429358,0.06389934501286662,0.31614034328716734,0.23066435579143443,-2.146361516824148,2.146361516824148,11.194693718842977,1.042607214668995e-07,1.3877787807814457e-17,9.781064846947629e-14,0.1
uniform,0,78,0.5951550144373435,0.1506235221042526,0.8280368074235921,0.06389934350609765,0.3161403358324671,0.23066442809313928,-2.146361444522443,2.146361444522443,11.194693457438994,8.336273395540606e-08,1.3877787807814457e-17,6.250555628639631e-14,0.1
uniform,0,79,0.5951550144373036,0.15062352108530982,0.8280368018220625,0.06389934230134499,0.31614032987198476,0.23066448590279906,-2.1463613867127833,2.1463613867127833,11.194693248430264,6.665350130047672e-08,0.0,3.9968028886505635e-14,0.1
uniform,0,80,0.5951550144372781,0.15062352027060436,0.8280367973433058,0.06389934133807304,0.3161403251062219,0.23066453212514174,-2.146361340490441,2.146361340490441,11.19469308131495,5.329344838364184e-08,0.0,2.5424107263916085e-14,0.1
uniform,0,81,0.5951550144372616,0.15062351961919893,0.8280367937622737,0.0638993405678797,0.3161403212957104,0.23066456908269609,-2.1463613035328866,2.1463613035328866,11.194692947696097,4.261127667886758e-08,0.0,1.6542323066914832e-14,0.1
uniform,0,82,0.5951550144372513,0.15062351909836175,0.8280367908990266,0.06389933995206439,0.3161403182489802,0.23066459863247815,-2.1463612739831044,2.1463612739831044,11.194692840859762,3.407023783243171e-08,0.0,1.0325074129013956e-14,0.1
uniform,0,83,0.5951550144372445,0.15062351868192167,0.8280367886096915,0.0638993394596836,0.3161403158129391,0.23066462225929243,-2.14636125035629,2.14636125035629,11.19469275543771,2.7241166490834105e-08,1.3877787807814457e-17,6.772360450213455e-15,0.1
uniform,0,84,0.5951550144372403,0.1506235183489533,0.8280367867792333,0.0638993390659961,0.3161403138651805,0.23066464115033444,-2.146361231465248,2.146361231465248,11.194692687137684,2.178091742620238e-08,0.0,4.218847493575595e-15,0.1
uniform,0,85,0.5951550144372375,0.15062351808272548,0.8280367853156742,0.06389933875121974,0.3161403123078326,0.23066465625484142,-2.146361216360741,2.146361216360741,11.194692632527756,1.7415124498199174e-08,1.3877787807814457e-17,2.7755575615628914e-15,0.1
uniform,0,86,0.5951550144372358,0.15062351786986072,0.8280367841454728,0.06389933849953752,0.31614031106264145,0.23066466833178687,-2.146361204283796,2.146361204283796,11.194692588863887,1.3924414888964168e-08,0.0,1.6653345369377348e-15,0.1
uniform,0,87,0.5951550144372346,0.15062351769966284,0.828036783209828,0.06389933829830283,0.316140310067038,0.23066467798801651,-2.1463611946275662,2.1463611946275662,11.194692553952045,1.1133386681157134e-08,1.3877787807814457e-17,1.2212453270876722e-15,0.1
uniform,0,88,0.5951550144372341,0.1506235175635797,0.8280367824617254,0.06389933813740387,0.3161403092709946,0.23066468570874019,-2.146361186906842,2.146361186906842,11.19469252603797,8.90179529113729e-09,0.0,5.551115123125783e-16,0.1
uniform,0,89,0.5951550144372335,0.15062351745477323,0.8280367818635734,0.06389933800875572,0.31614030863451126,0.23066469188191233,-2.14636118073367,2.14636118073367,11.194692503719025,7.1175068253171816e-09,0.0,5.551115123125783e-16,0.1
uniform,0,90,0.5951550144372333,0.1506235173677761,0.8280367813853159,0.06389933790589397,0.31614030812560545,0.23066469681772575,-2.146361175797857,2.146361175797857,11.194692485873718,5.690863410851584e-09,0.0,2.220446049250313e-16,0.1
uniform,0,91,0.5951550144372331,0.15062351729821677,0.8280367810029209,0.06389933782365001,0.3161403077187056,0.23066470076419796,-2.146361171851385,2.146361171851385,11.194692471605348,4.550178355046582e-09,0.0,2.220446049250313e-16,0.1
uniform,0,92,0.595155014437233,0.15062351724260004,0.8280367806971738,0.06389933775789114,0.3161403073933653,0.23066470391963376,-2.146361168695949,2.146361168695949,11.19469246019695,3.638133793913922e-09,1.3877787807814457e-17,1.1102230246251565e-16,0.1
uniform,0,93,0.5951550144372327,0.1506235171981312,0.828036780452711,0.06389933770531307,0.31614030713323665,0.23066470644258938,-2.146361166172993,2.146361166172993,11.194692451075268,2.9089007402655876e-09,1.3877787807814457e-17,2.220446049250313e-16,0.1
uniform,0,94,0.5951550144372328,0.15062351716257577,0.8280367802572489,0.06389933766327384,0.3161403069252487,0.23066470845984008,-2.1463611641557425,2.1463611641557425,11.194692443781948,2.325836229104649e-09,0.0,-1.1102230246251565e-16,0.1
uniform,0,95,0.5951550144372326,0.15062351713414712,0.8280367801009654,0.06389933762966099,0.31614030675895,0.23066471007275005,-2.1463611625428323,2.1463611625428323,11.194692437950513,1.8596420407597302e-09,1.3877787807814457e-17,2.220446049250313e-16,0.1
uniform,0,96,0.5951550144372327,0.15062351711141675,0.8280367799760077,0.06389933760278559,0.31614030662598464,0.2306647113623659,-2.1463611612532167,2.1463611612532167,11.194692433287939,1.4868925135042039e-09,1.3877787807814457e-17,-1.1102230246251565e-16,0.1
uniform,0,97,0.5951550144372327,0.1506235170932425,0.8280367798760967,0.06389933758129711,0.31614030651967095,0.2306647123934892,-2.1463611602220936,2.1463611602220936,11.194692429559938,1.1888574648660713e-09,0.0,0.0,0.1
uniform,0,98,0.5951550144372327,0.15062351707871113,0.8280367797962119,0.06389933756411582,0.31614030643466695,0.23066471321793255,-2.14636115939765,2.14636115939765,11.194692426579184,9.50561029142836e-10,0.0,0.0,0.1
uniform,0,99,0.5951550144372327,0.15062351706709246,0.8280367797323395,0.06389933755037838,0.3161403063667013,0.2306647138771232,-2.1463611587384595,2.1463611587384595,11.194692424195896,7.600290924599046e-10,1.3877787807814457e-17,0.0,0.1
uniform,0,100,0.5951550144372326,0.1506235170578026,0.8280367796812695,0.06389933753939449,0.3161403063123588,0.23066471440418465,-2.146361158211398,2.146361158211398,11.194692422290318,6.076876627796492e-10,0.0,1.1102230246251565e-16,0.1
uniform,0,101,0.5951550144372327,0.15062351705037488,0.8280367796404364,0.06389933753061224,0.3161403062689088,0.23066471482560105,-2.1463611577899817,2.1463611577899817,11.194692420766698,4.858818033851457e-10,0.0,-1.1102230246251565e-16,0.1
uniform,0,102,0.5951550144372327,0.15062351704443594,0.8280367796077878,0.0638993375235903,0.316140306234168,0.23066471516254813,-2.1463611574530344,2.1463611574530344,11.194692419548474,3.88490891536253e-10,1.3877787807814457e-17,0.0,0.1
uniform,0,103,0.5951550144372327,0.15062351703968743,0.8280367795816833,0.06389933751797586,0.31614030620639066,0.23066471543195702,-2.1463611571836254,2.1463611571836254,11.194692418574434,3.1062116492696655e-10,1.3877787807814457e-17,0.0,0.1
uniform,0,104,0.5951550144372327,0.15062351703589072,0.8280367795608113,0.06389933751348678,0.3161403061841811,0.23066471564736515,-2.1463611569682173,2.1463611569682173,11.19469241779563,2.4835976670176725e-10,0.0,0.0,0.1
uniform,0,105,0.5951550144372327,0.15062351703285504,0.8280367795441229,0.0638993375098975,0.31614030616642325,0.2306647158195965,-2.146361156795986,2.146361156795986,11.19469241717293,1.9857814044055922e-10,0.0,0.0,0.1
uniform,0,106,0.5951550144372327,0.15062351703042778,0.8280367795307794,0.06389933750702767,0.3161403061522248,0.23066471595730556,-2.1463611566582768,2.1463611566582768,11.194692416675048,1.5877482465124558e-10,0.0,0.0,0.1
uniform,0,107,0.5951550144372328,0.15062351702848711,0.8280367795201108,0.06389933750473306,0.3161403061408723,0.23066471606741204,-2.1463611565481706,2.1463611565481706,11.194692416276961,1.269497472422537e-10,0.0,-1.1102230246251565e-16,0.1
uniform,0,108,0.5951550144372327,0.1506235170269354,0.8280367795115804,0.06389933750289839,0.31614030613179533,0.2306647161554485,-2.146361156460134,2.146361156460134,11.194692415958666,1.0150374941825909e-10,0.0,1.1102230246251565e-16,0.1
uniform,0,109,0.5951550144372327,0.15062351702569474,0.82803677950476,0.06389933750143147,0.31614030612453775,0.23066471622583892,-2.1463611563897436,2.1463611563897436,11.194692415704173,8.115816750706572e-11,1.3877787807814457e-17,0.0,0.1
uniform,0,110,0.5951550144372326,0.15062351702470272,0.8280367794993064,0.06389933750025857,0.3161403061187349,0.23066471628212012,-2.1463611563334624,2.1463611563334624,11.19469241550069,6.489070449574494e-11,1.3877787807814457e-17,1.1102230246251565e-16,0.1
uniform,0,111,0.5951550144372326,0.15062351702390955,0.8280367794949461,0.06389933749932078,0.31614030611409516,0.23066471632712018,-2.1463611562884624,2.1463611562884624,11.194692415337991,5.1883911371841475e-11,0.0,0.0,0.1
uniform,0,112,0.5951550144372327,0.1506235170232754,0.8280367794914599,0.06389933749857095,0.3161403061103854,0.2306647163631004,-2.146361156252482,2.146361156252482,11.194692415207907,4.148420771019239e-11,1.3877787807814457e-17,-1.1102230246251565e-16,0.1
uniform,0,113,0.5951550144372326,0.15062351702276833,0.8280367794886724,0.06389933749797143,0.3161403061074193,0.23066471639186872,-2.1463611562237137,2.1463611562237137,11.194692415103894,3.316905692747061e-11,0.0,1.1102230246251565e-16,0.1
uniform,0,114,0.5951550144372326,0.1506235170223629,0.8280367794864435,0.06389933749749208,0.31614030610504773,0.2306647164148706,-2.146361156200712,2.146361156200712,11.194692415020732,2.652058872887351e-11,0.0,0.0,0.1
uniform,0,115,0.5951550144372327,0.15062351702203874,0.8280367794846615,0.06389933749710881,0.3161403061031515,0.23066471643326206,-2.1463611561823206,2.1463611561823206,11.19469241495424,2.1204765943819324e-11,0.0,-1.1102230246251565e-16,0.1
uniform,0,116,0.5951550144372327,0.15062351702177956,0.8280367794832367,0.06389933749680234,0.31614030610163524,0.23066471644796702,-2.1463611561676155,2.1463611561676155,11.194692414901073,1.695444715353941e-11,0.0,0.0,0.1
uniform,0,117,0.5951550144372326,0.1506235170215723,0.8280367794820974,0.06389933749655732,0.31614030610042304,0.2306647164597245,-2.1463611561558578,2.1463611561558578,11.194692414858565,1.3556070344422731e-11,1.3877787807814457e-17,1.1102230246251565e-16,0.1
uniform,0,118,0.5951550144372327,0.15062351702140664,0.8280367794811866,0.06389933749636141,0.31614030609945376,0.2306647164691253,-2.1463611561464573,2.1463611561464573,11.194692414824576,1.083886833542548e-11,0.0,-1.1102230246251565e-16,0.1
uniform,0,119,0.5951550144372327,0.15062351702127416,0.8280367794804583,0.06389933749620477,0.3161403060986788,0.23066471647664175,-2.1463611561389406,2.1463611561389406,11.1946924147974,8.666311774190121e-12,1.3877787807814457e-17,0.0,0.1
uniform,0,120,0.5951550144372326,0.15062351702116822,0.8280367794798759,0.06389933749607951,0.3161403060980591,0.23066471648265166,-2.1463611561329308,2.1463611561329308,11.194692414775671,6.929220356370986e-12,0.0,1.1102230246251565e-16,0.1
uniform,0,121,0.5951550144372326,0.15062351702108354,0.8280367794794103,0.06389933749597938,0.3161403060975637,0.23066471648745687,-2.1463611561281257,2.1463611561281257,11.194692414758299,5.540306754334503e-12,0.0,0.0,0.1
uniform,0,122,0.5951550144372327,0.1506235170210158,0.8280367794790381,0.06389933749589932,0.3161403060971676,0.23066471649129897,-2.1463611561242835,2.1463611561242835,11.194692414744408,4.4298196106189355e-12,0.0,-1.1102230246251565e-16,0.1
uniform,0,123,0.5951550144372326,0.15062351702096163,0.8280367794787402,0.06389933749583529,0.3161403060968508,0.23066471649437095,-2.1463611561212117,2.1463611561212117,11.194692414733302,3.5419028860132545e-12,1.3877787807814457e-17,1.1102230246251565e-16,0.1
uniform,0,124,0.5951550144372326,0.15062351702091836,0.8280367794785023,0.06389933749578411,0.3161403060965976,0.23066471649682715,-2.1463611561187554,2.1463611561187554,11.19469241472442,2.8319463285113265e-12,0.0,0.0,0.1
uniform,0,125,0.5951550144372327,0.15062351702088375,0.8280367794783121,0.06389933749574318,0.3161403060963951,0.23066471649879103,-2.1463611561167917,2.1463611561167917,11.19469241471732,2.2642990262342034e-12,0.0,-1.1102230246251565e-16,0.1
uniform,0,126,0.5951550144372327,0.15062351702085608,0.8280367794781599,0.06389933749571046,0.3161403060962332,0.23066471650036127,-2.1463611561152214,2.1463611561152214,11.194692414711644,1.8104441749012554e-12,0.0,0.0,0.1
uniform,0,127,0.5951550144372326,0.15062351702083396,0.8280367794780383,0.0638993374956843,0.3161403060961038,0.23066471650161677,-2.146361156113966,2.146361156113966,11.194692414707104,1.4475565553946348e-12,0.0,1.1102230246251565e-16,0.1
uniform,0,128,0.5951550144372327,0.15062351702081625,0.828036779477941,0.06389933749566337,0.31614030609600025,0.23066471650262058,-2.146361156112962,2.146361156112962,11.194692414703475,1.1574132820744784e-12,0.0,-1.1102230246251565e-16,0.1
uniform,0,129,0.5951550144372326,0.1506235170208021,0.8280367794778631,0.06389933749564664,0.3161403060959174,0.23066471650342327,-2.1463611561121594,2.1463611561121594,11.194692414700572,9.254223082781122e-13,0.0,1.1102230246251565e-16,0.1
uniform,0,130,0.5951550144372326,0.15062351702079077,0.828036779477801,0.06389933749563327,0.3161403060958513,0.23066471650406503,-2.1463611561115177,2.1463611561115177,11.194692414698252,7.399256973104625e-13,0.0,0.0,0.1
uniform,0,131,0.5951550144372327,0.15062351702078178,0.8280367794777515,0.06389933749562257,0.3161403060957984,0.23066471650457812,-2.1463611561110043,2.1463611561110043,11.194692414696398,5.916108384320465e-13,0.0,-1.1102230246251565e-16,0.1
uniform,0,132,0.5951550144372326,0.1506235170207745,0.8280367794777115,0.06389933749561402,0.3161403060957561,0.2306647165049884,-2.146361156110594,2.146361156110594,11.194692414694915,4.730197925138766e-13,1.3877787807814457e-17,1.1102230246251565e-16,0.1
uniform,0,133,0.5951550144372326,0.15062351702076873,0.8280367794776797,0.06389933749560718,0.31614030609572225,0.23066471650531642,-2.1463611561102662,2.1463611561102662,11.194692414693728,3.7821564714118786e-13,1.3877787807814457e-17,0.0,0.1
uniform,0,134,0.5951550144372327,0.15062351702076412,0.8280367794776544,0.06389933749560173,0.31614030609569527,0.2306647165055787,-2.1463611561100038,2.1463611561100038,11.19469241469278,3.023998075424951e-13,1.3877787807814457e-17,-1.1102230246251565e-16,0.1
uniform,0,135,0.5951550144372326,0.1506235170207604,0.828036779477634,0.06389933749559736,0.3161403060956736,0.23066471650578843,-2.146361156109794,2.146361156109794,11.194692414692021,2.4178442575857166e-13,0.0,1.1102230246251565e-16,0.1
uniform,0,136,0.5951550144372327,0.15062351702075746,0.8280367794776178,0.06389933749559387,0.3161403060956564,0.23066471650595613,-2.1463611561096263,2.1463611561096263,11.194692414691415,1.933176339754398e-13,0.0,-1.1102230246251565e-16,0.1
uniform,0,137,0.5951550144372326,0.15062351702075508,0.8280367794776047,0.06389933749559105,0.3161403060956425,0.2306647165060902,-2.146361156109492,2.146361156109492,11.19469241469093,1.5458541594675138e-13,1.3877787807814457e-17,1.1102230246251565e-16,0.1
uniform,0,138,0.5951550144372326,0.15062351702075322,0.8280367794775945,0.06389933749558883,0.3161403060956315,0.23066471650619733,-2.146361156109385,2.146361156109385,11.194692414690543,1.2357608996590417e-13,0.0,0.0,0.1
uniform,0,139,0.5951550144372326,0.1506235170207517,0.8280367794775861,0.06389933749558704,0.3161403060956226,0.23066471650628304,-2.1463611561092995,2.1463611561092995,11.194692414690232,9.882750768347167e-14,0.0,0.0,0.1
uniform,0,140,0.5951550144372326,0.1506235170207505,0.8280367794775795,0.06389933749558561,0.31614030609561555,0.2306647165063516,-2.146361156109231,2.146361156109231,11.194692414689985,7.901490298326098e-14,0.0,0.0,0.1
uniform,0,141,0.5951550144372327,0.15062351702074953,0.8280367794775741,0.06389933749558448,0.31614030609560995,0.23066471650640633,-2.146361156109176,2.146361156109176,11.194692414689788,6.31765953062884e-14,0.0,-1.1102230246251565e-16,0.1
uniform,0,142,0.5951550144372326,0.15062351702074875,0.8280367794775699,0.06389933749558356,0.3161403060956054,0.23066471650645018,-2.146361156109132,2.146361156109132,11.19469241468963,5.051772867053488e-14,1.3877787807814457e-17,1.1102230246251565e-16,0.1
uniform,0,143,0.5951550144372328,0.15062351702074814,0.8280367794775666,0.06389933749558284,0.31614030609560184,0.2306647165064852,-2.1463611561090974,2.1463611561090974,11.194692414689502,4.038081661412786e-14,0.0,-2.220446049250313e-16,0.1
uniform,0,144,0.5951550144372327,0.15062351702074764,0.8280367794775638,0.06389933749558226,0.31614030609559896,0.23066471650651324,-2.1463611561090694,2.1463611561090694,11.194692414689403,3.229484075044792e-14,0.0,1.1102230246251565e-16,0.1
uniform,0,145,0.5951550144372327,0.15062351702074725,0.8280367794775617,0.06389933749558178,0.3161403060955966,0.2306647165065356,-2.146361156109047,2.146361156109047,11.194692414689321,2.581820973237633e-14,0.0,0.0,0.1
uniform,0,146,0.5951550144372326,0.15062351702074692,0.8280367794775598,0.06389933749558141,0.31614030609559474,0.23066471650655354,-2.146361156109029,2.146361156109029,11.194692414689255,2.064671583169164e-14,0.0,1.1102230246251565e-16,0.1
random,11,0,0.8169906686493926,0.16046054405576868,0.8821147903142816,0.14718921337448063,0.7282147952378347,0.11825875873334546,-3.1570362716233933,3.1570362716233933,11.111126612750885,0.09072234020949664,8.326672684688674e-17,0.12055922167659272,0.1
random,11,1,0.7382914103172615,0.16313380744169753,0.8968107717158772,0.11243032817464224,0.5562461170433479,0.11762965937649036,-2.9467538986690527,2.9467538986690527,10.944712045017473,0.06797100966539572,2.7755575615628914e-17,0.0786992583321311,0.1
random,11,2,0.7128870167829744,0.16025995561088996,0.8810120766532077,0.10501932874212654,0.5195803905914609,0.12590783160640068,-2.83974048164255,2.83974048164255,11.234918678587825,0.04620449935829364,2.7755575615628914e-17,0.02540439353428714,0.1
random,11,3,0.6865426642224943,0.15963382795369513,0.8775700063904742,0.09501647275614793,0.4700915214235122,0.1271190031550114,-2.723504762890022,2.723504762890022,11.169133552140066,0.04439229283944766,2.7755575615628914e-17,0.026344352560480067,0.1
random,11,4,0.677547124478044,0.16021711921120363,0.8807765880977533,0.090951759658706,0.44998145936058515,0.12168100748874805,-2.692258919026208,2.692258919026208,11.169368868565305,0.02947351839659606,5.551115123125783e-17,0.008995539744450332,0.1
random,11,5,0.6669381409881046,0.1607565026687634,0.8837417913404829,0.08619384591973414,0.42644180519877145,0.11846342718477382,-2.637776720839242,2.637776720839242,11.182544129195511,0.030076904726775835,2.7755575615628914e-17,0.010608983489939439,0.1
random,11,6,0.6572305782981593,0.15999243393832624,0.8795414046852998,0.08270692757329239,0.409190367600523,0.12864692155247923,-2.5934893157445096,2.5934893157445096,11.198783601176514,0.029696685840229,1.3877787807814457e-17,0.009707562689945215,0.1
random,11,7,0.6438000513342941,0.1589269850861214,0.8736842128355289,0.0780025057140119,0.38591536311869123,0.140002633571841,-2.49687432140972,2.49687432140972,11.201631193049371,0.033188744775212005,4.163336342344337e-17,0.013430526963865264,0.1
random,11,8,0.6342525416164068,0.15723330139211034,0.8643733666995339,0.07512570679213361,0.3716824754647156,0.1622462053428202,-2.3971812683468183,2.3971812683468183,11.196266834543472,0.028404115219252585,1.3877787807814457e-17,0.009547509717887315,0.1
random,11,9,0.6260676956026321,0.15574156665984254,0.8561727135215066,0.07270732765971889,0.35971760776589706,0.1812253495893019,-2.288870893467843,2.288870893467843,11.180345698738218,0.027619101092176416,2.7755575615628914e-17,0.008184846013774671,0.1
random,11,10,0.620214875793718,0.15590848921562955,0.8570903525346563,0.07007563078319348,0.3466973560903129,0.18321021481233532,-2.2139405622912474,2.2139405622912474,11.155878834398331,0.023827198511431735,1.3877787807814457e-17,0.005852819808914056,0.1
random,11,11,0.6181507919346908,0.15553773856265865,0.8550521902161323,0.06919295484352771,0.3423303398944337,0.19459526879407796,-2.160762300252327,2.160762300252327,11.145400743923544,0.010586135218779488,1.3877787807814457e-17,0.0020640838590272326,0.1
random,11,12,0.6180119270651706,0.1554648003844709,0.8546512203319991,0.06914047547827067,0.3420706996032145,0.19650967097563726,-2.153474135941308,2.153474135941308,11.127167885688722,0.0020022541004493946,0.0,0.0001388648695201944,0.1
random,11,13,0.6180059651358842,0.1555026806556908,0.8548594630978505,0.0691375632607979,0.34205629148320355,0.19548087845357215,-2.1540069456041167,2.1540069456041167,11.124307293513526,0.0008043156318749953,1.3877787807814457e-17,5.96192928636885e-06,0.1
random,11,14,0.6180017180843007,0.1555346340144845,0.855035123292436,0.06913508862534837,0.34204404828884266,0.194621322936613,-2.154446485646747,2.154446485646747,11.125685754923214,0.0006784689005916448,0.0,4.247051583528005e-06,0.1
random,11,15,0.6179986786965959,0.15556165265628208,0.8551836554047014,0.06913298325291165,0.3420336320136092,0.19390034987440474,-2.154811130941818,2.154811130941818,11.126829701343755,0.000573689555274589,1.3877787807814457e-17,3.0393877048506823e-06,0.1
random,11,16,0.6179964953440829,0.1555845436934971,0.8553094964493759,0.0691311902606175,0.34202476123098585,0.1932936650390189,-2.1551150740116936,2.1551150740116936,11.127783882678902,0.0004860477095050956,0.0,2.183352513007719e-06,0.1
random,11,17,0.6179949220282014,0.15560396922667147,0.8554162862538333,0.0691296620527557,0.34201720046243733,0.19278178670066143,-2.155369428256216,2.155369428256216,11.128583105953647,0.0004124643115399661,0.0,1.5733158814645876e-06,0.1
random,11,18,0.6179937853610169,0.15562047614761543,0.8555070312976875,0.06912835864744718,0.34201075189865954,0.19234893762843325,-2.15558299953648,2.15558299953648,11.12925484281357,0.00035049312272047544,0.0,1.1366671844870169e-06,0.1
random,11,19,0.6179929623792969,0.1556345187535979,0.8555842290319006,0.06912724635206775,0.3420052488462727,0.1919822344021026,-2.1557628372424142,2.1557628372424142,11.129821042078012,0.0002981680737814057,0.0,8.229817199945089e-07,0.1
random,11,20,0.6179923654341446,0.15564647620132596,0.8556499638301801,0.06912629670070251,0.34200055047090516,0.1916710828360204,-2.155914635204965,2.155914635204965,11.130299421291141,0.00025389369757087947,0.0,5.969451523091251e-07,0.1
random,11,21,0.6179919317827752,0.15565666617569862,0.8557059821315011,0.06912548559252488,0.34199653753434583,0.19140671949851834,-2.1560430282121144,2.1560430282121144,11.130704407165979,0.00021636475696711914,0.0,4.3365136936923676e-07,0.1
random,11,22,0.6179916163511677,0.15566535572866222,0.8557537520255614,0.06912479258689228,0.34199310890704854,0.19118185884862826,-2.156151814589776,2.156151814589776,11.131047833547411,0.00018450615736229447,0.0,3.154316075004715e-07,0.1
random,11,23,0.6179913866615292,0.15567276996670845,0.8557945110113793,0.06912420032243635,0.34199017869409604,0.19099041808791473,-2.1562441255444913,2.1562441255444913,11.131339468229601,0.00015742726667441012,1.3877787807814457e-17,2.2968963853120528e-07,0.1
random,11,24,0.6179912192532273,0.15567909907855315,0.8558293046312103,0.06912369403544319,0.3419876738523987,0.19082730011422838,-2.1563225555889667,2.1563225555889667,11.131587416598945,0.00013438667223368512,1.3877787807814457e-17,1.6740830188766154e-07,0.1
random,11,25,0.6179910971432107,0.1556845040654343,0.8558590179722523,0.06912326115854867,0.34198553220525024,0.19068822054459367,-2.1563892641232982,2.1563892641232982,11.131798435054625,0.00011476463337237389,1.3877787807814457e-17,1.2211001665374255e-07,0.1
random,11,26,0.6179910080154,0.15568912144558916,0.8558844015290081,0.06912289098495737,0.3419837007810595,0.19056956860366148,-2.1564460553629523,2.1564460553629523,11.131978177280594,9.80413000557813e-05,1.3877787807814457e-17,8.912781068737274e-08,0.1
random,11,27,0.617990942924578,0.15569306713934677,0.8559060925611689,0.06912257438650321,0.3419821344184628,0.19046829434762114,-2.1564944418178618,2.1564944418178618,11.132131389810796,8.377931481638734e-05,1.3877787807814457e-17,6.509082195460536e-08,0.1
random,11,28,0.6179908953653911,0.155696439693844,0.8559246328211477,0.06912230357622362,0.34198079459166586,0.19038181658984316,-2.15653569513728,2.15653569513728,11.132262068793036,7.160979090427993e-05,1.3877787807814457e-17,4.755918692200822e-08,0.1
random,11,29,0.61799086060166,0.1556993229713053,0.8559404833326124,0.06912207190792576,0.3419796484188029,0.19030794725952205,-2.1565708871497438,2.1565708871497438,11.132373586700547,6.122092209102888e-05,0.0,3.476373111599429e-08,0.1
random,11,30,0.6179908351820147,0.15570178839854137,0.855954036756865,0.06912187370662837,0.34197866782305214,0.19024482892056216,-2.1566009232203216,2.1566009232203216,11.132468795509624,5.234866597818858e-05,0.0,2.5419645277580116e-08,0.1
random,11,31,0.617990816589357,0.1557038968553611,0.8559656277741856,0.06912170412487131,0.3419778288217309,0.19019088291398606,-2.1566265695338203,2.1566265695338203,11.13255011126211,4.4769077005264115e-05,0.0,1.8592657746729913e-08,0.1
random,11,32,0.617990802986708,0.15570570026425434,0.8559755418229449,0.06912155902076433,0.3419771109229452,0.19014476613763043,-2.1566484755357136,2.1566484755357136,11.132619583768797,3.829196351505784e-05,1.3877787807814457e-17,1.3602648896160474e-08,0.1
random,11,33,0.6179907930326676,0.1557072429317904,0.8559840224737996,0.06912143485435593,0.3419764966128772,0.1901053348932915,-2.1566671924830088,2.1566671924830088,11.132678954353883,3.275561589428772e-05,1.3877787807814457e-17,9.954040480764093e-09,0.1
random,11,34,0.6179907857472319,0.15570856268282438,0.8559912776648714,0.06912132859947535,0.34197597091962617,0.1900716145498303,-2.156683188847892,2.156683188847892,11.132729703903,2.802240724848905e-05,0.0,7.285435699166953e-09,0.1
random,11,35,0.617990780414126,0.15570969182119748,0.8559974849830946,0.06912123766866948,0.3419755210418351,0.19004277401661201,-2.156696863158657,2.156696863158657,11.132773092996699,2.3975109332310038e-05,0.0,5.3331058458283565e-09,0.1
random,11,36,0.6179907765096442,0.15571065794469896,0.8560027961443831,0.06912115984923962,0.341975136032235,0.19001810421335075,-2.1567085547415847,2.1567085547415847,11.13281019554542,2.0513798068170534e-05,0.0,3.904481848948649e-09,0.1
random,11,37,0.617990773650759,0.15571148463729084,0.8560073407990622,0.0691210932487009,0.34197480652780626,0.18999699987324847,-2.156718552734428,2.156718552734428,11.13284192706021,1.7553247455564997e-05,0.0,2.8588851286315276e-09,0.1
random,11,38,0.61799077155726,0.1557121920577313,0.8560112297677626,0.06912103624825026,0.34197452451956306,0.18997894413597177,-2.156727103669886,2.156727103669886,11.132869068474779,1.5020729794887745e-05,1.3877787807814457e-17,2.0934990407894816e-09,0.1
random,11,39,0.6179907700241072,0.15571279744057734,0.8560145577956304,0.06912098746304772,0.3419742831560455,0.1899634954826918,-2.1567344178708927,2.1567344178708927,11.132892286262775,1.2854155227982446e-05,0.0,1.5331528269157957e-09,0.1
random,11,40,0.6179907689012373,0.15571331552295686,0.8560174058984601,0.06912094570829966,0.3419740765755182,0.1899502766424812,-2.1567406748548903,2.1567406748548903,11.132912149458674,1.1000495588256901e-05,0.0,1.122869908165569e-09,0.1
random,11,41,0.6179907680788049,0.15571375890836148,0.8560198433626076,0.0691209099702863,0.34197389976262904,0.18993896516186526,-2.156746027908762,2.156746027908762,11.132929144082315,9.414447162493933e-06,0.0,8.22432344449453e-10,0.1
random,11,42,0.6179907674763925,0.15571413837693987,0.8560219294507947,0.06912087938160545,0.3419737484259281,0.18992928538031073,-2.15675060796765,2.15675060796765,11.13294368538041,8.057294723138368e-06,0.0,6.024124532544306e-10,0.1
random,11,43,0.6179907670351198,0.15571446315029414,0.8560237148577992,0.06912085320001328,0.3419736188931835,0.18992100159628478,-2.1567545269079575,2.1567545269079575,11.132956128228026,6.895945493987084e-06,0.0,4.4127268505889106e-10,0.1
random,11,44,0.6179907667118709,0.15571474111754965,0.8560252429532494,0.06912083079033585,0.34197350802188875,0.1899139122430183,-2.1567578803462415,2.1567578803462415,11.132966775975836,5.902106863662816e-06,1.3877787807814457e-17,3.232488721138793e-10,0.1
random,11,45,0.617990766475071,0.15571497902843479,0.8560265508430599,0.06912081160900259,0.3419734131227426,0.1899078449216976,-2.156760750020485,2.156760750020485,11.132975887982164,5.051585898127255e-06,1.3877787807814457e-17,2.367999130115095e-10,0.1
random,11,46,0.6179907663015954,0.15571518265823725,0.8560276702762611,0.06912079519081989,0.34197333189421175,0.18990265216359087,-2.1567632058178186,2.1567632058178186,11.132983686030304,4.323692201076041e-06,0.0,1.7347556724445212e-10,0.1
random,11,47,0.6179907661745074,0.15571535694877273,0.8560286284199597,0.06912078113765834,0.34197326236656145,0.1898982078124684,-2.1567653075024436,2.1567653075024436,11.132990359799699,3.700728575434889e-06,0.0,1.270880067849589e-10,0.1
random,11,48,0.6179907660814006,0.155715506128882,0.8560294485217584,0.0691207691087762,0.3419732028539807,0.18989440393530993,-2.1567671061890272,2.1567671061890272,11.132996071533176,3.1675563557250074e-06,0.0,9.310685555874443e-11,0.1
random,11,49,0.6179907660131879,0.15571563381745088,0.8560301504760977,0.06912075881254116,0.34197315191362637,0.18989114818325853,-2.1567686455997443,2.1567686455997443,11.13300096002028,2.711224304090873e-06,1.3877787807814457e-17,6.821265774448193e-11,0.1
random,11,50,0.6179907659632125,0.15571574311150246,0.8560307513085326,0.0691207499993479,0.3419731083105825,0.1898883615365498,-2.1567699631372435,2.1567699631372435,11.133005143998371,2.32065165660896e-06,1.3877787807814457e-17,4.9975468208174334e-11,0.1
random,11,51,0.6179907659265982,0.1557158366615362,0.8560312655899024,0.06912074245555834,0.3419730709878803,0.1898859763770685,-2.15677109080086,2.15677109080086,11.133008725057636,1.9863573323951247e-06,1.3877787807814457e-17,3.661426717371796e-11,0.1
random,11,52,0.6179907658997725,0.1557159167359683,0.8560317057905841,0.0691207359983164,0.34197303904084425,0.18988393484058347,-2.1567720559692494,2.1567720559692494,11.13301179012313,1.7002285189037585e-06,0.0,2.6825652810202882e-11,0.1
random,11,53,0.6179907658801181,0.15571598527625585,0.8560320825835317,0.06912073047111107,0.34197301169513994,0.18988218740782298,-2.1567728820691086,2.1567728820691086,11.133014413576008,1.4553228612779783e-06,0.0,1.965438922724161e-11,0.1
random,11,54,0.617990765865718,0.15571604394405622,0.8560324051035302,0.06912072573997945,0.3419729882879896,0.18988069169958083,-2.1567735891467263,2.1567735891467263,11.133016659066792,1.2456993422348303e-06,0.0,1.4400147740900593e-11,0.1
random,11,55,0.6179907658551674,0.15571609416157542,0.8560326811690059,0.06912072169025728,0.3419729682520948,0.18987941144617093,-2.1567741943565677,2.1567741943565677,11.133018581065707,1.0662736664129364e-06,1.3877787807814457e-17,1.0550560425315325e-11,0.1
random,11,56,0.6179907658474372,0.15571613714609153,0.8560329174718156,0.06912071822379814,0.3419729511018786,0.18987831560590046,-2.156774712379037,2.156774712379037,11.133020226188412,9.126945803722364e-07,1.3877787807814457e-17,7.73026087586004e-12,0.1
random,11,57,0.6179907658417734,0.1557161739394962,0.856033119739648,0.06912071525659352,0.3419729364217111,0.18987737761093837,-2.1567751557777224,2.1567751557777224,11.133021634329841,7.812380840131841e-07,1.3877787807814457e-17,5.663802760125236e-12,0.1
random,11,58,0.6179907658376236,0.15571620543357376,0.8560332928749929,0.06912071271673577,0.3419729238558311,0.18987657472211628,-2.1567755353049454,2.1567755353049454,11.133022839634044,6.687169357268652e-07,0.0,4.14979162144391e-12,0.1
random,11,59,0.6179907658345831,0.15571623239163457,0.8560334410740676,0.06912071054267489,0.3419729130997216,0.189875887476885,-2.15677586016312,2.15677586016312,11.13302387132384,5.72403233010157e-07,1.3877787807814457e-17,3.0404567752384537e-12,0.1
random,11,60,0.6179907658323552,0.15571625546702847,0.8560335679285935,0.06912070868172637,0.34197290389272733,0.18987529921694835,-2.156776138228337,2.156776138228337,11.133024754410583,4.899621739546144e-07,0.0,2.2278845435153016e-12,0.1
random,11,61,0.6179907658307231,0.15571627521898923,0.856033676512899,0.0691207070887941,0.3419728960117364,0.18987479568405385,-2.1567763762416474,2.1567763762416474,11.133025510301476,4.193953811577733e-07,0.0,1.6321388685014426e-12,0.1
random,11,62,0.6179907658295272,0.1557162921261947,0.8560337694584645,0.06912070572527718,0.341972889265772,0.18987436467408864,-2.1567765799727265,2.1567765799727265,11.133026157319167,3.5899240478579236e-07,0.0,1.1959322421262186e-12,0.1
random,11,63,0.6179907658286509,0.15571630659837282,0.856033849017726,0.06912070455813446,0.34197288349136384,0.18987399574106034,-2.1567767543599174,2.1567767543599174,11.133026711146401,3.0728922226248125e-07,0.0,8.762990333366361e-13,0.1
random,11,64,0.6179907658280088,0.15571631898623464,0.8560339171186799,0.06912070355908359,0.3419728785485857,0.18987367994375975,-2.1567769036300612,2.1567769036300612,11.133027185206508,2.630327237395672e-07,0.0,6.42041975140728e-13,0.1
random,11,65,0.6179907658275384,0.15571632958997628,0.8560339754116227,0.06912070270391571,0.34197287431766493,0.1898734096289455,-2.1567770314010453,2.1567770314010453,11.13302759098902,2.25150318894543e-07,0.0,4.704014955336788e-13,0.1
random,11,66,0.6179907658271938,0.15571633866655554,0.8560340253091528,0.0691207019719086,0.34197287069607885,0.1898731782457797,-2.15677714076956,2.15677714076956,11.133027938328333,1.927239256897445e-07,0.0,3.446132268436486e-13,0.1
random,11,67,0.6179907658269412,0.1557163464359203,0.85603406802041,0.06912070134532453,0.3419728675960705,0.1898729801870092,-2.156777234386202,2.156777234386202,11.133028235642184,1.649677087673602e-07,0.0,2.525757381022231e-13,0.1
random,11,68,0.6179907658267562,0.15571635308633963,0.8560341045803836,0.06912070080898043,0.34197286494252205,0.1898728106530329,-2.1567773145197524,2.1567773145197524,11.133028490135784,1.4120902644613624e-07,0.0,1.850741782050136e-13,0.1
random,11,69,0.6179907658266205,0.15571635877896656,0.8560341358749952,0.06912070034987998,0.3419728626711345,0.1898726655355567,-2.156777383112184,2.156777383112184,11.13302870797648,1.208721236331569e-07,0.0,1.3566925360919413e-13,0.1
random,11,70,0.6179907658265211,0.1557163636517439,0.8560341626625709,0.06912069995689854,0.3419728607268691,0.18987254131801168,-2.1567774418257475,2.1567774418257475,11.13302889444329,1.0346417470282088e-07,1.3877787807814457e-17,9.936496070395151e-14,0.1
random,11,71,0.6179907658264484,0.1557163678227473,0.8560341855922189,0.0691206996205137,0.34197285906261393,0.1898724349903198,-2.1567774920832656,2.1567774920832656,11.133029054054868,8.856333724229453e-08,0.0,7.271960811294775e-14,0.1
random,11,72,0.617990765826395,0.15571637139304667,0.8560342052195603,0.06912069933257448,0.3419728576380421,0.18987234397593916,-2.156777535102626,2.156777535102626,11.13302919067903,7.580852729540265e-08,0.0,5.340172748447003e-14,0.1
random,11,73,0.6179907658263561,0.15571637444915548,0.8560342220201937,0.06912069908610378,0.3419728564186348,0.18987226606941815,-2.1567775719263005,2.1567775719263005,11.13302930762651,6.489066750044139e-08,1.3877787807814457e-17,3.885780586188048e-14,0.1
random,11,74,0.6179907658263275,0.1557163770651274,0.8560342364012213,0.06912069887512937,0.34197285537484434,0.1898721993829463,-2.1567776034466135,2.1567776034466135,11.133029407731199,5.554519616924469e-08,0.0,2.864375403532904e-14,0.1
random,11,75,0.6179907658263064,0.1557163793043507,0.8560342487111136,0.06912069869453907,0.3419728544813786,0.18987214230060356,-2.15677763042737,2.15677763042737,11.133029493418833,4.7545655353414724e-08,0.0,2.1094237467877974e-14,0.1
random,11,76,0.617990765826291,0.1557163812210845,0.8560342592481539,0.06912069853995709,0.3419728537165882,0.18987209343920003,-2.156777653522365,2.156777653522365,11.133029566765776,4.06982027235156e-08,0.0,1.5432100042289676e-14,0.1
random,11,77,0.6179907658262798,0.15571638286177342,0.8560342682676668,0.06912069840763767,0.34197285306194136,0.18987205161475634,-2.1567776732912325,2.1567776732912325,11.13302962954935,3.483691385243698e-08,1.3877787807814457e-17,1.1213252548714081e-14,0.1
random,11,78,0.6179907658262715,0.15571638426617312,0.856034275988205,0.06912069829437466,0.34197285250157555,0.18987201581381208,-2.156777690213003,2.156777690213003,11.133029683290891,2.981976126748585e-08,1.3877787807814457e-17,8.215650382226158e-15,0.1
random,11,79,0.6179907658262654,0.1557163854683137,0.8560342825968451,0.06912069819742354,0.34197285202191247,0.18987198516886655,-2.1567777046977175,2.1567777046977175,11.13302972929264,2.552517260164247e-08,0.0,6.106226635438361e-15,0.1
random,11,80,0.6179907658262611,0.15571638649732422,0.8560342882537211,0.06912069811443515,0.3419728516113295,0.18987195893735725,-2.15677771709636,2.15677771709636,11.133029768669275,2.1849084511323204e-08,1.3877787807814457e-17,4.3298697960381105e-15,0.1
random,11,81,0.6179907658262577,0.15571638737813862,0.8560342930959046,0.06912069804339853,0.3419728512598777,0.18987193648366568,-2.1567777277093674,2.1567777277093674,11.133029802374946,1.8702421009761088e-08,0.0,3.4416913763379853e-15,0.1
random,11,82,0.6179907658262555,0.15571638813209984,0.8560342972407263,0.0691206979825925,0.34197285095904145,0.18987191726371522,-2.1567777367939045,2.1567777367939045,11.133029831226375,1.6008934845015173e-08,0.0,2.220446049250313e-15,0.1
random,11,83,0.6179907658262537,0.15571638877747707,0.8560343007886191,0.0691206979305436,0.3419728507015309,0.18987190081178684,-2.1567777445701006,2.1567777445701006,11.133029855922672,1.3703359932922076e-08,0.0,1.7763568394002505e-15,0.1
random,11,84,0.6179907658262523,0.15571638932990836,0.8560343038255515,0.06912069788599069,0.34197285048110654,0.18987188672923416,-2.1567777512263824,2.1567777512263824,11.13302987706225,1.1729829802962349e-08,0.0,1.3322676295501878e-15,0.1
random,11,85,0.6179907658262513,0.15571638980277963,0.856034306425111,0.06912069784785418,0.34197285029242713,0.18987187467482347,-2.156777756924038,2.156777756924038,11.133029895157343,1.0040523815477213e-08,0.0,9.992007221626409e-16,0.1
random,11,86,0.6179907658262507,0.155716390207549,0.8560343086502875,0.06912069781521,0.34197285013092094,0.18987186435646508,-2.156777761801127,2.156777761801127,11.133029910646416,8.594508453060206e-09,1.3877787807814457e-17,6.661338147750939e-16,0.1
random,11,87,0.6179907658262503,0.1557163905540243,0.8560343105549988,0.06912069778726719,0.3419728499926746,0.18987185552413594,-2.1567777659758276,2.1567777659758276,11.13302992390478,7.3567454244594834e-09,0.0,3.3306690738754696e-16,0.1
random,11,88,0.6179907658262499,0.155716390850601,0.8560343121853976,0.06912069776334862,0.34197284987433807,0.18987184796382073,-2.1567777695492953,2.1567777695492953,11.133029935253704,6.297242519323854e-09,1.3877787807814457e-17,4.440892098500626e-16,0.1
random,11,89,0.6179907658262497,0.15571639110446533,0.8560343135809898,0.06912069774287477,0.34197284977304426,0.18987184149232655,-2.1567777726081196,2.1567777726081196,11.133029944968175,5.390327096982911e-09,0.0,2.220446049250313e-16,0.1
random,11,90,0.6179907658262493,0.15571639132176865,0.8560343147755917,0.0691206977253495,0.3419728496863384,0.1898718359528433,-2.156777775226418,2.156777775226418,11.13302995328359,4.6140237803010355e-09,0.0,3.3306690738754696e-16,0.1
random,11,91,0.6179907658262493,0.15571639150777644,0.8560343157981498,0.0691206977103482,0.34197284961211993,0.18987183121114476,-2.1567777774676347,2.1567777774676347,11.133029960401435,3.9495220275115785e-09,0.0,0.0,0.1
random,11,92,0.6179907658262492,0.15571639166699577,0.8560343166734411,0.06912069769750735,0.34197284954859014,0.18987182715233558,-2.1567777793860756,2.1567777793860756,11.133029966494183,3.3807204325068804e-09,0.0,1.1102230246251565e-16,0.1
random,11,93,0.6179907658262491,0.1557163918032847,0.856034317422675,0.0691206976865158,0.3419728494942097,0.18987182367806743,-2.156777781028227,2.156777781028227,11.133029971709467,2.893836439105357e-09,1.3877787807814457e-17,1.1102230246251565e-16,0.1
random,11,94,0.617990765826249,0.15571639191994557,0.8560343180640058,0.06912069767710723,0.34197284944766104,0.1898718207041558,-2.156777782433879,2.156777782433879,11.133029976173656,2.4770724412640032e-09,1.3877787807814457e-17,1.1102230246251565e-16,0.1
random,11,95,0.617990765826249,0.15571639201980525,0.8560343186129737,0.06912069766905367,0.34197284940781625,0.18987181815854054,-2.156777783637092,2.156777783637092,11.133029979994923,2.120329898680902e-09,0.0,0.0,0.1
random,11,96,0.6179907658262489,0.15571639210528332,0.8560343190828803,0.06912069766215995,0.34197284937370975,0.18987181597953923,-2.1567777846670206,2.1567777846670206,11.133029983265859,1.814964637885535e-09,0.0,1.1102230246251565e-16,0.1
random,11,97,0.6179907658262489,0.155716392178451,0.856034319485112,0.06912069765625907,0.34197284934451533,0.18987181411435294,-2.156777785548621,2.156777785548621,11.13302998606572,1.5535774313440319e-09,0.0,0.0,0.1
random,11,98,0.6179907658262489,0.15571639224108128,0.8560343198294151,0.069120697651208,0.34197284931952526,0.18987181251778668,-2.156777786303256,2.156777786303256,11.133029988462354,1.3298346242088408e-09,1.3877787807814457e-17,0.0,0.1
random,11,99,0.6179907658262489,0.15571639229469167,0.8560343201241326,0.0691206976468844,0.3419728492981344,0.18987181115115442,-2.1567777869492097,2.1567777869492097,11.133029990513828,1.1383147853509054e-09,0.0,0.0,0.1
random,11,100,0.6179907658262489,0.1557163923405812,0.8560343203764055,0.06912069764318346,0.3419728492798241,0.18987180998134157,-2.1567777875021346,2.1567777875021346,11.133029992269854,9.743772121162499e-10,0.0,0.0,0.1
random,11,101,0.6179907658262489,0.15571639237986185,0.8560343205923466,0.06912069764001551,0.3419728492641507,0.18987180898000255,-2.1567777879754284,2.1567777879754284,11.13302999377298,8.340495607713262e-10,1.3877787807814457e-17,0.0,0.1
random,11,102,0.6179907658262489,0.15571639241348537,0.8560343207771883,0.06912069763730382,0.3419728492507347,0.18987180812287413,-2.156777788380559,2.156777788380559,11.13302999505963,7.139315802091417e-10,0.0,0.0,0.1
random,11,103,0.6179907658262488,0.15571639244226648,0.8560343209354094,0.06912069763498266,0.3419728492392508,0.18987180738918746,-2.1567777887273443,2.1567777887273443,11.13302999616098,6.111127409736449e-10,1.3877787807814457e-17,1.1102230246251565e-16,0.1
random,11,104,0.6179907658262489,0.15571639246690264,0.8560343210708441,0.06912069763299576,0.34197284922942073,0.18987180676116477,-2.1567777890241864,2.1567777890241864,11.133029997103716,5.231016497906296e-10,0.0,-1.1102230246251565e-16,0.1
random,11,105,0.6179907658262489,0.15571639248799074,0.8560343211867737,0.06912069763129504,0.34197284922100646,0.1898718062235885,-2.1567777892782773,2.1567777892782773,11.13302999791068,4.477656991388556e-10,0.0,0.0,0.1
random,11,106,0.6179907658262489,0.15571639250604177,0.8560343212860073,0.06912069762983925,0.34197284921380394,0.1898718057634327,-2.1567777894957754,2.1567777894957754,11.133029998601428,3.8327948971277905e-10,0.0,0.0,0.1
random,11,107,0.6179907658262489,0.1557163925214931,0.8560343213709495,0.0691206976285931,0.34197284920763865,0.18987180536954756,-2.156777789681949,2.156777789681949,11.133029999192695,3.280804262452065e-10,1.3877787807814457e-17,0.0,0.1
random,11,108,0.6179907658262489,0.15571639253471922,0.8560343214436585,0.06912069762752644,0.3419728492023614,0.18987180503238887,-2.1567777898413105,2.1567777898413105,11.13302999969881,2.8083100584905223e-10,0.0,0.0,0.1
random,11,109,0.617990765826249,0.15571639254604053,0.8560343215058963,0.06912069762661341,0.3419728491978442,0.18987180474378706,-2.1567777899777214,2.1567777899777214,11.133030000132035,2.4038635635575536e-10,0.0,-1.1102230246251565e-16,0.1
random,11,110,0.617990765826249,0.15571639255573136,0.8560343215591706,0.06912069762583184,0.3419728491939774,0.18987180449674906,-2.1567777900944867,2.1567777900944867,11.133030000502867,2.0576643586568395e-10,1.3877787807814457e-17,0.0,0.1
random,11,111,0.6179907658262489,0.15571639256402653,0.8560343216047724,0.06912069762516285,0.34197284919066756,0.18987180428528888,-2.156777790194436,2.156777790194436,11.133030000820293,1.7613242248278534e-10,1.3877787807814457e-17,1.1102230246251565e-16,0.1
random,11,112,0.6179907658262489,0.15571639257112707,0.8560343216438069,0.06912069762459021,0.34197284918783444,0.18987180410428278,-2.1567777902799903,2.1567777902799903,11.133030001092004,1.5076622460800335e-10,1.3877787807814457e-17,0.0,0.1
random,11,113,0.617990765826249,0.155716392577205,0.8560343216772196,0.06912069762410003,0.3419728491854093,0.18987180394934472,-2.1567777903532233,2.1567777903532233,11.133030001324586,1.2905320992223059e-10,0.0,-1.1102230246251565e-16,0.1
random,11,114,0.6179907658262488,0.15571639258240758,0.8560343217058203,0.06912069762368044,0.34197284918333337,0.18987180381672053,-2.15677779041591,2.15677779041591,11.13303000152367,1.104672502556389e-10,0.0,2.220446049250313e-16,0.1
random,11,115,0.6179907658262489,0.15571639258686093,0.8560343217303021,0.06912069762332128,0.34197284918155646,0.1898718037031965,-2.156777790469568,2.156777790469568,11.133030001694083,9.455800383876793e-11,0.0,-1.1102230246251565e-16,0.1
random,11,116,0.6179907658262489,0.15571639259067288,0.8560343217512579,0.06912069762301386,0.3419728491800355,0.18987180360602207,-2.1567777905154983,2.1567777905154983,11.133030001839954,8.093996390762015e-11,0.0,0.0,0.1
random,11,117,0.6179907658262489,0.15571639259393588,0.8560343217691959,0.06912069762275071,0.34197284917873355,0.1898718035228424,-2.1567777905548144,2.1567777905548144,11.133030001964816,6.928316571892577e-11,1.3877787807814457e-17,0.0,0.1
random,11,118,0.6179907658262489,0.15571639259672893,0.8560343217845503,0.06912069762252544,0.3419728491776191,0.18987180345164206,-2.156777790588468,2.156777790588468,11.133030002071694,5.930515945244786e-11,0.0,0.0,0.1
random,11,119,0.6179907658262489,0.15571639259911974,0.8560343217976936,0.06912069762233262,0.34197284917666515,0.18987180339069593,-2.1567777906172747,2.1567777906172747,11.133030002163183,5.0764170495696614e-11,0.0,0.0,0.1
random,11,120,0.6179907658262488,0.1557163926011662,0.8560343218089438,0.06912069762216756,0.34197284917584847,0.1898718033385271,-2.156777790641933,2.156777790641933,11.133030002241494,4.345322141031619e-11,0.0,1.1102230246251565e-16,0.1
random,11,121,0.617990765826249,0.15571639260291797,0.856034321818574,0.0691206976220263,0.3419728491751496,0.1898718032938715,-2.15677779066304,2.15677779066304,11.133030002308526,3.719519595388263e-11,0.0,-2.220446049250313e-16,0.1
random,11,122,0.6179907658262489,0.15571639260441744,0.8560343218268172,0.06912069762190538,0.34197284917455134,0.18987180325564706,-2.156777790681107,2.156777790681107,11.133030002365906,3.1838423194891905e-11,0.0,1.1102230246251565e-16,0.1
random,11,123,0.6179907658262489,0.15571639260570094,0.8560343218338731,0.06912069762180185,0.34197284917403914,0.18987180322292768,-2.156777790696572,2.156777790696572,11.133030002415023,2.7253115365479496e-11,1.3877787807814457e-17,0.0,0.1
random,11,124,0.6179907658262489,0.15571639260679962,0.8560343218399129,0.06912069762171323,0.3419728491736007,0.18987180319492042,-2.1567777907098105,2.1567777907098105,11.133030002457064,2.3328198237262983e-11,0.0,0.0,0.1
random,11,125,0.6179907658262489,0.1557163926077401,0.856034321845083,0.0691206976216374,0.3419728491732255,0.18987180317094676,-2.156777790721142,2.156777790721142,11.13303000249305,1.9968514394163186e-11,0.0,0.0,0.1
random,11,126,0.6179907658262489,0.15571639260854508,0.8560343218495085,0.06912069762157248,0.3419728491729043,0.18987180315042562,-2.156777790730841,2.156777790730841,11.133030002523856,1.7092693794526517e-11,0.0,0.0,0.1
random,11,127,0.617990765826249,0.15571639260923414,0.8560343218532964,0.0691206976215169,0.3419728491726294,0.18987180313286006,-2.156777790739144,2.156777790739144,11.133030002550225,1.4631034146260316e-11,0.0,-1.1102230246251565e-16,0.1
random,11,128,0.6179907658262488,0.15571639260982395,0.8560343218565388,0.06912069762146933,0.341972849172394,0.18987180311782414,-2.1567777907462506,2.1567777907462506,11.133030002572795,1.2523911188240044e-11,1.3877787807814457e-17,2.220446049250313e-16,0.1
random,11,129,0.617990765826249,0.15571639261032885,0.8560343218593145,0.06912069762142863,0.3419728491721926,0.1898718031049536,-2.156777790752334,2.156777790752334,11.133030002592115,1.072024785017197e-11,0.0,-2.220446049250313e-16,0.1
random,11,130,0.617990765826249,0.15571639261076103,0.8560343218616904,0.06912069762139376,0.34197284917202014,0.18987180309393675,-2.156777790757541,2.156777790757541,11.133030002608653,9.176336683237503e-12,0.0,0.0,0.1
random,11,131,0.6179907658262489,0.15571639261113096,0.856034321863724,0.06912069762136393,0.34197284917187254,0.18987180308450652,-2.156777790761999,2.156777790761999,11.13303000262281,7.854780047680255e-12,0.0,1.1102230246251565e-16,0.1
random,11,132,0.6179907658262489,0.1557163926114476,0.8560343218654647,0.06912069762133839,0.3419728491717462,0.18987180307643442,-2.156777790765814,2.156777790765814,11.133030002634927,6.7235578704393575e-12,0.0,0.0,0.1
random,11,133,0.6179907658262489,0.15571639261171866,0.8560343218669548,0.06912069762131653,0.34197284917163806,0.18987180306952484,-2.1567777907690795,2.1567777907690795,11.133030002645299,5.7552425988588105e-12,1.3877787807814457e-17,0.0,0.1
random,11,134,0.6179907658262489,0.15571639261195067,0.8560343218682303,0.06912069762129781,0.3419728491715454,0.18987180306361034,-2.1567777907718755,2.1567777907718755,11.133030002654175,4.926390789921054e-12,0.0,0.0,0.1
random,11,135,0.6179907658262489,0.15571639261214926,0.8560343218693219,0.0691206976212818,0.3419728491714662,0.18987180305854756,-2.1567777907742682,2.1567777907742682,11.133030002661776,4.216905260154967e-12,0.0,0.0,0.1
random,23,0,0.8463742613522458,0.15931230059866658,0.8758024439218917,0.15944872224577633,0.7888683957140695,0.14038841534265184,-3.123611114548142,3.123611114548142,11.055289799886477,0.10973140465378083,5.551115123125783e-17,0.09542904265513297,0.1
random,23,1,0.7754381815436681,0.1650177892962323,0.907167761768156,0.12686699334456253,0.6276711415380668,0.08018729890556595,-3.0732083358032054,3.0732083358032054,10.921766054760896,0.07400142784876226,5.551115123125783e-17,0.07093607980857775,0.1
random,23,2,0.7019233426919645,0.16667417786564376,0.9162735819196666,0.09380130790690148,0.4640795250170715,0.11746789223595483,-2.8579808622834264,2.8579808622834264,11.094414401094099,0.07817142206644204,2.7755575615628914e-17,0.07351483885170351,0.1
random,23,3,0.6909678874870908,0.16505374986866841,0.907365451193932,0.09063115286535876,0.4483952656102645,0.13087529084992508,-2.7725026899036553,2.7725026899036553,11.346397921653999,0.031090069501722422,4.163336342344337e-17,0.010955455204873732,0.1
random,23,4,0.6803824467348073,0.16310339104664756,0.8966435608161542,0.08794677824913812,0.4351143921911007,0.14503470231179813,-2.7043060066695275,2.7043060066695275,11.339350771634127,0.030204443256187773,1.3877787807814457e-17,0.010585440752283515,0.1
random,23,5,0.6668217078681961,0.1616324271030413,0.8885570928416773,0.08375482552680365,0.4143748154017683,0.153557537464732,-2.6027921011044324,2.6027921011044324,11.320710716448147,0.03286370951151653,5.551115123125783e-17,0.013560738866611244,0.1
random,23,6,0.6594189055559085,0.1613095898556689,0.8867823293791244,0.08108692293531176,0.401175436895445,0.15440022418623878,-2.5356118359261144,2.5356118359261144,11.302695326070078,0.022860954980163307,1.3877787807814457e-17,0.007402802312287515,0.1
random,23,7,0.6567834567938128,0.16132788342358612,0.8868828963248638,0.07985224997892268,0.39506692463758647,0.15808546312587604,-2.503626709479012,2.503626709479012,11.282010629333248,0.015293915498534594,2.7755575615628914e-17,0.00263544876209576,0.1
random,23,8,0.6541533657401254,0.16148167301072877,0.8877283382384081,0.07862315226683128,0.38898599575551723,0.15796198743162737,-2.474097991131493,2.474097991131493,11.273874580003113,0.015886855669500818,2.7755575615628914e-17,0.002630091053687389,0.1
random,23,9,0.6510059342887556,0.1615804249326414,0.8882712164356853,0.07725199132038928,0.3822022127257718,0.1576921970802719,-2.428635224104937,2.428635224104937,11.267280692744537,0.017304794677762005,1.3877787807814457e-17,0.0031474314513697532,0.1
random,23,10,0.6488088302447755,0.16147363868629072,0.8876841703935421,0.0763644485932614,0.3778111182258245,0.1606118593509215,-2.3830181371463217,2.3830181371463217,11.259225078984398,0.011957366578801698,1.3877787807814457e-17,0.0021971040439801026,0.1
random,23,11,0.6478177856970483,0.16123800590842474,0.8863888042357021,0.07604325230344045,0.3762220079570711,0.16512379600661675,-2.3667848226482064,2.3667848226482064,11.24984434169155,0.009802424934531288,0.0,0.000991044547727249,0.1
random,23,12,0.6466785651748879,0.16091597175683942,0.8846184557069012,0.07572410906198115,0.3746430550915542,0.1704780977566017,-2.3456098850077884,2.3456098850077884,11.240574239231039,0.010465266467237793,0.0,0.0011392205221604224,0.1
random,23,13,0.6454947068847513,0.16045699915511594,0.8820953025996264,0.07553722277506121,0.3737184400600443,0.17587835554915968,-2.3208612984860677,2.3208612984860677,11.22992820922524,0.010156226162319445,0.0,0.0011838582901365635,0.1
random,23,14,0.6445264253086835,0.15981348633555625,0.8785576592541499,0.07569469842781136,0.3744975467458762,0.17998822308670412,-2.308850730076276,2.308850730076276,11.217457931691888,0.00972089715502463,1.3877787807814457e-17,0.0009682815760677643,0.1
random,23,15,0.6435283358961658,0.15914164245992296,0.8748642689383834,0.07585633735896945,0.3752972511430746,0.18447575855436738,-2.2980763471424526,2.2980763471424526,11.202804450643752,0.009945789530217929,1.3877787807814457e-17,0.0009980894125177775,0.1
random,23,16,0.6424891353751365,0.15843587515316018,0.8709843881647065,0.07599885859666501,0.3760023712503576,0.18995755667604483,-2.284803100824055,2.284803100824055,11.187576854396001,0.010137057116259524,1.3877787807814457e-17,0.0010392005210292377,0.1
random,23,17,0.6413983528257812,0.15769467917700145,0.8669097420456966,0.07611916282833826,0.3765975732996497,0.19644695153107974,-2.2685869109595664,2.2685869109595664,11.171583559274477,0.010376312269713217,1.3877787807814457e-17,0.0010907825493553513,0.1
random,23,18,0.6402461528963715,0.15691674276414252,0.862633119279988,0.07621353952415562,0.37706449954135063,0.2039734348570216,-2.2487622947446226,2.2487622947446226,11.154784206492506,0.010657012039780511,1.3877787807814457e-17,0.0011521999294096252,0.1
random,23,19,0.6390231303870901,0.15610096124811226,0.8581484470810379,0.07627769494441497,0.37738190681024264,0.2125795344144992,-2.2242321884717544,2.2242321884717544,11.137129971269477,0.01097387491636768,0.0,0.0012230225092814129,0.1
random,23,20,0.6377202450680861,0.15524646538526207,0.8534509468742547,0.07630678458832338,0.37752582706497223,0.22231858098472665,-2.1927856617698325,2.1927856617698325,11.1185654639246,0.011322253536028674,0.0,0.0013028853190040213,0.1
random,23,21,0.6363288740168955,0.15435266324671296,0.8485373645935248,0.07629545613439737,0.3774697798345607,0.23325301802852763,-2.145244029031683,2.145244029031683,11.099030212179308,0.011697668169654578,0.0,0.001391371051190582,0.1
random,23,22,0.6361590413146875,0.15425133618539882,0.8479803298410238,0.07617916785995442,0.37689444662895016,0.23721653079700547,-2.140282099327519,2.140282099327519,11.078460124345641,0.0040427861119251025,0.0,0.00016983270220805036,0.1
random,23,23,0.6360556074290296,0.1542259501879007,0.847840773017309,0.07609440742591156,0.3764750965916363,0.23897672624556862,-2.1408124403512456,2.1408124403512456,11.068175948799707,0.003308444478724471,0.0,0.000103433885657922,0.1
random,23,24,0.6359666451990441,0.1542374088849049,0.8479037659864817,0.076030235931264,0.37615760979512775,0.23935957308239372,-2.142563104004369,2.142563104004369,11.061867343181943,0.003012959825846615,0.0,8.896222998544534e-05,0.1
random,23,25,0.6358819585215061,0.1542691920538013,0.8480784905801912,0.07597705471994382,0.3758944971388117,0.2389546466200467,-2.1445849226554747,2.1445849226554747,11.058325399059465,0.002919057122153874,0.0,8.468667753802617e-05,0.1
random,23,26,0.6357985478395458,0.1543113932741651,0.8483104873048146,0.07592906595156543,0.3756570739585582,0.23814767207859414,-2.1464426427415657,2.1464426427415657,11.05645568165616,0.0028910429608899526,1.3877787807814457e-17,8.341068196027202e-05,0.1
random,23,27,0.635715607695515,0.1543586869173791,0.8485704790829331,0.07588313152663538,0.3754298145889487,0.23715460859574108,-2.1479575655804153,2.1479575655804153,11.055486536299224,0.0028812712239693152,1.3877787807814457e-17,8.294014403076311e-05,0.1
random,23,28,0.6356329143298346,0.15440838279932567,0.8488436769132206,0.07583765294036746,0.37520481046923415,0.23608670638607313,-2.149066355093292,2.149066355093292,11.054970981070387,0.002876479764033241,0.0,8.269336568045293e-05,0.1
random,23,29,0.6355503872455268,0.15445916691017644,0.849122857166273,0.07579183916844087,0.37497814802721324,0.23499884648783706,-2.149751403510177,2.149751403510177,11.054675038179624,0.0028733507537970038,0.0,8.252708430778188e-05,0.1
random,23,30,0.6354679805348943,0.15451041002773575,0.8494045607599313,0.07574530238884386,0.37474790852359524,0.23391745893130997,-2.1500087928988316,2.1500087928988316,11.054482275920629,0.002871084079063865,1.3877787807814457e-17,8.240671063253213e-05,0.1
random,23,31,0.6353856571734379,0.15456181593387144,0.8496871592664903,0.07569785138941079,0.37451314594117646,0.23285504569604434,-2.149833669207196,2.149833669207196,11.054336200398328,0.0028694798116506246,0.0,8.232336145641561e-05,0.1
random,23,32,0.6353033830561279,0.15461324861466774,0.8499699049639009,0.07564938971137167,0.37427338305270746,0.23181739047823682,-2.1492125254517576,2.1492125254517576,11.054209784091002,0.0028684772733699286,1.3877787807814457e-17,8.227411730998835e-05,0.1
random,23,33,0.6352211255982158,0.15466464871248956,0.8502524715398715,0.07559986623564452,0.3740283669478632,0.23080706354348443,-2.148116724641769,2.148116724641769,11.054090246392752,0.002868047953594552,0.0,8.225745791212713e-05,0.1
random,23,34,0.635138853373531,0.15471599340073597,0.8505347335075892,0.07554925137585833,0.37377795124884444,0.22982510995314218,-2.1464925878583667,2.1464925878583667,11.053971643575398,0.0028681711260559314,0.0,8.227222468470963e-05,0.1
random,23,35,0.6350565359862829,0.1547672771613555,0.8508166605321523,0.07549752563959869,0.3735220395174392,0.22887185961487114,-2.144239151128658,2.144239151128658,11.05385130077585,0.0028688283870869557,0.0,8.231738724817639e-05,0.1
random,23,36,0.6349741439964074,0.15481850258319985,0.851098266845498,0.07544467413833943,0.3732605580930524,0.22794731527132153,-2.141139712590504,2.141139712590504,11.053728101604033,0.002870002443212419,1.3877787807814457e-17,8.239198987547436e-05,0.1
random,23,37,0.6348916488592629,0.154869675959001,0.8513795870412517,0.0753906839550909,0.37299344306921467,0.22705133804029595,-2.1364353051241856,2.1364353051241856,11.053601669476125,0.002871676826608033,0.0,8.249513714453371e-05,0.1
random,23,38,0.6348469188099389,0.15495860882692464,0.8518684860326028,0.07539506813498875,0.3730151336849426,0.22405108951166178,-2.136979547170819,2.136979547170819,11.05347197593147,0.002061961089896282,1.3877787807814457e-17,4.473004932392666e-05,0.1
random,23,39,0.6348241345784444,0.15503513340845604,0.8522891717880244,0.07540801149696104,0.37307917063080465,0.22139963369029944,-2.1387257242960795,2.1387257242960795,11.058441809769382,0.0016093265941703897,0.0,2.278423149448816e-05,0.1
random,23,40,0.6348108502876049,0.15509339602732108,0.8526094643442146,0.07541780362616375,0.3731276169347071,0.21942309648143996,-2.140008355784039,2.140008355784039,11.062943934935113,0.0012252740244911413,0.0,1.328429083957694e-05,0.1
random,23,41,0.6348029205053769,0.15513831884755422,0.8528564227749208,0.07542531691531949,0.3731647887368974,0.21792314749467803,-2.1409704873108346,2.1409704873108346,11.06621747067907,0.0009447355064161381,1.3877787807814457e-17,7.929782227966697e-06,0.1
random,23,42,0.6347981078755083,0.1551732639737161,0.8530485298927061,0.07543113926764013,0.37319359467318697,0.2167704559256178,-2.1417031193400566,2.1417031193400566,11.068657087693483,0.0007349026906585062,0.0,4.812629868622409e-06,0.1
random,23,43,0.6347951516171234,0.1552006223748263,0.8531989297956895,0.07543568401892567,0.3732160797116686,0.21587646863444335,-2.1422672003430567,2.1422672003430567,11.07050678663234,0.0005753524109446094,0.0,2.9562583848674606e-06,0.1
random,23,44,0.6347933192893283,0.15522214333494033,0.8533172389870864,0.07543925070076085,0.37323372577704755,0.21517836907261248,-2.142705137710113,2.142705137710113,11.071926771713875,0.00045258990967958707,0.0,1.8323277951592942e-06,0.1
random,23,45,0.6347921758392556,0.15523913334413136,0.8534106397572456,0.07544206126580699,0.3732476309743284,0.21463040473468634,-2.1430473087160786,2.1430473087160786,11.07302696484221,0.0003573031446781752,0.0,1.1434500726270613e-06,0.1
random,23,46,0.6347914585491878,0.15525258327058522,0.8534845792987286,0.07544428296067941,0.3732586227517794,0.2141985752393388,-2.1433159702632225,2.1433159702632225,11.073885329576251,0.0002828545272468737,0.0,7.172900677865357e-07,0.1
random,23,47,0.6347910067727195,0.15526325338043545,0.8535432370938181,0.0754460434328137,0.3732673326417598,0.21385721904930627,-2.1435277215832835,2.1435277215832835,11.074558585905141,0.0002243944520971233,0.0,4.5177646834648755e-07,0.1
random,23,48,0.6347907213313965,0.1552717322121791,0.8535898485703631,0.07544744107354431,0.3732742474328313,0.21358673329799205,-2.1436951175362244,2.1436951175362244,11.075088820734704,0.0001783114541689102,0.0,2.854413230224395e-07,0.1
random,23,49,0.6347905405394514,0.15527847850685322,0.8536269356084688,0.07544855230865649,0.37327974523957347,0.21337200115430222,-2.143827760670921,2.143827760670921,11.075507748946627,0.00014187586804049728,0.0,1.8079194508135998e-07,0.1
random,23,50,0.6347904258080205,0.15528385175163106,0.8536564744506708,0.07544943686045212,0.37328412153651785,0.2132012781442616,-2.143933061168622,2.143933061168622,11.075839561803738,0.00011300036595891077,0.0,1.1473143091134119e-07,0.1
random,23,51,0.6347903528875,0.15528813483694442,0.8536800202570579,0.07545014161985873,0.37328760831530555,0.21306538601318298,-2.1440167782004336,2.1440167782004336,11.076102889948327,9.007410379713065e-05,0.0,7.292052051077746e-08,0.1
random,23,52,0.6347903064848583,0.15529155111165407,0.8536988008642588,0.07545070354106713,0.3732903884058321,0.2129571184981291,-2.1440834132980577,2.1440834132980577,11.076312191327418,7.184491091908877e-05,0.0,4.640264161803742e-08,0.1
random,23,53,0.6347902769283895,0.15529427737411852,0.8537137882024628,0.0754511518334916,0.37329260632091305,0.21287079666701597,-2.1441365010223974,2.1441365010223974,11.076478753892538,5.73338213541884e-05,0.0,2.955646882796259e-08,0.1
random,23,54,0.6347902580878383,0.15529645386246438,0.8537257532158693,0.07545150963912123,0.3732943765549359,0.21280193202435727,-2.144178826791961,2.144178826791961,11.07661143321089,4.577196642925852e-05,0.0,1.884055123024808e-08,0.1
random,23,55,0.6347902460707802,0.15529819199650474,0.853735308423061,0.07545179532705626,0.37329578998854523,0.21274696864977033,-2.144212592059673,2.144212592059673,11.076717203330448,3.6553291496856344e-05,0.0,1.2017058126367886e-08,0.1
random,23,56,0.6347902384022425,0.15529958041455605,0.8537429411037639,0.07545202349952035,0.37329691886586175,0.2127030841742958,-2.1442395407978916,2.1442395407978916,11.07680157338019,2.9198697322087077e-05,0.0,7.668537693739097e-09,0.1
random,23,57,0.6347902335067748,0.15530068970418057,0.853749039305601,0.07545220577803291,0.37329782068404976,0.21266803511949467,-2.1442610571428062,2.1442610571428062,11.076868905922966,2.332857308906709e-05,0.0,4.895467697885181e-09,0.1
random,23,58,0.6347902303806292,0.15530157612428386,0.8537539123059272,0.07545235142055944,0.3732985412466521,0.2126400360433956,-2.1442782412782644,2.1442782412782644,11.07692266232226,1.8641584407393118e-05,0.0,3.1261455646358627e-09,0.1
random,23,59,0.6347902283838474,0.15530228454304143,0.85375780676277,0.07545246780774285,0.3732991170692073,0.21261766467858706,-2.144291968731048,2.144291968731048,11.076965593187277,1.4898182042097183e-05,1.3877787807814457e-17,1.9967818509769586e-09,0.1
random,23,60,0.6347902271081812,0.15530285076284547,0.8537609194959759,0.07545256082711095,0.37329957728010554,0.21259978720140493,-2.1443029369104516,2.1443029369104516,11.076999887038863,1.1907710837102352e-05,1.3877787807814457e-17,1.2756661282864457e-09,0.1
random,23,61,0.6347902262930806,0.15530330336397158,0.853763407622573,0.07545263517738202,0.37329994512613296,0.21258549918727598,-2.144311701768422,2.144311701768422,11.077027286903595,9.518288296112453e-06,0.0,8.151006536394334e-10,0.1
random,23,62,0.6347902257721981,0.1553036651690156,0.8537653966073568,0.07545269460994142,0.3733002391671709,0.21257407884934248,-2.1443187067621516,2.1443187067621516,11.07704918210104,7.608829314787821e-06,0.0,5.20882448284965e-10,0.1
random,23,63,0.6347902254393,0.1553039544076501,0.8537669866660154,0.075452742120752,0.3733004742256674,0.2125649499345859,-2.144324305789564,2.144324305789564,11.07706668072335,6.082743835121277e-06,0.0,3.3289815348780394e-10,0.1
random,23,64,0.6347902252265264,0.1553041856440103,0.8537682578633343,0.07545278010305785,0.37330066214213525,0.21255765223791578,-2.1443287813866463,2.1443287813866463,11.07708066700994,4.862944907232917e-06,0.0,2.1277357653559648e-10,0.1
random,23,65,0.6347902250905223,0.15530437051571294,0.853769274175875,0.07545281046900977,0.37330081237689056,0.21255181814139584,-2.144332359187651,2.144332359187651,11.077091846855518,3.887887285353909e-06,0.0,1.3600409687342108e-10,0.1
random,23,66,0.6347902250035847,0.15530451832316872,0.853770086731657,0.07545283474661306,0.3733009324896998,0.2125471539290631,-2.1443352194298675,2.1443352194298675,11.077100783963596,3.108419081205435e-06,1.3877787807814457e-17,8.693756825550736e-11,0.1
random,23,67,0.6347902249480095,0.1553046364997716,0.8537707363949739,0.0754528541570531,0.3733010285223458,0.21254342489349598,-2.144337506116088,2.144337506116088,11.07710792860526,2.4852765740276617e-06,0.0,5.55752110997787e-11,0.1
random,23,68,0.6347902249124815,0.15530473098720737,0.8537712558296117,0.07545286967640122,0.3733011053039159,0.21254044345717665,-2.1443393343174675,2.1443393343174675,11.077113640519364,1.9870888568613332e-06,0.0,3.552802496642471e-11,0.1
random,23,69,0.6347902248897689,0.15530480653513265,0.8537716711463031,0.0754528820848754,0.3733011666945184,0.21253805969358114,-2.1443407959979197,2.1443407959979197,11.07711820716268,1.588787325919839e-06,0.0,2.2712609570874065e-11,0.1
random,23,70,0.6347902248752485,0.1553048669405308,0.8537720032185607,0.07545289200617886,0.37330121577990855,0.21253615376013912,-2.1443419646617397,2.1443419646617397,11.077121858263903,1.2703370827699561e-06,1.3877787807814457e-17,1.4520384894467497e-11,0.1
random,23,71,0.6347902248659654,0.15530491523893059,0.8537722687338813,0.07545289993892285,0.3733012550269526,0.21253462985548383,-2.1443428990637363,2.1443428990637363,11.077124777436241,1.0157245909200657e-06,1.3877787807814457e-17,9.283129820403246e-12,0.1
random,23,72,0.6347902248600304,0.15530495385719548,0.853772481033689,0.07545290628173178,0.3733012864078344,0.21253341139268833,-2.144343646171951,2.144343646171951,11.077127111447012,8.121495006667444e-07,0.0,5.934919222738699e-12,0.1
random,23,73,0.6347902248562362,0.15530498473562393,0.8537726507845682,0.07545291135330384,0.37330131149930496,0.21253243714299563,-2.1443442435341544,2.1443442435341544,11.077128977619495,6.49379259773271e-07,0.0,3.794298208958935e-12,0.1
random,23,74,0.6347902248538104,0.15530500942553663,0.8537727865147398,0.07545291540844333,0.37330133156200185,0.2125316581543953,-2.1443447211684963,2.1443447211684963,11.077130469744974,5.192335887229557e-07,0.0,2.4257262865035045e-12,0.1
random,23,75,0.6347902248522593,0.15530502916727829,0.8537728950428667,0.07545291865087457,0.37330134760384587,0.2125310352890306,-2.144345103074258,2.144345103074258,11.077131662805897,4.1517260517473057e-07,0.0,1.5510925877038062e-12,0.1
random,23,76,0.6347902248512678,0.15530504495256994,0.8537729818208303,0.07545292124348446,0.37330136043071566,0.21253053725494764,-2.1443454084391904,2.1443454084391904,11.077132616749859,3.3196770443008904e-07,0.0,9.915401832927273e-13,0.1
random,23,77,0.6347902248506337,0.15530505757435398,0.8537730512077468,0.07545292331651028,0.37330137068695685,0.21253013903281953,-2.14434565260449,2.14434565260449,11.077133379505584,2.654385335504842e-07,1.3877787807814457e-17,6.340483693634269e-13,0.1
random,23,78,0.6347902248502285,0.15530506766664276,0.853773106689032,0.07545292497408516,0.3733013788877654,0.21252982061829795,-2.144345847836122,2.144345847836122,11.07713398939344,2.1224276431822747e-07,0.0,4.0523140398818214e-13,0.1
random,23,79,0.6347902248499692,0.15530507573637684,0.8537731510515375,0.07545292629947101,0.3733013854450773,0.2125295660166182,-2.144346003941404,2.144346003941404,11.077134477052182,1.697080522560521e-07,0.0,2.5934809855243657e-13,0.1
random,23,80,0.6347902248498035,0.15530508218889574,0.8537731865235746,0.07545292735924215,0.3733013906882674,0.21252936243882603,-2.144346128761911,2.144346128761911,11.07713486697913,1.3569770723924093e-07,1.3877787807814457e-17,1.6564527527407336e-13,0.1
random,23,81,0.6347902248496977,0.15530508734830228,0.8537732148868639,0.07545292820663016,0.37330139488069747,0.21252919965917055,-2.1443462285675405,2.1443462285675405,11.07713517876143,1.0850330686490495e-07,0.0,1.0580425424677742e-13,0.1
random,23,82,0.6347902248496299,0.15530509147374477,0.8537732375660455,0.07545292888419816,0.3733013982329475,0.2125290695013342,-2.144346308371553,2.144346308371553,11.077135428060377,8.675884503279072e-08,1.3877787807814457e-17,6.783462680459706e-14,0.1
random,23,83,0.6347902248495867,0.15530509477243537,0.8537732557002465,0.0754529294259792,0.37330140091339503,0.21252896542765842,-2.144346372182457,2.144346372182457,11.077135627398352,6.937209457821557e-08,0.0,4.318767565791859e-14,0.1
random,23,84,0.6347902248495589,0.15530509741005905,0.8537732702003025,0.07545292985918566,0.3733014030566727,0.2125288822107136,-2.1443464232053935,2.1443464232053935,11.077135786788013,5.54697309803574e-08,0.0,2.7755575615628914e-14,0.1
random,23,85,0.6347902248495413,0.15530509951909632,0.8537732817945107,0.07545293020557636,0.37330140477043167,0.21252881567070042,-2.1443464640031524,2.1443464640031524,11.077135914235313,4.4353457158869814e-08,1.3877787807814457e-17,1.765254609153999e-14,0.1
random,23,86,0.6347902248495298,0.1553051012054777,0.8537732910652132,0.07545293048254953,0.3733014061407492,0.21252876246548708,-2.1443464966249137,2.1443464966249137,11.07713601614171,3.546492337891862e-08,0.0,1.1435297153639112e-14,0.1
random,23,87,0.6347902248495226,0.15530510255390476,0.8537732984780476,0.07545293070401667,0.37330140723645205,0.21252871992272815,-2.144346522709185,2.144346522709185,11.077136097625743,2.835767891342526e-08,0.0,7.216449660063518e-15,0.1
random,23,88,0.634790224849518,0.15530510363210442,0.8537733044053357,0.07545293088110135,0.3733014081125739,0.21252868590563212,-2.1443465435661038,2.1443465435661038,11.077136162780148,2.2674745421358585e-08,1.3877787807814457e-17,4.6629367034256575e-15,0.1
random,23,89,0.6347902248495151,0.15530510449423093,0.8537733091447847,0.07545293102269793,0.3733014088131193,0.2125286587056312,-2.1443465602432497,2.1443465602432497,11.077136214877449,1.8130685579240405e-08,0.0,2.886579864025407e-15,0.1
random,23,90,0.6347902248495132,0.15530510518358584,0.85377331293444,0.0754529311359183,0.37330140937327416,0.21252863695656177,-2.144346573578262,2.144346573578262,11.077136256534331,1.4497265310831307e-08,0.0,1.887379141862766e-15,0.1
random,23,91,0.6347902248495121,0.1553051057347929,0.8537733159646422,0.07545293122644912,0.37330140982117305,0.21252861956604435,-2.144346584240912,2.144346584240912,11.077136289843088,1.1591989806108964e-08,0.0,1.1102230246251565e-15,0.1
random,23,92,0.6347902248495113,0.1553051061755372,0.8537733183875872,0.07545293129883741,0.37330141017931223,0.2125286056606157,-2.1443465927667487,2.1443465927667487,11.077136316476707,9.268936968223524e-09,0.0,7.771561172376096e-16,0.1
random,23,93,0.6347902248495108,0.15530510652795565,0.8537733203249701,0.07545293135671899,0.37330141046567983,0.21252859454185719,-2.1443465995839928,2.1443465995839928,11.0771363377729,7.41142801582585e-09,1.3877787807814457e-17,5.551115123125783e-16,0.1
random,23,94,0.6347902248495104,0.15530510680974896,0.8537733218740989,0.07545293140300101,0.3733014106946589,0.2125285856513151,-2.1443466050350506,2.1443466050350506,11.0771363548013,5.926166955956231e-09,0.0,3.3306690738754696e-16,0.1
random,23,95,0.6347902248495102,0.15530510703507047,0.85377332311278,0.07545293144000804,0.37330141087775026,0.21252857854245105,-2.1443466093937076,2.1443466093937076,11.077136368417182,4.738554574409896e-09,0.0,2.220446049250313e-16,0.1
random,23,96,0.6347902248495102,0.15530510721523724,0.8537733241032277,0.07545293146959882,0.3733014110241498,0.21252857285821364,-2.1443466128788833,2.1443466128788833,11.07713637930442,3.788941557280536e-09,0.0,0.0,0.1
random,23,97,0.63479022484951,0.15530510735929834,0.8537733248951882,0.07545293149325956,0.37330141114121074,0.21252856831310546,-2.144346615665625,2.144346615665625,11.077136388009839,3.0296324110914046e-09,0.0,2.220446049250313e-16,0.1
random,23,98,0.63479022484951,0.1553051074744894,0.8537733255284388,0.07545293151217866,0.3733014112348125,0.21252856467884346,-2.1443466178938997,2.1443466178938997,11.077136394970678,2.4224899138526444e-09,0.0,0.0,0.1
random,23,99,0.6347902248495099,0.155305107566596,0.8537733260347851,0.07545293152730634,0.3733014113096563,0.21252856177289248,-2.1443466196756247,2.1443466196756247,11.077136400536558,1.937019641513998e-09,0.0,1.1102230246251565e-16,0.1
random,23,100,0.6347902248495099,0.15530510764024433,0.853773326439659,0.0754529315394024,0.37330141136950123,0.21252855944929805,-2.14434662110029,2.14434662110029,11.077136404987025,1.5488383035190522e-09,0.0,0.0,0.1
random,23,101,0.6347902248495099,0.15530510769913342,0.8537733267633955,0.07545293154907443,0.3733014114173533,0.21252855759135514,-2.14434662223945,2.14434662223945,11.077136408545613,1.2384490216220776e-09,0.0,0.0,0.1
random,23,102,0.63479022484951,0.15530510774622108,0.853773327022255,0.07545293155680814,0.3733014114556157,0.2125285561057465,-2.1443466231503208,2.1443466231503208,11.077136411391056,9.902621809784788e-10,0.0,-1.1102230246251565e-16,0.1
random,23,103,0.6347902248495099,0.1553051077838723,0.8537733272292385,0.075452931562992,0.37330141148621016,0.21252855491785583,-2.1443466238786524,2.1443466238786524,11.077136413666267,7.918123367179502e-10,0.0,1.1102230246251565e-16,0.1
random,23,104,0.6347902248495099,0.15530510781397816,0.8537733273947422,0.07545293156793663,0.3733014115106736,0.21252855396802,-2.1443466244610248,2.1443466244610248,11.077136415485523,6.331320905111851e-10,1.3877787807814457e-17,0.0,0.1
random,23,105,0.6347902248495099,0.15530510783805077,0.8537733275270788,0.07545293157189031,0.37330141153023433,0.21252855320853248,-2.144346624926689,2.144346624926689,11.077136416940197,5.062515843463594e-10,0.0,0.0,0.1
random,23,106,0.6347902248495099,0.1553051078572992,0.853773327632895,0.0754529315750517,0.3733014115458752,0.21252855260124737,-2.1443466252990335,2.1443466252990335,11.077136418103354,4.0479809751293353e-10,0.0,0.0,0.1
random,23,107,0.6347902248495099,0.1553051078726902,0.8537733277175055,0.07545293157757954,0.37330141155838165,0.21252855211566296,-2.14434662559676,2.14434662559676,11.07713641903341,3.236760225062625e-10,0.0,0.0,0.1
random,23,108,0.6347902248495099,0.15530510788499685,0.8537733277851599,0.07545293157960081,0.3733014115683818,0.21252855172739027,-2.1443466258348214,2.1443466258348214,11.077136419777085,2.588109301437499e-10,0.0,0.0,0.1
random,23,109,0.6347902248495099,0.1553051078948372,0.8537733278392562,0.075452931581217,0.3733014115763779,0.212528551416928,-2.1443466260251753,2.1443466260251753,11.077136420371724,2.069448785736267e-10,0.0,0.0,0.1
random,23,110,0.6347902248495099,0.15530510790270557,0.8537733278825118,0.0754529315825093,0.3733014115827715,0.21252855116868274,-2.1443466261773816,2.1443466261773816,11.077136420847198,1.6547284889306812e-10,0.0,0.0,0.1
random,23,111,0.6347902248495099,0.15530510790899707,0.8537733279170986,0.07545293158354263,0.3733014115878839,0.21252855097018614,-2.144346626299086,2.144346626299086,11.077136421227387,1.3231187794176157e-10,0.0,0.0,0.1
random,23,112,0.6347902248495099,0.15530510791402777,0.8537733279447544,0.07545293158436887,0.37330141159197167,0.21252855081146854,-2.1443466263964,2.1443466263964,11.077136421531383,1.0579641163953459e-10,0.0,0.0,0.1
random,23,113,0.6347902248495099,0.1553051079180503,0.8537733279668678,0.07545293158502955,0.3733014115952404,0.21252855068455812,-2.1443466264742126,2.1443466264742126,11.07713642177446,8.45946583106222e-11,1.3877787807814457e-17,0.0,0.1
random,23,114,0.6347902248495099,0.15530510792126673,0.8537733279845497,0.0754529315855578,0.37330141159785385,0.21252855058308073,-2.1443466265364317,2.1443466265364317,11.077136421968824,6.764179106261777e-11,0.0,0.0,0.1
random,23,115,0.6347902248495098,0.15530510792383856,0.8537733279986881,0.0754529315859802,0.3733014115999436,0.21252855050193953,-2.1443466265861817,2.1443466265861817,11.077136422124235,5.408628006363717e-11,1.3877787807814457e-17,1.1102230246251565e-16,0.1
random,23,116,0.6347902248495099,0.155305107925895,0.8537733280099932,0.07545293158631795,0.3733014116016147,0.2125285504370592,-2.144346626625962,2.144346626625962,11.077136422248504,4.324732341051555e-11,0.0,-1.1102230246251565e-16,0.1
random,23,117,0.6347902248495099,0.15530510792753932,0.8537733280190327,0.07545293158658802,0.37330141160295083,0.21252855038518093,-2.1443466266577698,2.1443466266577698,11.07713642234787,3.458050135628081e-11,0.0,0.0,0.1
random,23,118,0.6347902248495098,0.1553051079288541,0.8537733280262605,0.07545293158680397,0.37330141160401925,0.2125285503436991,-2.1443466266832036,2.1443466266832036,11.07713642242732,2.7650525392921026e-11,0.0,1.1102230246251565e-16,0.1
random,23,119,0.6347902248495098,0.15530510792990543,0.8537733280320401,0.07545293158697663,0.3733014116048735,0.21252855031053025,-2.1443466267035403,2.1443466267035403,11.077136422490849,2.2109325648502824e-11,1.3877787807814457e-17,0.0,0.1
random,23,120,0.6347902248495099,0.15530510793074606,0.8537733280366614,0.07545293158711469,0.3733014116055565,0.21252855028400858,-2.144346626719802,2.144346626719802,11.077136422541647,1.7678583608564958e-11,0.0,-1.1102230246251565e-16,0.1
random,23,121,0.6347902248495099,0.15530510793141825,0.8537733280403567,0.0754529315872251,0.3733014116061028,0.21252855026280187,-2.144346626732804,2.144346626732804,11.077136422582267,1.413577791939883e-11,0.0,0.0,0.1
random,23,122,0.6347902248495098,0.15530510793195568,0.8537733280433111,0.07545293158731337,0.37330141160653946,0.212528550245845,-2.144346626743201,2.144346626743201,11.077136422614743,1.1302948413900756e-11,1.3877787807814457e-17,1.1102230246251565e-16,0.1
random,23,123,0.6347902248495099,0.15530510793238544,0.8537733280456737,0.07545293158738396,0.37330141160688873,0.21252855023228628,-2.1443466267515143,2.1443466267515143,11.077136422640713,9.037825089142747e-12,1.3877787807814457e-17,-1.1102230246251565e-16,0.1
random,23,124,0.6347902248495099,0.1553051079327291,0.8537733280475629,0.0754529315874404,0.373301411607168,0.21252855022144473,-2.1443466267581615,2.1443466267581615,11.077136422661479,7.226625307298995e-12,0.0,0.0,0.1
random,23,125,0.6347902248495099,0.15530510793300384,0.8537733280490732,0.07545293158748553,0.3733014116073913,0.2125285502127759,-2.1443466267634763,2.1443466267634763,11.077136422678082,5.778401462624363e-12,0.0,0.0,0.1
random,23,126,0.6347902248495099,0.15530510793322355,0.8537733280502812,0.0754529315875216,0.3733014116075697,0.21252855020584432,-2.1443466267677267,2.1443466267677267,11.077136422691359,4.6203993958799665e-12,0.0,0.0,0.1
random,23,127,0.6347902248495099,0.15530510793339922,0.8537733280512468,0.07545293158755047,0.3733014116077125,0.2125285502003018,-2.144346626771125,2.144346626771125,11.077136422701974,3.69446680764652e-12,1.3877787807814457e-17,0.0,0.1
random,23,128,0.6347902248495099,0.15530510793353972,0.8537733280520192,0.07545293158757353,0.37330141160782665,0.21252855019587003,-2.1443466267738422,2.1443466267738422,11.077136422710462,2.954089708767251e-12,0.0,0.0,0.1
random,23,129,0.63479022484951,0.15530510793365201,0.8537733280526365,0.07545293158759199,0.37330141160791797,0.21252855019232636,-2.1443466267760147,2.1443466267760147,11.07713642271725,2.3620863472368734e-12,1.3877787807814457e-17,-1.1102230246251565e-16,0.1
random,23,130,0.6347902248495099,0.15530510793374183,0.8537733280531303,0.07545293158760673,0.37330141160799085,0.21252855018949285,-2.144346626777752,2.144346626777752,11.077136422722678,1.8887230971198838e-12,0.0,1.1102230246251565e-16,0.1
random,23,131,0.6347902248495099,0.15530510793381364,0.853773328053525,0.07545293158761852,0.37330141160804925,0.21252855018722722,-2.144346626779141,2.144346626779141,11.077136422727017,1.5102130576682497e-12,1.3877787807814457e-17,0.0,0.1
random,23,132,0.6347902248495099,0.15530510793387106,0.8537733280538408,0.07545293158762795,0.3733014116080959,0.2125285501854156,-2.1443466267802522,2.1443466267802522,11.077136422730486,1.207577736288912e-12,0.0,0.0,0.1
random,23,133,0.6347902248495099,0.15530510793391697,0.8537733280540931,0.0754529315876355,0.3733014116081332,0.21252855018396705,-2.1443466267811404,2.1443466267811404,11.077136422733261,9.65577422906786e-13,0.0,0.0,0.1
random,23,134,0.6347902248495099,0.1553051079339537,0.853773328054295,0.07545293158764153,0.37330141160816305,0.21252855018280875,-2.1443466267818505,2.1443466267818505,11.07713642273548,7.720733404020128e-13,0.0,0.0,0.1
random,23,135,0.6347902248495099,0.15530510793398303,0.8537733280544563,0.07545293158764635,0.3733014116081869,0.2125285501818826,-2.144346626782418,2.144346626782418,11.077136422737254,6.173505417545853e-13,1.3877787807814457e-17,0.0,0.1
random,23,136,0.6347902248495099,0.1553051079340065,0.8537733280545854,0.0754529315876502,0.3733014116082059,0.21252855018114203,-2.1443466267828724,2.1443466267828724,11.077136422738672,4.936272560298518e-13,0.0,0.0,0.1
random,23,137,0.6347902248495099,0.15530510793402527,0.8537733280546885,0.0754529315876533,0.3733014116082213,0.21252855018054984,-2.144346626783235,2.144346626783235,11.077136422739807,3.947114311572177e-13,1.3877787807814457e-17,0.0,0.1
random,23,138,0.6347902248495099,0.1553051079340403,0.853773328054771,0.07545293158765573,0.3733014116082333,0.21252855018007638,-2.1443466267835256,2.1443466267835256,11.077136422740713,3.155983974258673e-13,0.0,0.0,0.1
random,23,139,0.6347902248495099,0.15530510793405228,0.853773328054837,0.07545293158765772,0.37330141160824315,0.21252855017969785,-2.144346626783758,2.144346626783758,11.077136422741438,2.5235311042194975e-13,0.0,0.0,0.1
random,23,140,0.6347902248495099,0.15530510793406188,0.8537733280548897,0.0754529315876593,0.373301411608251,0.21252855017939515,-2.1443466267839435,2.1443466267839435,11.077136422742019,2.0178632041307549e-13,0.0,0.0,0.1
random,23,141,0.6347902248495099,0.15530510793406954,0.8537733280549319,0.07545293158766056,0.3733014116082572,0.21252855017915306,-2.144346626784092,2.144346626784092,11.077136422742482,1.613368135060578e-13,0.0,0.0,0.1
random,23,142,0.6347902248495098,0.15530510793407568,0.8537733280549655,0.07545293158766156,0.37330141160826213,0.2125285501789595,-2.1443466267842104,2.1443466267842104,11.077136422742852,1.2901253508767842e-13,1.3877787807814457e-17,1.1102230246251565e-16,0.1
random,23,143,0.6347902248495098,0.1553051079340806,0.8537733280549926,0.07545293158766236,0.37330141160826613,0.21252855017880473,-2.144346626784305,2.144346626784305,11.077136422743148,1.0316488808010238e-13,0.0,0.0,0.1
random,23,144,0.6347902248495099,0.15530510793408453,0.8537733280550143,0.07545293158766302,0.37330141160826935,0.212528550178681,-2.1443466267843814,2.1443466267843814,11.077136422743385,8.247892005399635e-14,1.3877787807814457e-17,-1.1102230246251565e-16,0.1
random,23,145,0.6347902248495099,0.15530510793408764,0.8537733280550314,0.07545293158766354,0.37330141160827196,0.21252855017858208,-2.1443466267844418,2.1443466267844418,11.077136422743575,6.595369707261641e-14,0.0,0.0,0.1
random,23,146,0.6347902248495099,0.15530510793409016,0.8537733280550452,0.07545293158766393,0.3733014116082739,0.21252855017850292,-2.1443466267844906,2.1443466267844906,11.077136422743727,5.2735480456041295e-14,0.0,0.0,0.1
random,23,147,0.6347902248495099,0.15530510793409216,0.8537733280550562,0.07545293158766427,0.3733014116082755,0.2125285501784397,-2.144346626784529,2.144346626784529,11.077136422743848,4.2166796735378327e-14,1.3877787807814457e-17,0.0,0.1
random,23,148,0.6347902248495099,0.15530510793409377,0.8537733280550651,0.07545293158766453,0.37330141160827685,0.21252855017838912,-2.14434662678456,2.14434662678456,11.077136422743946,3.372755005566524e-14,0.0,0.0,0.1
random,23,149,0.6347902248495098,0.15530510793409502,0.8537733280550719,0.07545293158766474,0.3733014116082779,0.21252855017834865,-2.1443466267845848,2.1443466267845848,11.077136422744022,2.6956526686171502e-14,1.3877787807814457e-17,1.1102230246251565e-16,0.1
random,23,150,0.6347902248495099,0.15530510793409608,0.8537733280550778,0.07545293158766492,0.3733014116082788,0.2125285501783164,-2.1443466267846047,2.1443466267846047,11.077136422744084,2.1559334306591837e-14,0.0,-1.1102230246251565e-16,0.1
random,37,0,0.9315620526999889,0.14645773889945396,0.8051358569137986,0.20247048034766654,1.001717422138525,0.2813541317382706,-3.1395814499360553,3.1395814499360553,11.202165162595131,0.13280160329791466,1.1102230246251565e-16,0.051486224975338946,0.1
random,37,1,0.8414902461357234,0.16665037613120476,0.9161427344137746,0.1524824221758545,0.7544028077631594,0.062174750472564065,-3.157846170148582,3.157846170148582,10.539371784484779,0.11242338982171064,1.3877787807814457e-16,0.0900718065642655,0.1
random,37,2,0.7259016323015087,0.14981587426992032,0.8235968492754869,0.11701937490969287,0.5789503061064383,0.24628054610546027,-2.7434082470476584,2.7434082470476584,11.153860397213387,0.1048126328930293,5.551115123125783e-17,0.1155886138342147,0.1
random,37,3,0.697048057158051,0.14952076022693747,0.8219744911831814,0.10532943316710848,0.5211146241481417,0.255034994923894,-2.6335114391124534,2.6335114391124534,10.966724523319888,0.04923976073436335,8.326672684688674e-17,0.028853575143457766,0.1
random,37,4,0.6796777400444376,0.14846081869698105,0.8161475752522599,0.09913375892369633,0.49046168737995766,0.2637310872832871,-2.528356687927465,2.528356687927465,10.975039382449706,0.03458069359415858,2.7755575615628914e-17,0.017370317113613365,0.1
random,37,5,0.666713193646377,0.14953324967350917,0.8220431505885735,0.09358362720441257,0.46300255541749297,0.24190340643343836,-2.4966400216097,2.4966400216097,10.99215154814585,0.03276151776651338,5.551115123125783e-17,0.01296454639806055,0.1
random,37,6,0.6553893682863731,0.15286429777523652,0.8403552335686783,0.08696838433417758,0.43027381380827984,0.20074844597894007,-2.5174505769500892,2.5174505769500892,11.036788469806508,0.032419279467102234,5.551115123125783e-17,0.01132382536000398,0.1
random,37,7,0.6405702857959309,0.15642905121593026,0.8599520868160834,0.0785675911122965,0.3887111083922036,0.1623868819178747,-2.517406790881679,2.517406790881679,11.110219565941073,0.03666460691535016,5.551115123125783e-17,0.01481908249044217,0.1
random,37,8,0.6261437054352547,0.1587887687408153,0.8729243831641591,0.07082882636681581,0.35042377160084426,0.14469628052752964,-2.4672069580971745,2.4672069580971745,11.201874069502802,0.029750360200353668,1.3877787807814457e-17,0.014426580360676233,0.1
random,37,9,0.6232451160944427,0.15839407901336067,0.8707546183274412,0.06935552161973976,0.3431346347808432,0.16300489540300447,-2.436816760444038,2.436816760444038,11.267530638576966,0.017224814475822962,4.163336342344337e-17,0.0028985893408119967,0.1
random,37,10,0.6204247747997258,0.1580164307137736,0.868678536929593,0.06801022153382609,0.3364787976842444,0.17846107492807073,-2.40318597091118,2.40318597091118,11.243863012135622,0.01672973207129384,0.0,0.002820341294716866,0.1
random,37,11,0.6190890341788511,0.1573321473296905,0.8649167617379532,0.0678352173145613,0.33561296887263553,0.1882416887355675,-2.388611247854546,2.388611247854546,11.225058659873866,0.009749592972988406,2.7755575615628914e-17,0.0013357406208747147,0.1
random,37,12,0.6180359371663003,0.1566379029472218,0.8611002270161501,0.06797133211151138,0.3362863932813771,0.19342627017536754,-2.3853502885086417,2.3853502885086417,11.206911920079039,0.010039317115989094,2.7755575615628914e-17,0.001053097012550741,0.1
random,37,13,0.6169011698732879,0.156023054986418,0.8577201656857392,0.06814868526708992,0.3371638433941501,0.1945916533334326,-2.382778064430109,2.382778064430109,11.197699735971128,0.010301001672825537,1.3877787807814457e-17,0.0011347672930124286,0.1
random,37,14,0.6158284059992045,0.1554070454728516,0.8543337188424431,0.06837271539540432,0.3382722266124401,0.19525433271762946,-2.3831015533341,2.3831015533341,11.201251849271948,0.010357696657177862,0.0,0.0010727638740833934,0.1
random,37,15,0.6147227848237332,0.15469307529528611,0.8504087436581701,0.0685476169151414,0.33913754732081347,0.1994963933424144,-2.3782688052503698,2.3782688052503698,11.208261925867188,0.010449698770449671,1.3877787807814457e-17,0.0011056211754713052,0.1
random,37,16,0.6135548036155528,0.15393010781368766,0.8462144110014584,0.06868232609805822,0.33980401749077654,0.2054558936943528,-2.369824447741938,2.369824447741938,11.20788476313541,0.010727911544530965,0.0,0.001167981208180402,0.1
random,37,17,0.61231387156617,0.15313454915957558,0.8418409118370104,0.06877714407162838,0.34027312694265327,0.21256852176338192,-2.357794699133085,2.357794699133085,11.204947590841739,0.011053092632878663,1.3877787807814457e-17,0.0012409320493828035,0.1
random,37,18,0.6109918140907123,0.15231320132529502,0.8373256393949596,0.06882924726377788,0.3405309061272315,0.2206354132961676,-2.341406233987949,2.341406233987949,11.200917808735328,0.011405431311748582,1.3877787807814457e-17,0.0013220574754576608,0.1
random,37,19,0.6095803935603542,0.15146921912168831,0.8326859369126798,0.06883405020088311,0.3405546685333239,0.2296009083735241,-2.318437745072489,2.318437745072489,11.196387477881379,0.011781739385821235,1.3877787807814457e-17,0.0014114205303581429,0.1
random,37,20,0.6082753057760665,0.1507815793249895,0.8289057101993396,0.06881166455494227,0.34044391613373326,0.23600492609530044,-2.29039689654115,2.29039689654115,11.191624310573426,0.010618631203773127,2.7755575615628914e-17,0.0013050877842877284,0.1
random,37,21,0.608043726989461,0.15077706489053816,0.8288808925756498,0.06880176190961759,0.34039492305419916,0.23405819174536555,-2.292838071755569,2.292838071755569,11.19135629286146,0.004737088336710506,0.0,0.000231578786605513,0.1
random,37,22,0.607772661386531,0.15078552460063638,0.828927398932981,0.06875281276483583,0.3401527484367316,0.23232587701674662,-2.295097881683316,2.295097881683316,11.196874286867319,0.005084773980195262,1.3877787807814457e-17,0.0002710656029299985,0.1
random,37,23,0.6074412921983405,0.1508057492774162,0.8290385819444918,0.06866325120132413,0.3397096449365592,0.2306717875781508,-2.297100410468932,2.297100410468932,11.202111027992865,0.005600708046300485,1.3877787807814457e-17,0.0003313691881904335,0.1
random,37,24,0.6070279493333434,0.15083691897327897,0.8292099340353871,0.06852868479004329,0.33904388112554235,0.22901041752878698,-2.298693679824121,2.298693679824121,11.207399835692122,0.006244334938699122,0.0,0.0004133428649971682,0.1
random,37,25,0.6065075785462862,0.15087866637938296,0.8294394359643398,0.06834169664445951,0.338118762150949,0.2272847948864189,-2.299648830546536,2.299648830546536,11.212958619400947,0.0070006235955092175,0.0,0.0005203707870571339,0.1
random,37,26,0.6058495861097766,0.15093107534983966,0.8297275487104172,0.06809143794952,0.33688061378318646,0.22545504862974788,-2.2996424692268578,2.2996424692268578,11.218947608838606,0.007868920343092972,0.0,0.0006579924365096579,0.1
random,37,27,0.6050156275800174,0.1509946658891531,0.8300771309431246,0.06776298825731235,0.3352556174952561,0.2234925336082692,-2.2982213365860114,2.2982213365860114,11.225498849643726,0.008856741960890853,0.0,0.0008339585297592045,0.1
random,37,28,0.6039570478692906,0.15107038533496475,0.8304933905504811,0.06733643920050743,0.33314527715890413,0.22137714014597962,-2.29474078934177,2.29474078934177,11.232732711904028,0.00997674016538267,0.0,0.0010585797107267592,0.1
random,37,29,0.6026117212156318,0.15115961325769597,0.8309839115742841,0.06678563658025687,0.33042019555729424,0.21909667649842546,-2.2882545558163594,2.2882545558163594,11.24076807877692,0.011245392633862832,1.3877787807814457e-17,0.0013453266536588293,0.1
random,37,30,0.6009000281736901,0.1512641827565389,0.8315587712825564,0.06607649069918307,0.3269117148015337,0.21664785131645062,-2.277295101120065,2.277295101120065,11.249729443319302,0.012682589880494493,1.3877787807814457e-17,0.001711693041941631,0.1
random,37,31,0.5987196584827288,0.1513864189630214,0.8322307518388022,0.06516473256560978,0.32240081520961006,0.21403874958522526,-2.2593406837556023,2.2593406837556023,11.259752639998947,0.01431169483570131,0.0,0.002180369690961359,0.1
random,37,32,0.5959388477799834,0.15152919488674105,0.8330156473079969,0.06399295165579563,0.31660345971228215,0.2112929426984392,-2.2288286834326474,2.2288286834326474,11.270990249970604,0.01615987123553679,1.3877787807814457e-17,0.0027808107027453843,0.1
random,37,33,0.5934419420259102,0.15139939718558937,0.832302098238296,0.06311175248628967,0.3122437497982621,0.2116901800763104,-2.1901917803545103,2.1901917803545103,11.283617403496233,0.014030036841518802,1.3877787807814457e-17,0.002496905754073242,0.1
random,37,34,0.5920966193929714,0.15105040212107926,0.8303835349555737,0.06279670099285087,0.31068504074938497,0.2156233154049211,-2.1614025572106614,2.1614025572106614,11.283534162925939,0.01065635701546113,1.3877787807814457e-17,0.001345322632938739,0.1
random,37,35,0.5920045251236759,0.15100221326855195,0.8301186218593808,0.0627592411031686,0.3104997089219419,0.21695359733014477,-2.160072275285438,2.160072275285438,11.27077899855875,0.0031522435553912338,1.3877787807814457e-17,9.209426929557285e-05,0.1
random,37,36,0.591937663446076,0.15096110948910685,0.8298926581995932,0.06272641041583207,0.3103372799523987,0.218226943700801,-2.1587989289147815,2.1587989289147815,11.265865662299912,0.002688777944746238,0.0,6.686167759983874e-05,0.1
random,37,37,0.5918895671489713,0.15092621113509044,0.8297008082067078,0.0626979013688116,0.31019623218563325,0.21941046952800827,-2.1576154030875743,2.1576154030875743,11.261441752710317,0.00228285393348455,1.3877787807814457e-17,4.809629710467167e-05,0.1
random,37,38,0.5918552800188,0.15089671594949128,0.8295386615580522,0.06267335169215191,0.31007477330048777,0.22048562589529894,-2.1565402467202834,2.1565402467202834,11.257505256585741,0.0019294090613045304,1.3877787807814457e-17,3.42871301713954e-05,0.1
random,37,39,0.5918310457358903,0.1508718955665485,0.829402214140253,0.06265237033102024,0.3099709685633741,0.22144454384076714,-2.1555813287748156,2.1555813287748156,11.254040475465986,0.0016236097784103872,0.0,2.4234282909652016e-05,0.1
random,37,40,0.5918140526431876,0.15085109366644572,0.82928785790486,0.06263455876966675,0.309882846328011,0.2222870052675208,-2.154738867348062,2.154738867348062,11.251021251975443,0.0013607432445454056,0.0,1.699309270264404e-05,0.1
random,37,41,0.5918022231966186,0.1508337242608776,0.8291923714434326,0.06261952758904023,0.3098084799537966,0.22301797498003975,-2.154007897635543,2.154007897635543,11.248414090859859,0.0011362087680351352,0.0,1.182944656907825e-05,0.1
random,37,42,0.5917940416927389,0.15081926929626116,0.8291129068114468,0.06260690841606556,0.3097460469245471,0.22364564824741914,-2.1533802243681635,2.1533802243681635,11.24618104523233,0.0009455624416414746,1.3877787807814457e-17,8.181503879711727e-06,0.1
random,37,43,0.5917884155860302,0.15080727527338417,0.8290469709451725,0.06259636171929117,0.30969386741725907,0.22417996404814497,-2.1528459085674374,2.1528459085674374,11.24428222457505,0.0007845814816983598,0.0,5.626106708622736e-06,0.1
random,37,44,0.5917845660602804,0.15079734891894161,0.8289924018664049,0.0625875811074624,0.30965042556918915,0.22463152342483392,-2.1523943491907485,2.1523943491907485,11.242677825647704,0.0006493262482711299,0.0,3.849525749832772e-06,0.1
random,37,45,0.5917819434793201,0.1507891521323361,0.8289473409030365,0.06258029487578493,0.309614377127952,0.2250108446382593,-2.152015027977323,2.152015027977323,11.241329651913718,0.0005361876533072956,0.0,2.622580960287557e-06,0.1
random,37,46,0.5917801633770479,0.15078239650491712,0.8289102025591576,0.06257426553362194,0.30958454711481465,0.22532788540061674,-2.1516979872149657,2.1516979872149657,11.240202145783154,0.00044191512927194707,1.3877787807814457e-17,1.7801022722530035e-06,0.1
random,37,47,0.5917789588997538,0.15077683770583317,0.8288796436518748,0.0625692879676803,0.30955992073710753,0.2255917670526261,-2.1514341055629562,2.1514341055629562,11.23926299838776,0.0003636253546031842,0.0,1.2044772940145165e-06,0.1
random,37,48,0.59177814606199,0.15077226998241777,0.8288545330777677,0.06256518677916775,0.3095396302138794,0.22581064416166388,-2.1512152284539185,2.1512152284539185,11.238483421444537,0.0002987947615224697,0.0,8.12837763874974e-07,0.1
random,37,49,0.591777598735538,0.15076852095925874,0.8288339232213243,0.06256181320871027,0.30952293956200627,0.22599167343872753,-2.151034199176855,2.151034199176855,11.237838168673939,0.0002452399978905167,1.3877787807814457e-17,5.473264519384458e-07,0.1
random,37,50,0.5917772308728589,0.1507654468557233,0.8288170236637943,0.06255904194678891,0.30950922881591053,0.22614104633006468,-2.150884826285518,2.150884826285518,11.23730538603182,0.00020109055414217828,1.3877787807814457e-17,3.678626790959427e-07,0.1
random,37,51,0.5917769840090934,0.15076292818599896,0.8288031775446201,0.06255676802943458,0.30949797866909196,0.22626405902237354,-2.150761813593209,2.150761813593209,11.236866356219455,0.00016475719985498615,0.0,2.4686376554061695e-07,0.1
random,37,52,0.5917768185556597,0.15076086596232963,0.828791840689131,0.0625549039419219,0.3094887561447287,0.2263652013872989,-2.1506606712282834,2.1506606712282834,11.236505187679267,0.00013489906753371114,0.0,1.6545343373142174e-07,0.1
random,37,53,0.5917767077818459,0.1507591783912771,0.828782563446592,0.06255337699629945,0.3094812016210765,0.226448252480116,-2.1505776201354663,2.1505776201354663,11.236208484101518,0.00011039140165441246,0.0,1.1077381378843398e-07,0.1
random,37,54,0.5917766336812778,0.15075779803289863,0.8287749750730841,0.06255212700886464,0.309475017340836,0.226516374743178,-2.150509497872404,2.150509497872404,11.235965018587088,9.029527732000008e-05,0.0,7.410056812595656e-08,0.1
random,37,55,0.5917765841481479,0.15075666938140678,0.8287687704314388,0.06255110427756609,0.3094699574044039,0.22657220230226557,-2.1504536703133166,2.1504536703133166,11.235765427374105,7.383002924695375e-05,1.3877787807814457e-17,4.9533129820034105e-08,0.1
random,37,56,0.5917765510567521,0.15075574682086446,0.8287636987528892,0.06255026784335721,0.30946581916796534,0.2266179209632476,-2.150407951652335,2.150407951652335,11.235601931274205,6.034871907952709e-05,0.0,3.3091395845730176e-08,0.1
random,37,57,0.5917765289601667,0.1507549929087655,0.8287595542012365,0.06254958401079132,0.30946243592417644,0.22665533897460236,-2.1503705336409804,2.1503705336409804,11.235468088278926,4.931668696415792e-05,1.3877787807814457e-17,2.209658533924852e-08,0.1
random,37,58,0.5917765142111292,0.15075437694238208,0.8287561679914965,0.06254902509931368,0.3094596707242143,0.2266859485327373,-2.150339924082845,2.150339924082845,11.235358577730628,4.02930545272082e-05,0.0,1.4749037546835098e-08,0.1
random,37,59,0.5917765043696216,0.1507538737663573,0.828753401834768,0.06254856839602559,0.3094574111966049,0.2267109785393517,-2.1503148940762307,2.1503148940762307,11.235269014580057,3.291494398022003e-05,1.3877787807814457e-17,9.841507608854272e-09,0.1
random,37,60,0.5917764978044742,0.15075346278436702,0.8287511425049476,0.06254819528192251,0.3094555652243089,0.22673143939845844,-2.150294433217124,2.150294433217124,11.235195791220036,2.6884129052690557e-05,0.0,6.5651474256966935e-09,0.1
random,37,61,0.5917764934258953,0.1507531271422307,0.8287492973479688,0.06254789050588117,0.3094540573527913,0.22674816075515222,-2.15027771186043,2.15027771186043,11.235135943916909,2.195581977273111e-05,1.3877787807814457e-17,4.378578832842095e-09,0.1
random,37,62,0.5917764905061509,0.15075285305427877,0.8287477905785778,0.06254764158342246,0.30945282581541744,0.2267618230915319,-2.1502640495240506,2.1502640495240506,11.235087040755284,1.7929291418046728e-05,0.0,2.9197444462170097e-09,0.1
random,37,63,0.5917764885594754,0.15075262924889435,0.8287465602322587,0.06254743830014818,0.3094518200767185,0.22677298404986826,-2.1502528885657144,2.1502528885657144,11.235047088123663,1.4640088810008816e-05,1.3877787807814457e-17,1.946675487474181e-09,0.1
random,37,64,0.5917764872617264,0.15075244651284309,0.8287455556602344,0.06254727230252391,0.3094509988078008,0.22678210027708715,-2.1502437723384955,2.1502437723384955,11.235014453001117,1.1953564148673019e-05,0.0,1.2977490193577523e-09,0.1
random,37,65,0.5917764863966671,0.15075229731725695,0.8287447354733533,0.06254713676124149,0.30945032822084023,0.22678954549570315,-2.150236327119879,2.150236327119879,11.234987798593401,9.759535665550603e-06,1.3877787807814457e-17,8.650592464576334e-10,0.1
random,37,66,0.5917764858200777,0.15075217551095257,0.8287440658561381,0.06254702609468743,0.30944978070094964,0.22679562541533801,-2.1502302472002444,2.1502302472002444,11.234966031170815,7.967882981794437e-06,0.0,5.765894428577667e-10,0.1
random,37,67,0.5917764854357875,0.1507520760691707,0.8287435191855091,0.06254693574205109,0.30944933368363725,0.22680059001214284,-2.1502252826034396,2.1502252826034396,11.234948256255164,6.504921773200192e-06,0.0,3.842901552530975e-10,0.1
random,37,68,0.591776485179676,0.15075199488786095,0.8287430728998851,0.06254686197733969,0.30944896873465105,0.22680464362407918,-2.1502212289915033,2.1502212289915033,11.234933742576235,5.310424446678194e-06,0.0,2.561115763910493e-10,0.1
random,37,69,0.5917764850089969,0.15075192861534925,0.8287427085737942,0.06254680175704291,0.30944867079630295,0.22680795323948358,-2.150217919376099,2.150217919376099,11.234921892462998,4.3351747744064595e-06,1.3877787807814457e-17,1.7067902646772382e-10,0.1
random,37,70,0.5917764848952562,0.15075187451465716,0.8287424111609882,0.06254675259543815,0.3094484275705453,0.22681065529489494,-2.1502152173206874,2.1502152173206874,11.234912217549427,3.5389628314455777e-06,0.0,1.1374068353831035e-10,0.1
random,37,71,0.5917764848194615,0.15075183035093284,0.8287421683756067,0.06254671246257353,0.309448229014244,0.22681286124536212,-2.1502130113702203,2.1502130113702203,11.23490431886009,2.88894231979958e-06,0.0,7.579470384655451e-11,0.1
random,37,72,0.5917764847689544,0.15075179429944144,0.8287419701863635,0.06254667970083949,0.30944806692641913,0.22681466212563092,-2.1502112104899513,2.1502112104899513,11.234897870498644,2.3582856911971023e-06,0.0,5.050715401466732e-11,0.1
random,37,73,0.5917764847352989,0.15075176487037853,0.8287418084032173,0.06254665295676534,0.3094479346108096,0.22681613228285388,-2.1502097403327283,2.1502097403327283,11.23489260629588,1.9250836871959583e-06,1.3877787807814457e-17,3.365552281309192e-11,0.1
random,37,74,0.5917764847128727,0.15075174084744264,0.8287416763396799,0.06254663112527771,0.3094478266000938,0.2268173324298581,-2.1502085401857243,2.1502085401857243,11.23488830888598,1.5714452796774666e-06,0.0,2.2426172030520775e-11,0.1
random,37,75,0.5917764846979293,0.15075172123765757,0.8287415685369702,0.06254661330415451,0.30944773843055146,0.2268183121416846,-2.150207560473898,2.150207560473898,11.23488480077318,1.2827617876465642e-06,1.3877787807814457e-17,1.4943379866849682e-11,0.1
random,37,76,0.5917764846879723,0.15075170523038944,0.8287414805387147,0.06254659875681645,0.3094476664579757,0.22681911189627027,-2.1502067607193123,2.1502067607193123,11.23488193702862,1.0471054022973173e-06,0.0,9.957035196350716e-12,0.1
random,37,77,0.5917764846813376,0.15075169216387735,0.8287414087069529,0.06254658688193418,0.30944760770730534,0.22681976474208412,-2.1502061078734984,2.1502061078734984,11.23487959932165,8.547376910299312e-07,0.0,6.6346927951599355e-12,0.1
random,37,78,0.5917764846769167,0.15075168149790252,0.8287413500718896,0.06254657718860626,0.3094475597498182,0.22682029766062758,-2.150205574954955,2.150205574954955,11.234877691042787,6.977080503474308e-07,0.0,4.420908084057373e-12,0.1
random,37,79,0.5917764846739711,0.1507516727914719,0.8287413022092124,0.06254656927608823,0.3094475206028416,0.2268207326794414,-2.150205139936141,2.150205139936141,11.234876133319469,5.695256992335733e-07,0.0,2.945532706633003e-12,0.1
random,37,80,0.5917764846720084,0.15075166568459672,0.8287412631399214,0.06254656281724025,0.3094474886478596,0.22682108778117935,-2.1502047848344032,2.1502047848344032,11.234874861761634,4.6489178017428283e-07,0.0,1.9627632852348142e-12,0.1
random,37,81,0.5917764846707007,0.15075165988341632,0.8287412312485485,0.06254655754501176,0.30944746256364664,0.22682137764603047,-2.150204494969552,2.150204494969552,11.234873823803763,3.794805762725926e-07,0.0,1.3077317007059719e-12,0.1
random,37,82,0.5917764846698292,0.15075165514805244,0.8287412052163888,0.06254655324140668,0.3094474412716727,0.22682161425798456,-2.1502042583575975,2.1502042583575975,11.23487297653432,3.0976085578571143e-07,1.3877787807814457e-17,8.714140520282854e-13,0.1
random,37,83,0.5917764846692487,0.15075165128269408,0.8287411839669919,0.06254654972847415,0.3094474238915306,0.22682180739987415,-2.1502040652157084,2.1502040652157084,11.234872284923298,2.5284999427534216e-07,0.0,5.805356195764944e-13,0.1
random,37,84,0.5917764846688618,0.15075164812750264,0.8287411666216622,0.06254654686095347,0.3094474097045468,0.22682196505757254,-2.15020390755801,2.15020390755801,11.234871720375041,2.0639486801198984e-07,0.0,3.8691272408186705e-13,0.1
random,37,85,0.591776484668604,0.15075164555200427,0.8287411524631336,0.06254654452026952,0.309447398124074,0.22682209375000226,-2.1502037788655803,2.1502037788655803,11.234871259546608,1.6847461010227155e-07,0.0,2.5779378631796135e-13,0.1
random,37,86,0.5917764846684322,0.15075164344969533,0.8287411409059137,0.06254654260963083,0.3094473886712389,0.22682219879856,-2.1502036738170225,2.1502036738170225,11.234870883383094,1.3752121944084537e-07,0.0,1.7175150190951172e-13,0.1
random,37,87,0.5917764846683178,0.15075164173363903,0.8287411314720765,0.06254654105002802,0.3094473809551447,0.2268222845470728,-2.1502035880685098,2.1502035880685098,11.23487057633004,1.1225474710726754e-07,1.3877787807814457e-17,1.1446399383885364e-13,0.1
random,37,88,0.5917764846682415,0.15075164033287064,0.8287411237715011,0.06254653977696718,0.30944737465670935,0.22682235454136326,-2.1502035180742194,2.1502035180742194,11.234870325690466,9.163038468191018e-08,0.0,7.627232179174825e-14,0.1
random,37,89,0.5917764846681908,0.15075163918946338,0.8287411174857412,0.06254653873780325,0.3094473695154729,0.22682241167583814,-2.150203460939744,2.150203460939744,11.234870121099975,7.479527008980666e-08,0.0,5.0737192225369654e-14,0.1
random,37,90,0.591776484668157,0.1507516382561329,0.8287411123548561,0.06254653788956314,0.3094473653188271,0.22682245831315365,-2.1502034143024287,2.1502034143024287,11.234869954098281,6.105322672916758e-08,0.0,3.375077994860476e-14,0.1
random,37,91,0.5917764846681344,0.15075163749428228,0.8287411081666632,0.06254653719716903,0.3094473618932253,0.22682249638190086,-2.1502033762336814,2.1502033762336814,11.234869817779396,4.9835979231288865e-08,0.0,2.2648549702353193e-14,0.1
random,37,92,0.5917764846681194,0.15075163687240586,0.8287411047479637,0.0625465366319877,0.3094473590970054,0.22682252745634804,-2.1502033451592344,2.1502033451592344,11.2348697065061,4.067965665401054e-08,0.0,1.4988010832439613e-14,0.1
random,37,93,0.5917764846681094,0.15075163636478633,0.8287411019573793,0.06254653617064662,0.30944735681453245,0.2268225528215347,-2.150203319794048,2.150203319794048,11.23486961567686,3.320561178083992e-08,0.0,9.992007221626409e-15,0.1
random,37,94,0.5917764846681027,0.1507516359504315,0.8287410996795076,0.06254653579406735,0.30944735495141634,0.2268225735264077,-2.1502032990891746,2.1502032990891746,11.234869541535554,2.710476412951436e-08,0.0,6.661338147750939e-15,0.1
random,37,95,0.5917764846680982,0.15075163561220584,0.8287410978201479,0.06254653548667675,0.30944735343060936,0.22682259042719613,-2.1502032821883863,2.1502032821883863,11.234869481016144,2.21248191148083e-08,0.0,4.551914400963142e-15,0.1
random,37,96,0.5917764846680953,0.15075163533612224,0.8287410963024077,0.06254653523576287,0.3094473521892194,0.22682260422281722,-2.150203268392765,2.150203268392765,11.234869431615909,1.8059835235546923e-08,0.0,2.886579864025407e-15,0.1
random,37,97,0.5917764846680933,0.15075163511076337,0.8287410950635212,0.06254653503094927,0.3094473511759095,0.22682261548377888,-2.1502032571318037,2.1502032571318037,11.234869391291939,1.4741708030493305e-08,0.0,1.9984014443252818e-15,0.1
random,37,98,0.591776484668092,0.15075163492680962,0.8287410940522552,0.062546534863766,0.30944735034877463,0.22682262467577077,-2.1502032479398117,2.1502032479398117,11.234869358376667,1.2033218435109168e-08,0.0,1.3322676295501878e-15,0.1
random,37,99,0.5917764846680911,0.15075163477665368,0.8287410932267888,0.06254653472729926,0.309447349673609,0.2268226321789227,-2.15020324043666,2.15020324043666,11.234869331508898,9.822358320212992e-09,0.0,8.881784197001252e-16,0.1
random,37,100,0.5917764846680904,0.1507516346540858,0.8287410925529849,0.06254653461590551,0.30944734912249133,0.2268226383035237,-2.1502032343120585,2.1502032343120585,11.234869309577533,8.017698621096149e-09,0.0,6.661338147750939e-16,0.1
random,37,101,0.5917764846680901,0.15075163455403734,0.8287410920029791,0.0625465345249781,0.30944734867263035,0.22682264330285398,-2.1502032293127287,2.1502032293127287,11.234869291675608,6.544608427312352e-09,0.0,3.3306690738754696e-16,0.1
random,37,102,0.5917764846680899,0.15075163447237078,0.8287410915540259,0.06254653445075677,0.3094473483054222,0.22682264738365884,-2.1502032252319236,2.1502032252319236,11.234869277062801,5.3421686715578016e-09,0.0,2.220446049250313e-16,0.1
random,37,103,0.5917764846680897,0.15075163440570877,0.8287410911875586,0.0625465343901721,0.3094473480056812,0.2268226507146985,-2.150203221900884,2.150203221900884,11.234869265134797,4.360652847629666e-09,0.0,1.1102230246251565e-16,0.1
random,37,104,0.5917764846680896,0.15075163435129457,0.8287410908884223,0.06254653434071866,0.30944734776101157,0.226822653433727,-2.1502032191818556,2.1502032191818556,11.234869255398324,3.5594706995852625e-09,1.3877787807814457e-17,1.1102230246251565e-16,0.1
random,37,105,0.5917764846680895,0.15075163430687788,0.8287410906442462,0.06254653430035129,0.30944734756129505,0.2268226556531889,-2.1502032169623937,2.1502032169623937,11.234869247450732,2.905489606455241e-09,0.0,1.1102230246251565e-16,0.1
random,37,106,0.5917764846680895,0.15075163427062188,0.8287410904449327,0.0625465342674006,0.3094473473982724,0.22682265746486954,-2.1502032151507127,2.1502032151507127,11.23486924096335,2.3716643429287355e-09,0.0,0.0,0.1
random,37,107,0.5917764846680895,0.15075163424102717,0.828741090282239,0.06254653424050394,0.30944734726520184,0.2268226589436904,-2.150203213671892,2.150203213671892,11.234869235667892,1.9359187123081246e-09,1.3877787807814457e-17,0.0,0.1
random,37,108,0.5917764846680893,0.15075163421686988,0.8287410901494368,0.062546534218549,0.30944734715658034,0.22682266015080763,-2.150203212464775,2.150203212464775,11.234869231345368,1.580232567183537e-09,0.0,2.220446049250313e-16,0.1
random,37,109,0.5917764846680894,0.15075163419715104,0.8287410900410346,0.06254653420062785,0.30944734706791593,0.22682266113614138,-2.150203211479441,2.150203211479441,11.234869227817022,1.2898965944865722e-09,0.0,-1.1102230246251565e-16,0.1
random,37,110,0.5917764846680894,0.15075163418105514,0.828741089952549,0.06254653418599934,0.30944734699554177,0.2268226619404399,-2.1502032106751425,2.1502032106751425,11.234869224936936,1.0529040027933395e-09,0.0,0.0,0.1
random,37,111,0.5917764846680894,0.15075163416791654,0.828741089880321,0.06254653417405853,0.3094473469364649,0.22682266259696474,-2.150203210018618,2.150203210018618,11.23486922258601,8.594540492759442e-10,0.0,0.0,0.1
random,37,112,0.5917764846680893,0.15075163415719184,0.8287410898213631,0.06254653416431159,0.3094473468882422,0.22682266313286634,-2.150203209482716,2.150203209482716,11.234869220667019,7.015466320165766e-10,0.0,1.1102230246251565e-16,0.1
random,37,113,0.5917764846680893,0.15075163414843765,0.8287410897732379,0.06254653415635547,0.3094473468488795,0.22682266357030675,-2.1502032090452756,2.1502032090452756,11.234869219100604,5.72651520591858e-10,0.0,0.0,0.1
random,37,114,0.5917764846680894,0.15075163414129183,0.8287410897339546,0.06254653414986114,0.30944734681674896,0.22682266392737635,-2.150203208688206,2.150203208688206,11.234869217821986,4.674383001699463e-10,0.0,-1.1102230246251565e-16,0.1
random,37,115,0.5917764846680893,0.15075163413545892,0.8287410897018886,0.06254653414455999,0.30944734679052166,0.22682266421884154,-2.150203208396741,2.150203208396741,11.234869216778288,3.815559010901037e-10,1.3877787807814457e-17,1.1102230246251565e-16,0.1
random,37,116,0.5917764846680893,0.1507516341306977,0.8287410896757144,0.06254653414023283,0.3094473467691131,0.22682266445675583,-2.1502032081588265,2.1502032081588265,11.234869215926349,3.114526662669297e-10,1.3877787807814457e-17,0.0,0.1
random,37,117,0.5917764846680894,0.15075163412681125,0.8287410896543491,0.0625465341367007,0.309447346751638,0.22682266465095816,-2.150203207964624,2.150203207964624,11.234869215230937,2.542294886670113e-10,1.3877787807814457e-17,-1.1102230246251565e-16,0.1
random,37,118,0.5917764846680894,0.15075163412363887,0.8287410896369093,0.06254653413381751,0.3094473467373735,0.22682266480947974,-2.150203207806103,2.150203207806103,11.234869214663293,2.0751993474969772e-10,0.0,0.0,0.1
random,37,119,0.5917764846680894,0.15075163412104933,0.8287410896226736,0.06254653413146408,0.30944734672572993,0.22682266493887612,-2.1502032076767064,2.1502032076767064,11.234869214199941,1.6939230994999192e-10,0.0,0.0,0.1
random,37,120,0.5917764846680893,0.15075163411893558,0.8287410896110534,0.06254653412954302,0.30944734671622554,0.22682266504449858,-2.150203207571084,2.150203207571084,11.234869213821721,1.3826986854241739e-10,0.0,1.1102230246251565e-16,0.1
random,37,121,0.5917764846680893,0.1507516341172102,0.8287410896015683,0.06254653412797491,0.3094473467084674,0.226822665130715,-2.1502032074848674,2.1502032074848674,11.234869213512992,1.1286555667320093e-10,0.0,0.0,0.1
random,37,122,0.5917764846680894,0.1507516341158018,0.8287410895938259,0.06254653412669492,0.3094473467021347,0.22682266520109093,-2.1502032074144917,2.1502032074144917,11.234869213260987,9.212878622592547e-11,0.0,-1.1102230246251565e-16,0.1
random,37,123,0.5917764846680894,0.1507516341146522,0.8287410895875059,0.06254653412565012,0.30944734669696555,0.2268226652585366,-2.1502032073570456,2.1502032073570456,11.234869213055282,7.520196288658167e-11,0.0,0.0,0.1
random,37,124,0.5917764846680894,0.15075163411371378,0.8287410895823472,0.06254653412479726,0.30944734669274604,0.22682266530542786,-2.1502032073101547,2.1502032073101547,11.23486921288737,6.138510999785313e-11,0.0,0.0,0.1
random,37,125,0.5917764846680893,0.15075163411294779,0.8287410895781361,0.06254653412410109,0.3094473466893018,0.22682266534370368,-2.150203207271879,2.150203207271879,11.234869212750308,5.0106831661712916e-11,0.0,1.1102230246251565e-16,0.1
random,37,126,0.5917764846680893,0.1507516341123225,0.8287410895746987,0.06254653412353285,0.30944734668649043,0.2268226653749472,-2.150203207240635,2.150203207240635,11.23486921263843,4.0900702474078315e-11,1.3877787807814457e-17,0.0,0.1
random,37,127,0.5917764846680893,0.15075163411181214,0.8287410895718931,0.062546534123069,0.30944734668419555,0.2268226654004503,-2.150203207215132,2.150203207215132,11.234869212547105,3.338602407910496e-11,0.0,0.0,0.1
random,37,128,0.5917764846680894,0.15075163411139555,0.8287410895696029,0.06254653412269037,0.30944734668232227,0.22682266542126775,-2.150203207194315,2.150203207194315,11.234869212472562,2.725201630075135e-11,0.0,-1.1102230246251565e-16,0.1
random,37,129,0.5917764846680893,0.1507516341110555,0.8287410895677335,0.06254653412238131,0.3094473466807932,0.22682266543826043,-2.150203207177322,2.150203207177322,11.234869212411715,2.2245011076164525e-11,0.0,1.1102230246251565e-16,0.1
random,37,130,0.5917764846680894,0.1507516341107779,0.8287410895662075,0.06254653412212903,0.30944734667954504,0.226822665452131,-2.1502032071634516,2.1502032071634516,11.234869212362044,1.815793283620104e-11,1.3877787807814457e-17,-1.1102230246251565e-16,0.1
random,37,131,0.5917764846680893,0.1507516341105513,0.8287410895649617,0.06254653412192311,0.3094473466785263,0.22682266546345317,-2.150203207152129,2.150203207152129,11.234869212321502,1.4821770940753504e-11,1.3877787807814457e-17,1.1102230246251565e-16,0.1
random,37,132,0.5917764846680893,0.15075163411036638,0.8287410895639451,0.06254653412175501,0.3094473466776946,0.22682266547269506,-2.150203207142887,2.150203207142887,11.234869212288407,1.2098563328116816e-11,0.0,0.0,0.1
random,37,133,0.5917764846680893,0.1507516341102154,0.8287410895631151,0.06254653412161781,0.30944734667701584,0.22682266548023897,-2.150203207135344,2.150203207135344,11.234869212261396,9.875695116646351e-12,0.0,0.0,0.1
random,37,134,0.5917764846680894,0.15075163411009218,0.8287410895624377,0.06254653412150582,0.30944734667646173,0.22682266548639682,-2.1502032071291857,2.1502032071291857,11.234869212239344,8.061237392925279e-12,0.0,-1.1102230246251565e-16,0.1
random,37,135,0.5917764846680893,0.15075163410999157,0.8287410895618846,0.0625465341214144,0.3094473466760094,0.22682266549142335,-2.1502032071241595,2.1502032071241595,11.234869212221344,6.580149550494484e-12,0.0,1.1102230246251565e-16,0.1
random,37,136,0.5917764846680893,0.15075163410990944,0.8287410895614331,0.06254653412133977,0.3094473466756402,0.22682266549552635,-2.150203207120056,2.150203207120056,11.234869212206652,5.371178357309624e-12,1.3877787807814457e-17,0.0,0.1
random,37,137,0.5917764846680894,0.15075163410984244,0.8287410895610648,0.06254653412127885,0.3094473466753388,0.22682266549887545,-2.1502032071167068,2.1502032071167068,11.23486921219466,4.384326181628574e-12,1.3877787807814457e-17,-1.1102230246251565e-16,0.1
random,37,138,0.5917764846680893,0.1507516341097877,0.8287410895607639,0.06254653412122912,0.3094473466750928,0.2268226655016092,-2.1502032071139734,2.1502032071139734,11.23486921218487,3.578800058792183e-12,0.0,1.1102230246251565e-16,0.1
random,37,139,0.5917764846680893,0.15075163410974307,0.8287410895605185,0.06254653412118855,0.30944734667489204,0.22682266550384075,-2.150203207111742,2.150203207111742,11.234869212176879,2.92126496325418e-12,0.0,0.0,0.1
random,37,140,0.5917764846680894,0.1507516341097066,0.8287410895603181,0.0625465341211554,0.30944734667472806,0.22682266550566224,-2.15020320710992,2.15020320710992,11.234869212170357,2.384548482412575e-12,0.0,-1.1102230246251565e-16,0.1
random,37,141,0.5917764846680893,0.15075163410967685,0.8287410895601545,0.06254653412112837,0.30944734667459434,0.2268226655071491,-2.1502032071084334,2.1502032071084334,11.234869212165034,1.9464338079771456e-12,0.0,1.1102230246251565e-16,0.1
random,37,142,0.5917764846680893,0.15075163410965256,0.828741089560021,0.06254653412110629,0.3094473466744851,0.22682266550836275,-2.1502032071072197,2.1502032071072197,11.234869212160687,1.588805998206017e-12,0.0,0.0,0.1
random,37,143,0.5917764846680893,0.15075163410963274,0.828741089559912,0.06254653412108828,0.309447346674396,0.22682266550935345,-2.150203207106229,2.150203207106229,11.23486921215714,1.2968963708727983e-12,0.0,0.0,0.1
random,37,144,0.5917764846680893,0.15075163410961656,0.8287410895598231,0.06254653412107357,0.30944734667432316,0.22682266551016209,-2.1502032071054202,2.1502032071054202,11.234869212154244,1.0586250272351505e-12,1.3877787807814457e-17,0.0,0.1
random,37,145,0.5917764846680893,0.15075163410960335,0.8287410895597505,0.06254653412106156,0.3094473466742638,0.22682266551082222,-2.15020320710476,2.15020320710476,11.23486921215188,8.641200110152267e-13,0.0,0.0,0.1
random,37,146,0.5917764846680894,0.15075163410959258,0.8287410895596913,0.06254653412105177,0.3094473466742153,0.22682266551136096,-2.1502032071042216,2.1502032071042216,11.23486921214995,7.053444109079524e-13,0.0,-1.1102230246251565e-16,0.1
random,37,147,0.5917764846680894,0.15075163410958375,0.8287410895596428,0.06254653412104377,0.3094473466741758,0.22682266551180083,-2.150203207103782,2.150203207103782,11.234869212148375,5.757627177608323e-13,0.0,0.0,0.1
random,37,148,0.5917764846680894,0.1507516341095766,0.8287410895596033,0.06254653412103724,0.3094473466741434,0.22682266551215982,-2.1502032071034227,2.1502032071034227,11.234869212147089,4.699777383758357e-13,0.0,0.0,0.1
random,37,149,0.5917764846680893,0.1507516341095707,0.828741089559571,0.0625465341210319,0.309447346674117,0.22682266551245292,-2.1502032071031296,2.1502032071031296,11.234869212146041,3.8363246662567166e-13,1.3877787807814457e-17,1.1102230246251565e-16,0.1
random,37,150,0.5917764846680894,0.15075163410956594,0.8287410895595447,0.06254653412102755,0.3094473466740955,0.22682266551269206,-2.1502032071028903,2.1502032071028903,11.234869212145185,3.1314512796036914e-13,0.0,-1.1102230246251565e-16,0.1
random,37,151,0.5917764846680893,0.15075163410956202,0.8287410895595233,0.062546534121024,0.3094473466740779,0.22682266551288735,-2.150203207102695,2.150203207102695,11.234869212144485,2.5561105227371857e-13,0.0,1.1102230246251565e-16,0.1
random,37,152,0.5917764846680893,0.15075163410955883,0.8287410895595058,0.0625465341210211,0.3094473466740636,0.22682266551304672,-2.150203207102536,2.150203207102536,11.234869212143913,2.0864566160334015e-13,0.0,0.0,0.1
random,37,153,0.5917764846680892,0.15075163410955622,0.8287410895594913,0.06254653412101872,0.3094473466740518,0.22682266551317679,-2.1502032071024058,2.1502032071024058,11.234869212143447,1.703157794557225e-13,0.0,1.1102230246251565e-16,0.1
random,37,154,0.5917764846680894,0.1507516341095541,0.8287410895594798,0.06254653412101681,0.3094473466740424,0.22682266551328303,-2.1502032071022996,2.1502032071022996,11.234869212143067,1.390218744849173e-13,0.0,-2.220446049250313e-16,0.1
random,37,155,0.5917764846680893,0.15075163410955236,0.8287410895594701,0.06254653412101523,0.30944734667403456,0.2268226655133697,-2.1502032071022126,2.1502032071022126,11.234869212142758,1.1348824595349419e-13,0.0,1.1102230246251565e-16,0.1
feature_informed,0,0,1.1768084575110354,0.1920610545843128,1.055835239056016,0.2504145908941926,1.2389196589333569,0.29431008516348994,-3.547070437558169,3.547070437558169,12.829575521237663,0.3954415572999087,8.326672684688674e-17,0.47359530599959054,0.1
feature_informed,0,1,1.0609711689826096,0.13189241803043844,0.7250645531559952,0.2586197109863154,1.279514276642096,0.5868175408356413,-3.207795833854809,3.207795833854809,12.734528698635982,0.23896030371932592,2.7755575615628914e-17,0.11583728852842579,0.025
feature_informed,0,2,0.9534378570111971,0.1475812528999491,0.8113122557462585,0.2105972912696837,1.0419246072700639,0.26819425503035993,-3.4960194209536084,3.4960194209536084,10.226814597240287,0.06163673796571903,2.7755575615628914e-17,0.10753331197141247,0.026250000000000002
feature_informed,0,3,0.9049035506243513,0.1534645323373478,0.8436549592926055,0.18835709368016582,0.9318918096050978,0.17130166175499745,-3.518280137473175,3.518280137473175,10.581977080077156,0.037657324281189085,2.7755575615628914e-17,0.04853430638684575,0.027562500000000004
feature_informed,0,4,0.8593200896725685,0.15719189399751318,0.8641457339477103,0.16773679962402546,0.8298734424328221,0.12310501482302309,-3.4601585507691306,3.4601585507691306,10.745133012342311,0.03442991813691093,2.7755575615628914e-17,0.045583460951782895,0.028940625000000005
feature_informed,0,5,0.8082698246670212,0.16017670251112434,0.8805544015837699,0.1447560109743297,0.7161765898084053,0.0990432897093374,-3.367205103388508,3.367205103388508,10.906571780154316,0.03669569342005615,2.7755575615628914e-17,0.05105026500554721,0.030387656250000006
feature_informed,0,6,0.763030483487503,0.16132292121322642,0.8868556171006988,0.1248772995671401,0.6178271834551786,0.1068908320956425,-3.2320140153649453,3.2320140153649453,11.093753003718529,0.033672645380863266,5.551115123125783e-17,0.04523934117951822,0.03190703906250001
feature_informed,0,7,0.7440393363347247,0.16066329455290557,0.883229389627904,0.1175947279839268,0.5817968504389821,0.11526216301281686,-3.153433934238265,3.153433934238265,11.24318669673173,0.0213536279149727,1.3877787807814457e-17,0.018991147152778276,0.033502391015625015
feature_informed,0,8,0.730069119140699,0.1610374313465954,0.8852861668952169,0.11185413437144172,0.5533954132261637,0.10728329080008753,-3.1279718003640644,3.1279718003640644,11.280657790340026,0.021628534656305598,2.7755575615628914e-17,0.013970217194025691,0.035177510566406264
feature_informed,0,9,0.7118977583398266,0.16149541327334538,0.8878038738720945,0.10412805636461085,0.5151708437434699,0.10410399532044504,-3.070796203584617,3.070796203584617,11.329085847693063,0.02454071685972691,0.0,0.01817136080087245,0.03693638609472658
feature_informed,0,10,0.6999505963455568,0.1603798539756725,0.8816712051731286,0.09992055089120189,0.4943543201237316,0.11937833697126723,-3.016491571520244,3.016491571520244,11.382907683013611,0.021416494607896557,2.7755575615628914e-17,0.011947161994269817,0.038783205399462915
feature_informed,0,11,0.6862847693123809,0.15949273746199571,0.8767943764047158,0.09485280458005829,0.46928177738992716,0.1324669241505953,-2.953382128238961,2.953382128238961,11.3849213837729,0.02255718843365595,2.7755575615628914e-17,0.01366582703317587,0.040722365669436066
feature_informed,0,12,0.6670272167306639,0.15878562881356978,0.8729071217477774,0.08737845169079617,0.4323026113627173,0.14422350175416548,-2.8596940473945454,2.8596940473945454,11.38281214545772,0.027384679938829797,1.3877787807814457e-17,0.01925755258171702,0.04275848395290787
feature_informed,0,13,0.6519766169478026,0.15709310594451886,0.863602657123651,0.08213059208376539,0.40633896279393295,0.17005806989010694,-2.7420963928246174,2.7420963928246174,11.385350137264762,0.021053805081733965,2.7755575615628914e-17,0.015050599782861274,0.04489640815055326
feature_informed,0,14,0.6470131802944068,0.15519511145401874,0.8531686340941436,0.08121970323954902,0.4018323639884362,0.1951268125311692,-2.6914820013971874,2.6914820013971874,11.36938813520479,0.01535219545505418,0.0,0.004963436653395825,0.04714122855808093
feature_informed,0,15,0.6439990263138339,0.153933932229088,0.8462354353187371,0.08090725464418357,0.4002865327099068,0.20738042299511897,-2.6667803691575367,2.6667803691575367,11.349345621391151,0.012108092718230625,0.0,0.00301415398057292,0.049498289985984975
feature_informed,0,16,0.6412449720385287,0.15288428922346042,0.840465134430986,0.0805495053705194,0.39851657750670166,0.21754116069684792,-2.6438316379487974,2.6438316379487974,11.338309452574416,0.012022319337116427,0.0,0.0027540542753051733,0.051973204485284225
feature_informed,0,17,0.6383540886784725,0.15199192137526638,0.8355594370090746,0.08000689219209037,0.39583201295496556,0.22658363696452516,-2.616358434677737,2.616358434677737,11.32809551711795,0.01250519257726783,2.7755575615628914e-17,0.0028908833600561623,0.05457186470954844
feature_informed,0,18,0.6351242372068794,0.1512186112631656,0.8313082468401904,0.07923520826563707,0.3920141268503582,0.23463050361605045,-2.5805074956709997,2.5805074956709997,11.318212282302438,0.01345477227438345,2.7755575615628914e-17,0.0032298514715931592,0.05730045794502586
feature_informed,0,19,0.6318112340306375,0.1505800083205245,0.8277975950213474,0.07842876337459981,0.38802426177985766,0.23900305630035,-2.542319960281339,2.542319960281339,11.308332939750393,0.01366254977864348,0.0,0.0033130031762418355,0.06016548084227716
feature_informed,0,20,0.6284563801859457,0.1501839387516092,0.8256202446528221,0.07753925357930798,0.3836234352614601,0.23834540228804557,-2.508134307574505,2.508134307574505,11.297052926595969,0.014178974712268944,2.7755575615628914e-17,0.0033548538446918075,0.06317375488439102
feature_informed,0,21,0.6248182008387727,0.150009635646968,0.8246620318566081,0.07642901534699947,0.37813056055637706,0.23421904632280133,-2.4732833113738733,2.4732833113738733,11.287166604943671,0.015333644428407574,1.3877787807814457e-17,0.0036381793471730317,0.06633244262861057
feature_informed,0,22,0.6212620382267223,0.14963775350626055,0.822617649304485,0.07537389277888061,0.37291036916274123,0.23498028993109168,-2.4309857332843254,2.4309857332843254,11.279391338439693,0.014600689982529905,0.0,0.003556162612050384,0.06964906476004111
feature_informed,0,23,0.6180592859911221,0.14896662211767175,0.8189281758105365,0.07451074596514025,0.3686399728081595,0.24275211681774145,-2.3967063930306702,2.3967063930306702,11.26822093280427,0.015053554457825883,1.3877787807814457e-17,0.0032027522356001814,0.07313151799804317
feature_informed,0,24,0.614130622558847,0.14830273570559482,0.8152785308051063,0.07330965503166587,0.36269760673302626,0.25142553789780675,-2.3466588108169644,2.3466588108169644,11.252908957100464,0.016965243323394184,0.0,0.003928663432275159,0.07678809389794533
feature_informed,0,25,0.610254292064812,0.14790103088770518,0.8130702012541494,0.07193814886107801,0.3559121157158209,0.2576313357982687,-2.296458106974517,2.296458106974517,11.236449626281246,0.016454199732871818,1.3877787807814457e-17,0.0038763304940350185,0.0806274985928426
feature_informed,0,26,0.606905784583192,0.14860212614052135,0.8169243979077101,0.07022327510088178,0.34742782250227655,0.2472967437819857,-2.274953919708474,2.274953919708474,11.227736040367054,0.01589836865869407,1.3877787807814457e-17,0.0033485074816199667,0.08465887352248473
feature_informed,0,27,0.6037404292661945,0.149609816923143,0.8224640709073543,0.06836332417092145,0.33822576377418556,0.23395511925424597,-2.2601734600438843,2.2601734600438843,11.22678148427218,0.01675621054211065,1.3877787807814457e-17,0.0031653553169974646,0.08889181719860897
feature_informed,0,28,0.6002101706474702,0.15052134044348314,0.8274750746013958,0.06635175608478135,0.32827358311928545,0.22335841787129526,-2.232491832486834,2.232491832486834,11.227773024704467,0.017895466416614634,0.0,0.003530258618724358,0.09333640805853943
feature_informed,0,29,0.5959902781818894,0.15130847823038562,0.8318022809431654,0.06409829989747244,0.31712466739104156,0.21526804014785852,-2.177382194616424,2.177382194616424,11.228418132935634,0.01954445914966189,1.3877787807814457e-17,0.0042198924655807435,0.0980032284614664
feature_informed,0,30,0.5952813172248255,0.15080117373679242,0.8290134283961123,0.06410183743902342,0.31714216928562433,0.2220351838395723,-2.15499068877601,2.15499068877601,11.228660063541591,0.0074439562329622665,0.0,0.0007089609570639643,0.1
feature_informed,0,31,0.5952406468539709,0.15076896882125154,0.8288363852950397,0.06406625014623046,0.31696610208246345,0.2233940316521942,-2.1536318409633886,2.1536318409633886,11.22027733418413,0.0021066643454144595,0.0,4.067037085453418e-05,0.1
feature_informed,0,32,0.595212566853243,0.1507421743852714,0.8286890857304315,0.06403626322495629,0.316817742571363,0.2245915270234564,-2.152434345592126,2.152434345592126,11.216103521605037,0.0017527412193688934,0.0,2.808000072795913e-05,0.1
feature_informed,0,33,0.595193392676961,0.15072000680349254,0.8285672218051425,0.06401119466874129,0.3166937165431475,0.2256292350281602,-2.1513966375874225,2.1513966375874225,11.21248945913988,0.0014500784545859332,0.0,1.9174176281944177e-05,0.1
feature_informed,0,34,0.5951804305334105,0.1507017612124751,0.8284669186073115,0.06399038488080205,0.3165907606599296,0.22651590899789972,-2.1505099636176825,2.1505099636176825,11.2093959767317,0.0011935238895007356,0.0,1.2962143550510064e-05,0.1
feature_informed,0,35,0.5951717458375713,0.15068681261413028,0.8283847402763577,0.06397321667855464,0.3165058214269683,0.2272646498590827,-2.1497612227564997,2.1497612227564997,11.206775512533515,0.0009778531822877295,0.0,8.684695839256129e-06,0.1
feature_informed,0,36,0.5951659724007655,0.15067461459201884,0.8283176829459691,0.0639591282126627,0.3164361191093222,0.22789071373119926,-2.1491351588843832,2.1491351588843832,11.204576157237941,0.0007979259636346588,0.0,5.773436805744936e-06,0.1
feature_informed,0,37,0.5951621601226971,0.15066469571977395,0.8282631549997881,0.06394761961428788,0.31637918061894743,0.22840992313329198,-2.1486159494822905,2.1486159494822905,11.202745088970396,0.0006488368050062464,0.0,3.812278068449082e-06,0.1
feature_informed,0,38,0.5951596572352624,0.1506566541307995,0.8282189472189051,0.06393825460951852,0.3163328475020418,0.2288375987478902,-2.1481882738676923,2.1481882738676923,11.20123121407782,0.0005260354976388273,0.0,2.50288743464111e-06,0.1
feature_informed,0,39,0.5951580219287379,0.15065015087768094,0.8281831962759253,0.06393065846837077,0.31629526579178135,0.22918790894884591,-2.1478379636667366,2.1478379636667366,11.199986982394039,0.0004254062227454061,0.0,1.6353065245278131e-06,0.1
feature_informed,0,40,0.5951569577697167,0.15064490270331424,0.8281543449950184,0.06392451356450403,0.31626486404012794,0.22947353252143457,-2.147552340094148,2.147552340094148,11.198969458885754,0.0003433060336013316,0.0,1.0641590212356888e-06,0.1
feature_informed,0,41,0.5951562675851404,0.15064067474414486,0.8281311022387502,0.06391955360607224,0.31624032477511665,0.22970554078206953,-2.1473203318335132,2.1473203318335132,11.198140795207165,0.00027656929653289714,0.0,6.90184576268571e-07,0.1
feature_informed,0,42,0.5951558211762774,0.1506372735472495,0.8281124045202313,0.06391555733943315,0.31622055335012167,0.22989342241100905,-2.1471324502045737,2.1471324502045737,11.197468261823301,0.00022248716106915302,0.0,4.464088629863028e-07,0.1
feature_informed,0,43,0.5951555330876582,0.1506345406459599,0.8280973806857913,0.06391234228050198,0.3162046469298918,0.23004519279816635,-2.1469806798174162,2.1469806798174162,11.196923988987658,0.00017877102329370842,0.0,2.880886191825027e-07,0.1
feature_informed,0,44,0.5951553475098741,0.15063234682363263,0.828085320380664,0.06390975882181711,0.31619186533541166,0.2301675465183626,-2.14685832609722,2.14685832609722,11.196484537770253,0.00014350751117959924,0.0,1.8557778413974546e-07,0.1
feature_informed,0,45,0.5951552281434936,0.15063058710891727,0.8280756465360046,0.06390768490585604,0.31618160469027123,0.23026602530355658,-2.1467598473120257,2.1467598473120257,11.196130391415933,0.00011511063409695092,0.0,1.1936638044662828e-07,0.1
feature_informed,0,46,0.5951551514573146,0.15062917648736815,0.8280678917939318,0.06390602134413718,0.3161733742620443,0.2303451842932662,-2.1466806883223164,2.1466806883223164,11.19584542895486,9.227492364132006e-05,0.0,7.668617907352626e-08,0.1
feature_informed,0,47,0.5951551022384476,0.15062804627867118,0.8280616785917169,0.0639046877891315,0.31616677653342584,0.23040874675876247,-2.14661712585682,2.14661712585682,11.195616419998023,7.393189284336029e-05,0.0,4.921886698205924e-08,0.1
feature_informed,0,48,0.5951550706733408,0.1506271411103161,0.8280567025248686,0.06390361932261865,0.3161614903232136,0.2304597424929968,-2.1465661301225856,2.1465661301225856,11.195432562564337,5.921102006247681e-05,0.0,3.156510675061952e-08,0.1
feature_informed,0,49,0.5951550504426696,0.15062641641190022,0.8280527185723341,0.06390276360128283,0.31615725666421746,0.23050062824393844,-2.146525244371644,2.146525244371644,11.195285073960434,4.7405692215176595e-05,0.0,2.0230671249343857e-08,0.1
feature_informed,0,50,0.5951550374829903,0.1506258363551043,0.8280495297717356,0.06390207849112614,0.3161538670995813,0.23053339047331753,-2.146492482142265,2.146492482142265,11.19516683708821,3.794405138917439e-05,0.0,1.2959679329682672e-08,0.1
feature_informed,0,51,0.5951550291844373,0.1506253721695689,0.8280469779610794,0.06390153012151824,0.31615115405524485,0.2305596317627515,-2.146466240852831,2.146466240852831,11.195072099979738,3.0364405578402446e-05,0.0,8.298552955920968e-09,0.1
feature_informed,0,52,0.5951550238722982,0.15062500077223281,0.8280449362436892,0.06390109129378087,0.3161489829664566,0.23058064267225384,-2.1464452299433288,2.1464452299433288,11.194996223905573,2.4294723732318543e-05,0.0,5.3121390619637054e-09,0.1
feature_informed,0,53,0.5951550204727327,0.1506247036557681,0.8280433028774963,0.06390074018571187,0.31614724586844034,0.23059746099764408,-2.1464284116179386,2.1464284116179386,11.19493547433559,1.9435687134511795e-05,0.0,3.399565517980818e-09,0.1
feature_informed,0,54,0.5951550182975945,0.1506244659896999,0.8280419963335408,0.06390045930086613,0.31614585619799,0.23061092031829197,-2.1464149522972904,2.1464149522972904,11.19488684881954,1.5546776744832858e-05,0.0,2.175138180682268e-09,0.1
feature_informed,0,55,0.5951550169061123,0.15062427589516866,0.828040951309055,0.06390023461882034,0.31614474458942704,0.23062168956871335,-2.146404183046869,2.146404183046869,11.194847936132563,1.243491449954821e-05,0.0,1.3914822627469903e-09,0.1
feature_informed,0,56,0.5951550160160703,0.15062412386085328,0.8280401155165613,0.0639000549095605,0.3161438554825498,0.23063030516514818,-2.1463955674504342,2.1463955674504342,11.194816801559286,9.945229357984721e-06,0.0,8.900419290469586e-10,0.1
feature_informed,0,57,0.5951550154468288,0.15062400227326161,0.8280394471016962,0.06389991118130671,0.3161431443907619,0.23063719700599675,-2.146388675609586,2.146388675609586,11.194791893819085,7.953576027527907e-06,0.0,5.692415427915876e-10,0.1
feature_informed,0,58,0.5951550150827914,0.15062390503943213,0.8280389125690507,0.0638997962364551,0.31614257570410575,0.23064270946213247,-2.14638316315345,2.14638316315345,11.194771969775596,6.360489953639731e-06,0.0,3.6403735581558294e-10,0.1
feature_informed,0,59,0.595155014850001,0.15062382728414617,0.8280384851176285,0.06389970431488323,0.31614212092452576,0.23064711828923937,-2.146378754326343,2.146378754326343,11.194756033676626,5.086313249583533e-06,0.0,2.327904535803782e-10,0.1
feature_informed,0,60,0.595155014701147,0.15062376510711606,0.8280381433060124,0.06389963080769742,0.31614175724964066,0.23065064423320455,-2.146375228382378,2.146375228382378,11.194743288212411,4.067271415077011e-06,0.0,1.4885404020503756e-10,0.1
feature_informed,0,61,0.5951550146059688,0.1506237153883844,0.8280378699825682,0.06389957202768126,0.3161414664370434,0.23065346396162986,-2.146372408653953,2.146372408653953,11.194733095152431,3.2523196376283097e-06,0.0,9.517819865578758e-11,0.1
feature_informed,0,62,0.5951550145451135,0.15062367563243564,0.8280376514284644,0.06389952502532298,0.31614123389410137,0.23065571883830646,-2.146370153777276,2.146370153777276,11.194724943723823,2.6006104460299423e-06,0.0,6.085520976029102e-11,0.1
feature_informed,0,63,0.5951550145062048,0.1506236438433661,0.8280374766714326,0.06389948744144122,0.31614104794882636,0.23065752196075354,-2.146368350654829,2.146368350654829,11.194718425232914,2.079462040970968e-06,0.0,3.8908765098710774e-11,0.1
feature_informed,0,64,0.5951550144813286,0.15062361842495478,0.8280373369364173,0.0638994573891735,0.31614089926601546,0.23065896380112086,-2.146366908814462,2.146366908814462,11.194713212712715,1.6627294292680505e-06,0.0,2.487621220126357e-11,0.1
feature_informed,0,65,0.5951550144654242,0.15062359810068718,0.8280372252059158,0.06389943335950542,0.31614078037985915,0.23066011672536604,-2.1463657558902165,2.1463657558902165,11.194709044610871,1.329499215415297e-06,0.0,1.5904388916965218e-11,0.1
feature_informed,0,66,0.5951550144552558,0.15062358184976013,0.8280371358681712,0.06389941414566307,0.3161406853198751,0.23066103861232692,-2.1463648340032555,2.1463648340032555,11.194705711722223,1.0630441960486547e-06,0.0,1.0168421660239346e-11,0.1
feature_informed,0,67,0.5951550144487551,0.15062356885588277,0.8280370644357111,0.06389939878261401,0.3161406093115905,0.23066177575104266,-2.14636409686454,2.14636409686454,11.194703046724653,8.49986335413201e-07,0.0,6.500688876087679e-12,0.1
feature_informed,0,68,0.5951550144445991,0.1506235584663194,0.8280370073201905,0.06389938649866492,0.31614054853707263,0.23066236515967534,-2.146363507455907,2.146363507455907,11.194700915802139,6.796267722904841e-07,0.0,4.156008870381811e-12,0.1
feature_informed,0,69,0.5951550144419421,0.150623550159129,0.8280369616522941,0.06389937667674214,0.31614049994336585,0.23066283644112104,-2.1463630361744617,2.1463630361744617,11.194699211940355,5.434096456607913e-07,0.0,2.6569857425329246e-12,0.1
feature_informed,0,70,0.5951550144402434,0.15062354351696353,0.8280369251376951,0.06389936882342097,0.3161404610892641,0.23066321326763786,-2.1463626593479446,2.1463626593479446,11.194697849561924,4.3449308796823896e-07,0.0,1.6986412276764895e-12,0.1
feature_informed,0,71,0.5951550144391574,0.1506235382061121,0.8280368959418538,0.0638993625441551,0.31614043002275993,0.2306635145685059,-2.1463623580470768,2.1463623580470768,11.194696760234319,3.4740601464574574e-07,0.0,1.0860201626883281e-12,0.1
feature_informed,0,72,0.5951550144384631,0.1506235339597428,0.8280368725978897,0.06389935752346614,0.3161404051830322,0.23066375548002196,-2.1463621171355607,2.1463621171355607,11.194695889236336,2.777735827818158e-07,0.0,6.943334796005729e-13,0.1
feature_informed,0,73,0.5951550144380193,0.1506235305645012,0.8280368539329098,0.06389935350910061,0.31614038532206346,0.23066394810532734,-2.146361924510255,2.146361924510255,11.19469519281175,2.2209759977524755e-07,0.0,4.4375614294267507e-13,0.1
feature_informed,0,74,0.5951550144377356,0.15062352784979358,0.8280368390090932,0.06389935029936078,0.31614036944195933,0.2306641021220939,-2.1463617704934888,2.1463617704934888,11.194694635972693,1.7758089639410495e-07,0.0,2.8377300509419e-13,0.1
feature_informed,0,75,0.5951550144375543,0.15062352567921752,0.828036827076582,0.06389934773297345,0.31614035674482494,0.23066422526850774,-2.146361647347075,2.146361647347075,11.194694190742915,1.419868701903424e-07,0.0,1.8129941992128806e-13,0.1
feature_informed,0,76,0.5951550144374382,0.15062352394370962,0.8280368175358117,0.06389934568098864,0.3161403465926836,0.23066432373190623,-2.1463615488836765,2.1463615488836765,11.194693834752872,1.1352716152689906e-07,0.0,1.1601830607332886e-13,0.1
feature_informed,0,77,0.5951550144373641,0.15062352255606606,0.8280368099073887,0.06389934404030169,0.31614033847542766,0.2306644024595589,-2.1463614701560236,2.1463614701560236,11.194693550116227,9.077183056056617e-08,0.0,7.416289804496046e-14,0.1
feature_informed,0,78,0.5951550144373168,0.15062352144656174,0.8280368038080066,0.06389934272847325,0.3161403319851907,0.2306644654071807,-2.146361407208402,2.146361407208402,11.194693322531446,7.257753017321426e-08,0.0,4.729550084903167e-14,0.1
feature_informed,0,79,0.5951550144372865,0.15062352055944675,0.8280367989311862,0.06389934167958765,0.3161403267958565,0.23066451573765065,-2.146361356877932,2.146361356877932,11.19469314056338,5.803007041956204e-08,0.0,3.0309088572266774e-14,0.1
feature_informed,0,80,0.595155014437267,0.15062351985014558,0.8280367950318783,0.06389934084094095,0.31614032264667385,0.23066455597990967,-2.146361316635673,2.146361316635673,11.19469299506881,4.639849222369521e-08,0.0,1.942890293094024e-14,0.1
feature_informed,0,81,0.5951550144372546,0.15062351928301723,0.8280367919141505,0.06389934017039305,0.3161403193291556,0.23066458815601568,-2.1463612844595668,2.1463612844595668,11.194692878737097,3.709834398608326e-08,0.0,1.2434497875801753e-14,0.1
feature_informed,0,82,0.5951550144372467,0.15062351882956462,0.828036789421343,0.06389933963425028,0.3161403166766032,0.23066461388273637,-2.146361258732846,2.146361258732846,11.194692785722905,2.9662318156005747e-08,0.0,7.882583474838611e-15,0.1
feature_informed,0,83,0.5951550144372417,0.15062351846700253,0.8280367874281964,0.06389933920557245,0.31614031455573083,0.23066463445278076,-2.1463612381628017,2.1463612381628017,11.194692711352502,2.3716772137616655e-08,0.0,4.9960036108132044e-15,0.1
feature_informed,0,84,0.5951550144372384,0.15062351817711278,0.8280367858345583,0.06389933886281925,0.3161403128599683,0.23066465089975094,-2.1463612217158317,2.1463612217158317,11.19469265188894,1.8962955008434385e-08,0.0,3.3306690738754696e-15,0.1
feature_informed,0,85,0.5951550144372365,0.15062351794532894,0.8280367845603512,0.06389933858876791,0.31614031150410643,0.230664664050076,-2.1463612085655064,2.1463612085655064,11.194692604344297,1.5161996836839014e-08,0.0,1.887379141862766e-15,0.1
feature_informed,0,86,0.5951550144372351,0.1506235177600041,0.8280367835415476,0.06389933836964774,0.3161403104200151,0.23066467456453651,-2.146361198051046,2.146361198051046,11.194692566329547,1.2122906385038057e-08,0.0,1.4432899320127035e-15,0.1
feature_informed,0,87,0.5951550144372342,0.15062351761182605,0.8280367827269546,0.06389933819444832,0.31614030955322053,0.2306646829714666,-2.146361189644116,2.146361189644116,11.19469253593451,9.692974537136664e-09,0.0,8.881784197001252e-16,0.1
feature_informed,0,88,0.5951550144372337,0.150623517493349,0.8280367820756397,0.0638993380543661,0.3161403088601674,0.23066468969330137,-2.146361182922281,2.146361182922281,11.194692511631892,7.7501011002828e-09,0.0,4.440892098500626e-16,0.1
feature_informed,0,89,0.5951550144372332,0.15062351739861968,0.8280367815548751,0.06389933794236215,0.3161403083060308,0.23066469506780293,-2.1463611775477798,2.1463611775477798,11.19469249220052,6.196659678198002e-09,0.0,5.551115123125783e-16,0.1
feature_informed,0,90,0.5951550144372331,0.15062351732287804,0.8280367811384935,0.06389933785280845,0.3161403078629662,0.23066469936503212,-2.1463611732505505,2.1463611732505505,11.194692476663999,4.954592103738708e-09,0.0,1.1102230246251565e-16,0.1
feature_informed,0,91,0.5951550144372331,0.15062351726231818,0.8280367808055722,0.06389933778120502,0.3161403075087101,0.23066470280091864,-2.146361169814664,2.146361169814664,11.194692464241637,3.961486279242917e-09,0.0,0.0,0.1
feature_informed,0,92,0.5951550144372328,0.150623517213897,0.8280367805393819,0.06389933772395388,0.3161403072254616,0.23066470554811117,-2.146361167067471,2.146361167067471,11.19469245430923,3.167439995348596e-09,0.0,2.220446049250313e-16,0.1
feature_informed,0,93,0.5951550144372328,0.15062351717518144,0.8280367803265473,0.06389933767817825,0.3161403069989879,0.23066470774465245,-2.14636116487093,2.14636116487093,11.194692446367691,2.5325535031502336e-09,0.0,0.0,0.1
feature_informed,0,94,0.5951550144372328,0.1506235171442261,0.8280367801563735,0.06389933764157796,0.31614030681790883,0.2306647095009157,-2.146361163114667,2.146361163114667,11.194692440017967,2.0249245944468056e-09,0.0,0.0,0.1
feature_informed,0,95,0.5951550144372327,0.1506235171194755,0.8280367800203097,0.0638993376123139,0.31614030667312565,0.23066471090515092,-2.146361161710432,2.146361161710432,11.194692434940988,1.6190455765937692e-09,0.0,1.1102230246251565e-16,0.1
feature_informed,0,96,0.5951550144372327,0.15062351709968594,0.8280367799115187,0.06389933758891554,0.3161403065573629,0.23066471202791908,-2.146361160587664,2.146361160587664,11.194692430881647,1.2945215667767275e-09,0.0,0.0,0.1
feature_informed,0,97,0.5951550144372327,0.15062351708386304,0.828036779824534,0.0638993375702072,0.3161403064648039,0.2306647129256378,-2.1463611596899446,2.1463611596899446,11.194692427635967,1.035045653411336e-09,0.0,0.0,0.1
feature_informed,0,98,0.5951550144372328,0.1506235170712117,0.8280367797549846,0.0638993375552488,0.31614030639079765,0.23066471364341648,-2.146361158972166,2.146361158972166,11.194692425040857,8.275794845152704e-10,0.0,-1.1102230246251565e-16,0.1
feature_informed,0,99,0.5951550144372327,0.1506235170610962,0.8280367796993757,0.06389933754328868,0.3161403063316252,0.23066471421732251,-2.14636115839826,2.14636115839826,11.194692422965913,6.61698166255998e-10,0.0,1.1102230246251565e-16,0.1
feature_informed,0,100,0.5951550144372327,0.15062351705300828,0.8280367796549133,0.06389933753372584,0.31614030628431333,0.2306647146761939,-2.1463611579393884,2.1463611579393884,11.194692421306877,5.290663525365463e-10,0.0,0.0,0.1
feature_informed,0,101,0.5951550144372327,0.1506235170465415,0.8280367796193628,0.06389933752607982,0.3161403062464848,0.23066471504308836,-2.1463611575724943,2.1463611575724943,11.194692419980377,4.2301945227138485e-10,0.0,0.0,0.1
feature_informed,0,102,0.5951550144372327,0.15062351704137097,0.8280367795909384,0.06389933751996638,0.31614030621623873,0.23066471533644192,-2.1463611572791406,2.1463611572791406,11.194692418919765,3.382287777303763e-10,0.0,0.0,0.1
feature_informed,0,103,0.5951550144372327,0.15062351703723678,0.8280367795682111,0.06389933751507833,0.31614030619205524,0.23066471557099524,-2.1463611570445873,2.1463611570445873,11.194692418071742,2.7043366713916863e-10,0.0,0.0,0.1
feature_informed,0,104,0.5951550144372327,0.1506235170339313,0.8280367795500395,0.06389933751117004,0.3161403061727191,0.23066471575853434,-2.146361156857048,2.146361156857048,11.1946924173937,2.1622751051631206e-10,0.0,0.0,0.1
feature_informed,0,105,0.5951550144372326,0.15062351703128832,0.82803677953551,0.0638993375080451,0.3161403061572586,0.23066471590848284,-2.1463611567071,2.1463611567071,11.194692416851565,1.7288653109063692e-10,0.0,1.1102230246251565e-16,0.1
feature_informed,0,106,0.5951550144372328,0.15062351702917517,0.8280367795238933,0.06389933750554658,0.31614030614489713,0.23066471602837538,-2.146361156587207,2.146361156587207,11.194692416418096,1.3823288305193719e-10,0.0,-2.220446049250313e-16,0.1
feature_informed,0,107,0.5951550144372327,0.15062351702748553,0.8280367795146046,0.06389933750354884,0.3161403061350134,0.23066471612423647,-2.1463611564913463,2.1463611564913463,11.194692416071513,1.1052525535890983e-10,0.0,1.1102230246251565e-16,0.1
feature_informed,0,108,0.5951550144372327,0.15062351702613458,0.8280367795071779,0.06389933750195154,0.3161403061271108,0.23066471620088305,-2.1463611564146996,2.1463611564146996,11.1946924157944,8.837139796304933e-11,0.0,0.0,0.1
feature_informed,0,109,0.5951550144372327,0.15062351702505442,0.8280367795012399,0.0638993375006744,0.3161403061207922,0.23066471626216636,-2.146361156353416,2.146361156353416,11.194692415572831,7.065810549807232e-11,0.0,0.0,0.1
feature_informed,0,110,0.5951550144372327,0.15062351702419077,0.8280367794964921,0.06389933749965325,0.31614030611574007,0.23066471631116606,-2.1463611563044163,2.1463611563044163,11.194692415395673,5.649528273607266e-11,0.0,0.0,0.1
feature_informed,0,111,0.5951550144372327,0.15062351702350024,0.8280367794926959,0.0638993374988368,0.31614030611170074,0.23066471635034416,-2.1463611562652383,2.1463611562652383,11.194692415254027,4.5171275457075136e-11,0.0,0.0,0.1
feature_informed,0,112,0.5951550144372326,0.1506235170229481,0.8280367794896606,0.06389933749818398,0.3161403061084709,0.23066471638166933,-2.146361156233913,2.146361156233913,11.194692415140771,3.611707234097168e-11,0.0,1.1102230246251565e-16,0.1
feature_informed,0,113,0.5951550144372326,0.15062351702250665,0.8280367794872338,0.06389933749766201,0.31614030610588845,0.23066471640671563,-2.146361156208867,2.146361156208867,11.194692415050216,2.8877699845552066e-11,0.0,0.0,0.1
feature_informed,0,114,0.5951550144372327,0.15062351702215368,0.8280367794852934,0.06389933749724468,0.3161403061038237,0.2306647164267416,-2.1463611561888407,2.1463611561888407,11.194692414977814,2.308941661352461e-11,0.0,-1.1102230246251565e-16,0.1
feature_informed,0,115,0.5951550144372327,0.15062351702187146,0.8280367794837419,0.06389933749691099,0.3161403061021728,0.23066471644275358,-2.146361156172829,2.146361156172829,11.194692414919922,1.8461343390761162e-11,0.0,0.0,0.1
feature_informed,0,116,0.5951550144372327,0.1506235170216458,0.8280367794825014,0.06389933749664418,0.3161403061008528,0.230664716455556,-2.1463611561600264,2.1463611561600264,11.194692414873636,1.4760910231823775e-11,0.0,0.0,0.1
feature_informed,0,117,0.5951550144372328,0.1506235170214654,0.8280367794815097,0.06389933749643087,0.31614030609979743,0.23066471646579237,-2.14636115614979,2.14636115614979,11.194692414836627,1.1802218189606282e-11,0.0,-1.1102230246251565e-16,0.1
feature_informed,0,118,0.5951550144372327,0.15062351702132112,0.8280367794807165,0.0638993374962603,0.31614030609895355,0.23066471647397693,-2.1463611561416056,2.1463611561416056,11.194692414807035,9.43655988210846e-12,0.0,1.1102230246251565e-16,0.1
feature_informed,0,119,0.5951550144372327,0.15062351702120577,0.8280367794800824,0.06389933749612392,0.3161403060982788,0.23066471648052098,-2.1463611561350615,2.1463611561350615,11.194692414783376,7.545089123289129e-12,0.0,0.0,0.1
feature_informed,0,120,0.5951550144372327,0.15062351702111357,0.8280367794795754,0.06389933749601488,0.31614030609773935,0.23066471648575324,-2.1463611561298293,2.1463611561298293,11.194692414764459,6.03273681477505e-12,0.0,0.0,0.1
feature_informed,0,121,0.5951550144372326,0.1506235170210398,0.8280367794791699,0.0638993374959277,0.31614030609730803,0.23066471648993683,-2.146361156125646,2.146361156125646,11.194692414749332,4.8235202946338926e-12,0.0,1.1102230246251565e-16,0.1
feature_informed,0,122,0.5951550144372326,0.15062351702098084,0.8280367794788458,0.063899337495858,0.31614030609696314,0.23066471649328182,-2.1463611561223006,2.1463611561223006,11.194692414737238,3.856696610887891e-12,0.0,0.0,0.1
feature_informed,0,123,0.5951550144372327,0.1506235170209337,0.8280367794785868,0.06389933749580226,0.3161403060966874,0.2306647164959563,-2.1463611561196263,2.1463611561196263,11.19469241472757,3.0836419626992006e-12,0.0,-1.1102230246251565e-16,0.1
feature_informed,0,124,0.5951550144372326,0.15062351702089602,0.8280367794783795,0.06389933749575769,0.31614030609646687,0.23066471649809475,-2.146361156117488,2.146361156117488,11.194692414719839,2.465555440182599e-12,0.0,1.1102230246251565e-16,0.1
feature_informed,0,125,0.5951550144372326,0.15062351702086588,0.8280367794782139,0.06389933749572206,0.3161403060962906,0.23066471649980455,-2.146361156115778,2.146361156115778,11.194692414713655,1.9713492126561473e-12,0.0,0.0,0.1
feature_informed,0,126,0.5951550144372327,0.15062351702084179,0.8280367794780814,0.06389933749569357,0.3161403060961497,0.23066471650117162,-2.146361156114411,2.146361156114411,11.194692414708713,1.5762158192726418e-12,0.0,-1.1102230246251565e-16,0.1
feature_informed,0,127,0.5951550144372327,0.15062351702082252,0.8280367794779755,0.0638993374956708,0.316140306096037,0.23066471650226475,-2.146361156113318,2.146361156113318,11.194692414704761,1.2602837773900702e-12,0.0,0.0,0.1
feature_informed,0,128,0.5951550144372326,0.15062351702080712,0.8280367794778908,0.06389933749565258,0.31614030609594684,0.23066471650313866,-2.146361156112444,2.146361156112444,11.194692414701603,1.0076657138275132e-12,0.0,1.1102230246251565e-16,0.1
feature_informed,0,129,0.5951550144372327,0.15062351702079482,0.8280367794778232,0.06389933749563802,0.3161403060958748,0.2306647165038375,-2.146361156111745,2.146361156111745,11.194692414699075,8.056929451735792e-13,0.0,-1.1102230246251565e-16,0.1
feature_informed,0,130,0.5951550144372326,0.15062351702078494,0.8280367794777689,0.06389933749562637,0.3161403060958172,0.2306647165043962,-2.1463611561111864,2.1463611561111864,11.194692414697055,6.441991227948274e-13,0.0,1.1102230246251565e-16,0.1
feature_informed,0,131,0.5951550144372326,0.1506235170207771,0.8280367794777257,0.06389933749561706,0.31614030609577115,0.23066471650484296,-2.1463611561107396,2.1463611561107396,11.19469241469544,5.150786442425567e-13,0.0,0.0,0.1
feature_informed,0,132,0.5951550144372326,0.1506235170207708,0.828036779477691,0.06389933749560961,0.31614030609573424,0.23066471650520018,-2.1463611561103826,2.1463611561103826,11.194692414694149,4.1181562575702067e-13,0.0,0.0,0.1
feature_informed,0,133,0.5951550144372326,0.15062351702076576,0.8280367794776634,0.06389933749560366,0.3161403060957048,0.23066471650548573,-2.1463611561100966,2.1463611561100966,11.194692414693115,3.2928764089745474e-13,0.0,0.0,0.1
feature_informed,0,134,0.5951550144372327,0.15062351702076174,0.8280367794776413,0.0638993374955989,0.3161403060956813,0.2306647165057141,-2.1463611561098683,2.1463611561098683,11.194692414692291,2.632750662705507e-13,0.0,-1.1102230246251565e-16,0.1
feature_informed,0,135,0.5951550144372327,0.15062351702075852,0.8280367794776237,0.0638993374955951,0.31614030609566246,0.23066471650589662,-2.146361156109686,2.146361156109686,11.19469241469163,2.1051014639802714e-13,0.0,0.0,0.1
feature_informed,0,136,0.5951550144372327,0.15062351702075594,0.8280367794776095,0.06389933749559205,0.3161403060956474,0.23066471650604262,-2.1463611561095397,2.1463611561095397,11.194692414691103,1.6831391157090068e-13,0.0,0.0,0.1
feature_informed,0,137,0.5951550144372326,0.15062351702075386,0.828036779477598,0.06389933749558963,0.31614030609563537,0.23066471650615936,-2.1463611561094234,2.1463611561094234,11.19469241469068,1.3457654986493307e-13,0.0,1.1102230246251565e-16,0.1
feature_informed,0,138,0.5951550144372326,0.15062351702075225,0.8280367794775891,0.06389933749558767,0.3161403060956257,0.23066471650625267,-2.1463611561093296,2.1463611561093296,11.194692414690342,1.0760039925664523e-13,0.0,0.0,0.1
feature_informed,0,139,0.5951550144372326,0.1506235170207509,0.8280367794775818,0.06389933749558613,0.3161403060956181,0.23066471650632733,-2.146361156109255,2.146361156109255,11.194692414690074,8.603125421766407e-14,0.0,0.0,0.1
feature_informed,0,140,0.5951550144372326,0.15062351702074986,0.828036779477576,0.06389933749558488,0.3161403060956119,0.23066471650638695,-2.1463611561091955,2.1463611561091955,11.194692414689857,6.87798634682502e-14,0.0,0.0,0.1
feature_informed,0,141,0.5951550144372326,0.15062351702074903,0.8280367794775715,0.06389933749558388,0.31614030609560695,0.2306647165064347,-2.146361156109148,2.146361156109148,11.194692414689685,5.500230231865206e-14,0.0,0.0,0.1
feature_informed,0,142,0.5951550144372327,0.15062351702074836,0.8280367794775678,0.0638993374955831,0.3161403060956031,0.23066471650647277,-2.14636115610911,2.14636115610911,11.194692414689547,4.397240301597763e-14,0.0,-1.1102230246251565e-16,0.1
feature_informed,0,143,0.5951550144372326,0.1506235170207478,0.8280367794775647,0.06389933749558245,0.3161403060955999,0.2306647165065033,-2.146361156109079,2.146361156109079,11.194692414689436,3.5160259366043826e-14,0.0,1.1102230246251565e-16,0.1
feature_informed,0,144,0.5951550144372326,0.15062351702074736,0.8280367794775623,0.06389933749558195,0.3161403060955974,0.23066471650652767,-2.1463611561090548,2.1463611561090548,11.19469241468935,2.812428116617312e-14,0.0,0.0,0.1
feature_informed,0,145,0.5951550144372326,0.15062351702074706,0.8280367794775606,0.06389933749558153,0.31614030609559535,0.2306647165065472,-2.1463611561090357,2.1463611561090357,11.194692414689278,2.24817635344364e-14,0.0,0.0,0.1
feature_informed,0,146,0.5951550144372326,0.15062351702074675,0.8280367794775589,0.06389933749558122,0.3161403060955938,0.2306647165065628,-2.1463611561090197,2.1463611561090197,11.194692414689221,1.796774825376675e-14,0.0,0.0,0.1
