initialization_kind,initialization_seed,iteration,total_objective,feature_raw,feature_normalized,gw_raw,gw_normalized,coverage_loss,entropy_loss,shannon_plan_entropy,gradient_norm,step_norm,source_marginal_feasibility_error,objective_improvement,learning_rate
uniform,0,0,0.9811666522111753,0.16273564111570363,0.894621894648115,0.20141702643631432,0.9965054863807321,0.10132063763597479,-3.766108822047345,3.766108822047345,12.93980995510725,0.06828047413067828,1.1102230246251565e-16,0.018833347784339982,0.05
uniform,0,1,0.972225985667266,0.17336412481988106,0.9530508544228664,0.19732223830301487,0.9762466288621012,0.017783004149735524,-3.838538865640725,3.838538865640725,12.3725419960886,0.05078990177492503,1.3877787807814457e-16,0.008940666543909237,0.052500000000000005
uniform,0,2,0.9531715689374354,0.16351899645865114,0.8989283074061669,0.1939243987007424,0.959435906027918,0.08862562564955252,-3.709676563108273,3.709676563108273,12.739934054971172,0.05115631823322366,1.1102230246251565e-16,0.01905441672983066,0.05512500000000001
uniform,0,3,0.8865818489086863,0.17126477185853492,0.9415098845963532,0.17499135335501356,0.865765157855695,0.018805093678266348,-3.601735666555477,3.601735666555477,12.43756283180656,0.06574299888906554,5.551115123125783e-17,0.06658972002874908,0.05788125000000001
uniform,0,4,0.7830692312463774,0.1668253933227126,0.9171048728266586,0.14765379799123482,0.7305133155152653,0.05908026403263686,-3.370804095158885,3.370804095158885,12.913318998929958,0.06412697665899904,5.551115123125783e-17,0.1035126176623089,0.06077531250000001
uniform,0,5,0.6720928891231858,0.17493565553668008,0.9616901775466857,0.1140147071337311,0.5640847906310421,0.08606751763232748,-3.082148010132171,3.082148010132171,13.01167311242547,0.07520930528599082,2.7755575615628914e-17,0.11097634212319163,0.06381407812500002
uniform,0,6,0.6274145613723973,0.17002322542944462,0.9346846150298871,0.10310504516755867,0.5101095225208881,0.11161265724259296,-2.9987396275588454,2.9987396275588454,13.750655561005516,0.05035944089299709,2.7755575615628914e-17,0.044678327750788505,0.06700478203125003
uniform,0,7,0.6036343434754,0.16775619035413286,0.9222218305998485,0.09786803988065881,0.48419957541792713,0.09929204261992472,-2.931282985943018,2.931282985943018,13.721080636800355,0.04066289108428845,2.7755575615628914e-17,0.023780217896997247,0.07035502113281253
uniform,0,8,0.5781304336473511,0.1676472189009946,0.921622771615592,0.09147079601436649,0.45254937819643526,0.0831270709612663,-2.8142927198463554,2.8142927198463554,13.67271736700832,0.03991402648337555,2.7755575615628914e-17,0.025503909828048954,0.07387277218945316
uniform,0,9,0.5493564806913447,0.16819803617174872,0.9246508310313938,0.08366342106664787,0.4139225942185025,0.0775182726961936,-2.6978756745203056,2.6978756745203056,13.67453590756036,0.04327323737968836,1.3877787807814457e-17,0.028773952956006377,0.07756641079892583
uniform,0,10,0.5213269923362643,0.1664682395763228,0.9151414580572491,0.076551741242737,0.37873774372548275,0.08488320027839912,-2.5563869379391293,2.5563869379391293,13.738623162533123,0.04119105351060284,1.3877787807814457e-17,0.028029488355080345,0.08144473133887213
uniform,0,11,0.506649529360166,0.16569646838975433,0.9108987279679516,0.07245704600243201,0.35847934579251967,0.10065338023788373,-2.4399161221832157,2.4399161221832157,13.75439292137564,0.03374149287386629,5.551115123125783e-17,0.014677462976098288,0.08551696790581574
uniform,0,12,0.4995351538448201,0.1660214664434621,0.9126853702337246,0.07047643223992082,0.34868031084664514,0.09853578151405123,-2.363516381900944,2.363516381900944,13.754083033391401,0.022218687776301056,1.3877787807814457e-17,0.007114375515345939,0.08979281630110653
uniform,0,13,0.4940059816350326,0.16644072753740577,0.9149902135467481,0.06908975249805123,0.3418197489811715,0.08893616512466923,-2.3036292278739485,2.3036292278739485,13.775071926157693,0.022192090067246057,1.3877787807814457e-17,0.005529172209787492,0.09428245711616186
uniform,0,14,0.4875836723203518,0.16658219245211028,0.9157679018831908,0.06755539336743227,0.33422854719057404,0.0797028645662364,-2.231507162366436,2.231507162366436,13.779501646355836,0.023604971750671288,1.3877787807814457e-17,0.006422309314680796,0.09899657997196995
uniform,0,15,0.48432057336123324,0.1662482151006419,0.9139318968821242,0.06693886006059581,0.3311782647309963,0.07453900592454998,-2.1828264341126853,2.1828264341126853,13.777576591905989,0.015743693898356725,0.0,0.003263098959118582,0.1
uniform,0,16,0.48331435600576234,0.1666607435864743,0.916199728397467,0.066688001267615,0.3299371473938219,0.06811563361029174,-2.157407547279697,2.157407547279697,13.771527383787964,0.010185803620117737,1.3877787807814457e-17,0.0010062173554709064,0.1
uniform,0,17,0.4830675026927834,0.16667432962991602,0.9162744162276268,0.06666931683754121,0.329844706663225,0.06615368638457936,-2.148306282274832,2.148306282274832,13.77242167774142,0.0035875822999343527,1.3877787807814457e-17,0.0002468533129789119,0.1
uniform,0,18,0.4829769476982805,0.16660655068338295,0.9159018086712922,0.06669727409954065,0.32998302448798666,0.06514227164467433,-2.145726942618308,2.145726942618308,13.771451344577144,0.0030363519413760683,1.3877787807814457e-17,9.055499450294491e-05,0.1
uniform,0,19,0.4828926690806274,0.16654117411969108,0.9155424079593484,0.0667230850746375,0.3301107236142618,0.06424024380093915,-2.143037148355643,2.143037148355643,13.770146393695958,0.002928730324682084,0.0,8.427861765308853e-05,0.1
uniform,0,20,0.48281412666895285,0.1664780712177013,0.9151955064610113,0.066746922381244,0.3302286580671439,0.06343756503342071,-2.140242004424823,2.140242004424823,13.768882057270378,0.002826875139904004,0.0,7.854241167454257e-05,0.1
uniform,0,21,0.48274084378555676,0.16641712590159471,0.9148604660618007,0.06676894127076757,0.3303375959489232,0.06272530308414168,-2.1373453219477008,2.1373453219477008,13.767657209021658,0.002730219903724403,0.0,7.328288339608635e-05,0.1
uniform,0,22,0.4826723974845088,0.16635823299011288,0.9145367085389249,0.0667892819622646,0.3304382309897248,0.06209547107483972,-2.134349647701269,2.134349647701269,13.76647068312126,0.002638276563120611,0.0,6.844630104796412e-05,0.1
uniform,0,23,0.48260841059552323,0.1663012967383179,0.9142237075447618,0.06680807158310056,0.3305311921488748,0.06154089597676665,-2.1312562403682076,2.1312562403682076,13.765321299452424,0.002550622391100449,0.0,6.39868889855677e-05,0.1
uniform,0,24,0.4825485451889072,0.16624622961443072,0.9139209818826572,0.06682542579369366,0.33061705165327615,0.06105510978285797,-2.128064985974053,2.128064985974053,13.764207881428698,0.002466889455700349,0.0,5.986540661601092e-05,0.1
uniform,0,25,0.48249249716943343,0.166192951267257,0.9136280898304583,0.06684145015681425,0.33069633177198293,0.06063225882831657,-2.124774237091831,2.124774237091831,13.763129268437744,0.0023867560820727096,0.0,5.604801947378668e-05,0.1
uniform,0,26,0.4824399917746307,0.16614138764939265,0.9133446243204296,0.06685624129873975,0.3307695105609829,0.06026702773786153,-2.121380548292025,2.121380548292025,13.762084324384194,0.0023099398738878193,0.0,5.2505394802726535e-05,0.1
uniform,0,27,0.4823907798032998,0.16609147026872245,0.9130702088244456,0.06686988789959934,0.3308370267629031,0.05995457525011051,-2.117878259887739,2.117878259887739,13.76107194339118,0.002236191966077514,0.0,4.921197133089805e-05,0.1
uniform,0,28,0.48234463443786413,0.1660431355463182,0.9128044938241043,0.06688247154262471,0.3308992840086548,0.05969047975346902,-2.114258844925005,2.114258844925005,13.760091053428642,0.0021652922583631517,1.3877787807814457e-17,4.614536543567915e-05,0.1
uniform,0,29,0.482301348552878,0.16599632426315694,0.91254715376912,0.06689406744614398,0.33095665443895533,0.05947069281381422,-2.110509861967593,2.110509861967593,13.759140618428864,0.0020970454363095988,0.0,4.328588498614394e-05,0.1
uniform,0,30,0.482260732424004,0.16595098108143674,0.9122978844458065,0.0669047450975785,0.33100948184100976,0.05929149931795047,-2.106613203082463,2.106613203082463,13.758219639300957,0.00203127762950968,0.0,4.061612887396038e-05,0.1
uniform,0,31,0.4822226117687847,0.16590705412890222,0.9120564006919519,0.06691456880510815,0.33105808437786133,0.05914948312400761,-2.1025419688855322,2.1025419688855322,13.757327154148037,0.001967833588884917,1.3877787807814457e-17,3.812065521929808e-05,0.1
uniform,0,32,0.48218682606377705,0.16586449463667496,0.9118224344058294,0.06692359817982724,0.33110275697384467,0.059041497319361896,-2.098254352378696,2.098254352378696,13.756462237912237,0.0019065742897787328,1.3877787807814457e-17,3.578570500767375e-05,0.1
uniform,0,33,0.48215322709303265,0.16582325662274364,0.9115957328062176,0.06693188855894654,0.3311437734083672,0.058964638352028406,-2.093679883009377,2.093679883009377,13.755624001615052,0.0018473748865039455,0.0,3.359897074439733e-05,0.1
uniform,0,34,0.4821216776911365,0.16578329661459906,0.911376056907617,0.06693949137877828,0.3311813881612426,0.05891622343300327,-2.0886804924145883,2.0886804924145883,13.75481159131772,0.0017901229587270419,0.0,3.154940189614708e-05,0.1
uniform,0,35,0.48209205065057487,0.16574457340557416,0.9111631801807537,0.06694645450477227,0.3312158380455356,0.05889377071234784,-2.082869556439343,2.082869556439343,13.754024186894727,0.0017347170015660962,0.0,2.962704056164167e-05,0.1
uniform,0,36,0.4820795216980093,0.16572782085608137,0.9110710848200528,0.06694934356845399,0.3312301316127691,0.05889151783419177,-2.079441541671836,2.079441541671836,13.753261000689907,0.0007504784122115664,0.0,1.252895256559361e-05,0.1
uniform,0,37,0.4820795216980093,0.16572782085608137,0.9110710848200528,0.06694934356845399,0.3312301316127691,0.05889151783419177,-2.079441541671836,2.079441541671836,13.752930782725551,0.0,0.0,0.0,0.1
uniform,0,38,0.4820795216980093,0.16572782085608137,0.9110710848200528,0.06694934356845399,0.3312301316127691,0.05889151783419177,-2.079441541671836,2.079441541671836,13.752930782725551,0.0,0.0,0.0,0.1
uniform,0,39,0.4820795216980093,0.16572782085608137,0.9110710848200528,0.06694934356845399,0.3312301316127691,0.05889151783419177,-2.079441541671836,2.079441541671836,13.752930782725551,0.0,0.0,0.0,0.1
uniform,0,40,0.4820795216980093,0.16572782085608137,0.9110710848200528,0.06694934356845399,0.3312301316127691,0.05889151783419177,-2.079441541671836,2.079441541671836,13.752930782725551,0.0,0.0,0.0,0.1
uniform,0,41,0.4820795216980093,0.16572782085608137,0.9110710848200528,0.06694934356845399,0.3312301316127691,0.05889151783419177,-2.079441541671836,2.079441541671836,13.752930782725551,0.0,0.0,0.0,0.1
uniform,0,42,0.4820795216980093,0.16572782085608137,0.9110710848200528,0.06694934356845399,0.3312301316127691,0.05889151783419177,-2.079441541671836,2.079441541671836,13.752930782725551,0.0,0.0,0.0,0.1
uniform,0,43,0.4820795216980093,0.16572782085608137,0.9110710848200528,0.06694934356845399,0.3312301316127691,0.05889151783419177,-2.079441541671836,2.079441541671836,13.752930782725551,0.0,0.0,0.0,0.1
uniform,0,44,0.4820795216980093,0.16572782085608137,0.9110710848200528,0.06694934356845399,0.3312301316127691,0.05889151783419177,-2.079441541671836,2.079441541671836,13.752930782725551,0.0,0.0,0.0,0.1
uniform,0,45,0.4820795216980093,0.16572782085608137,0.9110710848200528,0.06694934356845399,0.3312301316127691,0.05889151783419177,-2.079441541671836,2.079441541671836,13.752930782725551,0.0,0.0,0.0,0.1
uniform,0,46,0.4820795216980093,0.16572782085608137,0.9110710848200528,0.06694934356845399,0.3312301316127691,0.05889151783419177,-2.079441541671836,2.079441541671836,13.752930782725551,0.0,0.0,0.0,0.1
uniform,0,47,0.4820795216980093,0.16572782085608137,0.9110710848200528,0.06694934356845399,0.3312301316127691,0.05889151783419177,-2.079441541671836,2.079441541671836,13.752930782725551,0.0,0.0,0.0,0.1
uniform,0,48,0.4820795216980093,0.16572782085608137,0.9110710848200528,0.06694934356845399,0.3312301316127691,0.05889151783419177,-2.079441541671836,2.079441541671836,13.752930782725551,0.0,0.0,0.0,0.1
uniform,0,49,0.4820795216980093,0.16572782085608137,0.9110710848200528,0.06694934356845399,0.3312301316127691,0.05889151783419177,-2.079441541671836,2.079441541671836,13.752930782725551,0.0,0.0,0.0,0.1
uniform,0,50,0.4820795216980093,0.16572782085608137,0.9110710848200528,0.06694934356845399,0.3312301316127691,0.05889151783419177,-2.079441541671836,2.079441541671836,13.752930782725551,0.0,0.0,0.0,0.1
uniform,0,51,0.4820795216980093,0.16572782085608137,0.9110710848200528,0.06694934356845399,0.3312301316127691,0.05889151783419177,-2.079441541671836,2.079441541671836,13.752930782725551,0.0,0.0,0.0,0.1
uniform,0,52,0.4820795216980093,0.16572782085608137,0.9110710848200528,0.06694934356845399,0.3312301316127691,0.05889151783419177,-2.079441541671836,2.079441541671836,13.752930782725551,0.0,0.0,0.0,0.1
uniform,0,53,0.4820795216980093,0.16572782085608137,0.9110710848200528,0.06694934356845399,0.3312301316127691,0.05889151783419177,-2.079441541671836,2.079441541671836,13.752930782725551,0.0,0.0,0.0,0.1
uniform,0,54,0.4820795216980093,0.16572782085608137,0.9110710848200528,0.06694934356845399,0.3312301316127691,0.05889151783419177,-2.079441541671836,2.079441541671836,13.752930782725551,0.0,0.0,0.0,0.1
uniform,0,55,0.4820795216980093,0.16572782085608137,0.9110710848200528,0.06694934356845399,0.3312301316127691,0.05889151783419177,-2.079441541671836,2.079441541671836,13.752930782725551,0.0,0.0,0.0,0.1
uniform,0,56,0.4820795216980093,0.16572782085608137,0.9110710848200528,0.06694934356845399,0.3312301316127691,0.05889151783419177,-2.079441541671836,2.079441541671836,13.752930782725551,0.0,0.0,0.0,0.1
uniform,0,57,0.4820795216980093,0.16572782085608137,0.9110710848200528,0.06694934356845399,0.3312301316127691,0.05889151783419177,-2.079441541671836,2.079441541671836,13.752930782725551,0.0,0.0,0.0,0.1
uniform,0,58,0.4820795216980093,0.16572782085608137,0.9110710848200528,0.06694934356845399,0.3312301316127691,0.05889151783419177,-2.079441541671836,2.079441541671836,13.752930782725551,0.0,0.0,0.0,0.1
uniform,0,59,0.4820795216980093,0.16572782085608137,0.9110710848200528,0.06694934356845399,0.3312301316127691,0.05889151783419177,-2.079441541671836,2.079441541671836,13.752930782725551,0.0,0.0,0.0,0.1
uniform,0,60,0.4820795216980093,0.16572782085608137,0.9110710848200528,0.06694934356845399,0.3312301316127691,0.05889151783419177,-2.079441541671836,2.079441541671836,13.752930782725551,0.0,0.0,0.0,0.1
uniform,0,61,0.4820795216980093,0.16572782085608137,0.9110710848200528,0.06694934356845399,0.3312301316127691,0.05889151783419177,-2.079441541671836,2.079441541671836,13.752930782725551,0.0,0.0,0.0,0.1
uniform,0,62,0.4820795216980093,0.16572782085608137,0.9110710848200528,0.06694934356845399,0.3312301316127691,0.05889151783419177,-2.079441541671836,2.079441541671836,13.752930782725551,0.0,0.0,0.0,0.1
uniform,0,63,0.4820795216980093,0.16572782085608137,0.9110710848200528,0.06694934356845399,0.3312301316127691,0.05889151783419177,-2.079441541671836,2.079441541671836,13.752930782725551,0.0,0.0,0.0,0.1
uniform,0,64,0.4820795216980093,0.16572782085608137,0.9110710848200528,0.06694934356845399,0.3312301316127691,0.05889151783419177,-2.079441541671836,2.079441541671836,13.752930782725551,0.0,0.0,0.0,0.1
uniform,0,65,0.4820795216980093,0.16572782085608137,0.9110710848200528,0.06694934356845399,0.3312301316127691,0.05889151783419177,-2.079441541671836,2.079441541671836,13.752930782725551,0.0,0.0,0.0,0.1
uniform,0,66,0.4820795216980093,0.16572782085608137,0.9110710848200528,0.06694934356845399,0.3312301316127691,0.05889151783419177,-2.079441541671836,2.079441541671836,13.752930782725551,0.0,0.0,0.0,0.1
uniform,0,67,0.4820795216980093,0.16572782085608137,0.9110710848200528,0.06694934356845399,0.3312301316127691,0.05889151783419177,-2.079441541671836,2.079441541671836,13.752930782725551,0.0,0.0,0.0,0.1
uniform,0,68,0.4820795216980093,0.16572782085608137,0.9110710848200528,0.06694934356845399,0.3312301316127691,0.05889151783419177,-2.079441541671836,2.079441541671836,13.752930782725551,0.0,0.0,0.0,0.1
uniform,0,69,0.4820795216980093,0.16572782085608137,0.9110710848200528,0.06694934356845399,0.3312301316127691,0.05889151783419177,-2.079441541671836,2.079441541671836,13.752930782725551,0.0,0.0,0.0,0.1
uniform,0,70,0.4820795216980093,0.16572782085608137,0.9110710848200528,0.06694934356845399,0.3312301316127691,0.05889151783419177,-2.079441541671836,2.079441541671836,13.752930782725551,0.0,0.0,0.0,0.1
uniform,0,71,0.4820795216980093,0.16572782085608137,0.9110710848200528,0.06694934356845399,0.3312301316127691,0.05889151783419177,-2.079441541671836,2.079441541671836,13.752930782725551,0.0,0.0,0.0,0.1
uniform,0,72,0.4820795216980093,0.16572782085608137,0.9110710848200528,0.06694934356845399,0.3312301316127691,0.05889151783419177,-2.079441541671836,2.079441541671836,13.752930782725551,0.0,0.0,0.0,0.1
uniform,0,73,0.4820795216980093,0.16572782085608137,0.9110710848200528,0.06694934356845399,0.3312301316127691,0.05889151783419177,-2.079441541671836,2.079441541671836,13.752930782725551,0.0,0.0,0.0,0.1
uniform,0,74,0.4820795216980093,0.16572782085608137,0.9110710848200528,0.06694934356845399,0.3312301316127691,0.05889151783419177,-2.079441541671836,2.079441541671836,13.752930782725551,0.0,0.0,0.0,0.1
uniform,0,75,0.4820795216980093,0.16572782085608137,0.9110710848200528,0.06694934356845399,0.3312301316127691,0.05889151783419177,-2.079441541671836,2.079441541671836,13.752930782725551,0.0,0.0,0.0,0.1
uniform,0,76,0.4820795216980093,0.16572782085608137,0.9110710848200528,0.06694934356845399,0.3312301316127691,0.05889151783419177,-2.079441541671836,2.079441541671836,13.752930782725551,0.0,0.0,0.0,0.1
uniform,0,77,0.4820795216980093,0.16572782085608137,0.9110710848200528,0.06694934356845399,0.3312301316127691,0.05889151783419177,-2.079441541671836,2.079441541671836,13.752930782725551,0.0,0.0,0.0,0.1
uniform,0,78,0.4820795216980093,0.16572782085608137,0.9110710848200528,0.06694934356845399,0.3312301316127691,0.05889151783419177,-2.079441541671836,2.079441541671836,13.752930782725551,0.0,0.0,0.0,0.1
uniform,0,79,0.4820795216980093,0.16572782085608137,0.9110710848200528,0.06694934356845399,0.3312301316127691,0.05889151783419177,-2.079441541671836,2.079441541671836,13.752930782725551,0.0,0.0,0.0,0.1
uniform,0,80,0.4820795216980093,0.16572782085608137,0.9110710848200528,0.06694934356845399,0.3312301316127691,0.05889151783419177,-2.079441541671836,2.079441541671836,13.752930782725551,0.0,0.0,0.0,0.1
uniform,0,81,0.4820795216980093,0.16572782085608137,0.9110710848200528,0.06694934356845399,0.3312301316127691,0.05889151783419177,-2.079441541671836,2.079441541671836,13.752930782725551,0.0,0.0,0.0,0.1
uniform,0,82,0.4820795216980093,0.16572782085608137,0.9110710848200528,0.06694934356845399,0.3312301316127691,0.05889151783419177,-2.079441541671836,2.079441541671836,13.752930782725551,0.0,0.0,0.0,0.1
uniform,0,83,0.4820795216980093,0.16572782085608137,0.9110710848200528,0.06694934356845399,0.3312301316127691,0.05889151783419177,-2.079441541671836,2.079441541671836,13.752930782725551,0.0,0.0,0.0,0.1
uniform,0,84,0.4820795216980093,0.16572782085608137,0.9110710848200528,0.06694934356845399,0.3312301316127691,0.05889151783419177,-2.079441541671836,2.079441541671836,13.752930782725551,0.0,0.0,0.0,0.1
uniform,0,85,0.4820795216980093,0.16572782085608137,0.9110710848200528,0.06694934356845399,0.3312301316127691,0.05889151783419177,-2.079441541671836,2.079441541671836,13.752930782725551,0.0,0.0,0.0,0.1
uniform,0,86,0.4820795216980093,0.16572782085608137,0.9110710848200528,0.06694934356845399,0.3312301316127691,0.05889151783419177,-2.079441541671836,2.079441541671836,13.752930782725551,0.0,0.0,0.0,0.1
uniform,0,87,0.4820795216980093,0.16572782085608137,0.9110710848200528,0.06694934356845399,0.3312301316127691,0.05889151783419177,-2.079441541671836,2.079441541671836,13.752930782725551,0.0,0.0,0.0,0.1
uniform,0,88,0.4820795216980093,0.16572782085608137,0.9110710848200528,0.06694934356845399,0.3312301316127691,0.05889151783419177,-2.079441541671836,2.079441541671836,13.752930782725551,0.0,0.0,0.0,0.1
uniform,0,89,0.4820795216980093,0.16572782085608137,0.9110710848200528,0.06694934356845399,0.3312301316127691,0.05889151783419177,-2.079441541671836,2.079441541671836,13.752930782725551,0.0,0.0,0.0,0.1
uniform,0,90,0.4820795216980093,0.16572782085608137,0.9110710848200528,0.06694934356845399,0.3312301316127691,0.05889151783419177,-2.079441541671836,2.079441541671836,13.752930782725551,0.0,0.0,0.0,0.1
uniform,0,91,0.4820795216980093,0.16572782085608137,0.9110710848200528,0.06694934356845399,0.3312301316127691,0.05889151783419177,-2.079441541671836,2.079441541671836,13.752930782725551,0.0,0.0,0.0,0.1
uniform,0,92,0.4820795216980093,0.16572782085608137,0.9110710848200528,0.06694934356845399,0.3312301316127691,0.05889151783419177,-2.079441541671836,2.079441541671836,13.752930782725551,0.0,0.0,0.0,0.1
uniform,0,93,0.4820795216980093,0.16572782085608137,0.9110710848200528,0.06694934356845399,0.3312301316127691,0.05889151783419177,-2.079441541671836,2.079441541671836,13.752930782725551,0.0,0.0,0.0,0.1
uniform,0,94,0.4820795216980093,0.16572782085608137,0.9110710848200528,0.06694934356845399,0.3312301316127691,0.05889151783419177,-2.079441541671836,2.079441541671836,13.752930782725551,0.0,0.0,0.0,0.1
uniform,0,95,0.4820795216980093,0.16572782085608137,0.9110710848200528,0.06694934356845399,0.3312301316127691,0.05889151783419177,-2.079441541671836,2.079441541671836,13.752930782725551,0.0,0.0,0.0,0.1
uniform,0,96,0.4820795216980093,0.16572782085608137,0.9110710848200528,0.06694934356845399,0.3312301316127691,0.05889151783419177,-2.079441541671836,2.079441541671836,13.752930782725551,0.0,0.0,0.0,0.1
uniform,0,97,0.4820795216980093,0.16572782085608137,0.9110710848200528,0.06694934356845399,0.3312301316127691,0.05889151783419177,-2.079441541671836,2.079441541671836,13.752930782725551,0.0,0.0,0.0,0.1
uniform,0,98,0.4820795216980093,0.16572782085608137,0.9110710848200528,0.06694934356845399,0.3312301316127691,0.05889151783419177,-2.079441541671836,2.079441541671836,13.752930782725551,0.0,0.0,0.0,0.1
uniform,0,99,0.4820795216980093,0.16572782085608137,0.9110710848200528,0.06694934356845399,0.3312301316127691,0.05889151783419177,-2.079441541671836,2.079441541671836,13.752930782725551,0.0,0.0,0.0,0.1
uniform,0,100,0.4820795216980093,0.16572782085608137,0.9110710848200528,0.06694934356845399,0.3312301316127691,0.05889151783419177,-2.079441541671836,2.079441541671836,13.752930782725551,0.0,0.0,0.0,0.1
uniform,0,101,0.4820795216980093,0.16572782085608137,0.9110710848200528,0.06694934356845399,0.3312301316127691,0.05889151783419177,-2.079441541671836,2.079441541671836,13.752930782725551,0.0,0.0,0.0,0.1
uniform,0,102,0.4820795216980093,0.16572782085608137,0.9110710848200528,0.06694934356845399,0.3312301316127691,0.05889151783419177,-2.079441541671836,2.079441541671836,13.752930782725551,0.0,0.0,0.0,0.1
uniform,0,103,0.4820795216980093,0.16572782085608137,0.9110710848200528,0.06694934356845399,0.3312301316127691,0.05889151783419177,-2.079441541671836,2.079441541671836,13.752930782725551,0.0,0.0,0.0,0.1
uniform,0,104,0.4820795216980093,0.16572782085608137,0.9110710848200528,0.06694934356845399,0.3312301316127691,0.05889151783419177,-2.079441541671836,2.079441541671836,13.752930782725551,0.0,0.0,0.0,0.1
uniform,0,105,0.4820795216980093,0.16572782085608137,0.9110710848200528,0.06694934356845399,0.3312301316127691,0.05889151783419177,-2.079441541671836,2.079441541671836,13.752930782725551,0.0,0.0,0.0,0.1
uniform,0,106,0.4820795216980093,0.16572782085608137,0.9110710848200528,0.06694934356845399,0.3312301316127691,0.05889151783419177,-2.079441541671836,2.079441541671836,13.752930782725551,0.0,0.0,0.0,0.1
uniform,0,107,0.4820795216980093,0.16572782085608137,0.9110710848200528,0.06694934356845399,0.3312301316127691,0.05889151783419177,-2.079441541671836,2.079441541671836,13.752930782725551,0.0,0.0,0.0,0.1
uniform,0,108,0.4820795216980093,0.16572782085608137,0.9110710848200528,0.06694934356845399,0.3312301316127691,0.05889151783419177,-2.079441541671836,2.079441541671836,13.752930782725551,0.0,0.0,0.0,0.1
uniform,0,109,0.4820795216980093,0.16572782085608137,0.9110710848200528,0.06694934356845399,0.3312301316127691,0.05889151783419177,-2.079441541671836,2.079441541671836,13.752930782725551,0.0,0.0,0.0,0.1
uniform,0,110,0.4820795216980093,0.16572782085608137,0.9110710848200528,0.06694934356845399,0.3312301316127691,0.05889151783419177,-2.079441541671836,2.079441541671836,13.752930782725551,0.0,0.0,0.0,0.1
uniform,0,111,0.4820795216980093,0.16572782085608137,0.9110710848200528,0.06694934356845399,0.3312301316127691,0.05889151783419177,-2.079441541671836,2.079441541671836,13.752930782725551,0.0,0.0,0.0,0.1
uniform,0,112,0.4820795216980093,0.16572782085608137,0.9110710848200528,0.06694934356845399,0.3312301316127691,0.05889151783419177,-2.079441541671836,2.079441541671836,13.752930782725551,0.0,0.0,0.0,0.1
uniform,0,113,0.4820795216980093,0.16572782085608137,0.9110710848200528,0.06694934356845399,0.3312301316127691,0.05889151783419177,-2.079441541671836,2.079441541671836,13.752930782725551,0.0,0.0,0.0,0.1
uniform,0,114,0.4820795216980093,0.16572782085608137,0.9110710848200528,0.06694934356845399,0.3312301316127691,0.05889151783419177,-2.079441541671836,2.079441541671836,13.752930782725551,0.0,0.0,0.0,0.1
uniform,0,115,0.4820795216980093,0.16572782085608137,0.9110710848200528,0.06694934356845399,0.3312301316127691,0.05889151783419177,-2.079441541671836,2.079441541671836,13.752930782725551,0.0,0.0,0.0,0.1
uniform,0,116,0.4820795216980093,0.16572782085608137,0.9110710848200528,0.06694934356845399,0.3312301316127691,0.05889151783419177,-2.079441541671836,2.079441541671836,13.752930782725551,0.0,0.0,0.0,0.1
random,11,0,0.7244424028837712,0.16898751780726326,0.9289909224318496,0.1308828545329979,0.6475395100549887,0.06540039734567292,-3.1181786237336016,3.1181786237336016,12.87586460022998,0.09976003854556328,5.551115123125783e-17,0.2005296305077776,0.1
random,11,1,0.6357587607611518,0.16838660315818688,0.9256874580020981,0.10669560854483716,0.5278737412066757,0.08431590355620497,-2.9515151921743916,2.9515151921743916,13.097784576822933,0.06645867029921108,5.551115123125783e-17,0.08868364212261937,0.1
random,11,2,0.5694259938020466,0.16813085916294646,0.9242815325637721,0.08955784185305111,0.443085087363265,0.06041795138654717,-2.7558320558138765,2.7558320558138765,13.394552515114741,0.07013300590381934,5.551115123125783e-17,0.06633276695910517,0.1
random,11,3,0.5533886125877459,0.16709565846667823,0.9185906267370757,0.0852897678833038,0.4219689026872054,0.0726427888807289,-2.7158459438640707,2.7158459438640707,13.381398461954122,0.03283906643581655,5.551115123125783e-17,0.01603738121430076,0.1
random,11,4,0.5493912490306736,0.16765820349953137,0.921683158278818,0.08392645684280567,0.4152239568624324,0.07552491814144842,-2.7176784985879836,2.7176784985879836,13.427207762437614,0.020044688872402593,4.163336342344337e-17,0.003997363557072253,0.1
random,11,5,0.5446007407461064,0.16843268301836015,0.9259407771369275,0.08236224077483437,0.40748503865279856,0.0750176747227573,-2.714413651245671,2.714413651245671,13.453560151021556,0.020907585982805656,1.3877787807814457e-17,0.004790508284567174,0.1
random,11,6,0.537085062319718,0.16923366250444144,0.9303440767491055,0.08011621672516869,0.39637289323175295,0.07219373208626835,-2.693811781499469,2.693811781499469,13.473509555076397,0.025558504054235456,1.3877787807814457e-17,0.00751567842638845,0.1
random,11,7,0.5242705348810787,0.17000846384946514,0.9346034648125241,0.07652269097904336,0.3785940183033389,0.06674154950443542,-2.6276547178518594,2.6276547178518594,13.487998555369304,0.032349553246026584,1.3877787807814457e-17,0.012814527438639312,0.1
random,11,8,0.5162778385659161,0.1704930116582875,0.9372672149031884,0.07429362366074353,0.36756576586858203,0.06286710438682543,-2.5751811773091964,2.5751811773091964,13.495904634649225,0.023523504720867394,0.0,0.007992696315162529,0.1
random,11,9,0.5119069505076517,0.17079062679912996,0.9389033225152089,0.07286976053016164,0.36052124015700454,0.06790189761096069,-2.539880367100733,2.539880367100733,13.485863254712108,0.020603250218241068,1.3877787807814457e-17,0.004370888058264466,0.1
random,11,10,0.5068118327317176,0.1713889922471563,0.9421927729830674,0.07118955394489855,0.35220846188750154,0.0710729307032466,-2.4811812190258666,2.4811812190258666,13.491753887681593,0.021826729636281277,0.0,0.005095117775934077,0.1
random,11,11,0.5039315829564032,0.1724212519445599,0.9478675109810177,0.07020265225445499,0.347325791507317,0.06470361580661008,-2.4563760603714826,2.4563760603714826,13.501419224687586,0.015508314567376709,0.0,0.002880249775314425,0.1
random,11,12,0.5018126773163821,0.17286177460726626,0.9502892375090473,0.0695642682109933,0.3441674030980401,0.06114815615590253,-2.445940042937433,2.445940042937433,13.519800051480722,0.014460415546631022,1.3877787807814457e-17,0.0021189056400210404,0.1
random,11,13,0.499503306704539,0.1731889767454708,0.952087996495134,0.06888158291522432,0.34078983539812,0.05888931032165487,-2.429754329041983,2.429754329041983,13.535292036530189,0.014976218817604381,0.0,0.002309370611843109,0.1
random,11,14,0.49685923329909587,0.17342908080691427,0.9534079430593199,0.0681171243903016,0.33700769677918413,0.05751474949877822,-2.4048285937245386,2.4048285937245386,13.551122867452996,0.015948041443938854,1.3877787807814457e-17,0.002644073405443148,0.1
random,11,15,0.49402786359383494,0.1734162607425087,0.9533374661175179,0.06732754860001047,0.3331012911447663,0.05867528705880774,-2.382967753052286,2.382967753052286,13.567931029189687,0.016128736083245915,1.3877787807814457e-17,0.0028313697052609332,0.1
random,11,16,0.49060390512804497,0.17333989791436233,0.9529176695841425,0.06637905534282511,0.3284086454866337,0.06068003617034066,-2.3599964932661823,2.3599964932661823,13.587445006466988,0.017954081878529697,1.3877787807814457e-17,0.003423958465789967,0.1
random,11,17,0.4862623974141942,0.1732863212280631,0.9526231374443028,0.06517098039347631,0.3224317261750687,0.06282818421816944,-2.3249802330006455,2.3249802330006455,13.610916119294314,0.020202627671170467,1.3877787807814457e-17,0.0043415077138507785,0.1
random,11,18,0.48090712789836476,0.17321301654506532,0.9522201527389216,0.06370174004077614,0.31516269784026396,0.06480066333436377,-2.2695243440252266,2.2695243440252266,13.639145300877145,0.02214300467363695,1.3877787807814457e-17,0.0053552695158294306,0.1
random,11,19,0.47600556486233825,0.17276566873533747,0.9497609056903855,0.06258571401316164,0.30964118816882025,0.06334447313126704,-2.227526275619291,2.227526275619291,13.671206022345613,0.02181196298687549,1.3877787807814457e-17,0.004901563036026513,0.1
random,11,20,0.4708831296493916,0.17245243328020643,0.9480389270603873,0.06134606652495249,0.303508064544492,0.06242349475925836,-2.168777795426747,2.168777795426747,13.691512756737975,0.021693337152165506,0.0,0.005122435212946641,0.1
random,11,21,0.46645558013023264,0.17256301274450406,0.9486468259151243,0.060194785135943174,0.29781212989182465,0.059347762325830465,-2.112375831600862,2.112375831600862,13.71420228972156,0.020899374633017907,1.3877787807814457e-17,0.004427549519158969,0.1
random,11,22,0.4647566795076628,0.17236268609733174,0.9475455514591224,0.059823428606599255,0.2959748531459507,0.05889151783419177,-2.079441541671836,2.079441541671836,13.740094973991015,0.010676752080302518,0.0,0.0016989006225698322,0.1
random,11,23,0.4647566795076628,0.17236268609733174,0.9475455514591224,0.059823428606599255,0.2959748531459507,0.05889151783419177,-2.079441541671836,2.079441541671836,13.742764190278406,0.0,0.0,0.0,0.1
random,11,24,0.4647566795076628,0.17236268609733174,0.9475455514591224,0.059823428606599255,0.2959748531459507,0.05889151783419177,-2.079441541671836,2.079441541671836,13.742764190278406,0.0,0.0,0.0,0.1
random,11,25,0.4647566795076628,0.17236268609733174,0.9475455514591224,0.059823428606599255,0.2959748531459507,0.05889151783419177,-2.079441541671836,2.079441541671836,13.742764190278406,0.0,0.0,0.0,0.1
random,11,26,0.4647566795076628,0.17236268609733174,0.9475455514591224,0.059823428606599255,0.2959748531459507,0.05889151783419177,-2.079441541671836,2.079441541671836,13.742764190278406,0.0,0.0,0.0,0.1
random,11,27,0.4647566795076628,0.17236268609733174,0.9475455514591224,0.059823428606599255,0.2959748531459507,0.05889151783419177,-2.079441541671836,2.079441541671836,13.742764190278406,0.0,0.0,0.0,0.1
random,11,28,0.4647566795076628,0.17236268609733174,0.9475455514591224,0.059823428606599255,0.2959748531459507,0.05889151783419177,-2.079441541671836,2.079441541671836,13.742764190278406,0.0,0.0,0.0,0.1
random,11,29,0.4647566795076628,0.17236268609733174,0.9475455514591224,0.059823428606599255,0.2959748531459507,0.05889151783419177,-2.079441541671836,2.079441541671836,13.742764190278406,0.0,0.0,0.0,0.1
random,11,30,0.4647566795076628,0.17236268609733174,0.9475455514591224,0.059823428606599255,0.2959748531459507,0.05889151783419177,-2.079441541671836,2.079441541671836,13.742764190278406,0.0,0.0,0.0,0.1
random,11,31,0.4647566795076628,0.17236268609733174,0.9475455514591224,0.059823428606599255,0.2959748531459507,0.05889151783419177,-2.079441541671836,2.079441541671836,13.742764190278406,0.0,0.0,0.0,0.1
random,11,32,0.4647566795076628,0.17236268609733174,0.9475455514591224,0.059823428606599255,0.2959748531459507,0.05889151783419177,-2.079441541671836,2.079441541671836,13.742764190278406,0.0,0.0,0.0,0.1
random,11,33,0.4647566795076628,0.17236268609733174,0.9475455514591224,0.059823428606599255,0.2959748531459507,0.05889151783419177,-2.079441541671836,2.079441541671836,13.742764190278406,0.0,0.0,0.0,0.1
random,11,34,0.4647566795076628,0.17236268609733174,0.9475455514591224,0.059823428606599255,0.2959748531459507,0.05889151783419177,-2.079441541671836,2.079441541671836,13.742764190278406,0.0,0.0,0.0,0.1
random,11,35,0.4647566795076628,0.17236268609733174,0.9475455514591224,0.059823428606599255,0.2959748531459507,0.05889151783419177,-2.079441541671836,2.079441541671836,13.742764190278406,0.0,0.0,0.0,0.1
random,11,36,0.4647566795076628,0.17236268609733174,0.9475455514591224,0.059823428606599255,0.2959748531459507,0.05889151783419177,-2.079441541671836,2.079441541671836,13.742764190278406,0.0,0.0,0.0,0.1
random,11,37,0.4647566795076628,0.17236268609733174,0.9475455514591224,0.059823428606599255,0.2959748531459507,0.05889151783419177,-2.079441541671836,2.079441541671836,13.742764190278406,0.0,0.0,0.0,0.1
random,11,38,0.4647566795076628,0.17236268609733174,0.9475455514591224,0.059823428606599255,0.2959748531459507,0.05889151783419177,-2.079441541671836,2.079441541671836,13.742764190278406,0.0,0.0,0.0,0.1
random,11,39,0.4647566795076628,0.17236268609733174,0.9475455514591224,0.059823428606599255,0.2959748531459507,0.05889151783419177,-2.079441541671836,2.079441541671836,13.742764190278406,0.0,0.0,0.0,0.1
random,11,40,0.4647566795076628,0.17236268609733174,0.9475455514591224,0.059823428606599255,0.2959748531459507,0.05889151783419177,-2.079441541671836,2.079441541671836,13.742764190278406,0.0,0.0,0.0,0.1
random,11,41,0.4647566795076628,0.17236268609733174,0.9475455514591224,0.059823428606599255,0.2959748531459507,0.05889151783419177,-2.079441541671836,2.079441541671836,13.742764190278406,0.0,0.0,0.0,0.1
random,11,42,0.4647566795076628,0.17236268609733174,0.9475455514591224,0.059823428606599255,0.2959748531459507,0.05889151783419177,-2.079441541671836,2.079441541671836,13.742764190278406,0.0,0.0,0.0,0.1
random,11,43,0.4647566795076628,0.17236268609733174,0.9475455514591224,0.059823428606599255,0.2959748531459507,0.05889151783419177,-2.079441541671836,2.079441541671836,13.742764190278406,0.0,0.0,0.0,0.1
random,11,44,0.4647566795076628,0.17236268609733174,0.9475455514591224,0.059823428606599255,0.2959748531459507,0.05889151783419177,-2.079441541671836,2.079441541671836,13.742764190278406,0.0,0.0,0.0,0.1
random,11,45,0.4647566795076628,0.17236268609733174,0.9475455514591224,0.059823428606599255,0.2959748531459507,0.05889151783419177,-2.079441541671836,2.079441541671836,13.742764190278406,0.0,0.0,0.0,0.1
random,11,46,0.4647566795076628,0.17236268609733174,0.9475455514591224,0.059823428606599255,0.2959748531459507,0.05889151783419177,-2.079441541671836,2.079441541671836,13.742764190278406,0.0,0.0,0.0,0.1
random,11,47,0.4647566795076628,0.17236268609733174,0.9475455514591224,0.059823428606599255,0.2959748531459507,0.05889151783419177,-2.079441541671836,2.079441541671836,13.742764190278406,0.0,0.0,0.0,0.1
random,11,48,0.4647566795076628,0.17236268609733174,0.9475455514591224,0.059823428606599255,0.2959748531459507,0.05889151783419177,-2.079441541671836,2.079441541671836,13.742764190278406,0.0,0.0,0.0,0.1
random,11,49,0.4647566795076628,0.17236268609733174,0.9475455514591224,0.059823428606599255,0.2959748531459507,0.05889151783419177,-2.079441541671836,2.079441541671836,13.742764190278406,0.0,0.0,0.0,0.1
random,11,50,0.4647566795076628,0.17236268609733174,0.9475455514591224,0.059823428606599255,0.2959748531459507,0.05889151783419177,-2.079441541671836,2.079441541671836,13.742764190278406,0.0,0.0,0.0,0.1
random,11,51,0.4647566795076628,0.17236268609733174,0.9475455514591224,0.059823428606599255,0.2959748531459507,0.05889151783419177,-2.079441541671836,2.079441541671836,13.742764190278406,0.0,0.0,0.0,0.1
random,11,52,0.4647566795076628,0.17236268609733174,0.9475455514591224,0.059823428606599255,0.2959748531459507,0.05889151783419177,-2.079441541671836,2.079441541671836,13.742764190278406,0.0,0.0,0.0,0.1
random,11,53,0.4647566795076628,0.17236268609733174,0.9475455514591224,0.059823428606599255,0.2959748531459507,0.05889151783419177,-2.079441541671836,2.079441541671836,13.742764190278406,0.0,0.0,0.0,0.1
random,11,54,0.4647566795076628,0.17236268609733174,0.9475455514591224,0.059823428606599255,0.2959748531459507,0.05889151783419177,-2.079441541671836,2.079441541671836,13.742764190278406,0.0,0.0,0.0,0.1
random,11,55,0.4647566795076628,0.17236268609733174,0.9475455514591224,0.059823428606599255,0.2959748531459507,0.05889151783419177,-2.079441541671836,2.079441541671836,13.742764190278406,0.0,0.0,0.0,0.1
random,11,56,0.4647566795076628,0.17236268609733174,0.9475455514591224,0.059823428606599255,0.2959748531459507,0.05889151783419177,-2.079441541671836,2.079441541671836,13.742764190278406,0.0,0.0,0.0,0.1
random,11,57,0.4647566795076628,0.17236268609733174,0.9475455514591224,0.059823428606599255,0.2959748531459507,0.05889151783419177,-2.079441541671836,2.079441541671836,13.742764190278406,0.0,0.0,0.0,0.1
random,11,58,0.4647566795076628,0.17236268609733174,0.9475455514591224,0.059823428606599255,0.2959748531459507,0.05889151783419177,-2.079441541671836,2.079441541671836,13.742764190278406,0.0,0.0,0.0,0.1
random,11,59,0.4647566795076628,0.17236268609733174,0.9475455514591224,0.059823428606599255,0.2959748531459507,0.05889151783419177,-2.079441541671836,2.079441541671836,13.742764190278406,0.0,0.0,0.0,0.1
random,11,60,0.4647566795076628,0.17236268609733174,0.9475455514591224,0.059823428606599255,0.2959748531459507,0.05889151783419177,-2.079441541671836,2.079441541671836,13.742764190278406,0.0,0.0,0.0,0.1
random,11,61,0.4647566795076628,0.17236268609733174,0.9475455514591224,0.059823428606599255,0.2959748531459507,0.05889151783419177,-2.079441541671836,2.079441541671836,13.742764190278406,0.0,0.0,0.0,0.1
random,11,62,0.4647566795076628,0.17236268609733174,0.9475455514591224,0.059823428606599255,0.2959748531459507,0.05889151783419177,-2.079441541671836,2.079441541671836,13.742764190278406,0.0,0.0,0.0,0.1
random,11,63,0.4647566795076628,0.17236268609733174,0.9475455514591224,0.059823428606599255,0.2959748531459507,0.05889151783419177,-2.079441541671836,2.079441541671836,13.742764190278406,0.0,0.0,0.0,0.1
random,11,64,0.4647566795076628,0.17236268609733174,0.9475455514591224,0.059823428606599255,0.2959748531459507,0.05889151783419177,-2.079441541671836,2.079441541671836,13.742764190278406,0.0,0.0,0.0,0.1
random,11,65,0.4647566795076628,0.17236268609733174,0.9475455514591224,0.059823428606599255,0.2959748531459507,0.05889151783419177,-2.079441541671836,2.079441541671836,13.742764190278406,0.0,0.0,0.0,0.1
random,11,66,0.4647566795076628,0.17236268609733174,0.9475455514591224,0.059823428606599255,0.2959748531459507,0.05889151783419177,-2.079441541671836,2.079441541671836,13.742764190278406,0.0,0.0,0.0,0.1
random,11,67,0.4647566795076628,0.17236268609733174,0.9475455514591224,0.059823428606599255,0.2959748531459507,0.05889151783419177,-2.079441541671836,2.079441541671836,13.742764190278406,0.0,0.0,0.0,0.1
random,11,68,0.4647566795076628,0.17236268609733174,0.9475455514591224,0.059823428606599255,0.2959748531459507,0.05889151783419177,-2.079441541671836,2.079441541671836,13.742764190278406,0.0,0.0,0.0,0.1
random,11,69,0.4647566795076628,0.17236268609733174,0.9475455514591224,0.059823428606599255,0.2959748531459507,0.05889151783419177,-2.079441541671836,2.079441541671836,13.742764190278406,0.0,0.0,0.0,0.1
random,11,70,0.4647566795076628,0.17236268609733174,0.9475455514591224,0.059823428606599255,0.2959748531459507,0.05889151783419177,-2.079441541671836,2.079441541671836,13.742764190278406,0.0,0.0,0.0,0.1
random,11,71,0.4647566795076628,0.17236268609733174,0.9475455514591224,0.059823428606599255,0.2959748531459507,0.05889151783419177,-2.079441541671836,2.079441541671836,13.742764190278406,0.0,0.0,0.0,0.1
random,11,72,0.4647566795076628,0.17236268609733174,0.9475455514591224,0.059823428606599255,0.2959748531459507,0.05889151783419177,-2.079441541671836,2.079441541671836,13.742764190278406,0.0,0.0,0.0,0.1
random,11,73,0.4647566795076628,0.17236268609733174,0.9475455514591224,0.059823428606599255,0.2959748531459507,0.05889151783419177,-2.079441541671836,2.079441541671836,13.742764190278406,0.0,0.0,0.0,0.1
random,11,74,0.4647566795076628,0.17236268609733174,0.9475455514591224,0.059823428606599255,0.2959748531459507,0.05889151783419177,-2.079441541671836,2.079441541671836,13.742764190278406,0.0,0.0,0.0,0.1
random,11,75,0.4647566795076628,0.17236268609733174,0.9475455514591224,0.059823428606599255,0.2959748531459507,0.05889151783419177,-2.079441541671836,2.079441541671836,13.742764190278406,0.0,0.0,0.0,0.1
random,11,76,0.4647566795076628,0.17236268609733174,0.9475455514591224,0.059823428606599255,0.2959748531459507,0.05889151783419177,-2.079441541671836,2.079441541671836,13.742764190278406,0.0,0.0,0.0,0.1
random,11,77,0.4647566795076628,0.17236268609733174,0.9475455514591224,0.059823428606599255,0.2959748531459507,0.05889151783419177,-2.079441541671836,2.079441541671836,13.742764190278406,0.0,0.0,0.0,0.1
random,11,78,0.4647566795076628,0.17236268609733174,0.9475455514591224,0.059823428606599255,0.2959748531459507,0.05889151783419177,-2.079441541671836,2.079441541671836,13.742764190278406,0.0,0.0,0.0,0.1
random,11,79,0.4647566795076628,0.17236268609733174,0.9475455514591224,0.059823428606599255,0.2959748531459507,0.05889151783419177,-2.079441541671836,2.079441541671836,13.742764190278406,0.0,0.0,0.0,0.1
random,11,80,0.4647566795076628,0.17236268609733174,0.9475455514591224,0.059823428606599255,0.2959748531459507,0.05889151783419177,-2.079441541671836,2.079441541671836,13.742764190278406,0.0,0.0,0.0,0.1
random,11,81,0.4647566795076628,0.17236268609733174,0.9475455514591224,0.059823428606599255,0.2959748531459507,0.05889151783419177,-2.079441541671836,2.079441541671836,13.742764190278406,0.0,0.0,0.0,0.1
random,11,82,0.4647566795076628,0.17236268609733174,0.9475455514591224,0.059823428606599255,0.2959748531459507,0.05889151783419177,-2.079441541671836,2.079441541671836,13.742764190278406,0.0,0.0,0.0,0.1
random,11,83,0.4647566795076628,0.17236268609733174,0.9475455514591224,0.059823428606599255,0.2959748531459507,0.05889151783419177,-2.079441541671836,2.079441541671836,13.742764190278406,0.0,0.0,0.0,0.1
random,11,84,0.4647566795076628,0.17236268609733174,0.9475455514591224,0.059823428606599255,0.2959748531459507,0.05889151783419177,-2.079441541671836,2.079441541671836,13.742764190278406,0.0,0.0,0.0,0.1
random,11,85,0.4647566795076628,0.17236268609733174,0.9475455514591224,0.059823428606599255,0.2959748531459507,0.05889151783419177,-2.079441541671836,2.079441541671836,13.742764190278406,0.0,0.0,0.0,0.1
random,11,86,0.4647566795076628,0.17236268609733174,0.9475455514591224,0.059823428606599255,0.2959748531459507,0.05889151783419177,-2.079441541671836,2.079441541671836,13.742764190278406,0.0,0.0,0.0,0.1
random,11,87,0.4647566795076628,0.17236268609733174,0.9475455514591224,0.059823428606599255,0.2959748531459507,0.05889151783419177,-2.079441541671836,2.079441541671836,13.742764190278406,0.0,0.0,0.0,0.1
random,11,88,0.4647566795076628,0.17236268609733174,0.9475455514591224,0.059823428606599255,0.2959748531459507,0.05889151783419177,-2.079441541671836,2.079441541671836,13.742764190278406,0.0,0.0,0.0,0.1
random,11,89,0.4647566795076628,0.17236268609733174,0.9475455514591224,0.059823428606599255,0.2959748531459507,0.05889151783419177,-2.079441541671836,2.079441541671836,13.742764190278406,0.0,0.0,0.0,0.1
random,11,90,0.4647566795076628,0.17236268609733174,0.9475455514591224,0.059823428606599255,0.2959748531459507,0.05889151783419177,-2.079441541671836,2.079441541671836,13.742764190278406,0.0,0.0,0.0,0.1
random,11,91,0.4647566795076628,0.17236268609733174,0.9475455514591224,0.059823428606599255,0.2959748531459507,0.05889151783419177,-2.079441541671836,2.079441541671836,13.742764190278406,0.0,0.0,0.0,0.1
random,11,92,0.4647566795076628,0.17236268609733174,0.9475455514591224,0.059823428606599255,0.2959748531459507,0.05889151783419177,-2.079441541671836,2.079441541671836,13.742764190278406,0.0,0.0,0.0,0.1
random,11,93,0.4647566795076628,0.17236268609733174,0.9475455514591224,0.059823428606599255,0.2959748531459507,0.05889151783419177,-2.079441541671836,2.079441541671836,13.742764190278406,0.0,0.0,0.0,0.1
random,11,94,0.4647566795076628,0.17236268609733174,0.9475455514591224,0.059823428606599255,0.2959748531459507,0.05889151783419177,-2.079441541671836,2.079441541671836,13.742764190278406,0.0,0.0,0.0,0.1
random,11,95,0.4647566795076628,0.17236268609733174,0.9475455514591224,0.059823428606599255,0.2959748531459507,0.05889151783419177,-2.079441541671836,2.079441541671836,13.742764190278406,0.0,0.0,0.0,0.1
random,11,96,0.4647566795076628,0.17236268609733174,0.9475455514591224,0.059823428606599255,0.2959748531459507,0.05889151783419177,-2.079441541671836,2.079441541671836,13.742764190278406,0.0,0.0,0.0,0.1
random,11,97,0.4647566795076628,0.17236268609733174,0.9475455514591224,0.059823428606599255,0.2959748531459507,0.05889151783419177,-2.079441541671836,2.079441541671836,13.742764190278406,0.0,0.0,0.0,0.1
random,11,98,0.4647566795076628,0.17236268609733174,0.9475455514591224,0.059823428606599255,0.2959748531459507,0.05889151783419177,-2.079441541671836,2.079441541671836,13.742764190278406,0.0,0.0,0.0,0.1
random,11,99,0.4647566795076628,0.17236268609733174,0.9475455514591224,0.059823428606599255,0.2959748531459507,0.05889151783419177,-2.079441541671836,2.079441541671836,13.742764190278406,0.0,0.0,0.0,0.1
random,11,100,0.4647566795076628,0.17236268609733174,0.9475455514591224,0.059823428606599255,0.2959748531459507,0.05889151783419177,-2.079441541671836,2.079441541671836,13.742764190278406,0.0,0.0,0.0,0.1
random,11,101,0.4647566795076628,0.17236268609733174,0.9475455514591224,0.059823428606599255,0.2959748531459507,0.05889151783419177,-2.079441541671836,2.079441541671836,13.742764190278406,0.0,0.0,0.0,0.1
random,11,102,0.4647566795076628,0.17236268609733174,0.9475455514591224,0.059823428606599255,0.2959748531459507,0.05889151783419177,-2.079441541671836,2.079441541671836,13.742764190278406,0.0,0.0,0.0,0.1
random,23,0,0.7956869862613303,0.16411997897262798,0.9022321449159972,0.15057278180167177,0.7449549118054215,0.11412766178264766,-3.116450839034287,3.116450839034287,12.776256964567407,0.11192501311609351,5.551115123125783e-17,0.12532782754935146,0.1
random,23,1,0.6335863719848366,0.1750680130453396,0.9624177988861542,0.1052059308260884,0.5205035995362463,0.02604222611113269,-2.988881219384824,2.988881219384824,12.9438902942439,0.10130228193461903,5.551115123125783e-17,0.1621006142764937,0.1
random,23,2,0.5796503345829449,0.17244677905639144,0.9480078435657856,0.08841685470680377,0.437440083208242,0.14568311285317043,-2.7787196635167333,2.7787196635167333,13.380167523738267,0.08055064050996386,5.551115123125783e-17,0.05393603740189168,0.1
random,23,3,0.5684347288879035,0.17142530766478634,0.9423924131325907,0.08656280032216944,0.42826719748440006,0.11636227491455803,-2.7807417015854465,2.7807417015854465,13.678772905823765,0.033247756869923886,5.551115123125783e-17,0.01121560569504143,0.1
random,23,4,0.5509024118900219,0.17104612630470106,0.9403079038975575,0.08216404772695803,0.4065044837162786,0.10947073128423626,-2.724037575238086,2.724037575238086,13.65897350261705,0.038430249043053186,1.3877787807814457e-17,0.017532316997881603,0.1
random,23,5,0.5217441575407632,0.17111011037819804,0.9406596495426216,0.07471182760626363,0.36963481898444966,0.0935313091677055,-2.6001547973539614,2.6001547973539614,13.687868512193228,0.04818260876390959,2.7755575615628914e-17,0.029158254349258672,0.1
random,23,6,0.4958799326188184,0.17241963835124588,0.9478586404232352,0.0677554124026918,0.33521813615206,0.07501670398964634,-2.4479747220594428,2.4479747220594428,13.705228296973655,0.04231383695780794,1.3877787807814457e-17,0.02586422492194479,0.1
random,23,7,0.48524774411610305,0.1731168137244509,0.9516912879551623,0.06476455172452486,0.32042093093298624,0.07009223927572752,-2.353270474453959,2.353270474453959,13.70717263860166,0.03145291899010397,0.0,0.010632188502715356,0.1
random,23,8,0.4771509659336779,0.17287825454769112,0.9503798342303648,0.06249806934138403,0.30920756844051966,0.07650331045696954,-2.253970091588811,2.253970091588811,13.705046326130905,0.0255292079496474,1.3877787807814457e-17,0.008096778182425157,0.1
random,23,9,0.47263835984387964,0.172309278511575,0.9472519489315463,0.061570755229238695,0.3046197060502302,0.07360593073320429,-2.208960348996643,2.208960348996643,13.715202525148952,0.019716942130396344,0.0,0.0045126060897982545,0.1
random,23,10,0.46950455386542034,0.17225913305943152,0.946976279636873,0.0609382657689462,0.3014904809374826,0.06642623253090094,-2.1833980624055176,2.1833980624055176,13.729286829839136,0.017607467794381854,0.0,0.003133805978459303,0.1
random,23,11,0.46622549630235155,0.1722148176239044,0.946732660239047,0.06019642364138494,0.29782023635477406,0.06177153976509259,-2.1454392646773806,2.1454392646773806,13.747141277449073,0.0179986102342505,0.0,0.003279057563068788,0.1
random,23,12,0.46375917079727447,0.17199745924552404,0.9455377556505309,0.059673494771267786,0.29523305940514616,0.05949937330782128,-2.111051207714269,2.111051207714269,13.764737652188975,0.01469916575123361,1.3877787807814457e-17,0.0024663255050770827,0.1
random,23,13,0.4620618568107224,0.17173307641049324,0.9440843391084254,0.05933037709871621,0.2935354936669292,0.05889151783419177,-2.079441541671836,2.079441541671836,13.771579747995084,0.012322364450967306,0.0,0.0016973139865520404,0.1
random,23,14,0.4620618568107224,0.17173307641049324,0.9440843391084254,0.05933037709871621,0.2935354936669292,0.05889151783419177,-2.079441541671836,2.079441541671836,13.772915275006767,0.0,0.0,0.0,0.1
random,23,15,0.4620618568107224,0.17173307641049324,0.9440843391084254,0.05933037709871621,0.2935354936669292,0.05889151783419177,-2.079441541671836,2.079441541671836,13.772915275006767,0.0,0.0,0.0,0.1
random,23,16,0.4620618568107224,0.17173307641049324,0.9440843391084254,0.05933037709871621,0.2935354936669292,0.05889151783419177,-2.079441541671836,2.079441541671836,13.772915275006767,0.0,0.0,0.0,0.1
random,23,17,0.4620618568107224,0.17173307641049324,0.9440843391084254,0.05933037709871621,0.2935354936669292,0.05889151783419177,-2.079441541671836,2.079441541671836,13.772915275006767,0.0,0.0,0.0,0.1
random,23,18,0.4620618568107224,0.17173307641049324,0.9440843391084254,0.05933037709871621,0.2935354936669292,0.05889151783419177,-2.079441541671836,2.079441541671836,13.772915275006767,0.0,0.0,0.0,0.1
random,23,19,0.4620618568107224,0.17173307641049324,0.9440843391084254,0.05933037709871621,0.2935354936669292,0.05889151783419177,-2.079441541671836,2.079441541671836,13.772915275006767,0.0,0.0,0.0,0.1
random,23,20,0.4620618568107224,0.17173307641049324,0.9440843391084254,0.05933037709871621,0.2935354936669292,0.05889151783419177,-2.079441541671836,2.079441541671836,13.772915275006767,0.0,0.0,0.0,0.1
random,23,21,0.4620618568107224,0.17173307641049324,0.9440843391084254,0.05933037709871621,0.2935354936669292,0.05889151783419177,-2.079441541671836,2.079441541671836,13.772915275006767,0.0,0.0,0.0,0.1
random,23,22,0.4620618568107224,0.17173307641049324,0.9440843391084254,0.05933037709871621,0.2935354936669292,0.05889151783419177,-2.079441541671836,2.079441541671836,13.772915275006767,0.0,0.0,0.0,0.1
random,23,23,0.4620618568107224,0.17173307641049324,0.9440843391084254,0.05933037709871621,0.2935354936669292,0.05889151783419177,-2.079441541671836,2.079441541671836,13.772915275006767,0.0,0.0,0.0,0.1
random,23,24,0.4620618568107224,0.17173307641049324,0.9440843391084254,0.05933037709871621,0.2935354936669292,0.05889151783419177,-2.079441541671836,2.079441541671836,13.772915275006767,0.0,0.0,0.0,0.1
random,23,25,0.4620618568107224,0.17173307641049324,0.9440843391084254,0.05933037709871621,0.2935354936669292,0.05889151783419177,-2.079441541671836,2.079441541671836,13.772915275006767,0.0,0.0,0.0,0.1
random,23,26,0.4620618568107224,0.17173307641049324,0.9440843391084254,0.05933037709871621,0.2935354936669292,0.05889151783419177,-2.079441541671836,2.079441541671836,13.772915275006767,0.0,0.0,0.0,0.1
random,23,27,0.4620618568107224,0.17173307641049324,0.9440843391084254,0.05933037709871621,0.2935354936669292,0.05889151783419177,-2.079441541671836,2.079441541671836,13.772915275006767,0.0,0.0,0.0,0.1
random,23,28,0.4620618568107224,0.17173307641049324,0.9440843391084254,0.05933037709871621,0.2935354936669292,0.05889151783419177,-2.079441541671836,2.079441541671836,13.772915275006767,0.0,0.0,0.0,0.1
random,23,29,0.4620618568107224,0.17173307641049324,0.9440843391084254,0.05933037709871621,0.2935354936669292,0.05889151783419177,-2.079441541671836,2.079441541671836,13.772915275006767,0.0,0.0,0.0,0.1
random,23,30,0.4620618568107224,0.17173307641049324,0.9440843391084254,0.05933037709871621,0.2935354936669292,0.05889151783419177,-2.079441541671836,2.079441541671836,13.772915275006767,0.0,0.0,0.0,0.1
random,23,31,0.4620618568107224,0.17173307641049324,0.9440843391084254,0.05933037709871621,0.2935354936669292,0.05889151783419177,-2.079441541671836,2.079441541671836,13.772915275006767,0.0,0.0,0.0,0.1
random,23,32,0.4620618568107224,0.17173307641049324,0.9440843391084254,0.05933037709871621,0.2935354936669292,0.05889151783419177,-2.079441541671836,2.079441541671836,13.772915275006767,0.0,0.0,0.0,0.1
random,23,33,0.4620618568107224,0.17173307641049324,0.9440843391084254,0.05933037709871621,0.2935354936669292,0.05889151783419177,-2.079441541671836,2.079441541671836,13.772915275006767,0.0,0.0,0.0,0.1
random,23,34,0.4620618568107224,0.17173307641049324,0.9440843391084254,0.05933037709871621,0.2935354936669292,0.05889151783419177,-2.079441541671836,2.079441541671836,13.772915275006767,0.0,0.0,0.0,0.1
random,23,35,0.4620618568107224,0.17173307641049324,0.9440843391084254,0.05933037709871621,0.2935354936669292,0.05889151783419177,-2.079441541671836,2.079441541671836,13.772915275006767,0.0,0.0,0.0,0.1
random,23,36,0.4620618568107224,0.17173307641049324,0.9440843391084254,0.05933037709871621,0.2935354936669292,0.05889151783419177,-2.079441541671836,2.079441541671836,13.772915275006767,0.0,0.0,0.0,0.1
random,23,37,0.4620618568107224,0.17173307641049324,0.9440843391084254,0.05933037709871621,0.2935354936669292,0.05889151783419177,-2.079441541671836,2.079441541671836,13.772915275006767,0.0,0.0,0.0,0.1
random,23,38,0.4620618568107224,0.17173307641049324,0.9440843391084254,0.05933037709871621,0.2935354936669292,0.05889151783419177,-2.079441541671836,2.079441541671836,13.772915275006767,0.0,0.0,0.0,0.1
random,23,39,0.4620618568107224,0.17173307641049324,0.9440843391084254,0.05933037709871621,0.2935354936669292,0.05889151783419177,-2.079441541671836,2.079441541671836,13.772915275006767,0.0,0.0,0.0,0.1
random,23,40,0.4620618568107224,0.17173307641049324,0.9440843391084254,0.05933037709871621,0.2935354936669292,0.05889151783419177,-2.079441541671836,2.079441541671836,13.772915275006767,0.0,0.0,0.0,0.1
random,23,41,0.4620618568107224,0.17173307641049324,0.9440843391084254,0.05933037709871621,0.2935354936669292,0.05889151783419177,-2.079441541671836,2.079441541671836,13.772915275006767,0.0,0.0,0.0,0.1
random,23,42,0.4620618568107224,0.17173307641049324,0.9440843391084254,0.05933037709871621,0.2935354936669292,0.05889151783419177,-2.079441541671836,2.079441541671836,13.772915275006767,0.0,0.0,0.0,0.1
random,23,43,0.4620618568107224,0.17173307641049324,0.9440843391084254,0.05933037709871621,0.2935354936669292,0.05889151783419177,-2.079441541671836,2.079441541671836,13.772915275006767,0.0,0.0,0.0,0.1
random,23,44,0.4620618568107224,0.17173307641049324,0.9440843391084254,0.05933037709871621,0.2935354936669292,0.05889151783419177,-2.079441541671836,2.079441541671836,13.772915275006767,0.0,0.0,0.0,0.1
random,23,45,0.4620618568107224,0.17173307641049324,0.9440843391084254,0.05933037709871621,0.2935354936669292,0.05889151783419177,-2.079441541671836,2.079441541671836,13.772915275006767,0.0,0.0,0.0,0.1
random,23,46,0.4620618568107224,0.17173307641049324,0.9440843391084254,0.05933037709871621,0.2935354936669292,0.05889151783419177,-2.079441541671836,2.079441541671836,13.772915275006767,0.0,0.0,0.0,0.1
random,23,47,0.4620618568107224,0.17173307641049324,0.9440843391084254,0.05933037709871621,0.2935354936669292,0.05889151783419177,-2.079441541671836,2.079441541671836,13.772915275006767,0.0,0.0,0.0,0.1
random,23,48,0.4620618568107224,0.17173307641049324,0.9440843391084254,0.05933037709871621,0.2935354936669292,0.05889151783419177,-2.079441541671836,2.079441541671836,13.772915275006767,0.0,0.0,0.0,0.1
random,23,49,0.4620618568107224,0.17173307641049324,0.9440843391084254,0.05933037709871621,0.2935354936669292,0.05889151783419177,-2.079441541671836,2.079441541671836,13.772915275006767,0.0,0.0,0.0,0.1
random,23,50,0.4620618568107224,0.17173307641049324,0.9440843391084254,0.05933037709871621,0.2935354936669292,0.05889151783419177,-2.079441541671836,2.079441541671836,13.772915275006767,0.0,0.0,0.0,0.1
random,23,51,0.4620618568107224,0.17173307641049324,0.9440843391084254,0.05933037709871621,0.2935354936669292,0.05889151783419177,-2.079441541671836,2.079441541671836,13.772915275006767,0.0,0.0,0.0,0.1
random,23,52,0.4620618568107224,0.17173307641049324,0.9440843391084254,0.05933037709871621,0.2935354936669292,0.05889151783419177,-2.079441541671836,2.079441541671836,13.772915275006767,0.0,0.0,0.0,0.1
random,23,53,0.4620618568107224,0.17173307641049324,0.9440843391084254,0.05933037709871621,0.2935354936669292,0.05889151783419177,-2.079441541671836,2.079441541671836,13.772915275006767,0.0,0.0,0.0,0.1
random,23,54,0.4620618568107224,0.17173307641049324,0.9440843391084254,0.05933037709871621,0.2935354936669292,0.05889151783419177,-2.079441541671836,2.079441541671836,13.772915275006767,0.0,0.0,0.0,0.1
random,23,55,0.4620618568107224,0.17173307641049324,0.9440843391084254,0.05933037709871621,0.2935354936669292,0.05889151783419177,-2.079441541671836,2.079441541671836,13.772915275006767,0.0,0.0,0.0,0.1
random,23,56,0.4620618568107224,0.17173307641049324,0.9440843391084254,0.05933037709871621,0.2935354936669292,0.05889151783419177,-2.079441541671836,2.079441541671836,13.772915275006767,0.0,0.0,0.0,0.1
random,23,57,0.4620618568107224,0.17173307641049324,0.9440843391084254,0.05933037709871621,0.2935354936669292,0.05889151783419177,-2.079441541671836,2.079441541671836,13.772915275006767,0.0,0.0,0.0,0.1
random,23,58,0.4620618568107224,0.17173307641049324,0.9440843391084254,0.05933037709871621,0.2935354936669292,0.05889151783419177,-2.079441541671836,2.079441541671836,13.772915275006767,0.0,0.0,0.0,0.1
random,23,59,0.4620618568107224,0.17173307641049324,0.9440843391084254,0.05933037709871621,0.2935354936669292,0.05889151783419177,-2.079441541671836,2.079441541671836,13.772915275006767,0.0,0.0,0.0,0.1
random,23,60,0.4620618568107224,0.17173307641049324,0.9440843391084254,0.05933037709871621,0.2935354936669292,0.05889151783419177,-2.079441541671836,2.079441541671836,13.772915275006767,0.0,0.0,0.0,0.1
random,23,61,0.4620618568107224,0.17173307641049324,0.9440843391084254,0.05933037709871621,0.2935354936669292,0.05889151783419177,-2.079441541671836,2.079441541671836,13.772915275006767,0.0,0.0,0.0,0.1
random,23,62,0.4620618568107224,0.17173307641049324,0.9440843391084254,0.05933037709871621,0.2935354936669292,0.05889151783419177,-2.079441541671836,2.079441541671836,13.772915275006767,0.0,0.0,0.0,0.1
random,23,63,0.4620618568107224,0.17173307641049324,0.9440843391084254,0.05933037709871621,0.2935354936669292,0.05889151783419177,-2.079441541671836,2.079441541671836,13.772915275006767,0.0,0.0,0.0,0.1
random,23,64,0.4620618568107224,0.17173307641049324,0.9440843391084254,0.05933037709871621,0.2935354936669292,0.05889151783419177,-2.079441541671836,2.079441541671836,13.772915275006767,0.0,0.0,0.0,0.1
random,23,65,0.4620618568107224,0.17173307641049324,0.9440843391084254,0.05933037709871621,0.2935354936669292,0.05889151783419177,-2.079441541671836,2.079441541671836,13.772915275006767,0.0,0.0,0.0,0.1
random,23,66,0.4620618568107224,0.17173307641049324,0.9440843391084254,0.05933037709871621,0.2935354936669292,0.05889151783419177,-2.079441541671836,2.079441541671836,13.772915275006767,0.0,0.0,0.0,0.1
random,23,67,0.4620618568107224,0.17173307641049324,0.9440843391084254,0.05933037709871621,0.2935354936669292,0.05889151783419177,-2.079441541671836,2.079441541671836,13.772915275006767,0.0,0.0,0.0,0.1
random,23,68,0.4620618568107224,0.17173307641049324,0.9440843391084254,0.05933037709871621,0.2935354936669292,0.05889151783419177,-2.079441541671836,2.079441541671836,13.772915275006767,0.0,0.0,0.0,0.1
random,23,69,0.4620618568107224,0.17173307641049324,0.9440843391084254,0.05933037709871621,0.2935354936669292,0.05889151783419177,-2.079441541671836,2.079441541671836,13.772915275006767,0.0,0.0,0.0,0.1
random,23,70,0.4620618568107224,0.17173307641049324,0.9440843391084254,0.05933037709871621,0.2935354936669292,0.05889151783419177,-2.079441541671836,2.079441541671836,13.772915275006767,0.0,0.0,0.0,0.1
random,23,71,0.4620618568107224,0.17173307641049324,0.9440843391084254,0.05933037709871621,0.2935354936669292,0.05889151783419177,-2.079441541671836,2.079441541671836,13.772915275006767,0.0,0.0,0.0,0.1
random,23,72,0.4620618568107224,0.17173307641049324,0.9440843391084254,0.05933037709871621,0.2935354936669292,0.05889151783419177,-2.079441541671836,2.079441541671836,13.772915275006767,0.0,0.0,0.0,0.1
random,23,73,0.4620618568107224,0.17173307641049324,0.9440843391084254,0.05933037709871621,0.2935354936669292,0.05889151783419177,-2.079441541671836,2.079441541671836,13.772915275006767,0.0,0.0,0.0,0.1
random,23,74,0.4620618568107224,0.17173307641049324,0.9440843391084254,0.05933037709871621,0.2935354936669292,0.05889151783419177,-2.079441541671836,2.079441541671836,13.772915275006767,0.0,0.0,0.0,0.1
random,23,75,0.4620618568107224,0.17173307641049324,0.9440843391084254,0.05933037709871621,0.2935354936669292,0.05889151783419177,-2.079441541671836,2.079441541671836,13.772915275006767,0.0,0.0,0.0,0.1
random,23,76,0.4620618568107224,0.17173307641049324,0.9440843391084254,0.05933037709871621,0.2935354936669292,0.05889151783419177,-2.079441541671836,2.079441541671836,13.772915275006767,0.0,0.0,0.0,0.1
random,23,77,0.4620618568107224,0.17173307641049324,0.9440843391084254,0.05933037709871621,0.2935354936669292,0.05889151783419177,-2.079441541671836,2.079441541671836,13.772915275006767,0.0,0.0,0.0,0.1
random,23,78,0.4620618568107224,0.17173307641049324,0.9440843391084254,0.05933037709871621,0.2935354936669292,0.05889151783419177,-2.079441541671836,2.079441541671836,13.772915275006767,0.0,0.0,0.0,0.1
random,23,79,0.4620618568107224,0.17173307641049324,0.9440843391084254,0.05933037709871621,0.2935354936669292,0.05889151783419177,-2.079441541671836,2.079441541671836,13.772915275006767,0.0,0.0,0.0,0.1
random,23,80,0.4620618568107224,0.17173307641049324,0.9440843391084254,0.05933037709871621,0.2935354936669292,0.05889151783419177,-2.079441541671836,2.079441541671836,13.772915275006767,0.0,0.0,0.0,0.1
random,23,81,0.4620618568107224,0.17173307641049324,0.9440843391084254,0.05933037709871621,0.2935354936669292,0.05889151783419177,-2.079441541671836,2.079441541671836,13.772915275006767,0.0,0.0,0.0,0.1
random,23,82,0.4620618568107224,0.17173307641049324,0.9440843391084254,0.05933037709871621,0.2935354936669292,0.05889151783419177,-2.079441541671836,2.079441541671836,13.772915275006767,0.0,0.0,0.0,0.1
random,23,83,0.4620618568107224,0.17173307641049324,0.9440843391084254,0.05933037709871621,0.2935354936669292,0.05889151783419177,-2.079441541671836,2.079441541671836,13.772915275006767,0.0,0.0,0.0,0.1
random,23,84,0.4620618568107224,0.17173307641049324,0.9440843391084254,0.05933037709871621,0.2935354936669292,0.05889151783419177,-2.079441541671836,2.079441541671836,13.772915275006767,0.0,0.0,0.0,0.1
random,23,85,0.4620618568107224,0.17173307641049324,0.9440843391084254,0.05933037709871621,0.2935354936669292,0.05889151783419177,-2.079441541671836,2.079441541671836,13.772915275006767,0.0,0.0,0.0,0.1
random,23,86,0.4620618568107224,0.17173307641049324,0.9440843391084254,0.05933037709871621,0.2935354936669292,0.05889151783419177,-2.079441541671836,2.079441541671836,13.772915275006767,0.0,0.0,0.0,0.1
random,23,87,0.4620618568107224,0.17173307641049324,0.9440843391084254,0.05933037709871621,0.2935354936669292,0.05889151783419177,-2.079441541671836,2.079441541671836,13.772915275006767,0.0,0.0,0.0,0.1
random,23,88,0.4620618568107224,0.17173307641049324,0.9440843391084254,0.05933037709871621,0.2935354936669292,0.05889151783419177,-2.079441541671836,2.079441541671836,13.772915275006767,0.0,0.0,0.0,0.1
random,23,89,0.4620618568107224,0.17173307641049324,0.9440843391084254,0.05933037709871621,0.2935354936669292,0.05889151783419177,-2.079441541671836,2.079441541671836,13.772915275006767,0.0,0.0,0.0,0.1
random,23,90,0.4620618568107224,0.17173307641049324,0.9440843391084254,0.05933037709871621,0.2935354936669292,0.05889151783419177,-2.079441541671836,2.079441541671836,13.772915275006767,0.0,0.0,0.0,0.1
random,23,91,0.4620618568107224,0.17173307641049324,0.9440843391084254,0.05933037709871621,0.2935354936669292,0.05889151783419177,-2.079441541671836,2.079441541671836,13.772915275006767,0.0,0.0,0.0,0.1
random,23,92,0.4620618568107224,0.17173307641049324,0.9440843391084254,0.05933037709871621,0.2935354936669292,0.05889151783419177,-2.079441541671836,2.079441541671836,13.772915275006767,0.0,0.0,0.0,0.1
random,23,93,0.4620618568107224,0.17173307641049324,0.9440843391084254,0.05933037709871621,0.2935354936669292,0.05889151783419177,-2.079441541671836,2.079441541671836,13.772915275006767,0.0,0.0,0.0,0.1
random,37,0,0.9532902317285199,0.15047934364925372,0.8272442016877237,0.19479194218985985,0.9637280548192853,0.2368314019212498,-3.100002966703733,3.100002966703733,12.937075707337044,0.12959419178096915,1.249000902703301e-16,0.01944752603495481,0.1
random,37,1,0.8560623216084937,0.17488512341134244,0.9614123825572155,0.1644125470882573,0.8134267896913994,0.056391337006402406,-3.1530563580881568,3.1530563580881568,12.299957770615654,0.14113454477409465,1.6653345369377348e-16,0.09722791012002618,0.1
random,37,2,0.6879539902919787,0.1494396231269285,0.8215284485975584,0.12236991659458835,0.6054219715780413,0.2850539945905811,-2.6714417671376722,2.6714417671376722,13.218360959835657,0.1549617361371949,8.326672684688674e-17,0.16810833131651504,0.1
random,37,3,0.6204038126376193,0.1602536640246794,0.8809774893265627,0.10401638419123135,0.5146183485775068,0.1419567887284865,-2.7395321085016393,2.7395321085016393,12.932389153250922,0.07611247846532099,4.163336342344337e-17,0.06755017765435933,0.1
random,37,4,0.5585217938359771,0.15811271771672494,0.869207864496804,0.08771195424080973,0.43395260653289003,0.15755372812108637,-2.5637448595385517,2.5637448595385517,13.150777094454803,0.06639858555042612,2.7755575615628914e-17,0.061882018801642236,0.1
random,37,5,0.4908747006491527,0.16311078354521463,0.8966842002914953,0.06902663330372087,0.34150746841304375,0.10573049266496,-2.4498710363753835,2.4498710363753835,13.272756567532372,0.07274819751402556,1.3877787807814457e-17,0.06764709318682444,0.1
random,37,6,0.48145768853282067,0.16452523869185182,0.9044600171592929,0.0655658160468842,0.3243851652750352,0.12053810286721048,-2.369708386845952,2.369708386845952,13.487731241049882,0.02468200591872937,0.0,0.009417012116332002,0.1
random,37,7,0.4787692078415112,0.16513528557622598,0.9078136850821971,0.06432375150046926,0.31824008331825815,0.131357240822684,-2.325537134093338,2.325537134093338,13.516503895641899,0.0163033512505028,0.0,0.0026884806913094472,0.1
random,37,8,0.47663214135620224,0.1655886698651471,0.9103061170336583,0.06331190238275236,0.3132339861921385,0.14130122453683816,-2.289342296840914,2.289342296840914,13.519323626693476,0.014698505401694827,1.3877787807814457e-17,0.0021370664853089805,0.1
random,37,9,0.47573148913905844,0.16562339345320845,0.9104970062692765,0.0628147377262338,0.31077427701749244,0.15026529808619948,-2.264963827755031,2.264963827755031,13.51388771615055,0.007385446268975559,0.0,0.0009006522171438047,0.1
random,37,10,0.4755784266916107,0.16544184702006662,0.9094989740443107,0.0626484242294156,0.30995144532857904,0.15740099184098755,-2.25748064970765,2.25748064970765,13.504830878908432,0.004236499950275607,0.0,0.00015306244744772712,0.1
random,37,11,0.47549564219796386,0.16533795952677255,0.9089278635890731,0.06253729908364841,0.30940165656746416,0.16212433875097482,-2.254241069366773,2.254241069366773,13.49438175590827,0.003011170333306939,1.3877787807814457e-17,8.278449364684803e-05,0.1
random,37,12,0.4754070136133313,0.16531653186450262,0.9088100672926602,0.06246708409382461,0.3090542697361542,0.1641379448805065,-2.2556811098436356,2.2556811098436356,13.487906439176342,0.002839160207343704,1.3877787807814457e-17,8.862858463254408e-05,0.1
random,37,13,0.4752722530477355,0.16532894031851023,0.9088782814500374,0.062395345371949504,0.3086993442802515,0.16528174475037566,-2.2574293985274956,2.2574293985274956,13.487741630698524,0.003461009496465832,0.0,0.00013476056559580396,0.1
random,37,14,0.47506088821990794,0.16535855303959202,0.9090410742375192,0.06229985842984826,0.3082269251240105,0.16630425817520203,-2.258160326234474,2.258160326234474,13.490409116342148,0.004331156891908876,1.3877787807814457e-17,0.00021136482782757593,0.1
random,37,15,0.47472869526157424,0.1654017458761349,0.9092785222667173,0.062162327663555,0.30754649524386474,0.16749193261996329,-2.2569517697055366,2.2569517697055366,13.4946584562985,0.005429561858558504,1.3877787807814457e-17,0.0003321929583336991,0.1
random,37,16,0.4742066475037713,0.16545936781913462,0.9095952927754166,0.06195953538768476,0.30654318574676903,0.16900434999840394,-2.2523757765119647,2.2523757765119647,13.500272281674242,0.006806866192462971,1.3877787807814457e-17,0.000522047757802957,0.1
random,37,17,0.4733866960765809,0.16553402427882577,0.9100057087295291,0.0616571794456785,0.30504728760757016,0.17099803188520984,-2.240039339456826,2.240039339456826,13.507414315049163,0.008531624975074805,0.0,0.0008199514271903796,0.1
random,37,18,0.4726556730641614,0.16572718301939998,0.9110675783806739,0.06150639770575944,0.3043012988809275,0.16662804308297308,-2.2410946511946994,2.2410946511946994,13.516416141104594,0.008434462786034973,0.0,0.0007310230124195072,0.1
random,37,19,0.4718682637499266,0.16584690888933437,0.9117257586284964,0.061281266714271046,0.303187469170789,0.16546222214710737,-2.2382017197251534,2.2382017197251534,13.541365228264718,0.008712429104243939,5.551115123125783e-17,0.0007874093142348215,0.1
random,37,20,0.47093562230510794,0.16592323518563384,0.9121453543319253,0.06096950337756329,0.3016450281916006,0.1666551257842611,-2.230346817221872,2.230346817221872,13.562999049467345,0.009427552408697524,0.0,0.0009326414448186382,0.1
random,37,21,0.4698012117433531,0.16597441501081495,0.91242670998246,0.060560204420064406,0.299620032271772,0.16979510043909046,-2.2145435837744767,2.2145435837744767,13.58365805069673,0.01038053175093845,0.0,0.0011344105617548395,0.1
random,37,22,0.46885693989994043,0.16634463215716871,0.9144619394050469,0.06021046165122953,0.29788968904244156,0.16824188266847578,-2.210979790143044,2.210979790143044,13.604744818097073,0.009596907691168477,2.7755575615628914e-17,0.0009442718434126696,0.1
random,37,23,0.46795466012143067,0.16673907295912063,0.9166303358002647,0.05982401591485514,0.2959777588382327,0.16813757042689995,-2.2077160820895987,2.2077160820895987,13.632324682909747,0.009517636342510042,2.7755575615628914e-17,0.0009022797785097625,0.1
random,37,24,0.46704465606282597,0.1671073072935641,0.9186546649250695,0.05942026607650336,0.2939802170406921,0.16895827051039564,-2.2063496765114605,2.2063496765114605,13.658361883375603,0.009482563109283956,2.7755575615628914e-17,0.0009100040586046965,0.1
random,37,25,0.46603604190246817,0.1674321583716398,0.920440499207923,0.0590081866847959,0.29194146499511586,0.16969818354150532,-2.207324818724386,2.207324818724386,13.682556615809546,0.00984938788953728,1.3877787807814457e-17,0.0010086141603578014,0.1
random,37,26,0.46476736313637396,0.1677005711883639,0.9219160701461591,0.05860493565815597,0.2899463910555132,0.16828552308199277,-2.214422689450222,2.214422689450222,13.70561928999987,0.01084593408759471,2.7755575615628914e-17,0.0012686787660942112,0.1
random,37,27,0.46300705664163644,0.16796119305218873,0.9233488111487027,0.05809920466896292,0.2874443001733256,0.16586628724466526,-2.2208074138211664,2.2208074138211664,13.729208103850326,0.012664646452389948,0.0,0.001760306494737518,0.1
random,37,28,0.4604454293518302,0.16824422509496556,0.9249047497287161,0.05737599421126169,0.2838662352914321,0.16319565451077056,-2.2215787518156125,2.2215787518156125,13.755185267304489,0.015204494857980661,0.0,0.0025616272898062453,0.1
random,37,29,0.45770658512136186,0.1682949457481684,0.925183581130092,0.0569035926220029,0.2815290407463612,0.15263909279067933,-2.219184384007883,2.219184384007883,13.785110823206178,0.014554503921551774,1.3877787807814457e-17,0.002738844230468329,0.1
random,37,30,0.45644657483661144,0.16806400919116052,0.9239140319473964,0.057019626147441244,0.28210311358791396,0.1389073165882685,-2.223710116695151,2.223710116695151,13.81228658139955,0.011937152540208388,0.0,0.0012600102847504235,0.1
random,37,31,0.4556253027128545,0.16794712085749622,0.9232714507537004,0.05702333817703412,0.28212147875753424,0.1321633095627873,-2.2173140149021147,2.2173140149021147,13.823861410269085,0.009339618154963557,0.0,0.0008212721237569331,0.1
random,37,32,0.45503996939838764,0.16786985199661564,0.9228466734016443,0.05701893919799062,0.2820997149234191,0.1275351485541221,-2.2071045832108465,2.2071045832108465,13.832546578666763,0.00790655747433376,1.3877787807814457e-17,0.0005853333144668627,0.1
random,37,33,0.4548637456095369,0.16775968771421593,0.9222410569652736,0.05711804690986056,0.28259004774367974,0.12360945560458775,-2.208019483625662,2.208019483625662,13.840109411116119,0.0037686667632953,0.0,0.00017622378885073786,0.1
random,37,34,0.4547818488892169,0.16766542132096762,0.9217228374851938,0.05721704954412963,0.28307986069525,0.12041243996480983,-2.211786039007138,2.211786039007138,13.83920777277796,0.0029816024105428305,1.3877787807814457e-17,8.189672031999606e-05,0.1
random,37,35,0.4547213612482754,0.16759241312429848,0.9213214826818993,0.057297612539047305,0.2834784440119395,0.11782157568845977,-2.2146803037318925,2.2146803037318925,13.83726549188564,0.00253716291697742,0.0,6.048764094152004e-05,0.1
random,37,36,0.454672678758502,0.1675354145250947,0.9210081389394814,0.0573643310484507,0.28380853209753965,0.1156424495047689,-2.2169491305642155,2.2169491305642155,13.835743593716238,0.002253854225964877,1.3877787807814457e-17,4.868248977341061e-05,0.1
random,37,37,0.45463025466449597,0.16749069066799854,0.9207622742874788,0.05742045028468243,0.28408618055549706,0.1137505067600348,-2.218751225665709,2.218751225665709,13.834577930187269,0.0020854802758857823,0.0,4.242409400601055e-05,0.1
random,37,38,0.4545907480029844,0.16745550267932535,0.9205688320588444,0.05746832962458414,0.28432306234121557,0.11206243232361633,-2.2201923185098247,2.2201923185098247,13.833709245569107,0.0019982303493582478,1.3877787807814457e-17,3.950666151159021e-05,0.1
random,37,39,0.4545520660320901,0.1674277987799586,0.9204165328159083,0.05750971804928993,0.28452783049325164,0.11052059958174289,-2.221344427620342,2.221344427620342,13.833086861168036,0.0019669970659148325,1.3877787807814457e-17,3.868197089429426e-05,0.1
random,37,40,0.45451284139826886,0.16740601790304685,0.920296794759535,0.05754592828097477,0.2847069796703371,0.10908407955632332,-2.222257102832604,2.222257102832604,13.832668885745647,0.0019737254530000463,1.3877787807814457e-17,3.92246338212221e-05,0.1
random,37,41,0.4544721349349918,0.16738895866236908,0.9202030133966339,0.05757795227185978,0.2848654175302209,0.10772318438167686,-2.2229643108155557,2.2229643108155557,13.83242131764598,0.0020060181743153755,0.0,4.0706463277084826e-05,0.1
random,37,42,0.45442926135723216,0.16737568859909746,0.920130062633883,0.057606540666101755,0.2850068578652958,0.10641602299789596,-2.2234888132319335,2.2234888132319335,13.832316881090225,0.0020557086143143375,0.0,4.2873577759616754e-05,0.1
random,37,43,0.45438368438328697,0.16736547946247296,0.9200739389901186,0.05763225904592434,0.28513409887886587,0.1051462547660793,-2.2238450307586843,2.2238450307586843,13.832333899454612,0.0021175847632826698,0.0,4.557697394519389e-05,0.1
random,37,44,0.45433495218523484,0.16735775998022182,0.9200315019567197,0.05765552861868821,0.28524922448336515,0.1039015833353101,-2.2240409537062513,2.2240409537062513,13.832455304882767,0.002188399058347777,1.3877787807814457e-17,4.873219805212603e-05,0.1
random,37,45,0.4542826567655706,0.16735208075638378,0.9200002810271478,0.05767665613063284,0.2853537522978151,0.10267272285422291,-2.2240794286960157,2.2240794286960157,13.832667804910795,0.002266170789653987,0.0,5.2295419664227794e-05,0.1
random,37,46,0.4542264077517558,0.16734808780010307,0.9199783301742885,0.0576958561137211,0.28544874371350815,0.10145267423052559,-2.2239590210334748,2.2239590210334748,13.832961197147313,0.0023497227606489057,0.0,5.624901381479086e-05,0.1
random,37,47,0.45416581497075603,0.16734550233036646,0.919964116829145,0.05771326754760071,0.2855348863286275,0.10023621016999151,-2.2236745762725643,2.2236745762725643,13.8333278133134,0.002438383837173443,1.3877787807814457e-17,6.059278099979082e-05,0.1
random,37,48,0.4541004763976803,0.16734410522604234,0.9199564363965803,0.05772896637052032,0.2856125558456783,0.09901950414276492,-2.223217557781186,2.223217557781186,13.833762072301578,0.0025318015111282393,0.0,6.533857307572388e-05,0.1
random,37,49,0.4540299693882692,0.16734372496526104,0.9199543459533418,0.057742974849538754,0.2856818624303534,0.09779986077168752,-2.2225762069412953,2.2225762069412953,13.834260123403471,0.0026298248907818283,1.3877787807814457e-17,7.050700941113597e-05,0.1
random,37,50,0.4539538438943719,0.1673442282181477,0.9199571125326104,0.05775526853569931,0.28574268512207707,0.09657551919661456,-2.221735551606684,2.221735551606684,13.834819563372276,0.0027324319484963713,1.3877787807814457e-17,7.61254938972944e-05,0.1
random,37,51,0.45387161684212224,0.16734551247801818,0.919964172614782,0.05776578133361716,0.2857946969156563,0.09534551001684462,-2.220677272058272,2.220677272058272,13.835439213639704,0.0028396843305393965,0.0,8.222705224963933e-05,0.1
random,37,52,0.4537827671486311,0.1673475002722943,0.9199751003025909,0.057774409076617204,0.28583738244918216,0.09410955236096771,-2.21937941866654,2.21937941866654,13.836118946445977,0.0029516992666827877,1.3877787807814457e-17,8.884969349115535e-05,0.1
random,37,53,0.4536867310372919,0.167350134606796,0.919989582276588,0.057781011899126045,0.28587004974137725,0.0928679816211199,-2.2178159587478303,2.2178159587478303,13.836859550750683,0.0030686320767864947,0.0,9.603611133918166e-05,0.1
random,37,54,0.45358289742753355,0.16735337537933642,0.9200073980792626,0.0577854156252863,0.28589183706172877,0.09162170111421308,-2.2159561078401717,2.2159561078401717,13.837662630559345,0.003190665243307525,0.0,0.00010383360975835254,0.1
random,37,55,0.4534706032481988,0.1673571965596445,0.9200284046119653,0.057787412338746284,0.28590171574950807,0.09037215283076422,-2.2137633666217242,2.2137633666217242,13.83853052975386,0.0033180015492151596,1.3877787807814457e-17,0.00011229417933472652,0.1
random,37,56,0.4533491285707253,0.16736158397858644,0.9200525239813889,0.05778676025794134,0.2858984895967285,0.0891213037783167,-2.211194127276269,2.211194127276269,13.839466278696538,0.0034508597255626943,1.3877787807814457e-17,0.00012147467747353202,0.1
random,37,57,0.45321769148895635,0.1673665336045944,0.9200797340244175,0.05778318301028794,0.28588079125723936,0.08787164539922514,-2.208195607912838,2.208195607912838,13.840473558830302,0.003589471635767045,1.3877787807814457e-17,0.00013143708176893698,0.1
random,37,58,0.4530754426930074,0.16737205021203522,0.9201100609876254,0.057776368375028385,0.2858470760269831,0.08662620425863762,-2.2047026650169896,2.2047026650169896,13.841556682260878,0.0037340803832144167,1.3877787807814457e-17,0.00014224879594892936,0.1
random,37,59,0.45292145969921116,0.16737814636702286,0.920143573951889,0.0577659665462266,0.28579561325021213,0.08538856273579859,-2.20063258143805,2.20063258143805,13.842720583913945,0.0038849389505637064,0.0,0.00015398299379626446,0.1
random,37,60,0.45275474070944977,0.16738484167239331,0.9201803806817159,0.05775158795336545,0.28572447553695085,0.08416288886307657,-2.1958758305040185,2.1958758305040185,13.843970824338763,0.004042309115524446,0.0,0.0001667189897613941,0.1
random,37,61,0.45257419808299254,0.16739216222631617,0.9202206246490204,0.05773280066625059,0.28563152592382524,0.08295397477868514,-2.190277728820226,2.190277728820226,13.845313601602044,0.004206460471173148,1.3877787807814457e-17,0.00018054262645722519,0.1
random,37,62,0.452378651413646,0.16740014025913003,0.9202644830366641,0.057709127402860376,0.28551440307047826,0.08176728351621329,-2.18359506658987,2.18359506658987,13.84675577099884,0.004377669428840845,1.3877787807814457e-17,0.00019554666934651355,0.1
random,37,63,0.45216682021566906,0.16740881392107845,0.9203121655715572,0.057680042152977805,0.2853705045550769,0.08060900406472118,-2.1753566009604026,2.1753566009604026,13.848304871514317,0.004556218110428894,0.0,0.00021183119797696381,0.1
random,37,64,0.4519374825537208,0.16741807069970016,0.9203630537283992,0.05764512030026894,0.2851977295993809,0.07948421922085319,-2.163578504901257,2.163578504901257,13.849969158110389,0.004739034645640954,0.0,0.0002293376619482701,0.1
random,37,65,0.4517976721615488,0.1673336372306708,0.9198988897043606,0.05769799877667288,0.2854593444825925,0.07728441373514319,-2.162376409637165,2.162376409637165,13.851752258793693,0.0037824389536573926,0.0,0.00013981039217197955,0.1
random,37,66,0.4516701092081885,0.16725302323146438,0.9194557228098146,0.05774671936376681,0.2857003883168592,0.07530887268090455,-2.1610017369478562,2.1610017369478562,13.850377756718721,0.003611334868906349,0.0,0.0001275629533603051,0.1
random,37,67,0.45155331189860964,0.16717591634350937,0.9190318358867055,0.0577917063079669,0.2859229600502626,0.07353132889236372,-2.1594745862898677,2.1594745862898677,13.849034935302512,0.0034542237805586413,0.0,0.00011679730957886436,0.1
random,37,68,0.45144604393612475,0.16710204744793794,0.918625749482654,0.057833323944163996,0.2861288622201753,0.07192959900329779,-2.1578117579615936,2.1578117579615936,13.847726130999321,0.003309168642305108,0.0,0.00010726796248489157,0.1
random,37,69,0.4513472631590434,0.1670311826259061,0.9182361776536719,0.05787188784483119,0.28631965611317944,0.0704847666074084,-2.1560274081518767,2.1560274081518767,13.846452638770723,0.0031745925683087724,0.0,9.878077708136423e-05,0.1
random,37,70,0.4512560829218207,0.1669631169430993,0.9178619937951411,0.05790767343146317,0.2864967043699384,0.06918056195581612,-2.154133542003319,2.154133542003319,13.84521502963878,0.003049197113602783,1.3877787807814457e-17,9.118023722270996e-05,0.1
random,37,71,0.4511717426052664,0.16689766957443944,0.9175022038404097,0.0579409227213646,0.2866612043647564,0.06800288371596647,-2.152140389445215,2.152140389445215,13.844013369860885,0.0029319022359159644,0.0,8.434031655429886e-05,0.1
random,37,72,0.451093584784617,0.16683467993051415,0.9171559249662472,0.05797184968100555,0.2868142146911651,0.06693942524681383,-2.150056694454658,2.150056694454658,13.842847374251747,0.002821801420680011,1.3877787807814457e-17,7.815782064940491e-05,0.1
random,37,73,0.4510210373318211,0.16677400454431784,0.9168223684780354,0.05800064452230962,0.2869566764176966,0.06597937899039753,-2.147889939110832,2.147889939110832,13.841716514634479,0.002718127620662864,0.0,7.254745279589025e-05,0.1
random,37,74,0.4509535992278069,0.16671551454308456,0.9165008259114376,0.05802747718616014,0.28708943032244016,0.06511320008117447,-2.1456465175222013,2.1456465175222013,13.840620097239182,0.002620227045122338,0.0,6.743810401416139e-05,0.1
random,37,75,0.450890829200899,0.16665909357601283,0.9161906576402861,0.058052500193310666,0.28721323099784696,0.064332415424423,-2.143331870343067,2.143331870343067,13.839557318318228,0.0025275387368122026,0.0,6.277002690791011e-05,0.1
random,37,76,0.45083233654379373,0.16660463610125043,0.9158912834594632,0.058075850997484024,0.2873287584926266,0.063629468094579,-2.1409505874760026,2.1409505874760026,13.838527304298257,0.0024395784779079094,0.0,5.849265710528018e-05,0.1
random,37,77,0.45077777362816557,0.16655204595892245,0.9156021747402748,0.05809765394277343,0.28743662799593805,0.06299758946143345,-2.1385064842405113,2.1385064842405113,13.83752914084155,0.002355925975876292,0.0,5.456291562816462e-05,0.1
random,37,78,0.4507268297553266,0.16650123517406792,0.9153228478497212,0.058118021903613815,0.2875373979511049,0.062430693295675625,-2.136002654476844,2.136002654476844,13.836561893881768,0.0022762145640708156,1.3877787807814457e-17,5.0943872838993265e-05,0.1
random,37,79,0.45067922606799365,0.16645212294597642,0.9150528585944825,0.05813705766795529,0.2876315768988302,0.06192328745250403,-2.1334415025279623,2.1334415025279623,13.835624624807991,0.002200122851396973,0.0,4.7603687332919975e-05,0.1
random,37,80,0.4506347113119185,0.16640463478986495,0.9147917975023793,0.05815485511107123,0.28771962928458117,0.0614703997288787,-2.130824754619843,2.130824754619843,13.83471640135515,0.002127367897803497,0.0,4.4514756075142436e-05,0.1
random,37,81,0.45059305828349266,0.1663587018039835,0.9145392857933622,0.05817150019744403,0.28780198041539296,0.061067515236073816,-2.1281534486605236,2.1281534486605236,13.83383630532823,0.0020576995953521158,0.0,4.1653028425847616e-05,0.1
random,37,82,0.450554060835051,0.1663142600407023,0.9142949719221318,0.05818707184053365,0.28787902071355104,0.06071052319354788,-2.125427899684313,2.125427899684313,13.832983437982875,0.0019908960100353448,0.0,3.8997448441657756e-05,0.1
random,37,83,0.4505175313366299,0.16627124996435413,0.914058528597684,0.058201642644338455,0.2879511093854442,0.06039567148125731,-2.1226476357695967,2.1226476357695967,13.832156923667212,0.0019267594953670032,0.0,3.6529498421089546e-05,0.1
random,37,84,0.4504832985136488,0.16622961598188765,0.9138296502031261,0.05821527954606787,0.2880185776011707,0.0601195276198921,-2.119811295758865,2.119811295758865,13.831355912172446,0.0018651134305783976,0.0,3.423282298109509e-05,0.1
random,37,85,0.45045120559600166,0.16618930603496967,0.9136080505533033,0.058228044375641184,0.288081731262644,0.059878945106928136,-2.1169164746396203,2.1169164746396203,13.830579580125557,0.0018057994678561129,0.0,3.209291764716404e-05,0.1
random,37,86,0.4504211087265186,0.16615027124421394,0.9133934609389837,0.05823999434487596,0.28814085342383977,0.059671034238928125,-2.1139594933919406,2.1139594933919406,13.829827131673229,0.001748675197166499,0.0,3.0096869483076105e-05,0.1
random,37,87,0.45039287558655944,0.16611246559784307,0.91318562841531,0.058251182476956764,0.288196206415581,0.059493136710461546,-2.1109350542961023,2.1109350542961023,13.829097798644494,0.0016936121557628034,0.0,2.8233139959144005e-05,0.1
random,37,88,0.45036638420424957,0.16607584567839512,0.9129843142993993,0.058261657984951865,0.2882480337182398,0.059342803407198746,-2.1078357134630448,2.1078357134630448,13.828390840333126,0.0016404941238595413,0.0,2.6491382309867806e-05,0.1
random,37,89,0.45034152191703486,0.1660403704221421,0.91278929284777,0.05827146660667355,0.2882965616184498,0.05921777491255054,-2.1046510446981017,2.1046510446981017,13.827705543006592,0.001589215659203508,0.0,2.4862287214710843e-05,0.1
random,37,90,0.4503181844651833,0.1660060009067456,0.9126003500890029,0.05828065090198252,0.28834200068001203,0.05911596432923559,-2.101366245838409,2.101366245838409,13.827041219222243,0.001539680832121176,0.0,2.3337451851568325e-05,0.1
random,37,91,0.450296275196837,0.16597270016337506,0.91241728279088,0.05828925051765969,0.2883845470543414,0.05903544208360922,-2.0979596490917327,2.0979596490917327,13.826397207011945,0.0014918021296348243,0.0,2.1909268346276267e-05,0.1
random,37,92,0.4502757043684593,0.1659404330100913,0.9122398975444291,0.058297302424167925,0.28842438365183887,0.058974422434728765,-2.0943978187707013,2.0943978187707013,13.825772868981385,0.0014454995028304381,0.0,2.0570828377697303e-05,0.1
random,37,93,0.45025638852714656,0.1659091659037735,0.9120680099499083,0.0583048411279633,0.28846168119229615,0.058931251454473685,-2.090624398150995,2.090624398150995,13.825167591359012,0.0014006995361452142,1.3877787807814457e-17,1.9315841312761428e-05,0.1
random,37,94,0.4502382499634373,0.16587886680826386,0.9119014438919439,0.05831189886246824,0.28849659914973014,0.05890439628153727,-2.086527843953791,2.086527843953791,13.824580783020822,0.0013573347208594116,0.0,1.8138563709246824e-05,0.1
random,37,95,0.4502212162250259,0.16584950507673343,0.9117400308928504,0.058318505760360656,0.2885292866047792,0.05889243548228918,-2.081781719511276,2.081781719511276,13.824011874510685,0.0013153428180109454,0.0,1.7033738411387223e-05,0.1
random,37,96,0.45021514643125116,0.16583881328406563,0.9116812538987753,0.05832085476234579,0.2885409082308508,0.05889151783419177,-2.079441541671836,2.079441541671836,13.823460317070648,0.0004789694600508096,0.0,6.069793774765575e-06,0.1
random,37,97,0.45021514643125116,0.16583881328406563,0.9116812538987753,0.05832085476234579,0.2885409082308508,0.05889151783419177,-2.079441541671836,2.079441541671836,13.82325941173636,0.0,0.0,0.0,0.1
random,37,98,0.45021514643125116,0.16583881328406563,0.9116812538987753,0.05832085476234579,0.2885409082308508,0.05889151783419177,-2.079441541671836,2.079441541671836,13.82325941173636,0.0,0.0,0.0,0.1
random,37,99,0.45021514643125116,0.16583881328406563,0.9116812538987753,0.05832085476234579,0.2885409082308508,0.05889151783419177,-2.079441541671836,2.079441541671836,13.82325941173636,0.0,0.0,0.0,0.1
random,37,100,0.45021514643125116,0.16583881328406563,0.9116812538987753,0.05832085476234579,0.2885409082308508,0.05889151783419177,-2.079441541671836,2.079441541671836,13.82325941173636,0.0,0.0,0.0,0.1
random,37,101,0.45021514643125116,0.16583881328406563,0.9116812538987753,0.05832085476234579,0.2885409082308508,0.05889151783419177,-2.079441541671836,2.079441541671836,13.82325941173636,0.0,0.0,0.0,0.1
random,37,102,0.45021514643125116,0.16583881328406563,0.9116812538987753,0.05832085476234579,0.2885409082308508,0.05889151783419177,-2.079441541671836,2.079441541671836,13.82325941173636,0.0,0.0,0.0,0.1
random,37,103,0.45021514643125116,0.16583881328406563,0.9116812538987753,0.05832085476234579,0.2885409082308508,0.05889151783419177,-2.079441541671836,2.079441541671836,13.82325941173636,0.0,0.0,0.0,0.1
random,37,104,0.45021514643125116,0.16583881328406563,0.9116812538987753,0.05832085476234579,0.2885409082308508,0.05889151783419177,-2.079441541671836,2.079441541671836,13.82325941173636,0.0,0.0,0.0,0.1
random,37,105,0.45021514643125116,0.16583881328406563,0.9116812538987753,0.05832085476234579,0.2885409082308508,0.05889151783419177,-2.079441541671836,2.079441541671836,13.82325941173636,0.0,0.0,0.0,0.1
random,37,106,0.45021514643125116,0.16583881328406563,0.9116812538987753,0.05832085476234579,0.2885409082308508,0.05889151783419177,-2.079441541671836,2.079441541671836,13.82325941173636,0.0,0.0,0.0,0.1
random,37,107,0.45021514643125116,0.16583881328406563,0.9116812538987753,0.05832085476234579,0.2885409082308508,0.05889151783419177,-2.079441541671836,2.079441541671836,13.82325941173636,0.0,0.0,0.0,0.1
random,37,108,0.45021514643125116,0.16583881328406563,0.9116812538987753,0.05832085476234579,0.2885409082308508,0.05889151783419177,-2.079441541671836,2.079441541671836,13.82325941173636,0.0,0.0,0.0,0.1
random,37,109,0.45021514643125116,0.16583881328406563,0.9116812538987753,0.05832085476234579,0.2885409082308508,0.05889151783419177,-2.079441541671836,2.079441541671836,13.82325941173636,0.0,0.0,0.0,0.1
random,37,110,0.45021514643125116,0.16583881328406563,0.9116812538987753,0.05832085476234579,0.2885409082308508,0.05889151783419177,-2.079441541671836,2.079441541671836,13.82325941173636,0.0,0.0,0.0,0.1
random,37,111,0.45021514643125116,0.16583881328406563,0.9116812538987753,0.05832085476234579,0.2885409082308508,0.05889151783419177,-2.079441541671836,2.079441541671836,13.82325941173636,0.0,0.0,0.0,0.1
random,37,112,0.45021514643125116,0.16583881328406563,0.9116812538987753,0.05832085476234579,0.2885409082308508,0.05889151783419177,-2.079441541671836,2.079441541671836,13.82325941173636,0.0,0.0,0.0,0.1
random,37,113,0.45021514643125116,0.16583881328406563,0.9116812538987753,0.05832085476234579,0.2885409082308508,0.05889151783419177,-2.079441541671836,2.079441541671836,13.82325941173636,0.0,0.0,0.0,0.1
random,37,114,0.45021514643125116,0.16583881328406563,0.9116812538987753,0.05832085476234579,0.2885409082308508,0.05889151783419177,-2.079441541671836,2.079441541671836,13.82325941173636,0.0,0.0,0.0,0.1
random,37,115,0.45021514643125116,0.16583881328406563,0.9116812538987753,0.05832085476234579,0.2885409082308508,0.05889151783419177,-2.079441541671836,2.079441541671836,13.82325941173636,0.0,0.0,0.0,0.1
random,37,116,0.45021514643125116,0.16583881328406563,0.9116812538987753,0.05832085476234579,0.2885409082308508,0.05889151783419177,-2.079441541671836,2.079441541671836,13.82325941173636,0.0,0.0,0.0,0.1
random,37,117,0.45021514643125116,0.16583881328406563,0.9116812538987753,0.05832085476234579,0.2885409082308508,0.05889151783419177,-2.079441541671836,2.079441541671836,13.82325941173636,0.0,0.0,0.0,0.1
random,37,118,0.45021514643125116,0.16583881328406563,0.9116812538987753,0.05832085476234579,0.2885409082308508,0.05889151783419177,-2.079441541671836,2.079441541671836,13.82325941173636,0.0,0.0,0.0,0.1
random,37,119,0.45021514643125116,0.16583881328406563,0.9116812538987753,0.05832085476234579,0.2885409082308508,0.05889151783419177,-2.079441541671836,2.079441541671836,13.82325941173636,0.0,0.0,0.0,0.1
random,37,120,0.45021514643125116,0.16583881328406563,0.9116812538987753,0.05832085476234579,0.2885409082308508,0.05889151783419177,-2.079441541671836,2.079441541671836,13.82325941173636,0.0,0.0,0.0,0.1
random,37,121,0.45021514643125116,0.16583881328406563,0.9116812538987753,0.05832085476234579,0.2885409082308508,0.05889151783419177,-2.079441541671836,2.079441541671836,13.82325941173636,0.0,0.0,0.0,0.1
random,37,122,0.45021514643125116,0.16583881328406563,0.9116812538987753,0.05832085476234579,0.2885409082308508,0.05889151783419177,-2.079441541671836,2.079441541671836,13.82325941173636,0.0,0.0,0.0,0.1
random,37,123,0.45021514643125116,0.16583881328406563,0.9116812538987753,0.05832085476234579,0.2885409082308508,0.05889151783419177,-2.079441541671836,2.079441541671836,13.82325941173636,0.0,0.0,0.0,0.1
random,37,124,0.45021514643125116,0.16583881328406563,0.9116812538987753,0.05832085476234579,0.2885409082308508,0.05889151783419177,-2.079441541671836,2.079441541671836,13.82325941173636,0.0,0.0,0.0,0.1
random,37,125,0.45021514643125116,0.16583881328406563,0.9116812538987753,0.05832085476234579,0.2885409082308508,0.05889151783419177,-2.079441541671836,2.079441541671836,13.82325941173636,0.0,0.0,0.0,0.1
random,37,126,0.45021514643125116,0.16583881328406563,0.9116812538987753,0.05832085476234579,0.2885409082308508,0.05889151783419177,-2.079441541671836,2.079441541671836,13.82325941173636,0.0,0.0,0.0,0.1
random,37,127,0.45021514643125116,0.16583881328406563,0.9116812538987753,0.05832085476234579,0.2885409082308508,0.05889151783419177,-2.079441541671836,2.079441541671836,13.82325941173636,0.0,0.0,0.0,0.1
random,37,128,0.45021514643125116,0.16583881328406563,0.9116812538987753,0.05832085476234579,0.2885409082308508,0.05889151783419177,-2.079441541671836,2.079441541671836,13.82325941173636,0.0,0.0,0.0,0.1
random,37,129,0.45021514643125116,0.16583881328406563,0.9116812538987753,0.05832085476234579,0.2885409082308508,0.05889151783419177,-2.079441541671836,2.079441541671836,13.82325941173636,0.0,0.0,0.0,0.1
random,37,130,0.45021514643125116,0.16583881328406563,0.9116812538987753,0.05832085476234579,0.2885409082308508,0.05889151783419177,-2.079441541671836,2.079441541671836,13.82325941173636,0.0,0.0,0.0,0.1
random,37,131,0.45021514643125116,0.16583881328406563,0.9116812538987753,0.05832085476234579,0.2885409082308508,0.05889151783419177,-2.079441541671836,2.079441541671836,13.82325941173636,0.0,0.0,0.0,0.1
random,37,132,0.45021514643125116,0.16583881328406563,0.9116812538987753,0.05832085476234579,0.2885409082308508,0.05889151783419177,-2.079441541671836,2.079441541671836,13.82325941173636,0.0,0.0,0.0,0.1
random,37,133,0.45021514643125116,0.16583881328406563,0.9116812538987753,0.05832085476234579,0.2885409082308508,0.05889151783419177,-2.079441541671836,2.079441541671836,13.82325941173636,0.0,0.0,0.0,0.1
random,37,134,0.45021514643125116,0.16583881328406563,0.9116812538987753,0.05832085476234579,0.2885409082308508,0.05889151783419177,-2.079441541671836,2.079441541671836,13.82325941173636,0.0,0.0,0.0,0.1
random,37,135,0.45021514643125116,0.16583881328406563,0.9116812538987753,0.05832085476234579,0.2885409082308508,0.05889151783419177,-2.079441541671836,2.079441541671836,13.82325941173636,0.0,0.0,0.0,0.1
random,37,136,0.45021514643125116,0.16583881328406563,0.9116812538987753,0.05832085476234579,0.2885409082308508,0.05889151783419177,-2.079441541671836,2.079441541671836,13.82325941173636,0.0,0.0,0.0,0.1
random,37,137,0.45021514643125116,0.16583881328406563,0.9116812538987753,0.05832085476234579,0.2885409082308508,0.05889151783419177,-2.079441541671836,2.079441541671836,13.82325941173636,0.0,0.0,0.0,0.1
random,37,138,0.45021514643125116,0.16583881328406563,0.9116812538987753,0.05832085476234579,0.2885409082308508,0.05889151783419177,-2.079441541671836,2.079441541671836,13.82325941173636,0.0,0.0,0.0,0.1
random,37,139,0.45021514643125116,0.16583881328406563,0.9116812538987753,0.05832085476234579,0.2885409082308508,0.05889151783419177,-2.079441541671836,2.079441541671836,13.82325941173636,0.0,0.0,0.0,0.1
random,37,140,0.45021514643125116,0.16583881328406563,0.9116812538987753,0.05832085476234579,0.2885409082308508,0.05889151783419177,-2.079441541671836,2.079441541671836,13.82325941173636,0.0,0.0,0.0,0.1
random,37,141,0.45021514643125116,0.16583881328406563,0.9116812538987753,0.05832085476234579,0.2885409082308508,0.05889151783419177,-2.079441541671836,2.079441541671836,13.82325941173636,0.0,0.0,0.0,0.1
random,37,142,0.45021514643125116,0.16583881328406563,0.9116812538987753,0.05832085476234579,0.2885409082308508,0.05889151783419177,-2.079441541671836,2.079441541671836,13.82325941173636,0.0,0.0,0.0,0.1
random,37,143,0.45021514643125116,0.16583881328406563,0.9116812538987753,0.05832085476234579,0.2885409082308508,0.05889151783419177,-2.079441541671836,2.079441541671836,13.82325941173636,0.0,0.0,0.0,0.1
random,37,144,0.45021514643125116,0.16583881328406563,0.9116812538987753,0.05832085476234579,0.2885409082308508,0.05889151783419177,-2.079441541671836,2.079441541671836,13.82325941173636,0.0,0.0,0.0,0.1
random,37,145,0.45021514643125116,0.16583881328406563,0.9116812538987753,0.05832085476234579,0.2885409082308508,0.05889151783419177,-2.079441541671836,2.079441541671836,13.82325941173636,0.0,0.0,0.0,0.1
random,37,146,0.45021514643125116,0.16583881328406563,0.9116812538987753,0.05832085476234579,0.2885409082308508,0.05889151783419177,-2.079441541671836,2.079441541671836,13.82325941173636,0.0,0.0,0.0,0.1
random,37,147,0.45021514643125116,0.16583881328406563,0.9116812538987753,0.05832085476234579,0.2885409082308508,0.05889151783419177,-2.079441541671836,2.079441541671836,13.82325941173636,0.0,0.0,0.0,0.1
random,37,148,0.45021514643125116,0.16583881328406563,0.9116812538987753,0.05832085476234579,0.2885409082308508,0.05889151783419177,-2.079441541671836,2.079441541671836,13.82325941173636,0.0,0.0,0.0,0.1
random,37,149,0.45021514643125116,0.16583881328406563,0.9116812538987753,0.05832085476234579,0.2885409082308508,0.05889151783419177,-2.079441541671836,2.079441541671836,13.82325941173636,0.0,0.0,0.0,0.1
random,37,150,0.45021514643125116,0.16583881328406563,0.9116812538987753,0.05832085476234579,0.2885409082308508,0.05889151783419177,-2.079441541671836,2.079441541671836,13.82325941173636,0.0,0.0,0.0,0.1
random,37,151,0.45021514643125116,0.16583881328406563,0.9116812538987753,0.05832085476234579,0.2885409082308508,0.05889151783419177,-2.079441541671836,2.079441541671836,13.82325941173636,0.0,0.0,0.0,0.1
random,37,152,0.45021514643125116,0.16583881328406563,0.9116812538987753,0.05832085476234579,0.2885409082308508,0.05889151783419177,-2.079441541671836,2.079441541671836,13.82325941173636,0.0,0.0,0.0,0.1
random,37,153,0.45021514643125116,0.16583881328406563,0.9116812538987753,0.05832085476234579,0.2885409082308508,0.05889151783419177,-2.079441541671836,2.079441541671836,13.82325941173636,0.0,0.0,0.0,0.1
random,37,154,0.45021514643125116,0.16583881328406563,0.9116812538987753,0.05832085476234579,0.2885409082308508,0.05889151783419177,-2.079441541671836,2.079441541671836,13.82325941173636,0.0,0.0,0.0,0.1
random,37,155,0.45021514643125116,0.16583881328406563,0.9116812538987753,0.05832085476234579,0.2885409082308508,0.05889151783419177,-2.079441541671836,2.079441541671836,13.82325941173636,0.0,0.0,0.0,0.1
random,37,156,0.45021514643125116,0.16583881328406563,0.9116812538987753,0.05832085476234579,0.2885409082308508,0.05889151783419177,-2.079441541671836,2.079441541671836,13.82325941173636,0.0,0.0,0.0,0.1
random,37,157,0.45021514643125116,0.16583881328406563,0.9116812538987753,0.05832085476234579,0.2885409082308508,0.05889151783419177,-2.079441541671836,2.079441541671836,13.82325941173636,0.0,0.0,0.0,0.1
random,37,158,0.45021514643125116,0.16583881328406563,0.9116812538987753,0.05832085476234579,0.2885409082308508,0.05889151783419177,-2.079441541671836,2.079441541671836,13.82325941173636,0.0,0.0,0.0,0.1
random,37,159,0.45021514643125116,0.16583881328406563,0.9116812538987753,0.05832085476234579,0.2885409082308508,0.05889151783419177,-2.079441541671836,2.079441541671836,13.82325941173636,0.0,0.0,0.0,0.1
random,37,160,0.45021514643125116,0.16583881328406563,0.9116812538987753,0.05832085476234579,0.2885409082308508,0.05889151783419177,-2.079441541671836,2.079441541671836,13.82325941173636,0.0,0.0,0.0,0.1
random,37,161,0.45021514643125116,0.16583881328406563,0.9116812538987753,0.05832085476234579,0.2885409082308508,0.05889151783419177,-2.079441541671836,2.079441541671836,13.82325941173636,0.0,0.0,0.0,0.1
random,37,162,0.45021514643125116,0.16583881328406563,0.9116812538987753,0.05832085476234579,0.2885409082308508,0.05889151783419177,-2.079441541671836,2.079441541671836,13.82325941173636,0.0,0.0,0.0,0.1
random,37,163,0.45021514643125116,0.16583881328406563,0.9116812538987753,0.05832085476234579,0.2885409082308508,0.05889151783419177,-2.079441541671836,2.079441541671836,13.82325941173636,0.0,0.0,0.0,0.1
random,37,164,0.45021514643125116,0.16583881328406563,0.9116812538987753,0.05832085476234579,0.2885409082308508,0.05889151783419177,-2.079441541671836,2.079441541671836,13.82325941173636,0.0,0.0,0.0,0.1
random,37,165,0.45021514643125116,0.16583881328406563,0.9116812538987753,0.05832085476234579,0.2885409082308508,0.05889151783419177,-2.079441541671836,2.079441541671836,13.82325941173636,0.0,0.0,0.0,0.1
random,37,166,0.45021514643125116,0.16583881328406563,0.9116812538987753,0.05832085476234579,0.2885409082308508,0.05889151783419177,-2.079441541671836,2.079441541671836,13.82325941173636,0.0,0.0,0.0,0.1
random,37,167,0.45021514643125116,0.16583881328406563,0.9116812538987753,0.05832085476234579,0.2885409082308508,0.05889151783419177,-2.079441541671836,2.079441541671836,13.82325941173636,0.0,0.0,0.0,0.1
random,37,168,0.45021514643125116,0.16583881328406563,0.9116812538987753,0.05832085476234579,0.2885409082308508,0.05889151783419177,-2.079441541671836,2.079441541671836,13.82325941173636,0.0,0.0,0.0,0.1
random,37,169,0.45021514643125116,0.16583881328406563,0.9116812538987753,0.05832085476234579,0.2885409082308508,0.05889151783419177,-2.079441541671836,2.079441541671836,13.82325941173636,0.0,0.0,0.0,0.1
random,37,170,0.45021514643125116,0.16583881328406563,0.9116812538987753,0.05832085476234579,0.2885409082308508,0.05889151783419177,-2.079441541671836,2.079441541671836,13.82325941173636,0.0,0.0,0.0,0.1
random,37,171,0.45021514643125116,0.16583881328406563,0.9116812538987753,0.05832085476234579,0.2885409082308508,0.05889151783419177,-2.079441541671836,2.079441541671836,13.82325941173636,0.0,0.0,0.0,0.1
random,37,172,0.45021514643125116,0.16583881328406563,0.9116812538987753,0.05832085476234579,0.2885409082308508,0.05889151783419177,-2.079441541671836,2.079441541671836,13.82325941173636,0.0,0.0,0.0,0.1
random,37,173,0.45021514643125116,0.16583881328406563,0.9116812538987753,0.05832085476234579,0.2885409082308508,0.05889151783419177,-2.079441541671836,2.079441541671836,13.82325941173636,0.0,0.0,0.0,0.1
random,37,174,0.45021514643125116,0.16583881328406563,0.9116812538987753,0.05832085476234579,0.2885409082308508,0.05889151783419177,-2.079441541671836,2.079441541671836,13.82325941173636,0.0,0.0,0.0,0.1
random,37,175,0.45021514643125116,0.16583881328406563,0.9116812538987753,0.05832085476234579,0.2885409082308508,0.05889151783419177,-2.079441541671836,2.079441541671836,13.82325941173636,0.0,0.0,0.0,0.1
random,37,176,0.45021514643125116,0.16583881328406563,0.9116812538987753,0.05832085476234579,0.2885409082308508,0.05889151783419177,-2.079441541671836,2.079441541671836,13.82325941173636,0.0,0.0,0.0,0.1
feature_informed,0,0,1.309926325457125,0.19776288572699438,1.0871804498829587,0.26938952732596605,1.332797662161483,0.385329663652731,-3.4322008871108522,3.4322008871108522,15.06045893987251,0.40025713621003944,1.1102230246251565e-16,0.7994126358000047,0.1
feature_informed,0,1,1.2524453851807098,0.13100518172205478,0.7201870658289108,0.27255642280538905,1.3484657949696952,0.6104927249621076,-3.144741383279449,3.144741383279449,14.801908009994644,0.26531981902643564,2.7755575615628914e-17,0.05748094027641515,0.025
feature_informed,0,2,0.9448267932662779,0.15865331295515986,0.8721797293761302,0.19225973066117763,0.9512000043080926,0.13381857691175922,-3.583519243880575,3.583519243880575,12.109657112356183,0.11110654367281543,2.7755575615628914e-17,0.30761859191443186,0.026250000000000002
feature_informed,0,3,0.860551691776225,0.16471505809123307,0.9055035291370697,0.1692673634270727,0.8374458669392209,0.06091409287541959,-3.5485491605440505,3.5485491605440505,12.461027603551756,0.04818837061434521,2.7755575615628914e-17,0.0842751014900529,0.027562500000000004
feature_informed,0,4,0.7609824464494912,0.16772394585856226,0.9220445699117683,0.14174667316224487,0.7012879694510608,0.04505326883253564,-3.4067228825258935,3.4067228825258935,12.744401504666179,0.04773534208269471,2.7755575615628914e-17,0.09956924532673384,0.028940625000000005
feature_informed,0,5,0.6920329383175242,0.16630598813590677,0.914249498004496,0.12290849464109996,0.6080865724198313,0.07405634501526683,-3.2468991059567083,3.2468991059567083,13.104384898788476,0.03757413944596485,2.7755575615628914e-17,0.06894950813196699,0.030387656250000006
feature_informed,0,6,0.6521245854208786,0.16634764323721968,0.914478492497668,0.11239694470889827,0.5560809532170475,0.06444247383676012,-3.1641639260155374,3.1641639260155374,13.283923428916369,0.0322461572536794,2.7755575615628914e-17,0.03990835289664563,0.03190703906250001
feature_informed,0,7,0.616027791326064,0.1682975629314018,0.9251979688168143,0.10223377389654774,0.5057989306258042,0.05379101152507317,-3.1026442220518566,3.1026442220518566,13.428838492269323,0.032355393243192025,2.7755575615628914e-17,0.03609679409481459,0.033502391015625015
feature_informed,0,8,0.5905019724272348,0.16804948696249417,0.9238341975384438,0.0950513713417825,0.47026418126596486,0.06845287093150199,-3.031108827444464,3.031108827444464,13.582602329907946,0.029543807543188833,2.7755575615628914e-17,0.02552581889882921,0.035177510566406264
feature_informed,0,9,0.5642362177797472,0.16733844678055143,0.9199253296937638,0.0877323423941722,0.43405347639003344,0.08714778063781178,-2.92501947073153,2.92501947073153,13.65043656489852,0.027816775393175272,0.0,0.026265754647487594,0.03693638609472658
feature_informed,0,10,0.5466940195537205,0.16515271130691297,0.9079094811849804,0.08309358526379369,0.4111033464422481,0.1138913942578929,-2.8199798984918054,2.8199798984918054,13.680347290150474,0.023579959045874798,1.3877787807814457e-17,0.01754219822602665,0.038783205399462915
feature_informed,0,11,0.5357517183875209,0.16296010768018418,0.895855875734397,0.08057527688621273,0.39864408140860674,0.12804688397466657,-2.7575836588684544,2.7575836588684544,13.648368911380796,0.02069544849477998,2.7755575615628914e-17,0.010942301166199653,0.040722365669436066
feature_informed,0,12,0.5294280389155883,0.16145163977882487,0.8875632337373655,0.07914010061007193,0.3915435842043648,0.13879542327973357,-2.707867066710232,2.707867066710232,13.608652871858693,0.014930945245538898,1.3877787807814457e-17,0.006323679471932575,0.04275848395290787
feature_informed,0,13,0.5252167381404669,0.16066272602138207,0.883226264186266,0.07818493037498345,0.3868179043721575,0.1429674381478227,-2.676407187455828,2.676407187455828,13.589694631505337,0.013289171875859977,2.7755575615628914e-17,0.00421130077512144,0.04489640815055326
feature_informed,0,14,0.5207465877019314,0.16013161507621124,0.8803065382013525,0.07712114672622913,0.38155486250791393,0.14503806270657868,-2.641465266333443,2.641465266333443,13.58305397059961,0.014314911736474775,0.0,0.004470150438535492,0.04714122855808093
feature_informed,0,15,0.5160602847675546,0.15953277287599227,0.8770144668389751,0.0759713170978016,0.37586611040287055,0.14907085255657931,-2.5917664863820837,2.5917664863820837,13.576973135116257,0.014307257254553922,0.0,0.004686302934376774,0.049498289985984975
feature_informed,0,16,0.5127480490247478,0.1586963927513145,0.8724165559778058,0.07529385825847444,0.37251440045991746,0.15258109685358218,-2.567412037166567,2.567412037166567,13.570862252733585,0.01290988804483183,0.0,0.0033122357428068128,0.051973204485284225
feature_informed,0,17,0.5089584822979855,0.15794294073226725,0.8682745335653507,0.07446124969023911,0.36839509127869263,0.15593530447628356,-2.5373029104920772,2.5373029104920772,13.562825760724552,0.014153013704167829,1.3877787807814457e-17,0.003789566726762339,0.05457186470954844
feature_informed,0,18,0.504920341591927,0.1574680379974934,0.8656638062443769,0.07349418774499977,0.3636105775205883,0.15796456890391516,-2.50088935916315,2.50088935916315,13.553956922276106,0.014292220033445473,0.0,0.004038140706058457,0.05730045794502586
feature_informed,0,19,0.501247086354501,0.1574353660012092,0.8654841954165501,0.07252868334057559,0.35883376965505426,0.15750710259072787,-2.4760794843778062,2.4760794843778062,13.545144653675926,0.014609147480057488,0.0,0.0036732552374260097,0.06016548084227716
feature_informed,0,20,0.4964985791835881,0.15723920670436625,0.8644058305261589,0.07127810587847593,0.35264657026989976,0.15912193849623482,-2.4395258290530544,2.4395258290530544,13.537454571734678,0.016715505825065657,0.0,0.004748507170912908,0.06317375488439102
feature_informed,0,21,0.48975888410883994,0.1570586637382224,0.8634133147543853,0.06951699847933494,0.34393353733321014,0.15955402420335996,-2.393268182508314,2.393268182508314,13.530014040957246,0.019999699107286092,0.0,0.006739695074748142,0.06633244262861057
feature_informed,0,22,0.4817341854780971,0.15627605669896566,0.8591110157163583,0.06752234849110464,0.33406505852658236,0.1640763765407069,-2.331349763772498,2.331349763772498,13.524824167367024,0.02040646085102332,0.0,0.008024698630742844,0.06964906476004111
feature_informed,0,23,0.47696396930258067,0.15454831470192376,0.8496129376785069,0.06651772522707323,0.32909471112315886,0.1773970154058478,-2.2831461568555294,2.2831461568555294,13.51877802661866,0.017477393014667126,1.3877787807814457e-17,0.0047702161755164285,0.07313151799804317
feature_informed,0,24,0.4747842218795933,0.15363899115276938,0.8446140280922888,0.06604996382443426,0.32678047378039743,0.18545359521222993,-2.2618098655581886,2.2618098655581886,13.509719182877268,0.012726263249155479,0.0,0.002179747422987377,0.07678809389794533
feature_informed,0,25,0.47216043601374075,0.1526075276489041,0.8389436670837113,0.06544571415805761,0.3237909643117009,0.19581296009037286,-2.231341195253389,2.231341195253389,13.499003921946972,0.014276945868470952,0.0,0.002623785865852546,0.0806274985928426
feature_informed,0,26,0.46895510544150637,0.15143302182080967,0.832486946097446,0.06465992248107953,0.3199032804792293,0.20905908557722905,-2.181409126680817,2.181409126680817,13.486879873777783,0.016141509271872165,0.0,0.0032053305722343772,0.08465887352248473
feature_informed,0,27,0.46805577015424016,0.15114020258017255,0.8308772034371892,0.06442765853454506,0.31875416065999085,0.21270848799949696,-2.1655375079868673,2.1655375079868673,13.47327163954368,0.005731323855639861,0.0,0.0008993352872662119,0.08889181719860897
feature_informed,0,28,0.467835471400075,0.1511327985382819,0.8308365005036532,0.06435456536924715,0.3183925341305706,0.21331945676233752,-2.1678852417529297,2.1678852417529297,13.464443575264085,0.0046779220453877805,0.0,0.0002202987541651824,0.09333640805853943
feature_informed,0,29,0.46765775315338814,0.15112883280645514,0.8308146993143366,0.0642852966404171,0.31804982890085365,0.21416706649163766,-2.169336681028482,2.169336681028482,13.456164593954558,0.004316286146492591,1.3877787807814457e-17,0.000177718246686831,0.0980032284614664
feature_informed,0,30,0.46752125700392333,0.15112884738614657,0.830814779464641,0.06422236977400608,0.31773849987009195,0.2151368723519407,-2.170272439247412,2.170272439247412,13.448180302726222,0.003827862821918238,0.0,0.00013649614946481536,0.1
feature_informed,0,31,0.46741993748995914,0.15113298794579635,0.8308375417513373,0.06416693723299785,0.3174642488188473,0.21612365437989248,-2.1709011309977173,2.1709011309977173,13.440804698706904,0.0033014668923653477,0.0,0.00010131951396419314,0.1
feature_informed,0,32,0.46734538685363936,0.151141227594645,0.8308828383453327,0.06411846411230908,0.3172244293181676,0.2170635527868048,-2.1713733725519053,2.1713733725519053,13.434212278175664,0.002834629494677978,0.0,7.45506363197812e-05,0.1
feature_informed,0,33,0.4672902293406905,0.15116169849248856,0.8309953749309781,0.06407839418336705,0.3170261843895431,0.21771747315788623,-2.172614787094853,2.172614787094853,13.42838292961106,0.0024286828829884837,0.0,5.515751294887794e-05,0.1
feature_informed,0,34,0.46724626460160185,0.15120452407474044,0.8312308040187361,0.06404830634238581,0.3168773255808235,0.2178056941130019,-2.1751075021251114,2.1751075021251114,13.423480017083117,0.00214229068583924,1.3877787807814457e-17,4.396473908863108e-05,0.1
feature_informed,0,35,0.46720786100999956,0.15126345395041363,0.831554764748326,0.0640253349319813,0.3167636751268226,0.21746413477801155,-2.1781418222673503,2.1781418222673503,13.419698675563003,0.0019834628819277752,1.3877787807814457e-17,3.8403591602287346e-05,0.1
feature_informed,0,36,0.4671721283388188,0.1513337078663334,0.8319409781858723,0.06400728918344896,0.3166743942564985,0.21681088099976795,-2.181400601468159,2.181400601468159,13.41677487109983,0.0019019564414381957,1.3877787807814457e-17,3.5732671180732645e-05,0.1
feature_informed,0,37,0.467137638850629,0.15141177263860975,0.8323701309762527,0.06399255879691436,0.31660151605321074,0.21593969066657767,-2.1847080953049183,2.1847080953049183,13.414481278118767,0.001862540728930003,0.0,3.4489488189848316e-05,0.1
feature_informed,0,38,0.4671037045838024,0.1514951405605887,0.8328284372686071,0.06397999385435633,0.3165393513275336,0.21492081771000446,-2.1879642795670033,2.1879642795670033,13.41263764353243,0.0018444660854681683,0.0,3.393426682657408e-05,0.1
feature_informed,0,39,0.46706999753157985,0.15158205789636003,0.8333062560861226,0.06396878982071996,0.3164839196632608,0.21380493762603575,-2.191113016745304,2.191113016745304,13.411108821464316,0.0018368071982182849,0.0,3.3707052222553546e-05,0.1
feature_informed,0,40,0.46703636009080246,0.15167131479448753,0.8337969363990878,0.06395839162141659,0.31643247484333853,0.21262769858526584,-2.194124128031014,2.194124128031014,13.409797254050465,0.0018341846147840516,0.0,3.363744077738984e-05,0.1
feature_informed,0,41,0.46700271380207004,0.15176208349932707,0.8342959277088069,0.06394841980073197,0.31638313952051483,0.21141377234482192,-2.1969827527829753,2.1969827527829753,13.40863427641697,0.0018340509740609316,1.3877787807814457e-17,3.3646288732425145e-05,0.1
feature_informed,0,42,0.4669690164670659,0.1518537998631068,0.8348001286728508,0.06393861644002956,0.3163346376490605,0.21018006062057862,-2.199682923100985,2.199682923100985,13.407572349507095,0.0018352274651456928,1.3877787807814457e-17,3.369733500413474e-05,0.1
feature_informed,0,43,0.4669352423151379,0.1519460792922693,0.835307425029005,0.06392880678630558,0.3162861046430461,0.20893807575602072,-2.202223670233896,2.202223670233896,13.406578895526572,0.0018371765739697266,1.3877787807814457e-17,3.377415192801214e-05,0.1
feature_informed,0,44,0.4669013729162751,0.15203865831921362,0.8358163683921292,0.06391887257826263,0.3162369554077863,0.2076956426240306,-2.2046066718724866,2.2046066718724866,13.405631715400919,0.0018396562431028242,1.3877787807814457e-17,3.386939886279583e-05,0.1
feature_informed,0,45,0.4668673930320256,0.1521313545006363,0.8363259557995494,0.06390873374605792,0.31618679379982173,0.20645808732271956,-2.2068348402339244,2.2068348402339244,13.404715713095218,0.0018425594392993316,0.0,3.397988424946874e-05,0.1
feature_informed,0,46,0.46683328871202834,0.15222403910203003,0.8368354795469909,0.06389833596053186,0.316135351027052,0.20522905554991558,-2.208911483716847,2.208911483716847,13.403820610183569,0.0018458408371426047,0.0,3.410431999728569e-05,0.1
feature_informed,0,47,0.46679904640267245,0.15231661856356854,0.8373444252992505,0.06388764220594237,0.3160824439550582,0.20401107111566186,-2.2108398165563563,2.2108398165563563,13.402939375310272,0.001849483666812571,0.0,3.42423093558919e-05,0.1
feature_informed,0,48,0.4667646525066438,0.15240902193597966,0.8378524030202437,0.06387662709312063,0.3160279469715897,0.20280591522890548,-2.2126226777100277,2.2126226777100277,13.402067155012077,0.0018534848830232277,0.0,3.439389602866161e-05,0.1
feature_informed,0,49,0.4667300931387212,0.1525011923478967,0.838359100065675,0.06386527302740098,0.315971773027497,0.201614883516797,-2.2142623735248526,2.2142623735248526,13.401200549904974,0.0018578486463048706,0.0,3.455936792257086e-05,0.1
feature_informed,0,50,0.4666953539620378,0.15259308118281456,0.8388642491714741,0.063853567626712,0.3159138608628045,0.20043896022065963,-2.21576059149394,2.21576059149394,13.400337126115765,0.0018625835727302245,0.0,3.473917668339599e-05,0.1
feature_informed,0,51,0.46666042005150804,0.15268464407032628,0.8393676064160431,0.06384150197980965,0.31585416638936464,0.19927893655473775,-2.217118352504066,2.217118352504066,13.399475085817913,0.0018677017026796792,1.3877787807814457e-17,3.4933910529777457e-05,0.1
feature_informed,0,52,0.4666252757590255,0.15277583808756268,0.8398689358354701,0.06382906946762104,0.3157926568594871,0.19813549155542676,-2.218335981233565,2.218335981233565,13.398613044894013,0.001873218270321015,0.0,3.514429248252515e-05,0.1
feature_informed,0,53,0.466589904567294,0.1528666197640149,0.8403679984552515,0.06381626496080028,0.3157293068958666,0.19700924781581214,-2.219413081741175,2.219413081741175,13.39774988252148,0.001879151866537022,0.0,3.537119173152581e-05,0.1
feature_informed,0,54,0.4665542889243149,0.15295694361584355,0.8408645442328136,0.06380308426734879,0.3156640957586996,0.1959008104708674,-2.2203485095907194,2.2203485095907194,13.396884638953711,0.0018855248186910175,0.0,3.5615642979103246e-05,0.1
feature_informed,0,55,0.466518410052485,0.15304676102507325,0.8413583058960029,0.0637895237449424,0.31559700542768215,0.19481079507722657,-2.22114033416443,2.22114033416443,13.396016445548817,0.0018923637149222414,0.0,3.587887182987526e-05,0.1
feature_informed,0,56,0.4664822477266682,0.1531360193389375,0.8418489939918303,0.06377558001989699,0.3155280192116001,0.19373984820010534,-2.221785785750868,2.221785785750868,13.395144476343768,0.001899700048178958,0.0,3.6162325816824215e-05,0.1
feature_informed,0,57,0.4664457800152505,0.1532246611047229,0.8423362926801092,0.06376124977289006,0.315457120688192,0.1926886632907922,-2.2222811818623307,2.2222811818623307,13.394267913997487,0.0019075709772563877,0.0,3.646771141768701e-05,0.1
feature_informed,0,58,0.4664089829774227,0.15331262338227367,0.8428198559540209,0.0637465295635999,0.3153842928365557,0.19165799361500743,-2.2226218261123876,2.2226218261123876,13.393385925291973,0.0019160202127818824,0.0,3.679703782777377e-05,0.1
feature_informed,0,59,0.46637183030885826,0.15339983709422567,0.8432993040680964,0.0637314156743165,0.3153095172634181,0.19064866344270545,-2.22280187070485,2.22280187070485,13.392497642967319,0.0019250990416676593,0.0,3.715266856446631e-05,0.1
feature_informed,0,60,0.46633429292663015,0.15348622638598283,0.8437742200197541,0.06371590395765203,0.3152327734496858,0.189661578344273,-2.2228141296902906,2.2228141296902906,13.391602151730977,0.0019348675068019841,0.0,3.7537382228114424e-05,0.1
feature_informed,0,61,0.46629633848262864,0.15357170797539155,0.8442441459742043,0.06369998967661648,0.3151540379592245,0.18869773519659247,-2.222649823694579,2.222649823694579,13.390698476997224,0.0019453957608501545,0.0,3.7954444001508936e-05,0.1
feature_informed,0,62,0.46625793079286243,0.15365619047732537,0.8447085795514249,0.06368366732711718,0.31507328356067904,0.1877582323449693,-2.222298225989464,2.222298225989464,13.389785575395072,0.0019567656144119532,1.3877787807814457e-17,3.8407689766206676e-05,0.1
feature_informed,0,63,0.46621902916783736,0.15373957369184887,0.8451669699129182,0.06366693043377104,0.3149904782172605,0.18684428026662434,-2.2217461609453313,2.2217461609453313,13.388862326409818,0.001969072299506606,0.0,3.890162502506733e-05,0.1
feature_informed,0,64,0.46617958762662187,0.1538217478468757,0.8456187135983038,0.06364977131003556,0.3149055839000003,0.1859572130204575,-2.2209772715888563,2.2209772715888563,13.387927524746933,0.0019824264693007803,0.0,3.944154121549026e-05,0.1
feature_informed,0,65,0.4661395539741956,0.1539025927876717,0.8460631500696987,0.06363218077322397,0.31481855517779506,0.18509850073424675,-2.219970906600906,2.219970906600906,13.386979873162332,0.0019969564539144323,0.0,4.0033652426274546e-05,0.1
feature_informed,0,66,0.4660988687181437,0.15398197710644534,0.8464995569267321,0.06361414780406165,0.3147293375330709,0.1842697633665754,-2.2187003387632216,2.2187003387632216,13.386017975613605,0.00201281078969154,0.0,4.0685256051886665e-05,0.1
feature_informed,0,67,0.4660574637966401,0.1540597572058029,0.8469271447579908,0.06359565913911133,0.31463786534531785,0.18347278598154046,-2.2171297101081806,2.2171297101081806,13.385040330668728,0.0020301610351025,0.0,4.14049215036183e-05,0.1
feature_informed,0,68,0.46601526108484004,0.1541357762901445,0.8473450515963259,0.06357669878265576,0.31454405947614184,0.1827095357865214,-2.2152082773358566,2.2152082773358566,13.384045325172856,0.002049204879995284,0.0,4.2202711800054526e-05,0.1
feature_informed,0,69,0.46597217064119295,0.1542098632792328,0.8477523369463117,0.06355724742246734,0.3144478243788003,0.18198218120514745,-2.2128579918093636,2.2128579918093636,13.38303122822788,0.002070169545774503,1.3877787807814457e-17,4.309044364708692e-05,0.1
feature_informed,0,70,0.4659280886486453,0.1542818316382383,0.8481479753525439,0.06353728173128237,0.31434904464226454,0.181293113288109,-2.2099401471364843,2.2099401471364843,13.38199618558867,0.0020933154618512505,1.3877787807814457e-17,4.408199254762879e-05,0.1
feature_informed,0,71,0.4658828949981022,0.15435147811860905,0.848530849477706,0.0635167735326849,0.31424758086445115,0.18064496980337372,-2.206115436011929,2.206115436011929,13.380938214628507,0.002118940188113103,0.0,4.51936505431183e-05,0.1
feature_informed,0,72,0.4658477158009325,0.15442928610926418,0.8489585906384094,0.06351197162811137,0.3142238235667824,0.17940200466243333,-2.2035147347303967,2.2035147347303967,13.379855200077051,0.0017192060362238068,0.0,3.517919716972129e-05,0.1
feature_informed,0,73,0.4658294136663971,0.15451230794764104,0.8494149943729365,0.06352558551042083,0.31429117789452893,0.17757281652266277,-2.2045064193224895,2.2045064193224895,13.380316158754852,0.0014076853683761782,0.0,1.830213453540841e-05,0.1
feature_informed,0,74,0.4658162304300741,0.15458272367113715,0.84980209733044,0.06353707142216636,0.3143480041433968,0.176047029899165,-2.205317231400058,2.205317231400058,13.38244077940653,0.0011935449273866908,0.0,1.31832363229889e-05,0.1
feature_informed,0,75,0.46580665930257537,0.15464269048181825,0.8501317585000506,0.06354680927612315,0.31439618192193525,0.17476583236111212,-2.2059861232081657,2.2059861232081657,13.384190513471566,0.001016167423023194,0.0,9.5711274987198e-06,0.1
feature_informed,0,76,0.46579966623100405,0.15469392617934305,0.8504134213028577,0.06355509776668221,0.3144371890128553,0.17368419145648165,-2.2065420641945472,2.2065420641945472,13.38564456486431,0.0008680344574674377,0.0,6.993071571315124e-06,0.1
feature_informed,0,77,0.46579453013544053,0.1547378188573062,0.8506547166358982,0.06356217550871987,0.3144722059570358,0.17276696508689107,-2.2070070305532843,2.2070070305532843,13.386861690145137,0.0007435121977039032,1.3877787807814457e-17,5.136095563518239e-06,0.1
feature_informed,0,78,0.4657907416571476,0.15477550347819327,0.8508618838348347,0.06356823561614915,0.3145021881805259,0.1719862956304454,-2.2073979754738917,2.2073979754738917,13.387886523785191,0.0006382805115344869,0.0,3.788478292909847e-06,0.1
feature_informed,0,79,0.465787937190189,0.15480791697635107,0.8510400735966798,0.06357343606270746,0.3145279172542724,0.17131980850314743,-2.207728167038447,2.207728167038447,13.388753644214502,0.0005489633544901153,0.0,2.8044669586058113e-06,0.1
feature_informed,0,80,0.4657858549163911,0.15483583893337238,0.8511935715884008,0.06357790723431851,0.3145500382592331,0.17074933324866043,-2.2080081199272583,2.2080081199272583,13.38949028238688,0.0004728807211030371,0.0,2.082273797943124e-06,0.1
feature_informed,0,81,0.46578430495000944,0.15485992225968176,0.8513259671156781,0.06358175755494692,0.3145690876201458,0.1702599745598057,-2.2082462584481264,2.2082462584481264,13.390118181549813,0.0004078770283568172,0.0,1.5499663816309628e-06,0.1
feature_informed,0,82,0.46578314874420956,0.15488071676982887,0.8514402827255748,0.06358507775658964,0.31458551423119946,0.16983942389416248,-2.208449397344007,2.208449397344007,13.390654907987239,0.00035219922393543756,1.3877787807814457e-17,1.1562057998792952e-06,0.1
feature_informed,0,83,0.465782284698266,0.15489868758823228,0.8515390753901578,0.0635879441734369,0.3145996957538099,0.16947744035369156,-2.2086230963079467,2.2086230963079467,13.391114796087004,0.0003044082125622731,0.0,8.640459435715897e-07,0.1
feature_informed,0,84,0.4657816379862279,0.15491422971832305,0.8516245165988159,0.06359042131974146,0.31461195137056064,0.16916545308603506,-2.2087719252910376,2.2087719252910376,13.391509643543603,0.0002633131903741548,1.3877787807814457e-17,6.46712038088193e-07,0.1
feature_informed,0,85,0.46578115330093,0.1549276797136033,0.8516984565186646,0.06359256393262153,0.3146225518919165,0.1688962525232648,-2.2088996657301996,2.2088996657301996,13.391849231929005,0.00022792209281308288,0.0,4.84685297896803e-07,0.1
feature_informed,0,86,0.465780789636122,0.15493932512496023,0.851762475930151,0.06359441860886564,0.3146317278542739,0.1686637476287886,-2.2090094650461367,2.2090094650461367,13.392141722729798,0.00019740360928193607,0.0,3.6366480798966094e-07,0.1
feature_informed,0,87,0.4657805165084876,0.1549494122176674,0.8518179286504483,0.06359602512930915,0.31463967607227844,0.16846277291666775,-2.209103956595734,2.209103956595734,13.392393962955216,0.00017105765357469552,0.0,2.7312763439812926e-07,0.1
feature_informed,0,88,0.4657803112061523,0.15495815232512136,0.8518659764624474,0.06359741753971625,0.3146465649864607,0.16828893350694937,-2.2091853537655703,2.2091853537655703,13.392611723996293,0.0001482921185450994,0.0,2.0530233529880704e-07,0.1
feature_informed,0,89,0.4657801567746909,0.15496572711645756,0.8519076180729164,0.06359862503970164,0.31465253906115304,0.16813847960597056,-2.209255524484831,2.209255524484831,13.392799890475288,0.0001286043716011782,1.3877787807814457e-17,1.5443146139659802e-07,0.1
feature_informed,0,90,0.46578004053658173,0.1549722929901765,0.8519437132659927,0.06359967271873877,0.31465772242587126,0.1680082040068009,-2.2093160507521925,2.2093160507521925,13.392962611112038,0.00011156637584233338,0.0,1.1623810919347832e-07,0.1
feature_informed,0,91,0.4657799529987609,0.15497798475818156,0.8519750031557898,0.06360058216920858,0.31466222190835685,0.16789535778545805,-2.2093682765779064,2.2093682765779064,13.393103420378093,9.681261882285718e-05,1.3877787807814457e-17,8.753782082537853e-08,0.1
feature_informed,0,92,0.4657798870439581,0.15498291874909648,0.8520021272465558,0.06360137199972996,0.31466612957426665,0.16779758051619167,-2.209413346885925,2.209413346885925,13.393225337423821,8.403024050598613e-05,0.0,6.595480278592802e-08,0.1
feature_informed,0,93,0.46577983733043793,0.154987195432939,0.8520256378615372,0.06360205826699622,0.3146695248636722,0.16771284217299443,-2.209452239299245,2.209452239299245,13.393330947135206,7.295090200365131e-05,0.0,4.971352018934283e-08,0.1
feature_informed,0,94,0.46577979984537315,0.1549909016487752,0.8520460123892718,0.06360265484054838,0.31467247639576595,0.16763939451230733,-2.209485790275634,2.209485790275634,13.393422467001027,6.334404558991861e-05,0.0,3.7485064774411825e-08,0.1
feature_informed,0,95,0.46577977157184175,0.15499411250119988,0.8520636637092895,0.06360317371201468,0.31467504349881603,0.16757573020407293,-2.2095147167230227,2.2095147167230227,13.393501802611103,5.5011276537722225e-05,1.3877787807814457e-17,2.8273531404998664e-08,0.1
feature_informed,0,96,0.4657797502400971,0.15499689297918184,0.8520789490915401,0.06360362525810626,0.3146772775113301,0.1675205483371445,-2.2095396339712745,2.2095396339712745,13.393570593969772,4.778165691186381e-05,1.3877787807814457e-17,2.133174464846732e-08,0.1
feature_informed,0,97,0.4657797341414965,0.1549992993411197,0.852092177810592,0.06360401846491036,0.3146792228917406,0.16747272520042994,-2.20956107078648,2.20956107078648,13.39363025433265,4.150774630581108e-05,0.0,1.6098600619240955e-08,0.1
feature_informed,0,98,0.46577972198911655,0.15500138030225688,0.8521036176733195,0.06360436111964812,0.314680918167121,0.1674312894544595,-2.209579481969019,2.209579481969019,13.39368200291454,3.606225865528686e-05,0.0,1.2152379935681523e-08,0.1
feature_informed,0,99,0.46577971281322095,0.15500317805443095,0.8521135006248662,0.0636046599749715,0.31468239674604087,0.1673954009747367,-2.2095952589655306,2.2095952589655306,13.393726892541528,3.133523053503544e-05,0.0,9.175895598900752e-09,0.1
feature_informed,0,100,0.46577970588278444,0.15500472914314933,0.852122027570276,0.06360492089000033,0.3146836876163427,0.16736433277958407,-2.2096087388390773,2.2096087388390773,13.393765833108239,2.7231616777674036e-05,0.0,6.93043650246139e-09,0.1
feature_informed,0,101,0.465779700646529,0.15500606522292792,0.8521293725268861,0.06360514895159591,0.31468481594514014,0.16733745555952384,-2.2096202118749857,2.2096202118749857,13.393799611536476,2.3669245314206872e-05,1.3877787807814457e-17,5.2362554292528785e-09,0.1
feature_informed,0,102,0.46577969668858504,0.15500721370850873,0.8521356862043279,0.06360534857879548,0.31468580359550474,0.16731422440874516,-2.2096299280474208,2.2096299280474208,13.393828908802043,2.0577075893280785e-05,0.0,3.9579439725656584e-09,0.1
feature_informed,0,103,0.4657796936951276,0.15500819833683346,0.8521410990939159,0.06360552361286388,0.3146866695719942,0.16729416742652978,-2.2096381025303966,2.2096381025303966,13.393854314494327,1.7893717569371997e-05,0.0,2.993457426381241e-09,0.1
feature_informed,0,104,0.4657796914292578,0.15500903965238283,0.8521457241367498,0.06360567739503448,0.31468743040527336,0.1672768759111534,-2.209644920404015,2.209644920404015,13.393876339291683,1.5566168112484433e-05,1.3877787807814457e-17,2.265869825102129e-09,0.1
feature_informed,0,105,0.46577968971208095,0.15500975542659975,0.8521496590294488,0.06360581283369264,0.31468810048450313,0.1672619959134135,-2.20965054068038,2.20965054068038,13.393895425670152,1.3548745146081106e-05,0.0,1.7171768451618163e-09,0.1
feature_informed,0,106,0.46577968840844497,0.15501036102053214,0.8521529882177413,0.06360593246249098,0.3146886923448636,0.16724922095361935,-2.209655099752423,2.209655099752423,13.39391195711012,1.1802184019069293e-05,0.0,1.3036359769458272e-09,0.1
feature_informed,0,107,0.4657796874161887,0.1550108696985012,0.8521557846208239,0.06360603849066401,0.314689216916485,0.16723828573618998,-2.2096587143516837,2.2096587143516837,13.393926266022467,1.029288106447715e-05,1.3877787807814457e-17,9.922562771436105e-10,0.1
feature_informed,0,108,0.4657796866580314,0.15501129289947732,0.8521581111232205,0.06360613284662536,0.3146896837401435,0.16722896072118637,-2.20966148408703,2.20966148408703,13.393938640580387,8.99226250920958e-06,1.3877787807814457e-17,7.581573147064091e-10,0.1
feature_informed,0,109,0.4657796860754518,0.1550116404718961,0.8521600218656595,0.06360621721577278,0.3146901011543004,0.16722104743311617,-2.20966349362482,2.20966349362482,13.393949330614065,7.876257865856937e-06,1.3877787807814457e-17,5.825795956759805e-10,0.1
feature_informed,0,110,0.46577968562406813,0.15501192087683718,0.8521615633620271,0.0636062930732961,0.31469047645741904,0.16721437440497047,-2.2096648145615077,2.2096648145615077,13.393958552701223,6.924850523949651e-06,0.0,4.5138365267760605e-10,0.1
feature_informed,0,111,0.465779685270147,0.15501214136380212,0.8521627754656877,0.06360636171266963,0.31469081604892984,0.16720879367027727,-2.2096655070318265,2.2096655070318265,13.393966494566595,6.121665606272134e-06,1.3877787807814457e-17,3.53921114637501e-10,0.1
feature_informed,0,112,0.4657796849879651,0.15501230812273875,0.8521636922052219,0.06360642427041611,0.3146911255517494,0.167204177728476,-2.2096656210891323,2.2096656210891323,13.39397331888654,5.453535745313165e-06,0.0,2.8218188896644847e-10,0.1
feature_informed,0,113,0.46577968475781273,0.15501242641545665,0.8521643425068688,0.06360648174764791,0.31469140991885497,0.16720041691954268,-2.2096651978889996,2.2096651978889996,13.393979166580982,4.909965457849422e-06,1.3877787807814457e-17,2.3015239714041513e-10,0.1
feature_informed,0,114,0.46577968456448104,0.1550125006891461,0.8521647508185841,0.06360653502882155,0.31469167352607225,0.1671974171528083,-2.2096642707025613,2.2096642707025613,13.393984159662994,4.482414388611077e-06,1.3877787807814457e-17,1.9333168399526812e-10,0.1
feature_informed,0,115,0.4657796843961145,0.15501253467434314,0.8521649376485936,0.06360658489808241,0.31469192025294,0.1671950979426108,-2.209662865782199,2.209662865782199,13.39398840370625,4.163374779279032e-06,0.0,1.6836654292973208e-10,0.1
feature_informed,0,116,0.46577968424333593,0.15501253146936303,0.852164920029556,0.06360663205352529,0.31469215355326413,0.16719339070998807,-2.2096610030988866,2.2096610030988866,13.393991989982151,3.945355106070365e-06,0.0,1.5277856757478503e-10,0.1
feature_informed,0,117,0.4657796840985792,0.15501249361294986,0.8521647119179472,0.06360667711965312,0.31469237651675647,0.16719223731525068,-2.209658696967702,2.209658696967702,13.393994997311053,3.820052297885086e-06,1.3877787807814457e-17,1.447567066215072e-10,0.1
feature_informed,0,118,0.46577968395557595,0.1550124231466531,0.8521643245369686,0.06360672065827755,0.31469259192296556,0.16719158879109622,-2.209655956575639,2.209655956575639,13.393997493666,3.778046561821183e-06,0.0,1.4300327588756545e-10,0.1
feature_informed,0,119,0.46577968380895596,0.15501232166823503,0.8521637666701484,0.06360676317807362,0.31469280228854796,0.1671914042500786,-2.209652786423809,2.209652786423809,13.3939995375619,3.8091561924941194e-06,1.3877787807814457e-17,1.466199939237356e-10,0.1
feature_informed,0,120,0.4657796836539359,0.15501219037723776,0.852163044911842,0.06360680514297257,0.31469300990879123,0.16719164994381985,-2.209649186694369,2.209649186694369,13.394001179258707,3.903248709179329e-06,0.0,1.55020052350352e-10,0.1
feature_informed,0,121,0.4657796834860681,0.15501203011368248,0.8521621638799765,0.06360684697955157,0.314693216894175,0.1671922984544267,-2.2096451535510266,2.2096451535510266,13.394002461803188,4.05110532246767e-06,0.0,1.6786783074707046e-10,0.1
feature_informed,0,122,0.46577968330103636,0.15501184139074234,0.8521611263956669,0.06360688908356045,0.3146934252026611,0.1671933280012386,-2.209640679380651,2.209640679380651,13.394003421930536,4.245017303518946e-06,0.0,1.8503171217432168e-10,0.1
feature_informed,0,123,0.4657796830944838,0.1550116244221128,0.8521599336336813,0.0636069318257052,0.31469363666830774,0.16719472184832726,-2.209635752982426,2.209635752982426,13.394004090844238,4.479018335598773e-06,0.0,2.0655255283941187e-10,0.1
feature_informed,0,124,0.46577968286186117,0.15501137914470414,0.8521585852471905,0.06360697555679419,0.31469385302673025,0.16719646780015882,-2.2096303597099776,2.2096303597099776,13.394004494890067,4.748829586729844e-06,1.3877787807814457e-17,2.326226433702061e-10,0.1
feature_informed,0,125,0.46577968259828967,0.15501110523719283,0.8521570794697526,0.06360702061233864,0.3146940759378616,0.16719855777455336,-2.2096244815710886,2.2096244815710886,13.394004656137996,5.051647987213838e-06,0.0,2.635714979604131e-10,0.1
feature_informed,0,126,0.4657796822984293,0.15501080213489163,0.8521554131970596,0.06360706731668753,0.3146943070064099,0.1672009874435706,-2.2096180972888613,2.2096180972888613,13.394004592883919,5.385884748362133e-06,0.0,2.9986035876561346e-10,0.1
feature_informed,0,127,0.465779681956349,0.15501046904133303,0.8521535820506159,0.06360711598676728,0.31469454780036044,0.16720375593424736,-2.2096111823275324,2.2096111823275324,13.394004320081493,5.750916915338473e-06,0.0,3.4208030852411753e-10,0.1
feature_informed,0,128,0.4657796815653923,0.1550101049369018,0.8521515804251951,0.06360716693548751,0.3146947998678253,0.1672068655822458,-2.2096037088855915,2.2096037088855915,13.394003849713046,6.14687897092542e-06,1.3877787807814457e-17,3.909567114490642e-10,0.1
feature_informed,0,129,0.46577968111803525,0.1550097085848012,0.8521494015216388,0.0636072204748667,0.31469506475250775,0.167210321732447,-2.2095956458583332,2.2095956458583332,13.394003191107238,6.5745003318858516e-06,1.3877787807814457e-17,4.473570403007443e-10,0.1
feature_informed,0,130,0.46577968060573116,0.15500927853459398,0.8521470373663219,0.06360727691892526,0.31469534400801574,0.16721413258138945,-2.2095869587715353,2.2095869587715353,13.394002351210199,7.034984663504234e-06,1.3877787807814457e-17,5.123040880405938e-10,0.1
feature_informed,0,131,0.46577968001874176,0.15500881312351913,0.8521444788183928,0.06360733658638805,0.31469563921123206,0.16721830905719484,-2.2095776096875315,2.2095776096875315,13.394001334815902,7.529923587822578e-06,0.0,5.869894015297916e-10,0.1
feature_informed,0,132,0.4657796793459447,0.1550083104757506,0.8521417155656968,0.06360739980323282,0.3146959519749232,0.1672228647332812,-2.2095675570846116,2.2095675570846116,13.394000144760778,8.061237185302804e-06,1.3877787807814457e-17,6.727970403019867e-10,0.1
feature_informed,0,133,0.4657796785746204,0.1550077684997347,0.8521387361101401,0.06360746690511762,0.3146962839597486,0.167227815772739,-2.209556755710321,2.209556755710321,13.393998782086893,8.631134754263337e-06,0.0,7.713243377338586e-10,0.1
feature_informed,0,134,0.4657796776902072,0.15500718488371454,0.8521355277430848,0.06360753823971617,0.31469663688581484,0.16723318090074807,-2.2095451564089394,2.2095451564089394,13.39399724617741,9.242090654078813e-06,0.0,8.844132093344115e-10,0.1
feature_informed,0,135,0.4657796766760251,0.15500655708952615,0.8521320765112439,0.06360761416898728,0.3146970125439038,0.16723898140286245,-2.209532705923137,2.209532705923137,13.393995534867576,9.8968313213761e-06,0.0,1.0141820716569327e-09,0.1
feature_informed,0,136,0.4657796755129594,0.15500588234472884,0.8521283671734194,0.06360769507140138,0.31469741280648805,0.1672452411473852,-2.209519346669521,2.209519346669521,13.393993644533953,1.0598330587662042e-05,0.0,1.1630656993055766e-09,0.1
feature_informed,0,137,0.46577967417909977,0.15500515763311323,0.852124383148321,0.0636077813441453,0.31469783963863907,0.1672519866304022,-2.2095050164875425,2.2095050164875425,13.39399157016432,1.1349811231492218e-05,0.0,1.333859633856349e-09,0.1
feature_informed,0,138,0.46577967264932574,0.15500437968361158,0.8521201064536009,0.06360787340532371,0.31469829510891884,0.16725924704236406,-2.2094896483609827,2.2094896483609827,13.393989305410281,1.215475129918619e-05,1.3877787807814457e-17,1.5297740296738027e-09,0.1
feature_informed,0,139,0.4657796708948346,0.15500354495761973,0.8521155176361592,0.06360797169617485,0.3146987814003419,0.16726705435538317,-2.2094731701109853,2.2094731701109853,13.39398684262428,1.3016894170852362e-05,1.3877787807814457e-17,1.7544911634637117e-09,0.1
feature_informed,0,140,0.465779668882598,0.15500264963472363,0.8521105956936754,0.06360807668331551,0.3146993008214828,0.16727544343067047,-2.20945550405936,2.20945550405936,13.39398417288258,1.3940261668117059e-05,1.3877787807814457e-17,2.0122365995689506e-09,0.1
feature_informed,0,141,0.46577966657474157,0.15500168959681057,0.8521053179872626,0.06360818886102963,0.3146998558177984,0.16728445214577095,-2.209436566660648,2.209436566660648,13.393981285995423,1.4929169732040863e-05,0.0,2.307856405980857e-09,0.1
feature_informed,0,142,0.4657796639278316,0.15500066041053068,0.8520996601450509,0.06360830875361315,0.31470044898322913,0.16729412154147033,-2.20941626810116,2.20941626810116,13.39397817050545,1.598824636560919e-05,1.3877787807814457e-17,2.6469099689840903e-09,0.1
feature_informed,0,143,0.4657796608920592,0.15499955730806234,0.8520935959564475,0.06360843691778689,0.3147010830721369,0.1673044959884461,-2.209394511862982,2.209394511862982,13.3939748136753,1.7122451656243604e-05,0.0,3.0357724112306528e-09,0.1
feature_informed,0,144,0.4657796574103035,0.15499837516612308,0.8520870972567515,0.06360857394518797,0.3147017610116308,0.16731562337392517,-2.2093711942506022,2.2093711942506022,13.393971201465131,1.8337099779920316e-05,0.0,3.481755661560726e-09,0.1
feature_informed,0,145,0.46577965341705896,0.15499710848315498,0.8520801338017329,0.06360872046494923,0.3147024859143291,0.16732755530878954,-2.2093462038776024,2.2093462038776024,13.393967318500678,1.9637882953506698e-05,0.0,3.993244568345489e-09,0.1
feature_informed,0,146,0.4657796488372049,0.15499575135460275,0.8520726731317263,0.06360887714637525,0.3147032610915989,0.1673403473557415,-2.20931942111048,2.20931942111048,13.393963148032377,2.1030897348927996e-05,1.3877787807814457e-17,4.5798540515562536e-09,0.1
feature_informed,0,147,0.4657796435845942,0.15499429744619045,0.8520646804247228,0.06360904470172235,0.3147040900673097,0.16735405927931224,-2.2092907174663696,2.2092907174663696,13.39395867188596,2.2522671018250207e-05,0.0,5.252610679740144e-09,0.1
feature_informed,0,148,0.4657796375604361,0.1549927399650922,0.852056118337884,0.06360922388908866,0.31470497659213226,0.16736875531865916,-2.209259954961062,2.209259954961062,13.393953870404898,2.4120193908114046e-05,0.0,6.024158116790801e-09,0.1
feature_informed,0,149,0.46577963065144257,0.1549910716288795,0.8520469468368331,0.06360941551542,0.31470592465840996,0.16738450448426836,-2.2092269854033315,2.2092269854033315,13.393948722384877,2.583095006301928e-05,0.0,6.908993543941477e-09,0.1
feature_informed,0,150,0.46577962272770135,0.15498928463211734,0.8520371230120205,0.0636096204396342,0.3147069385156163,0.16740138087983958,-2.2091916496311317,2.2091916496311317,13.393943205000628,2.7662952136859756e-05,1.3877787807814457e-17,7.923741218718305e-09,0.1
feature_informed,0,151,0.46577961364023956,0.1549873706104675,0.8520266008813855,0.06360983957586741,0.3147080226864162,0.16741946405081065,-2.2091537766847704,2.2091537766847704,13.393937293725172,2.962477834765537e-05,0.0,9.087461783074957e-09,0.1
feature_informed,0,152,0.46577960321823003,0.15498532060214734,0.8520153311784806,0.06361007389684177,0.314709181983327,0.16743883936114648,-2.209113182911628,2.209113182911628,13.393930962241683,3.172561202602235e-05,0.0,1.0422009533161969e-08,0.1
feature_informed,0,153,0.4657795912657881,0.15498312500657702,0.852003261125138,0.06361032443735372,0.31471042152597706,0.167459598400208,-2.2090696709964153,2.2090696709964153,13.393924182348037,3.397528392083346e-05,1.3877787807814457e-17,1.1952441925089374e-08,0.1
feature_informed,0,154,0.46577957755830085,0.1549807735400372,0.8519903341877035,0.0636105922978785,0.3147117467589389,0.16748183942170758,-2.2090230289103037,2.2090230289103037,13.393916923854148,3.6384317439329755e-05,0.0,1.3707487256375828e-08,0.1
feature_informed,0,155,0.4657795618382194,0.15497825518814368,0.8519764898157705,0.06361087864828482,0.31471316347010775,0.1675056678169594,-2.2089730287715486,2.2089730287715486,13.393909154472158,3.8963977012346554e-05,0.0,1.572008145878101e-08,0.1
feature_informed,0,156,0.46577954381023484,0.15497555815493186,0.8519616631622768,0.06361118473164955,0.31471467780957363,0.16753119662485438,-2.208919425609405,2.208919425609405,13.3939008396996,4.1726319787513134e-05,0.0,1.8027984549640053e-08,0.1
feature_informed,0,157,0.465779523135752,0.15497266980832913,0.8519457847837458,0.0636115118681592,0.31471629630892517,0.16755854708121692,-2.208861956022236,2.208861956022236,13.39389194269561,4.468425086781059e-05,1.3877787807814457e-17,2.0674482847926612e-08,0.1
feature_informed,0,158,0.4657794994265527,0.15496957662177624,0.8519287803193552,0.06361186145908025,0.3147180259008915,0.16758784921045328,-2.208800336719667,2.208800336719667,13.393882424150348,4.7851582325779997e-05,1.3877787807814457e-17,2.3709199270527392e-08,0.1
feature_informed,0,159,0.4657794722375366,0.15496626411174358,0.8519105701474399,0.0636122349907753,0.31471987393921297,0.16761924246266852,-2.208734262937509,2.208734262937509,13.393872242147808,5.1243096237718055e-05,0.0,2.7189016149620215e-08,0.1
feature_informed,0,160,0.4657794410584009,0.15496271677087042,0.8518910690179322,0.06361263403873624,0.3147218482185946,0.16765287639971949,-2.208663406712846,2.208663406712846,13.39386135202225,5.487461199703072e-05,0.0,3.117913566219599e-08,0.1
feature_informed,0,161,0.46577940530410855,0.15495891799643588,0.8518701856591383,0.06361306027159852,0.3147239569945668,0.1676889114339887,-2.208587415005201,2.208587415005201,13.393849706208577,5.876305818099713e-05,0.0,3.5754292360135054e-08,0.1
feature_informed,0,162,0.4657793643039649,0.15495485001385348,0.8518478223571578,0.06361351545509225,0.3147262090030332,0.16772751962400506,-2.208505907648022,2.208505907648022,13.393837254087096,6.29265492590473e-05,0.0,4.100014366903437e-08,0.1
feature_informed,0,163,0.4657793172891045,0.15495049379485867,0.8518238745061283,0.06361400145587656,0.3147286134792412,0.16776888553141506,-2.208418475112793,2.208418475112793,13.393823941823154,6.738446744836065e-05,0.0,4.701486039371261e-08,0.1
feature_informed,0,164,0.46577926337815634,0.15494582897003956,0.8517982301273722,0.06361452024519279,0.3147311801758559,0.16781320714421413,-2.2083246760659074,2.2083246760659074,13.393809712202376,7.215755003684469e-05,0.0,5.391094815010433e-08,0.1
feature_informed,0,165,0.4657792015608234,0.1549408337353377,0.8517707693553954,0.06361507390225858,0.31473391937975237,0.16786069687160302,-2.2082240346959012,2.2082240346959012,13.393794504462349,7.726798251083546e-05,1.3877787807814457e-17,6.181733291921176e-08,0.1
feature_informed,0,166,0.46577913067907506,0.15493548475212407,0.8517413638885646,0.06361566461731066,0.3147368419270698,0.167911582616316,-2.2081160377858198,2.2081160377858198,13.39377825412178,8.273949784023103e-05,1.3877787807814457e-17,7.088174835967465e-08,0.1
feature_informed,0,167,0.465779049405608,0.15492975704042958,0.8517098764021541,0.06361629469418631,0.3147399592159829,0.16796610893082264,-2.2080001315021285,2.2080001315021285,13.39376089280848,8.859748229164432e-05,0.0,8.12734670674331e-08,0.1
feature_informed,0,168,0.465778956219182,0.154923623864887,0.8516761599213236,0.0636169665523138,0.3147432832165501,0.16802453826438554,-2.2078757178678172,2.2078757178678172,13.393742348087725,9.486908815388732e-05,0.0,9.318642596456428e-08,0.1
feature_informed,0,169,0.46577884937638,0.15491705661291216,0.8516400571514321,0.06361768272795872,0.3147468264768791,0.1680871523086266,-2.2077421508829174,2.2077421508829174,13.393722543292988,0.00010158335377868035,0.0,1.0684280205008889e-07,0.1
feature_informed,0,170,0.4657787268792772,0.15491002466462808,0.8516013997629593,0.06361844587454607,0.31475060212472117,0.16815425344996482,-2.2075987322505477,2.2075987322505477,13.393701397361273,0.00010877133135210348,0.0,1.2249710279466086e-07,0.1
feature_informed,0,171,0.4657785864384332,0.15490249525400585,0.8515600076281432,0.06361925876184764,0.31475462386344977,0.16822616633809995,-2.2074447066606746,2.2074447066606746,13.393678824675934,0.00011646622282810898,0.0,1.4044084400977042e-07,0.1
feature_informed,0,172,0.46577842543053766,0.1548944333206691,0.8515156880062902,0.06362012427378824,0.31475890596120787,0.16830323958059207,-2.2072792565768338,2.2072792565768338,13.393654734920224,0.00012470352446731958,0.0,1.610078955160965e-07,0.1
feature_informed,0,173,0.46577824084994246,0.15488580135177854,0.8514682346745525,0.06362104540458303,0.31476346323179677,0.1683858475745682,-2.207101496462969,2.207101496462969,13.39362903294557,0.00013352118043535058,0.0,1.845805951972146e-07,0.1
feature_informed,0,174,0.4657780292532092,0.15487655921338386,0.8514174270008028,0.06362202525287158,0.314768311005655,0.16847439248767232,-2.2069104663780035,2.2069104663780035,13.39360161865918,0.000142959745924044,0.0,2.1159673324611106e-07,0.1
feature_informed,0,175,0.46577778669567615,0.15486666397059984,0.851363028955072,0.06362306701345971,0.31477346508900106,0.16856930640157375,-2.2067051248545444,2.2067051248545444,13.393572386936494,0.0001530625602635538,0.0,2.4255753305890693e-07,0.1
feature_informed,0,176,0.4657775086589136,0.15485606969593455,0.8513047880558534,0.06362417396621796,0.31477894170890885,0.1686710536326857,-2.206484340964832,2.206484340964832,13.393541227564928,0.00016387593049601787,1.3877787807814457e-17,2.780367625576652e-07,0.1
feature_informed,0,177,0.46577718996777245,0.1548447272650657,0.8512424342474054,0.06362534946161433,0.31478475744173157,0.16878013324622398,-2.206246885461248,2.206246885461248,13.393508025226373,0.00017544932587747512,0.0,3.1869114114346786e-07,0.1
feature_informed,0,178,0.4657768246955585,0.15483258413933432,0.8511756787040329,0.06362659690227684,0.3147909291218826,0.16889708178138305,-2.205991420859822,2.205991420859822,13.39347265952734,0.00018783558376656015,0.0,3.652722139757536e-07,0.1
feature_informed,0,179,0.46577640605566,0.15481958413419494,0.8511042125571674,0.06362791971988885,0.31479747372752576,0.16902247620723818,-2.2057164903125592,2.2057164903125592,13.393435005086896,0.00020109112734190132,0.0,4.1863989846957494e-07,0.1
feature_informed,0,180,0.4657759262777244,0.1548056671728367,0.851027705540925,0.06362932134661149,0.31480440823918887,0.16915693713101498,-2.2054205050870794,2.2054205050870794,13.393394931694322,0.00021527619556543367,0.0,4.797779356024989e-07,0.1
feature_informed,0,181,0.465775376466227,0.15479076902416444,0.8509458045516853,0.06363080518010808,0.3148117494667225,0.16930113228263782,-2.2051017304389284,2.2051017304389284,13.393352304550248,0.00023045508577362316,0.0,5.498114973856438e-07,0.1
feature_informed,0,182,0.46577474643897526,0.1547748210243094,0.8508581321171261,0.06363237454110339,0.31481951383932605,0.16945578030199182,-2.204758269621461,2.204758269621461,13.393306984607182,0.0002466964092296636,0.0,6.300272517578698e-07,0.1
feature_informed,0,183,0.46577402454276917,0.15475774978082182,0.8507642847700536,0.06363403262225485,0.3148277171525887,0.16962165485814182,-2.2043880457284892,2.2043880457284892,13.393258829027818,0.0002640733599071059,0.0,7.218962060906442e-07,0.1
feature_informed,0,184,0.46577319744306256,0.15473947685868703,0.850663831322309,0.06363578242693047,0.31483637426559546,0.16979958913288737,-2.2039887810033245,2.2039887810033245,13.393207691782253,0.00028266399669284176,1.3877787807814457e-17,8.270997066128771e-07,0.1
feature_informed,0,185,0.465772249884059,0.15471991844730287,0.8505563110340131,0.06363762669628514,0.31484549874013873,0.16999048070451722,-2.2035579731710984,2.2035579731710984,13.393153424408421,0.00030255153909318846,1.3877787807814457e-17,9.475590035390447e-07,0.1
feature_informed,0,186,0.46577116441520205,0.15469898500756019,0.8504412316734273,0.06363956782279351,0.31485510241292436,0.1701952968715194,-2.203092868254642,2.203092868254642,13.393095876963633,0.0003238246763976628,0.0,1.0854688569650328e-06,0.1
feature_informed,0,187,0.46576992107950593,0.15467658089818326,0.8503180674628016,0.06364160774813571,0.3148651948903642,0.17041508046032372,-2.2025904292115994,2.2025904292115994,13.393034899199094,0.000346577890093027,1.3877787807814457e-17,1.2433356961216724e-06,0.1
feature_informed,0,188,0.4657684970585858,0.15465260398051692,0.8501862569057324,0.06364374784303424,0.3148757829540721,0.17065095616598638,-2.202047299573211,2.202047299573211,13.392970341993868,0.00037091178912178146,0.0,1.4240209201266119e-06,0.1
feature_informed,0,189,0.465766866268599,0.15462694520098885,0.8500452004917939,0.06364598876630538,0.3148868698635244,0.17090413748007244,-2.201459761061366,2.201459761061366,13.392902059089765,0.0003969334573377665,0.0,1.6307899868284181e-06,0.1
feature_informed,0,190,0.46576499890059364,0.15459948815054123,0.8498942582745604,0.06364833030001026,0.31489845454047416,0.17117593426597905,-2.2008236838932116,2.2008236838932116,13.392829909174447,0.00042475681221585147,0.0,1.8673680053371555e-06,0.1
feature_informed,0,191,0.46576286089796726,0.15457010860041245,0.8497327473196159,0.06365077115716679,0.3149105306176112,0.1714677610485486,-2.2001344681273443,2.2001344681273443,13.39275375836625,0.0004545029735174576,0.0,2.1380026263839724e-06,0.1
feature_informed,0,192,0.4657604133628664,0.1545386740137651,0.8495599390197798,0.06365330875800738,0.31492308533160257,0.1717811460921951,-2.1993869739269614,2.1993869739269614,13.392673483161506,0.00048630064018216276,0.0,2.447535100869036e-06,0.1
feature_informed,0,193,0.4657576118824077,0.15450504303280563,0.8493750562756031,0.06365593897023611,0.3149360982380219,0.1721177413499053,-2.1985754379602085,2.1985754379602085,13.392588973912673,0.0005202864732007532,0.0,2.8014804586695696e-06,0.1
feature_informed,0,194,0.46575440576456406,0.15446906494123208,0.8491772705402307,0.06365865580814628,0.31494953972274137,0.17247933337450314,-2.197693372245907,2.197693372245907,13.392500138914507,0.0005566054816033507,0.0,3.206117843657097e-06,0.1
feature_informed,0,195,0.4657507371724427,0.15443057910208421,0.8489656987290434,0.06366145108480145,0.3149633692811065,0.1728678552935196,-2.196733440459008,2.196733440459008,13.392406909184698,0.000595411407955471,0.0,3.668592121364167e-06,0.1
feature_informed,0,196,0.4657465401444927,0.1543894143713688,0.848739399996124,0.06366431401075656,0.31497753353261915,0.1732853999599732,-2.1956873048356265,2.1956873048356265,13.392309244035724,0.000636867108867866,0.0,4.197027950014753e-06,0.1
feature_informed,0,197,0.46574173948691094,0.1543453884881983,0.8484973723816105,0.06366723073199443,0.3149919639348905,0.17373423440340485,-2.1945454340375985,2.1945454340375985,13.392207137545707,0.0006811449249681174,0.0,4.80065758173831e-06,0.1
feature_informed,0,198,0.46573624952320886,0.15429830744263145,0.8482385493364666,0.06367018379887875,0.31500657415629996,0.17421681571867248,-2.193296858103421,2.193296858103421,13.392100626047784,0.000728427033520258,0.0,5.489963702087763e-06,0.1
feature_informed,0,199,0.46572997268454847,0.1542479648229524,0.8479617961342175,0.0636731515569713,0.3150212570620791,0.17473580854434811,-2.1919288499707044,2.1919288499707044,13.391989796769899,0.0007789057753769695,0.0,6.276838660390638e-06,0.1
feature_informed,0,200,0.46572279792312493,0.15419414114478927,0.8476659061828516,0.06367610744953675,0.3150358812634723,0.1752941042980777,-2.19042650227031,2.19042650227031,13.391874797769779,0.0008327839461589416,1.3877787807814457e-17,7.174761423534015e-06,0.1
feature_informed,0,201,0.4657145989295668,0.1541366031652795,0.8473495972545163,0.06367901922045963,0.3150502871741893,0.17589484235295716,-2.1887721498681465,2.1887721498681465,13.39175584932272,0.0008902750394280387,0.0,8.198993558139467e-06,0.1
feature_informed,0,202,0.4657052321341632,0.1540751031864594,0.847011507655977,0.06368184800514391,0.3150642825126548,0.17654143335677885,-2.1869445563596206,2.1869445563596206,13.39163325693267,0.0009516034270862646,0.0,9.36679540358698e-06,0.1
feature_informed,0,203,0.4656945344707377,0.15400937835322456,0.8466501923692281,0.06368454729576176,0.31507763718260307,0.17723758491478414,-2.184917722286246,2.184917722286246,13.391507426148902,0.0010170044592181626,0.0,1.0697663425485171e-05,0.1
feature_informed,0,204,0.4656823208813401,0.15393914995261138,0.8462641191993685,0.06368706176599528,0.3150900774585191,0.17798732987608673,-2.1826590516552278,2.1826590516552278,13.391378879381024,0.0010867244620044317,0.0,1.2213589397624958e-05,0.1
feature_informed,0,205,0.46566838153973694,0.15386412272283373,0.8458516649761038,0.06368932593920373,0.31510127939642996,0.17879505748388547,-2.1801263485773337,2.1801263485773337,13.391248274912657,0.0011610206080624886,0.0,1.3939341603153022e-05,0.1
feature_informed,0,206,0.4656524787721711,0.15378398418252706,0.8454111118663366,0.06369126268279748,0.3151108613848598,0.17966554766942106,-2.177262469228185,2.177262469228185,13.391116428317938,0.0012401606284774885,0.0,1.590276756585629e-05,0.1
feature_informed,0,207,0.46563434365527356,0.1536984039930657,0.8449406438685741,0.06369278151057538,0.31511837574568774,0.18060400878864163,-2.1739846152528344,2.1739846152528344,13.390984336482731,0.0013244223297202444,0.0,1.8135116897521897e-05,0.1
feature_informed,0,208,0.4656136722736982,0.15360703336970916,0.8444383435757681,0.06369377667397391,0.3151232992906533,0.1816161191176624,-2.170158696169332,2.170158696169332,13.390853204421989,0.0014140928714090708,1.3877787807814457e-17,2.067138157535453e-05,0.1
feature_informed,0,209,0.4655901216244172,0.15350950456078755,0.8439021893121904,0.0636941250227021,0.31512502273690285,0.18270807243692527,-2.1655144758887115,2.1655144758887115,13.39072447506273,0.0015094677522300053,1.3877787807814457e-17,2.3550649281001146e-05,0.1
feature_informed,0,210,0.4655655486096507,0.15341416942484354,0.8433780945327062,0.06369379444618448,0.31512338721820166,0.18378484562822944,-2.1594988576742535,2.1594988576742535,13.3905998621246,0.0014799819487666852,0.0,2.457301476649354e-05,0.1
feature_informed,0,211,0.4655655126451194,0.15341768914121523,0.8433974437994525,0.0636943573485347,0.3151261721629018,0.18371522573079924,-2.1595280710775384,2.1595280710775384,13.390496334435847,6.199771164692116e-05,0.0,3.596453129750543e-08,0.1
feature_informed,0,212,0.4655654853366939,0.15342075608514733,0.8434143039978238,0.06369484772712848,0.315128598298208,0.18365460613581974,-2.1595534705966135,2.1595534705966135,13.39057214063553,5.402239426653065e-05,0.0,2.730842552089996e-08,0.1
feature_informed,0,213,0.46556546459595016,0.15342342883552595,0.8434289971590223,0.06369527499195857,0.31513071217981403,0.18360181171334078,-2.159575563086224,2.159575563086224,13.390638121408077,4.7078909144829073e-05,0.0,2.0740743733593803e-08,0.1
feature_informed,0,214,0.4655654488400337,0.1534257583116712,0.8434418032065993,0.06369564731614229,0.31513255424400466,0.18355582355380357,-2.1595947859098525,2.1595947859098525,13.390695565745244,4.1032337577397984e-05,0.0,1.5755916460413744e-08,0.1
feature_informed,0,215,0.46556543686869334,0.15342778879435057,0.8434529655693688,0.06369597180233205,0.31513415963096764,0.18351575753125415,-2.159611516970056,2.159611516970056,13.390745589803357,3.576574540806129e-05,0.0,1.1971340363459149e-08,0.1
feature_informed,0,216,0.46556542777141874,0.15342955880600476,0.8434626960203553,0.06369625462581863,0.3151355588927929,0.1834808459673523,-2.159626083174777,2.159626083174777,13.390789160974556,3.117770313254928e-05,0.0,9.097274600300409e-09,0.1
feature_informed,0,217,0.46556542085724517,0.15343110187071854,0.8434711788546523,0.0636965011578091,0.31513677860338746,0.18345042191041494,-2.159638767609457,2.159638767609457,13.39082711839235,2.7180167682935493e-05,0.0,6.914173567018622e-09,0.1
feature_informed,0,218,0.4655654156016506,0.15343244717121257,0.8434785745011658,0.06369671607179106,0.3151378418847094,0.183423905628271,-2.159649815632724,2.159649815632724,13.39086019044939,2.3696668509190728e-05,0.0,5.255594570652278e-09,0.1
feature_informed,0,219,0.46556541160635156,0.1534336201174501,0.8434850226484687,0.06369690343542818,0.31513876886141856,0.18340079298170525,-2.1596594400725158,2.1596594400725158,13.390889009800464,2.0660750734271504e-05,0.0,3.9952990360525575e-09,0.1
feature_informed,0,220,0.4655654085688492,0.15343464283923447,0.8434906449528032,0.0636970667900504,0.3151395770541525,0.18338064540034,-2.1596678256671415,2.1596678256671415,13.390914126240396,1.801463629060068e-05,0.0,3.0375023607476237e-09,0.1
feature_informed,0,221,0.46556540625934495,0.15343553461332485,0.8434955473861047,0.0636972092194849,0.31514028172006586,0.18336308122769407,-2.159675132870001,2.159675132870001,13.390936017779515,1.5708070500762044e-05,0.0,2.309504254505157e-09,0.1
feature_informed,0,222,0.4655654045032369,0.15343631223405332,0.843499822273429,0.06369733340971194,0.31514089614797597,0.18334776823897736,-2.159681501116054,2.159681501116054,13.390955100185538,1.3697326887348625e-05,0.0,1.7561080367656245e-09,0.1
feature_informed,0,223,0.4655654031678409,0.153436990335128,0.8435035500620316,0.06369744170061009,0.3151414319143709,0.18333441716554816,-2.1596870516314617,2.1596870516314617,13.390971735216718,1.1944347344358064e-05,1.3877787807814457e-17,1.3353960159889766e-09,0.1
feature_informed,0,224,0.4655654021523128,0.1534375816692119,0.8435068008583223,0.06369753613087084,0.3151418991056237,0.1833227760851442,-2.1596918898543467,2.1596918898543467,13.390986237735307,1.0415998377702407e-05,0.0,1.0155281060519883e-09,0.1
feature_informed,0,225,0.46556540137999874,0.15343809735093858,0.8435096357638181,0.0636976184770087,0.31514230651099356,0.18331262555799022,-2.1596961075235797,2.1596961075235797,13.39099888186087,9.08342707683785e-06,0.0,7.723140460491607e-10,0.1
feature_informed,0,226,0.4655654007926266,0.15343854706823995,0.8435121080368951,0.06369769028726072,0.315142661790343,0.18330377440645523,-2.1596997844834958,2.1596997844834958,13.391009906298516,7.921502936248489e-06,0.0,5.873721509175311e-10,0.1
feature_informed,0,227,0.46556540034589344,0.1534389392661867,0.8435142641034322,0.06369775291105895,0.31514297161995186,0.18329605605071492,-2.1597029902449743,2.1597029902449743,13.39101951895691,6.9083336961815495e-06,0.0,4.467331504720562e-10,0.1
feature_informed,0,228,0.4655654000061148,0.15343928130697093,0.8435161444362981,0.06369780752466449,0.3151432418193412,0.18328932532534303,-2.159705785337155,2.159705785337155,13.391027900953901,6.024845093706683e-06,0.0,3.397786496606159e-10,0.1
feature_informed,0,229,0.46556539974767724,0.15343957960916713,0.843517784320924,0.06369785515347073,0.3151434774616182,0.18328345571232585,-2.1597082224789235,2.1597082224789235,13.391035210093394,5.2544158644015275e-06,0.0,2.5843754913879025e-10,0.1
feature_informed,0,230,0.46556539955110354,0.153439839768986,0.8435192145218835,0.06369789669141496,0.31514368296951417,0.18327833693497064,-2.159710347595006,2.159710347595006,13.391041583885107,4.582560561198194e-06,0.0,1.9657370176062727e-10,0.1
feature_informed,0,231,0.4655653994015819,0.15344006666587345,0.843520461863412,0.06369793291787765,0.3151438621989937,0.18327387286483615,-2.1597122006978884,2.1597122006978884,13.391047142168716,3.996653797087049e-06,0.0,1.4952161730974467e-10,0.1
feature_informed,0,232,0.46556539928784796,0.1534402645544931,0.8435215497350708,0.06369796451239819,0.31514401851206025,0.18326997970035053,-2.159713816653756,2.159713816653756,13.391051989395297,3.485690403656034e-06,0.0,1.1373396668901137e-10,0.1
feature_informed,0,233,0.46556539920133466,0.15344043714486194,0.8435224985322839,0.06369799206749166,0.3151441548401667,0.18326658438138638,-2.1597152258480565,2.1597152258480565,13.391056216611583,3.0400767529919343e-06,0.0,8.651329652664685e-11,0.1
feature_informed,0,234,0.4655653991355262,0.15344058767217478,0.8435233260401911,0.063698016099814,0.31514427373945486,0.1832636232088723,-2.159716454764113,2.159716454764113,13.39105990318643,2.6514491372155944e-06,0.0,6.580846978465615e-11,0.1
feature_informed,0,235,0.4655653990854667,0.15344071895765277,0.8435240477681558,0.06369803705988973,0.315144377438883,0.18326104064265492,-2.1597175264863595,2.1597175264863595,13.391063118313399,2.3125156540823152e-06,0.0,5.005951209113846e-11,0.1
feature_informed,0,236,0.4655653990473869,0.15344083346157492,0.8435246772413006,0.06369805534058855,0.3151444678821637,0.1832587882543899,-2.159718461138164,2.159718461138164,13.391065922318877,2.016918523690038e-06,0.0,3.807976156622317e-11,0.1
feature_informed,0,237,0.46556539901841976,0.153440933329502,0.8435252262546178,0.06369807128451255,0.315144546764312,0.18325682381531339,-2.1597192762628756,2.1597192762628756,13.391068367801156,1.7591141712154814e-06,0.0,2.8967162002402347e-11,0.1
feature_informed,0,238,0.4655653989963844,0.15344102043256994,0.8435257050944781,0.06369808519043477,0.3151446155634996,0.18325511050140142,-2.159719987155542,2.159719987155542,13.391070500622527,1.5342687643205737e-06,0.0,2.203537352585272e-11,0.1
feature_informed,0,239,0.46556539897962174,0.15344109640261583,0.8435261227317328,0.0636980973189115,0.315144675568822,0.18325361620072095,-2.1597206071517534,2.1597206071517534,13.39107236077353,1.3381671991171557e-06,0.0,1.6762646826151695e-11,0.1
feature_informed,0,240,0.4655653989668703,0.153441162662802,0.8435264869900654,0.06369810789717464,0.31514472790450304,0.18325231290976668,-2.1597211478792095,2.1597211478792095,13.391073983125901,1.1671337921130158e-06,0.0,1.2751411038181004e-11,0.1
feature_informed,0,241,0.46556539895717014,0.15344122045431594,0.8435268046927723,0.06369811712339674,0.3151447735509963,0.18325117620729786,-2.1597216194768594,2.1597216194768594,13.391075398088725,1.0179631644621838e-06,0.0,9.700185099603686e-12,0.1
feature_informed,0,242,0.4655653989497908,0.1534412708596503,0.843527081790742,0.06369812517040951,0.3151448133633822,0.1832501847956871,-2.159722030785827,2.159722030785827,13.391076632180226,8.878600021245341e-07,0.0,7.379319377776028e-12,0.1
feature_informed,0,243,0.4655653989441773,0.15344131482290213,0.8435273234740472,0.06369813218894611,0.315144848087409,0.1832493201010874,-2.159722389515774,2.159722389515774,13.391077708526126,7.743865474157906e-07,0.0,5.6135096571097165e-12,0.1
feature_informed,0,244,0.4655653989399069,0.15344135316747315,0.8435275342692519,0.06369813831046786,0.3151448783734782,0.18324856592485267,-2.1597227023898835,2.1597227023898835,13.391078647294078,6.754168257537155e-07,1.3877787807814457e-17,4.270417353069433e-12,0.1
feature_informed,0,245,0.4655653989366584,0.15344138661150503,0.8435277181242634,0.0636981436496293,0.3151449047888402,0.18324790813962327,-2.1597229752712193,2.1597229752712193,13.391079466072334,5.890967411891126e-07,1.3877787807814457e-17,3.248512570053208e-12,0.1
feature_informed,0,246,0.46556539893418714,0.15344141578133902,0.8435278784823261,0.06369814830642764,0.3151449278282286,0.183247334424341,-2.15972321327287,2.15972321327287,13.39108018019988,5.138092858359138e-07,0.0,2.471245430513136e-12,0.1
feature_informed,0,247,0.465565398932307,0.15344144122325384,0.8435280183465494,0.0636981523680771,0.3151449479231334,0.1832468340331958,-2.1597234208539606,2.1597234208539606,13.391080803054267,4.4814420658768025e-07,0.0,1.8801626922027026e-12,0.1
feature_informed,0,248,0.46556539893087684,0.15344146341370218,0.8435281403361812,0.06369815591064351,0.31514496544988835,0.18324639759415295,-2.1597236019033557,2.1597236019033557,13.39108134630255,3.9087155635569644e-07,0.0,1.4301337891708954e-12,0.1
feature_informed,0,249,0.4655653989297889,0.15344148276823733,0.8435282467356815,0.06369815900046963,0.3151449807367225,0.1832460169332661,-2.1597237598126333,2.1597237598126333,13.391081820120114,3.409186319130878e-07,0.0,1.0879630529814222e-12,0.1
feature_informed,0,250,0.46556539892896115,0.15344149964929885,0.8435283395375234,0.06369816169541828,0.31514499406991064,0.1832456849214732,-2.1597238975397115,2.1597238975397115,13.391082233381454,2.973498636354228e-07,0.0,8.277267760092855e-13,0.1
feature_informed,0,251,0.46556539892833154,0.15344151437300202,0.843528420479517,0.0636981640459565,0.3151450056991372,0.18324539534099354,-2.159724017664323,2.159724017664323,13.391082593826559,2.593492789712197e-07,0.0,6.296074772649263e-13,0.1
feature_informed,0,252,0.4655653989278526,0.15344152721505955,0.8435284910773637,0.06369816609610095,0.3151450158421734,0.18324514276881587,-2.159724122436389,2.159724122436389,13.391082908205988,2.2620520983952971e-07,0.0,4.789502128232925e-13,0.1
feature_informed,0,253,0.4655653989274882,0.153441538415946,0.8435285526530467,0.06369816788424242,0.3151450246889567,0.1832449224750899,-2.1597242138181993,2.1597242138181993,13.39108318240738,1.9729695631365836e-07,0.0,3.643751966819764e-13,0.1
feature_informed,0,254,0.46556539892721094,0.15344154818540176,0.8435286063595917,0.06369816944386507,0.31514503240514913,0.18324473033451194,-2.1597242935211973,2.1597242935211973,13.391083421565801,1.7208315634281973e-07,0.0,2.7727820040013285e-13,0.1
feature_informed,0,255,0.4655653989270001,0.15344155670636164,0.8435286532026632,0.06369817080417355,0.31514503913523984,0.18324456274904394,-2.159724363038053,2.159724363038053,13.391083630159947,1.500916429450403e-07,0.0,2.1083135237631723e-13,0.1
feature_informed,0,256,0.4655653989268396,0.15344156413838073,0.8435286940593985,0.06369817199064,0.31514504500525164,0.18324441658051288,-2.159724423670637,2.159724423670637,13.391083812096067,1.3091059855157364e-07,0.0,1.6048273820956638e-13,0.1
feature_informed,0,257,0.46556539892671767,0.15344157062062277,0.8435287296948353,0.06369817302548113,0.3151450501251012,0.1832442890918295,-2.1597244765544135,2.1597244765544135,13.391083970781134,1.1418084039195041e-07,0.0,1.2195799925507345e-13,0.1
feature_informed,0,258,0.46556539892662474,0.1534415762744663,0.8435287607762393,0.06369817392807427,0.31514505459065717,0.18324417789572078,-2.159724522679715,2.159724522679715,13.39108410918667,9.958909251531643e-08,0.0,9.29256671611256e-14,0.1
feature_informed,0,259,0.4655653989265542,0.1534415812057776,0.8435287878855992,0.06369817471532035,0.3151450584855367,0.18324408091001826,-2.1597245629102955,2.1597245629102955,13.391084229904413,8.686211773178408e-08,0.0,7.05546732149287e-14,0.1
feature_informed,0,260,0.46556539892650045,0.15344158550689352,0.8435288115305268,0.06369817540196035,0.31514506188267016,0.18324399631866084,-2.159724597999512,2.159724597999512,13.391084335194863,7.576159999910056e-08,0.0,5.3734794391857577e-14,0.1
feature_informed,0,261,0.46556539892645954,0.15344158925835027,0.8435288321537617,0.06369817600085133,0.3151450648456677,0.18324392253768335,-2.159724628604435,2.159724628604435,13.391084427029607,6.607968095399322e-08,0.0,4.091171845743702e-14,0.1
feature_informed,0,262,0.4655653989264284,0.15344159253039183,0.8435288501414625,0.06369817652320726,0.31514506743001003,0.18324385818555283,-2.159724655298156,2.159724655298156,13.391084507128264,5.76350670151145e-08,0.0,3.114175584073564e-14,0.1
feature_informed,0,263,0.4655653989264048,0.15344159538428515,0.8435288658304377,0.06369817697880899,0.3151450696840877,0.18324380205729585,-2.159724678580524,2.159724678580524,13.391084576990679,5.026963415623073e-08,0.0,2.3592239273284576e-14,0.1
feature_informed,0,264,0.4655653989263868,0.15344159787346745,0.843528879514453,0.06369817737618738,0.3151450716501069,0.18324375310193353,-2.159724698887503,2.159724698887503,13.39108463792501,4.3845466628433916e-08,0.0,1.7985612998927536e-14,0.1
feature_informed,0,265,0.4655653989263731,0.15344160004454693,0.8435288914497318,0.06369817772278309,0.3151450733648802,0.18324371040280024,-2.1597247165993427,2.1597247165993427,13.39108469107224,3.824227427089765e-08,0.0,1.3711254354120683e-14,0.1
feature_informed,0,266,0.4655653989263626,0.1534416019381754,0.843528901859753,0.0636981780250859,0.3151450748605154,0.18324367316037826,-2.1597247320476933,2.1597247320476933,13.391084737427532,3.3355139796189237e-08,0.0,1.049160758270773e-14,0.1
feature_informed,0,267,0.46556539892635473,0.15344160358980957,0.8435289109394364,0.06369817828875621,0.3151450761650174,0.18324364067732601,-2.159724745521822,2.159724745521822,13.391084777858865,2.9092554153202344e-08,0.0,7.882583474838611e-15,0.1
feature_informed,0,268,0.4655653989263487,0.15344160503037493,0.8435289188587913,0.06369817851873104,0.3151450773028119,0.18324361234541975,-2.159724757274027,2.159724757274027,13.391084813123298,2.5374702938060678e-08,0.0,6.050715484207103e-15,0.1
feature_informed,0,269,0.4655653989263442,0.15344160628684492,0.8435289257661016,0.06369817871931648,0.3151450782952031,0.18324358763416448,-2.1597247675243625,2.1597247675243625,13.391084843881133,2.2131971729882305e-08,0.0,4.496403249731884e-15,0.1
feature_informed,0,270,0.4655653989263407,0.15344160738274581,0.8435289317907003,0.0636981788942683,0.3151450791607727,0.18324356608086045,-2.1597247764647616,2.1597247764647616,13.391084870708296,1.9303642624553143e-08,0.0,3.497202527569243e-15,0.1
feature_informed,0,271,0.465565398926338,0.15344160833859738,0.8435289370453928,0.06369817904686238,0.31514507991572793,0.18324354728193887,-2.159724784262628,2.159724784262628,13.391084894107102,1.6836757242459954e-08,0.0,2.6645352591003757e-15,0.1
feature_informed,0,272,0.465565398926336,0.1534416091722971,0.8435289416285684,0.06369817917995588,0.31514508057420454,0.18324353088540507,-2.1597247910639714,2.1597247910639714,13.39108491451568,1.4685125023747643e-08,0.0,1.9984014443252818e-15,0.1
feature_informed,0,273,0.46556539892633436,0.1534416098994552,0.8435289456260427,0.06369817929604085,0.3151450811485319,0.1832435165842477,-2.159724796996143,2.159724796996143,13.391084932316163,1.280845835760801e-08,0.0,1.6653345369377348e-15,0.1
feature_informed,0,274,0.46556539892633325,0.15344161053368716,0.8435289491126655,0.0636981793972909,0.31514508164946387,0.1832435041106898,-2.159724802170218,2.159724802170218,13.391084947841854,1.1171618231357988e-08,0.0,1.1102230246251565e-15,0.1
feature_informed,0,275,0.46556539892633236,0.15344161108686827,0.8435289521537199,0.06369817948560182,0.3151450820863798,0.18324349323117511,-2.1597248066830774,2.1597248066830774,13.391084961383457,9.743956175250967e-09,0.0,8.881784197001252e-16,0.1
feature_informed,0,276,0.4655653989263317,0.15344161156935632,0.8435289548061466,0.06369817956262717,0.31514508246746076,0.18324348374199434,-2.159724810619221,2.159724810619221,13.391084973194525,8.498740486907387e-09,0.0,6.661338147750939e-16,0.1
feature_informed,0,277,0.4655653989263312,0.1534416119901855,0.8435289571196104,0.06369817962980918,0.31514508279984205,0.18324347546547132,-2.159724814052349,2.159724814052349,13.39108498349621,7.412655597521211e-09,0.0,4.996003610813204e-16,0.1
feature_informed,0,278,0.46556539892633075,0.15344161235723536,0.843528959137428,0.06369817968840574,0.315145083089747,0.18324346824663562,-2.1597248170467442,2.1597248170467442,13.391084992481407,6.4653655419975506e-09,0.0,4.440892098500626e-16,0.1
feature_informed,0,279,0.4655653989263305,0.15344161267737863,0.8435289608973816,0.06369817973951404,0.31514508334260394,0.18324346195032148,-2.1597248196584746,2.1597248196584746,13.391085000318352,5.639133196811831e-09,1.3877787807814457e-17,2.7755575615628914e-16,0.1
feature_informed,0,280,0.4655653989263303,0.15344161295660963,0.8435289624324244,0.06369817978409102,0.3151450835631474,0.18324345645863632,-2.159724821936442,2.159724821936442,13.391085007153784,4.918488112230532e-09,0.0,1.6653345369377348e-16,0.1
feature_informed,0,281,0.46556539892633014,0.1534416132001567,0.8435289637712985,0.06369817982297137,0.31514508375550687,0.1832434516687535,-2.1597248239232996,2.1597248239232996,13.39108501311569,4.289936903850647e-09,1.3877787807814457e-17,1.6653345369377348e-16,0.1
feature_informed,0,282,0.46556539892633,0.15344161341258003,0.8435289649390731,0.06369817985688303,0.31514508392328394,0.1832434474909871,-2.159724825656249,2.159724825656249,13.391085018315705,3.74171054131192e-09,0.0,1.6653345369377348e-16,0.1
feature_informed,0,283,0.46556539892632987,0.15344161359785702,0.8435289659576137,0.06369817988646101,0.3151450840696202,0.1832434438471126,-2.1597248271677385,2.1597248271677385,13.391085022851188,3.263544005446423e-09,0.0,1.1102230246251565e-16,0.1
feature_informed,0,284,0.46556539892632975,0.15344161375945678,0.8435289668459912,0.06369817991225911,0.3151450841972557,0.18324344066890186,-2.1597248284860693,2.1597248284860693,13.391085026807067,2.846484104055075e-09,0.0,1.1102230246251565e-16,0.1
feature_informed,0,285,0.4655653989263297,0.15344161390040514,0.84352896762084,0.06369817993476039,0.3151450843085801,0.1832434378968461,-2.159724829635926,2.159724829635926,13.39108503025741,2.4827217958461327e-09,0.0,5.551115123125783e-17,0.1
feature_informed,0,286,0.46556539892632964,0.15344161402334122,0.8435289682966679,0.06369817995438615,0.31514508440567807,0.18324343547904126,-2.1597248306388384,2.1597248306388384,13.39108503326682,2.1654459706684362e-09,0.0,5.551115123125783e-17,0.1
feature_informed,0,287,0.46556539892632964,0.1534416141305669,0.8435289688861297,0.06369817997150386,0.3151450844903675,0.1832434333702162,-2.1597248315135844,2.1597248315135844,13.391085035891647,1.8887159580037657e-09,1.3877787807814457e-17,0.0,0.1
feature_informed,0,288,0.4655653989263296,0.15344161422408978,0.8435289694002618,0.06369817998643403,0.3151450845642341,0.18324343153088557,-2.159724832276544,2.159724832276544,13.39108503818104,1.6473502417572893e-09,0.0,5.551115123125783e-17,0.1
feature_informed,0,289,0.4655653989263296,0.15344161430566106,0.8435289698486912,0.06369817999945623,0.31514508462866114,0.18324342992660947,-2.159724832942002,2.159724832942002,13.391085040177861,1.4368295364874775e-09,0.0,0.0,0.1
feature_informed,0,290,0.4655653989263296,0.15344161437680806,0.8435289702398143,0.06369818001081427,0.31514508468485475,0.18324342852734948,-2.159724833522419,2.159724833522419,13.391085041919501,1.2532120073198702e-09,0.0,0.0,0.1
feature_informed,0,291,0.4655653989263296,0.15344161443886292,0.8435289705809543,0.06369818002072083,0.3151450847338672,0.1832434273069059,-2.159724834028662,2.159724834028662,13.391085043438572,1.0930596326107652e-09,0.0,0.0,0.1
feature_informed,0,292,0.4655653989263296,0.1534416144929876,0.843528970878499,0.0636981800293614,0.3151450847766162,0.18324342624242712,-2.1597248344702105,2.1597248344702105,13.391085044763516,9.533736829602443e-10,0.0,0.0,0.1
feature_informed,0,293,0.4655653989263296,0.15344161454019548,0.8435289711380193,0.06369818003689776,0.31514508481390213,0.1832434253139818,-2.159724834855332,2.159724834855332,13.391085045919137,8.315386934440936e-10,0.0,0.0,0.1
feature_informed,0,294,0.46556539892632953,0.15344161458137046,0.8435289713643743,0.06369818004347101,0.3151450848464231,0.1832434245041859,-2.1597248351912377,2.1597248351912377,13.39108504692708,7.252734325702407e-10,0.0,5.551115123125783e-17,0.1
feature_informed,0,295,0.46556539892632953,0.1534416146172836,0.843528971561803,0.06369818004920426,0.3151450848747882,0.18324342379787661,-2.1597248354842167,2.1597248354842167,13.391085047806214,6.325881810442631e-10,0.0,0.0,0.1
feature_informed,0,296,0.46556539892632964,0.15344161464860728,0.8435289717340017,0.06369818005420483,0.3151450848995284,0.18324342318182907,-2.159724835739755,2.159724835739755,13.391085048573002,5.517475156715775e-10,0.0,-1.1102230246251565e-16,0.1
feature_informed,0,297,0.4655653989263296,0.15344161467592796,0.8435289718841942,0.06369818005856637,0.315145084921107,0.18324342264450844,-2.1597248359626366,2.1597248359626366,13.391085049241797,4.812377544716171e-10,0.0,5.551115123125783e-17,0.1
feature_informed,0,298,0.46556539892632953,0.15344161469975723,0.8435289720151931,0.0636981800623705,0.3151450849399279,0.18324342217585393,-2.159724836157036,2.159724836157036,13.391085049825126,4.197386852004979e-10,0.0,5.551115123125783e-17,0.1
feature_informed,0,299,0.46556539892632953,0.15344161472054127,0.8435289721294511,0.06369818006568852,0.31514508495634364,0.1832434217670904,-2.159724836326592,2.159724836326592,13.391085050333908,3.6609880695556013e-10,0.0,0.0,0.1
feature_informed,0,300,0.4655653989263296,0.15344161473866927,0.8435289722291078,0.06369818006858251,0.3151450849706616,0.1832434214105642,-2.15972483647448,2.15972483647448,13.391085050777672,3.1931374631060046e-10,0.0,-5.551115123125783e-17,0.1
feature_informed,0,301,0.46556539892632953,0.1534416147544806,0.843528972316029,0.06369818007110666,0.31514508498314975,0.1832434210995998,-2.159724836603469,2.159724836603469,13.391085051164726,2.7850751924368573e-10,0.0,5.551115123125783e-17,0.1
feature_informed,0,302,0.46556539892632953,0.15344161476827137,0.8435289723918422,0.06369818007330824,0.31514508499404204,0.18324342082837458,-2.159724836715974,2.159724836715974,13.391085051502316,2.429160696990309e-10,0.0,0.0,0.1
feature_informed,0,303,0.46556539892632953,0.15344161478029977,0.8435289724579671,0.06369818007522847,0.3151450850035423,0.18324342059181015,-2.1597248368141013,2.1597248368141013,13.391085051796765,2.118729572129313e-10,0.0,0.0,0.1
feature_informed,0,304,0.4655653989263296,0.15344161479079102,0.8435289725156416,0.06369818007690332,0.31514508501182864,0.18324342038547714,-2.159724836899689,2.159724836899689,13.391085052053583,1.847969728094929e-10,0.0,-5.551115123125783e-17,0.1
feature_informed,0,305,0.46556539892632953,0.1534416147999415,0.8435289725659455,0.06369818007836413,0.3151450850190559,0.18324342020551215,-2.159724836974339,2.159724836974339,13.391085052277584,1.611811287272686e-10,0.0,5.551115123125783e-17,0.1
feature_informed,0,306,0.46556539892632953,0.15344161480792268,0.8435289726098211,0.06369818007963825,0.3151450850253596,0.18324342004854555,-2.159724837039449,2.159724837039449,13.391085052472958,1.4058322314488632e-10,0.0,0.0,0.1
feature_informed,0,307,0.46556539892632964,0.15344161481488391,0.8435289726480898,0.06369818008074955,0.31514508503085775,0.18324341991163823,-2.1597248370962383,2.1597248370962383,13.391085052643366,1.2261759228910393e-10,0.0,-1.1102230246251565e-16,0.1
feature_informed,0,308,0.4655653989263296,0.1534416148209555,0.8435289726814676,0.06369818008171885,0.3151450850356533,0.18324341979222686,-2.1597248371457707,2.1597248371457707,13.391085052791997,1.0694786347680467e-10,0.0,5.551115123125783e-17,0.1
feature_informed,0,309,0.4655653989263296,0.15344161482625124,0.8435289727105805,0.06369818008256425,0.3151450850398359,0.1832434196880754,-2.159724837188973,2.159724837188973,13.391085052921632,9.328061586669428e-11,0.0,0.0,0.1
feature_informed,0,310,0.4655653989263296,0.15344161483087018,0.8435289727359726,0.06369818008330164,0.3151450850434841,0.1832434195972339,-2.1597248372266544,2.1597248372266544,13.391085053034699,8.1359948920702e-11,0.0,0.0,0.1
feature_informed,0,311,0.46556539892632953,0.15344161483489885,0.8435289727581198,0.06369818008394477,0.315145085046666,0.18324341951800127,-2.15972483725952,2.15972483725952,13.39108505313332,7.096269362197979e-11,0.0,5.551115123125783e-17,0.1
feature_informed,0,312,0.46556539892632953,0.15344161483841265,0.8435289727774365,0.06369818008450573,0.31514508504944133,0.18324341944889405,-2.159724837288186,2.159724837288186,13.391085053219337,6.189411434680267e-11,1.3877787807814457e-17,0.0,0.1
feature_informed,0,313,0.4655653989263296,0.15344161484147747,0.8435289727942851,0.063698180084995,0.315145085051862,0.18324341938861838,-2.1597248373131888,2.1597248373131888,13.391085053294363,5.398445466115193e-11,0.0,-5.551115123125783e-17,0.1
feature_informed,0,314,0.4655653989263296,0.1534416148441506,0.8435289728089802,0.06369818008542175,0.3151450850539733,0.1832434193360455,-2.1597248373349958,2.1597248373349958,13.391085053359799,4.708558124809066e-11,0.0,0.0,0.1
feature_informed,0,315,0.46556539892632953,0.15344161484648208,0.8435289728217974,0.06369818008579395,0.31514508505581473,0.1832434192901911,-2.1597248373540165,2.1597248373540165,13.391085053416873,4.106833928327523e-11,0.0,5.551115123125783e-17,0.1
feature_informed,0,316,0.4655653989263295,0.15344161484851565,0.8435289728329767,0.06369818008611859,0.3151450850574209,0.18324341925019655,-2.1597248373706064,2.1597248373706064,13.391085053466654,3.5820089352411645e-11,0.0,5.551115123125783e-17,0.1
feature_informed,0,317,0.46556539892632964,0.15344161485028937,0.8435289728427275,0.06369818008640175,0.3151450850588219,0.18324341921531306,-2.159724837385076,2.159724837385076,13.391085053510073,3.1242514228354237e-11,0.0,-1.6653345369377348e-16,0.1
feature_informed,0,318,0.4655653989263296,0.15344161485183638,0.8435289728512321,0.06369818008664872,0.31514508506004374,0.18324341918488746,-2.1597248373976967,2.1597248373976967,13.391085053547943,2.7249911395549368e-11,0.0,5.551115123125783e-17,0.1
feature_informed,0,319,0.46556539892632953,0.1534416148531857,0.8435289728586497,0.06369818008686413,0.3151450850611095,0.18324341915835013,-2.1597248374087044,2.1597248374087044,13.391085053580975,2.3767549359505916e-11,0.0,5.551115123125783e-17,0.1
feature_informed,0,320,0.46556539892632953,0.1534416148543626,0.8435289728651197,0.06369818008705201,0.315145085062039,0.18324341913520398,-2.1597248374183056,2.1597248374183056,13.391085053609784,2.0730225124337886e-11,0.0,0.0,0.1
