initialization_kind,initialization_seed,iteration,total_objective,feature_raw,feature_normalized,gw_raw,gw_normalized,coverage_loss,entropy_loss,shannon_plan_entropy,gradient_norm,step_norm,source_marginal_feasibility_error,objective_improvement,learning_rate
uniform,0,0,0.9124390048272841,0.13919394257390214,0.7652039084693707,0.23437097804149654,1.1595443026789782,0.48649997805511513,-3.372924660854747,3.372924660854747,9.495131834308053,0.14144994152088694,5.551115123125783e-17,0.08756099516795635,0.1
uniform,0,1,0.9103634566926155,0.14319305235493696,0.7871885895428393,0.22841298033514762,1.1300672643805414,0.3745519844035069,-3.4849745501971565,3.4849745501971565,8.75180852235312,0.020276876369428303,2.7755575615628914e-17,0.0020755481346685922,0.003125
uniform,0,2,0.9089586055202398,0.14326376497637128,0.7875773246652095,0.22768254803940896,1.1264534696432658,0.3666224461051626,-3.49401521976906,3.49401521976906,8.800607673345663,0.0022032427081537602,2.7755575615628914e-17,0.001404851172375765,0.0032812500000000003
uniform,0,3,0.9077388348690795,0.14331768549744608,0.7878737470001917,0.22700368680274657,1.1230948213760639,0.36059819274919597,-3.499931744569265,3.499931744569265,8.818870036508853,0.002092790354158142,2.7755575615628914e-17,0.0012197706511603013,0.0034453125000000005
uniform,0,4,0.9066403729643593,0.1433596385671733,0.7881043795430591,0.22635689518900234,1.1198948367320398,0.35588379124054936,-3.5041205767101404,3.5041205767101404,8.831101022227847,0.0020279515045663983,2.7755575615628914e-17,0.0010984619047201827,0.0036175781250000006
uniform,0,5,0.9056249640440308,0.14339245370800835,0.7882847772928436,0.22572908121293747,1.116788743455596,0.35214195210498944,-3.507033080948305,3.507033080948305,8.839753282481787,0.0019923444818072678,2.7755575615628914e-17,0.0010154089203284755,0.0037984570312500007
uniform,0,6,0.9046655150487414,0.14341800203731453,0.7884252265184237,0.22510983092572023,1.1137250188064292,0.34915340458316335,-3.5089056738675586,3.5089056738675586,8.846026597858176,0.0019794725168424776,2.7755575615628914e-17,0.0009594489952894358,0.003988379882812501
uniform,0,7,0.9037402353509689,0.14343759906869635,0.7885329591160531,0.22448980457157158,1.110657454586355,0.3467615236734037,-3.5098720154469776,3.5098720154469776,8.850611276209325,0.0019869890432328598,2.7755575615628914e-17,0.000925279697772452,0.004187798876953127
uniform,0,8,0.9028296983245903,0.1434521836307514,0.7886131361961867,0.22385985677128278,1.1075408042702024,0.3448464510989964,-3.5100015073131843,3.5100015073131843,8.853952609906601,0.0020147043703906816,1.3877787807814457e-17,0.0009105370263786661,0.004397188820800783
uniform,0,9,0.9019150969775362,0.14346239913175285,0.7886692948274369,0.22321043389175704,1.1043278015073343,0.3433117548012498,-3.509312685228537,3.509312685228537,8.856365134420184,0.0020637251895087834,1.3877787807814457e-17,0.0009146013470540115,0.004617048261840823
uniform,0,10,0.900977022702127,0.14346862565739468,0.7887035244905186,0.22253106348152465,1.1009666341171713,0.3420772080494521,-3.5077726405252276,3.5077726405252276,8.858088565284543,0.0021360185602340323,1.3877787807814457e-17,0.0009380742754092619,0.004847900674932864
uniform,0,11,0.8999944536617679,0.14347098494946947,0.788716494448,0.2218098366506595,1.0973983831773266,0.34107487031436146,-3.5052805545731083,3.5052805545731083,8.859317485199238,0.002234168850269328,1.3877787807814457e-17,0.0009825690403590936,0.005090295708679508
uniform,0,12,0.8989437736263932,0.1434693300426903,0.7887073967738328,0.22103281273694772,1.0935540776249972,0.340247066397693,-3.5016053208839124,3.5016053208839124,8.86021781301166,0.0023612498810635673,2.7755575615628914e-17,0.0010506800353746737,0.005344810494113484
uniform,0,13,0.8978162261304531,0.1434739701061991,0.7887329050299167,0.22018050269554107,1.0893372959189696,0.33932223378273174,-3.4966579219875698,3.4966579219875698,8.860936036151418,0.002483924221164891,2.7755575615628914e-17,0.0011275474959401288,0.005612051018819158
uniform,0,14,0.8966358193650573,0.1435138008678744,0.7889518704097863,0.21923063130787196,1.0846378319962031,0.33762458558666775,-3.4928844391804974,3.4928844391804974,8.862054575516378,0.002615773366645104,2.7755575615628914e-17,0.0011804067653957695,0.005892653569760116
uniform,0,15,0.8953041193493321,0.14354355560201537,0.7891154438989706,0.21818158728673331,1.079447714055255,0.33605607911290425,-3.4874919593282243,3.4874919593282243,8.865004084687115,0.002841705006325748,2.7755575615628914e-17,0.0013317000157252457,0.006187286248248122
uniform,0,16,0.893784271482727,0.1435647644480739,0.7892320372765128,0.2170045039238704,1.073624124809729,0.33454212322910093,-3.4797181021302817,3.4797181021302817,8.867997044816619,0.0031021610812238384,2.7755575615628914e-17,0.001519847866605084,0.006496650560660528
uniform,0,17,0.8920887496129417,0.14361644327269946,0.7895161361234694,0.21565441691836307,1.0669446045532585,0.3321549638202504,-3.4720637844046904,3.4720637844046904,8.871228870861298,0.0033577506766293143,2.7755575615628914e-17,0.001695521869785277,0.006821483088693555
uniform,0,18,0.8901543813384628,0.1436815132252971,0.7898738512735032,0.21411019181661609,1.0593045911277585,0.3292284510139574,-3.46294568466819,3.46294568466819,8.876678605112325,0.003660259907122336,2.7755575615628914e-17,0.0019343682744789037,0.007162557243128233
uniform,0,19,0.8879421450910197,0.14376731096783635,0.7903455152461939,0.2123284782545081,1.0504896097370917,0.32560606222101285,-3.4525007253508297,3.4525007253508297,8.883646987465928,0.00400777419497221,2.7755575615628914e-17,0.0022122362474431556,0.007520685105284645
uniform,0,20,0.8853824356875848,0.14386413636241102,0.7908778025641444,0.2102652598208419,1.0402818903345796,0.3215361118083164,-3.439616827712946,3.439616827712946,8.892462623792087,0.0044305309871984465,2.7755575615628914e-17,0.002559709403434862,0.007896719360548877
uniform,0,21,0.8826112465000537,0.14396105530819792,0.7914106041699435,0.20801244128060958,1.0291361293486208,0.3176926103544103,-3.422576027257047,3.422576027257047,8.902610036886287,0.004598923237754606,2.7755575615628914e-17,0.0027711891875310535,0.008291555328576321
uniform,0,22,0.8799858488579128,0.1441026744045109,0.7921891401033951,0.20575563315819584,1.017970630008847,0.3135133627815464,-3.4111349346947093,3.4111349346947093,8.912701739549222,0.004679268072439879,2.7755575615628914e-17,0.002625397642140981,0.008706133095005139
uniform,0,23,0.8770542464416732,0.14426166851965372,0.793063193356584,0.20322504938650884,1.0054506327829447,0.3089419322849909,-3.3991820763350824,3.3991820763350824,8.921912689005831,0.005103805953982336,2.7755575615628914e-17,0.002931602416239576,0.009141439749755396
uniform,0,24,0.873655150870613,0.14443630532835078,0.7940232406553855,0.20029920800088527,0.9909751088183627,0.30393943174483073,-3.3851244686746056,3.3851244686746056,8.931459685708413,0.005630707634020472,2.7755575615628914e-17,0.0033990955710602178,0.009598511737243166
uniform,0,25,0.869647358124422,0.14460387476180686,0.7949444358097832,0.19690710851413112,0.9741927850560338,0.29890835003075983,-3.3648359236236915,3.3648359236236915,8.942139755496301,0.006258244179403485,1.3877787807814457e-17,0.004007792746191008,0.010078437324105325
uniform,0,26,0.8652706974037875,0.14477613445320395,0.7958914151588221,0.19318639022954187,0.9557846283600921,0.29405978944647815,-3.338772808999393,3.338772808999393,8.953613972889524,0.006560493525250949,2.7755575615628914e-17,0.004376660720634473,0.010582359190310591
uniform,0,27,0.8607763500040919,0.14498295680731899,0.7970283990735039,0.1892563109357592,0.9363406635302169,0.2891988481640987,-3.3130804308810946,3.3130804308810946,8.965580998603008,0.006890968486644164,2.7755575615628914e-17,0.004494347399695564,0.011111477149826122
uniform,0,28,0.8563881468768972,0.14521709131337457,0.7983155286412733,0.18528594908008741,0.9166974017757559,0.2847714995200339,-3.286490896193418,3.286490896193418,8.977612998473273,0.007077311700682679,1.3877787807814457e-17,0.004388203127194679,0.011667051007317429
uniform,0,29,0.8529966883400638,0.14548262513134572,0.7997752725897892,0.1818670101196644,0.8997822904172849,0.2821966129340071,-3.2698360462114664,3.2698360462114664,8.989891914867725,0.006389812877154582,2.7755575615628914e-17,0.003391458536833425,0.0122504035576833
uniform,0,30,0.849568610588847,0.14576432564305047,0.8013238912192231,0.178323320783383,0.8822499798270982,0.28013197217655034,-3.2514893305851054,3.2514893305851054,8.999641660264444,0.006611338486393963,0.0,0.003428077751216785,0.012862923735567466
uniform,0,31,0.8464751807837693,0.1460779200097581,0.8030478429274756,0.17488603089462704,0.865244077729197,0.2787827915586336,-3.2373130173031153,3.2373130173031153,9.008877350796293,0.006385981916992233,2.7755575615628914e-17,0.003093429805077763,0.013506069922345841
uniform,0,32,0.8434168722003513,0.14646411065745288,0.8051708849763308,0.17134635859371253,0.8477316413167445,0.2760579813891702,-3.226887235577574,3.226887235577574,9.016550502547064,0.006569285927630248,1.3877787807814457e-17,0.0030583085834179347,0.014181373418463135
uniform,0,33,0.8403038666179814,0.14690845555233878,0.8076136238196148,0.16767071189659344,0.8295464751245779,0.27207029972125735,-3.2192200001901754,3.2192200001901754,9.027053221554272,0.006774031823473859,2.7755575615628914e-17,0.003113005582369932,0.014890442089386292
uniform,0,34,0.8369402770672545,0.14732921749255,0.8099267178755134,0.16380408094594012,0.810416419317931,0.26891133831136743,-3.2095637427113584,3.2095637427113584,9.040663255621457,0.007212724838119246,2.7755575615628914e-17,0.0033635895507269087,0.015634964193855606
uniform,0,35,0.8332171401906696,0.14772153916850506,0.812083464600743,0.15966142143293724,0.7899207193964549,0.26674361890998716,-3.1963720845109274,3.1963720845109274,9.054451796019377,0.007755681059984793,2.7755575615628914e-17,0.003723136876584876,0.01641671240354839
uniform,0,36,0.8290117865414341,0.1480888679026227,0.8141028152839863,0.15513451952399043,0.767523990240098,0.26553677518419894,-3.1779674289465083,3.1779674289465083,9.068325354699745,0.008424319789425152,2.7755575615628914e-17,0.004205353649235466,0.017237548023725808
uniform,0,37,0.8243947304625684,0.14851446711946034,0.8164425017541267,0.15018241086840825,0.7430235617919525,0.2630696369898525,-3.1580972956768196,3.1580972956768196,9.082518026698038,0.008981455290600042,0.0,0.0046170560788657555,0.018099425424912097
uniform,0,38,0.8191634161358389,0.14895126032314862,0.8188437259774989,0.144690419978482,0.7158520800667224,0.2606760163603403,-3.134518217189619,3.134518217189619,9.100708041453398,0.009841874397346783,1.3877787807814457e-17,0.005231314326729519,0.019004396696157704
uniform,0,39,0.8131183056473282,0.14943725096117166,0.821515407868378,0.13838899281821376,0.6846759334998812,0.25812766371074436,-3.104846845771238,3.104846845771238,9.12111378266117,0.010796387784268852,0.0,0.006045110488510641,0.01995461653096559
uniform,0,40,0.8061466755767841,0.14999055796791594,0.8245571543432249,0.13117921747817105,0.649005757998622,0.25477370319709985,-3.0660876638033194,3.0660876638033194,9.14483433574601,0.01180925190606459,1.3877787807814457e-17,0.0069716300705441325,0.02095234735751387
uniform,0,41,0.7996996917307806,0.1503070608634118,0.8262970953794285,0.12504705280974351,0.6186670331966736,0.25310111897040766,-3.022049866577693,3.022049866577693,9.172968921940065,0.010970911872508704,2.7755575615628914e-17,0.006446983846003507,0.021999964725389565
uniform,0,42,0.7971785264019362,0.14957852476898698,0.8222920456150042,0.12462669641636506,0.6165873309011515,0.2631265946539517,-3.0064920388144944,3.0064920388144944,9.195836767459701,0.007681116183229336,1.3877787807814457e-17,0.002521165328844388,0.023099962961659042
uniform,0,43,0.794613875665516,0.1489364502444262,0.81876230914345,0.12392066395571655,0.6130942537117631,0.2726858037998767,-2.9902085665992337,2.9902085665992337,9.185008114381194,0.007898893270104028,0.0,0.0025646507364202042,0.024254961109741995
uniform,0,44,0.7918971354231614,0.14838116707153234,0.8157096989051844,0.12285562047025175,0.6078249788382444,0.28158616534712083,-2.972875192256894,2.972875192256894,9.174906183549652,0.008287563348757646,2.7755575615628914e-17,0.002716740242354576,0.025467709165229096
uniform,0,45,0.7889018638273485,0.14791254430204578,0.8131334950260647,0.1213437839236984,0.6003452069450391,0.2896544082154015,-2.953876913523117,2.953876913523117,9.165786982019613,0.008872755658851565,0.0,0.0029952715958129206,0.02674109462349055
uniform,0,46,0.7854756681416668,0.1475298954659089,0.8110299237098938,0.11927603770483898,0.5901150864433449,0.2967445374841023,-2.9321055206011364,2.9321055206011364,9.157969864568257,0.009680542204822383,1.3877787807814457e-17,0.003426195685681699,0.02807814935466508
uniform,0,47,0.7814291001693815,0.14723190782345297,0.8093917683098354,0.11651233200011715,0.5764417245323655,0.3027484280391358,-2.9054634547298033,2.9054634547298033,9.151833157917189,0.010739144967710616,1.3877787807814457e-17,0.004046567972285309,0.029482056822398333
uniform,0,48,0.7765201399491451,0.14701665228646932,0.8082084238684485,0.11286817199785958,0.5584123379420163,0.30760737562304685,-2.869239531237382,2.869239531237382,9.147799645270217,0.012081830122715666,4.163336342344337e-17,0.004908960220236347,0.03095615966351825
uniform,0,49,0.7718175170065298,0.1465070632707792,0.8054070124039222,0.11000696707756993,0.5442566012042898,0.3169810740251562,-2.8198416120174095,2.8198416120174095,9.14631390126377,0.0113530749902379,1.3877787807814457e-17,0.004702622942615364,0.032503967646694165
uniform,0,50,0.7682560879700593,0.14579308076308595,0.8014819694360821,0.10869085970711022,0.5377451943062046,0.32708312316446553,-2.7802949273842796,2.7802949273842796,9.13687951367186,0.010872606410447861,2.7755575615628914e-17,0.003561429036470498,0.03412916602902887
uniform,0,51,0.76567928954382,0.14514158340289,0.7979004319268996,0.10774767506496889,0.5330788128825812,0.3398426237800002,-2.7533916730582395,2.7533916730582395,9.123915849663378,0.009209050644347195,2.7755575615628914e-17,0.0025767984262392574,0.03583562433048032
uniform,0,52,0.7629226341889895,0.14457470899739297,0.7947841001190893,0.106430053703878,0.5265599155553252,0.3519458021084135,-2.7258262265077837,2.7258262265077837,9.112452836283651,0.010032717966541928,2.7755575615628914e-17,0.002756655354830495,0.03762740554700434
uniform,0,53,0.7596003966317986,0.14409069581161318,0.7921232890617923,0.10448455704941283,0.516934621585836,0.36274274438995374,-2.688829977511239,2.688829977511239,9.10297568523327,0.011228200615361476,0.0,0.0033222375571909657,0.03950877582435456
uniform,0,54,0.7563388989341855,0.14378368972503036,0.7904355557234516,0.1022986656759749,0.5061199810124785,0.3698223688847718,-2.6577965112559796,2.6577965112559796,9.095570600782382,0.011014002334625666,2.7755575615628914e-17,0.0032614976976130805,0.04148421461557229
uniform,0,55,0.7529340738121272,0.14366405789207298,0.7897778924339177,0.09970920165252817,0.49330867527628697,0.3727348566761723,-2.636312937696629,2.636312937696629,9.09027656477557,0.011898841476534925,2.7755575615628914e-17,0.003404825122058308,0.04355842534635091
uniform,0,56,0.7488177860908001,0.14367194644096318,0.7898212588931997,0.09632208284238615,0.47655099328162637,0.3731409360049374,-2.613596230978294,2.613596230978294,9.090574396434356,0.013416491459007182,1.3877787807814457e-17,0.004116287721327105,0.04573634661366846
uniform,0,57,0.7435994007408457,0.1437340958568671,0.7901629187030978,0.09187992231600267,0.4545735199058852,0.37333831737051126,-2.5800466394106354,2.5800466394106354,9.095976289680978,0.01542202455623999,0.0,0.005218385349954335,0.04802316394435188
uniform,0,58,0.737049164487028,0.14380429717397694,0.7905488429842756,0.08630111174002894,0.4269725000477429,0.37394407236885435,-2.522971592271238,2.522971592271238,9.102367819957792,0.017371105345315458,2.7755575615628914e-17,0.006550236253817787,0.05042432214156948
uniform,0,59,0.7342289941253899,0.14281139888643601,0.7850904901544786,0.08579765453748349,0.4244816586657058,0.3929071184310456,-2.4810603155977144,2.4810603155977144,9.109293323898441,0.01209052885105094,0.0,0.0028201703616380636,0.05294553824864796
uniform,0,60,0.7316925756186166,0.1421421426998003,0.781411325384007,0.08501951749700264,0.4206318459477109,0.40476120093683665,-2.442683330474678,2.442683330474678,9.094844897241979,0.011888489976896207,1.3877787807814457e-17,0.0025364185067733303,0.055592815161080354
uniform,0,61,0.7300409846559062,0.14177917655914776,0.7794159575947665,0.08445469982403932,0.4178374252382447,0.4101966015027009,-2.4191622464667093,2.4191622464667093,9.086683250240505,0.009142073993592669,0.0,0.001651590962710392,0.058372455919134376
uniform,0,62,0.7285215794258191,0.14150613206572749,0.7779149245060578,0.08385743570022021,0.4148824765592048,0.41364766906474454,-2.4010396591469143,2.4010396591469143,9.081245384350442,0.009585378358202052,2.7755575615628914e-17,0.0015194052300870897,0.061291078715091096
uniform,0,63,0.7270662425188928,0.14121804807692415,0.7763312133895864,0.083318613322382,0.4122166668945474,0.417636657530661,-2.377320459457272,2.377320459457272,9.076360866961663,0.009082674331853191,0.0,0.00145533690692623,0.06435563265084565
uniform,0,64,0.7260135183657614,0.14096877204311475,0.7749608448819381,0.08301158592979932,0.4106976568754289,0.4211847048545053,-2.362336131566102,2.362336131566102,9.069277327130708,0.0084670788044061,1.3877787807814457e-17,0.0010527241531314013,0.06757341428338794
uniform,0,65,0.7249289307643046,0.14074568259541237,0.7737344343488108,0.08261829644232854,0.4087518673911203,0.42440138154916407,-2.3404300569343435,2.3404300569343435,9.059763907537695,0.008778903637071001,1.3877787807814457e-17,0.001084587601456799,0.07095208499755734
uniform,0,66,0.7243341607379402,0.14068875108917525,0.7734214594428479,0.08236814718242083,0.4075142604503241,0.4238950104322341,-2.328941391003663,2.328941391003663,9.050614346964533,0.005677660851446611,1.3877787807814457e-17,0.0005947700263644329,0.0744996892474352
uniform,0,67,0.7239825788403005,0.14072349887441374,0.7736124816998762,0.08216007359134579,0.406484821783962,0.4215201211940288,-2.325715223715655,2.325715223715655,9.047570377062764,0.005326088713244582,1.3877787807814457e-17,0.00035158189763973,0.07822467370980697
uniform,0,68,0.7236539310179795,0.14078151789134097,0.7739314350802986,0.08191747421347013,0.4052845676876575,0.4188421278584122,-2.3221963756827773,2.3221963756827773,9.047802683704194,0.0052653242911001,2.7755575615628914e-17,0.0003286478223210043,0.08213590739529733
uniform,0,69,0.7233413657241647,0.1408594902353132,0.7743600797558985,0.0816436242052597,0.4039297019126264,0.41588880429084313,-2.3186388402671705,2.3186388402671705,9.048543413769195,0.005249853591391636,1.3877787807814457e-17,0.0003125652938147372,0.0862427027650622
uniform,0,70,0.7230348559104797,0.1409443081773763,0.7748263573795858,0.08135932415460309,0.4025231348250758,0.4128430416952137,-2.3165047925480162,2.3165047925480162,9.049685174183109,0.005299629074880048,0.0,0.00030650981368507413,0.09055483790331531
uniform,0,71,0.7227216435362095,0.14103332705067337,0.7753157291763383,0.08106108119952696,0.4010475855814683,0.4097295025858876,-2.31468106011964,2.31468106011964,9.050444530761162,0.005461999555027486,1.3877787807814457e-17,0.00031321237427017756,0.09508257979848107
uniform,0,72,0.7223889685049357,0.14112396585118023,0.7758140063507922,0.08074392261304957,0.39947845174472485,0.4065885080566031,-2.312538388230621,2.312538388230621,9.05078004781936,0.005741357708915601,1.3877787807814457e-17,0.00033267503127376585,0.09983670878840513
uniform,0,73,0.7220402565424722,0.1412096891162996,0.7762852608917812,0.08041703797021259,0.3978611984977475,0.4036101124919942,-2.3095902210425576,2.3095902210425576,9.050627104493222,0.005860780409714273,2.7755575615628914e-17,0.00034871196246355485,0.1
uniform,0,74,0.7216657951368314,0.14128899559546693,0.7767212398338501,0.08007429881234143,0.3961655054510422,0.400834888986832,-2.305217046817214,2.305217046817214,9.049940810301711,0.006056491384951489,1.3877787807814457e-17,0.00037446140564079133,0.1
uniform,0,75,0.7212561010409914,0.14136121337539787,0.7771182494051164,0.07970791791782417,0.3943528455287343,0.3982920260497045,-2.298649696569768,2.298649696569768,9.048711319691806,0.006322301059837898,5.551115123125783e-17,0.0004096940958400186,0.1
uniform,0,76,0.7208018053795003,0.14142613724521635,0.7774751614805948,0.07930894337222916,0.39237892936759283,0.3960070192715603,-2.2886631784726683,2.2886631784726683,9.046930960471263,0.006647934643358315,1.3877787807814457e-17,0.0004542956614910221,0.1
uniform,0,77,0.7202931808017016,0.14148387073013047,0.7777925451791159,0.07886718904231413,0.3901933613390034,0.3940043158261386,-2.2722221275604606,2.2722221275604606,9.044592909131852,0.007026895415484105,2.7755575615628914e-17,0.0005086245777987664,0.1
uniform,0,78,0.7199988074063398,0.14156314246198565,0.7782283331015286,0.0785432577975922,0.3885907199521909,0.3917987759214558,-2.2624499306741894,2.2624499306741894,9.041689812246828,0.004399699414825221,0.0,0.00029437339536175777,0.1
uniform,0,79,0.7199056934881886,0.1415920328735966,0.7783871550694476,0.07841243290797789,0.3879434672220597,0.3912946038058797,-2.2639969878050126,2.2639969878050126,9.038355497341714,0.0032049370999431546,1.3877787807814457e-17,9.311391815125525e-05,0.1
uniform,0,80,0.7198434806936562,0.14162286325499654,0.7785566418151392,0.07830524325961637,0.38741314923174197,0.3907271202436629,-2.2652813554194062,2.2652813554194062,9.033224661590841,0.002613415985118694,1.3877787807814457e-17,6.221279453233475e-05,0.1
uniform,0,81,0.7198007769745429,0.14165529672532318,0.7787349413718602,0.07821669305802181,0.3869750494182836,0.3900580859107684,-2.2664199386630255,2.2664199386630255,9.029190270072164,0.002157030523151886,0.0,4.270371911330173e-05,0.1
uniform,0,82,0.7197704065293649,0.1416884943172272,0.7789174416057567,0.0781427712907693,0.3866093234022986,0.3892999447447266,-2.2674660036693917,2.2674660036693917,9.026236590719982,0.0018113088081427918,1.3877787807814457e-17,3.0370445178062866e-05,0.1
uniform,0,83,0.719748022412651,0.14172153689627953,0.779099089672973,0.07808031775628364,0.3863003361688956,0.38848621115697346,-2.268438338255808,2.268438338255808,9.024218716471017,0.00154900299132242,2.7755575615628914e-17,2.2384116713847213e-05,0.1
uniform,0,84,0.7197310243214055,0.14175365002795173,0.7792756282019806,0.0780268910875963,0.3860360091186558,0.3876530089025599,-2.2693404805212545,2.2693404805212545,9.02293924392109,0.001345781318469954,0.0,1.6998091245556957e-05,0.1
uniform,0,85,0.7197178300776303,0.14178428235472393,0.7794440261634016,0.07798063278696833,0.3858071473824758,0.38683023609460143,-2.2701714019453756,2.2701714019453756,9.022202675905644,0.0011831889126236658,4.163336342344337e-17,1.3194243775105363e-05,0.1
uniform,0,86,0.7197074358842329,0.14181309920576005,0.779602443739877,0.07794013856573503,0.38560680327880364,0.38603902259624273,-2.27093033979812,2.27093033979812,9.0218435017188,0.0010487211887428578,2.7755575615628914e-17,1.039419339743386e-05,0.1
uniform,0,87,0.7196991691771536,0.14183994025058957,0.779749999531682,0.07790434742762942,0.38542972755627364,0.38529237639323677,-2.2716183415852234,2.2716183415852234,9.021734434645733,0.0009344382649766473,0.0,8.266707079318536e-06,0.1
uniform,0,88,0.719692554531894,0.1418647702139955,0.7798864996170595,0.07787245272977972,0.3852719293703108,0.38459697476521626,-2.272238291946336,2.272238291946336,9.021783705108028,0.0008353992730523497,0.0,6.614645259639396e-06,0.1
uniform,0,89,0.7196872409358684,0.14188763586630065,0.7800122011108893,0.07784383437819964,0.38513034082208675,0.38395504897179783,-2.2727944110150173,2.2727944110150173,9.021928143538654,0.0007484686975128965,1.3877787807814457e-17,5.313596025513512e-06,0.1
uniform,0,90,0.7196829610622892,0.14190863318291305,0.7801276316277787,0.07781800880487796,0.385002569471475,0.38336594973586485,-2.2732916845779014,2.2732916845779014,9.022125797143973,0.0006715547457045194,2.7755575615628914e-17,4.279873579204896e-06,0.1
uniform,0,91,0.7196795071204358,0.14192788422412972,0.7802334621812403,0.07779459277861084,0.38488671929208707,0.38282730661483855,-2.273735396612719,2.273735396612719,9.022349649741225,0.0006031674036325866,1.3877787807814457e-17,3.4539418534151878e-06,0.1
uniform,0,92,0.7196767155030375,0.14194552179724676,0.7803304228652723,0.0777732774792263,0.38478126240417465,0.3823358275303955,-2.2741307999805516,2.2741307999805516,9.022582826872512,0.000542174198040248,1.3877787807814457e-17,2.7916173983566495e-06,0.1
uniform,0,93,0.719674456349034,0.14196167980597835,0.7804192498013146,0.07775380997155619,0.3846849474175886,0.3818878214365095,-2.274482908993138,2.274482908993138,9.022815155352294,0.0004876674706389261,1.3877787807814457e-17,2.2591540034255786e-06,0.1
uniform,0,94,0.7196726260514764,0.14197648752620015,0.7805006536697568,0.07773597992779244,0.38459673374098263,0.3814795236391308,-2.2747963838155947,2.2747963838155947,9.023040790385357,0.0004388915322696545,2.7755575615628914e-17,1.8302975576256486e-06,0.1
uniform,0,95,0.7196711416661813,0.14199006648264048,0.7805753025398796,0.0777196100423648,0.3845157441596712,0.3811072872135374,-2.2750754781088194,2.2750754781088194,9.02325662313549,0.00039520125467915426,1.3877787807814457e-17,1.484385295125179e-06,0.1
uniform,0,96,0.7196699366302767,0.14200252898886442,0.7806438138435725,0.07770454903908436,0.3844412302386542,0.3807676868793374,-2.275324027355308,2.275324027355308,9.02346123389754,0.0003560371327372504,1.3877787807814457e-17,1.2050359046167358e-06,0.1
uniform,0,97,0.7196689574298236,0.14201397771323176,0.7807067519892338,0.0776906665022899,0.3843725467498483,0.3804575675043625,-2.2755454616513937,2.2755454616513937,9.023654215766953,0.00032090912451261433,5.551115123125783e-17,9.792004530551068e-07,0.1
uniform,0,98,0.7196681609792838,0.14202450585021315,0.7807646293035628,0.07767784899886856,0.38430913248588533,0.38017405880140254,-2.275742831972039,2.275742831972039,9.023835744797832,0.00028938534602004467,0.0,7.964505398527777e-07,0.1
uniform,0,99,0.7196675125470512,0.1420341976263016,0.7808179088127553,0.07766599712178794,0.3842504956330645,0.3799145702921855,-2.275918842788533,2.275918842788533,9.024006311579072,0.0002610836070446362,5.551115123125783e-17,6.484322325750469e-07,0.1
uniform,0,100,0.7196669841059157,0.14204312897045582,0.7808670079281931,0.07765502319875799,0.3841962024350169,0.379676775510166,-2.2760758866261535,2.2760758866261535,9.024166557101328,0.00023566473225063953,1.3877787807814457e-17,5.284411355166441e-07,0.1
uniform,0,101,0.7196665530172596,0.14205136824524447,0.7809123024658335,0.07764484948722826,0.3841458682625013,0.37945859102259066,-2.2762160779646146,2.2762160779646146,9.024317175140313,0.00021282709250776874,1.3877787807814457e-17,4.3108865610541613e-07,0.1
uniform,0,102,0.7196662009789566,0.1420589769776234,0.7809541306635783,0.07763540673014444,0.38409915046804727,0.3792581536426095,-2.2763412850629194,2.2763412850629194,9.024458856482434,0.00019230201547256175,2.7755575615628914e-17,3.520383029531615e-07,0.1
uniform,0,103,0.7196659131825365,0.14206601055540471,0.780992797010039,0.0776266329834518,0.3840557425850593,0.3790737977874234,-2.2764531590322106,2.2764531590322106,9.024592259047287,0.0001738498714894442,1.3877787807814457e-17,2.8779642013976314e-07,0.1
uniform,0,104,0.7196656776369337,0.1420725188723402,0.7810285757908142,0.07761847265154956,0.38401536955575216,0.37890403404884976,-2.2765531599311246,2.2765531599311246,9.024717993709054,0.00015725669962498258,1.3877787807814457e-17,2.3554560280025783e-07,0.1
uniform,0,105,0.7196654846251651,0.14207854691496966,0.7810617143146262,0.07761087568439252,0.3839777837588323,0.37874752949487417,-2.2766425799199177,2.2766425799199177,9.02483661936678,0.00014233127793521764,1.3877787807814457e-17,1.9301176856778568e-07,0.1
uniform,0,106,0.7196653262672985,0.14208413529038139,0.7810924358146282,0.0776037969021662,0.38394276166834557,0.37860308989241015,-2.27672256365127,2.27672256365127,9.024948643236662,0.00012890256604259216,0.0,1.5835786659756934e-07,0.1
uniform,0,107,0.7196651961685486,0.142089320697365,0.7811209420385161,0.07759719542209005,0.3839101010178012,0.3784696438521121,-2.276794126142886,2.276794126142886,9.025054523892763,0.00011681746378829656,2.7755575615628914e-17,1.300987498842332e-07,0.1
uniform,0,108,0.7196650891356529,0.1420941363451277,0.7811474155503779,0.07759103416806033,0.3838796183741428,0.3783462287933365,-2.2768581683996683,2.2768581683996683,9.025154675569192,0.00010593884067641425,1.3877787807814457e-17,1.0703289576863284e-07,0.1
uniform,0,109,0.719665000948082,0.14209861232444637,0.7811720217710622,0.0775852794482897,0.3838511470481309,0.3782319785775253,-2.276915491050288,2.276915491050288,9.025249472856828,9.614379888939636e-05,0.0,8.818757091244578e-08,0.1
uniform,0,110,0.7196649281733375,0.14210277593624893,0.7811949107845189,0.07757990058935434,0.38382453528380095,0.37812611263998175,-2.2769668062463193,2.2769668062463193,9.0253392553124,8.73221388367112e-05,0.0,7.27747444528859e-08,0.1
uniform,0,111,0.7196648680177328,0.14210665198242076,0.7812162189364775,0.07757486961747459,0.3837996446816076,0.37802792644972805,-2.277012748049157,2.277012748049157,9.025424331732276,7.93750010795112e-05,2.7755575615628914e-17,6.015560471972492e-08,0.1
uniform,0,112,0.7196648182057555,0.1421102630232717,0.7812360702498443,0.07757016097967298,0.383776348818861,0.37793678313656964,-2.277053881504803,2.277053881504803,9.025504983983243,7.221366240673234e-05,1.3877787807814457e-17,4.9811977320679546e-08,0.1
uniform,0,113,0.7196647768824765,0.1421136296056717,0.7812545776788532,0.07756575129884165,0.38375453203792964,0.37785210613854237,-2.2770907105819824,2.2770907105819824,9.025581470363067,6.575846705636307e-05,0.0,4.132327890982168e-08,0.1
uniform,0,114,0.7196647425345538,0.14211677046542268,0.7812718442215846,0.07756161915782696,0.38373408837800427,0.3777733727386424,-2.2771236851260097,2.2771236851260097,9.02565402850773,5.993787673494717e-05,5.551115123125783e-17,3.4347922728272806e-08,0.1
uniform,0,115,0.7196647139262473,0.142119702707013,0.7812879639081457,0.07755774490848251,0.383714920630393,0.37770010837539714,-2.2771532069600973,2.2771532069600973,9.025722877884096,5.4687625307335886e-05,1.3877787807814457e-17,2.86083065015319e-08,0.1
uniform,0,116,0.7196646900475666,0.1421224419635115,0.7813030226796712,0.07755411050231212,0.3836969395006315,0.37763188162655303,-2.2771796352474745,2.2771796352474745,9.02578822191565,4.994996589101691e-05,0.0,2.3878680699418453e-08,0.1
uniform,0,117,0.7196646700722256,0.1421250025390088,0.7813170991713794,0.07755069933986276,0.38368006286335876,0.37756829977851203,-2.277203291211738,2.277203291211738,9.02585024979035,4.5672999662950027e-05,1.3877787807814457e-17,1.997534104791754e-08,0.1
uniform,0,118,0.7196646533235287,0.14212739753570366,0.7813302654112156,0.07754749613646506,0.3836642150980715,0.3775090049059916,-2.277224462299108,2.277224462299108,9.025909137997022,4.181007702230524e-05,0.0,1.674869687384728e-08,0.1
uniform,0,119,0.7196646392466818,0.1421296389674617,0.7813425874441295,0.0775444868022764,0.383649326495641,0.3774536703967437,-2.2772434058544433,2.2772434058544433,9.02596505163234,3.8319262893546596e-05,1.3877787807814457e-17,1.4076846910349161e-08,0.1
uniform,0,120,0.7196646273862994,0.1421317378614378,0.7813541258907334,0.07754165833487837,0.38363533272694106,0.37740199786514084,-2.2772603523728345,2.2772603523728345,9.026018145515168,3.516285893268554e-05,2.7755575615628914e-17,1.1860382342909759e-08,0.1
uniform,0,121,0.7196646173681281,0.14213370434914888,0.7813649364479649,0.07753899872292527,0.383622174366152,0.3773537144061645,-2.277275508379968,2.277275508379968,9.026068565139921,3.2306976244116205e-05,1.3877787807814457e-17,1.0018171292536238e-08,0.1
uniform,0,122,0.719664608884185,0.14213554774820766,0.7813750703384099,0.07753649685954807,0.3836097964623289,0.37730857014795344,-2.277289058987167,2.277289058987167,9.026116447495813,2.9721152949570637e-05,1.3877787807814457e-17,8.48394310359879e-09,0.1
uniform,0,123,0.7196646016806649,0.14213727663577455,0.7813845747140963,0.07753414246438982,0.38359814815367393,0.3772663360667423,-2.277301170160775,2.277301170160775,9.026161921774444,2.7378011591717398e-05,0.0,7.203520113741035e-09,0.1
uniform,0,124,0.7196645955480965,0.14213889891465362,0.7813934930198496,0.07753192601329782,0.3835871823196898,0.3772268020328672,-2.2773119907402397,2.2773119907402397,9.026205109984499,2.5252951920022904e-05,2.7755575615628914e-17,6.132568453054432e-09,0.1
uniform,0,125,0.7196645903133232,0.1421404218728448,0.7814018653206752,0.07752983867482098,0.38357685526700264,0.37718977506066115,-2.277321654234721,2.277321654234721,9.0262461274891,2.3323875107942545e-05,2.7755575615628914e-17,5.234773281515004e-09,0.1
uniform,0,126,0.7196645858329661,0.14214185223726472,0.7814097285970824,0.07752787225276848,0.383567126445172,0.3771550777386139,-2.27733028042417,2.27733028042417,9.026285083478646,2.1570935897221143e-05,0.0,4.480357085334674e-09,0.1
uniform,0,127,0.7196645819880915,0.14214319622226446,0.7814171170118057,0.07752601913417811,0.3835579581892659,0.3771225468192072,-2.2773379767875075,2.2773379767875075,9.026322081389635,1.997631956779939e-05,4.163336342344337e-17,3.844874640890339e-09,0.1
uniform,0,128,0.719664578679857,0.14214445957349725,0.7814240621509636,0.07752427224212005,0.3835493154863585,0.3770920319504478,-2.2773448397776765,2.2773448397776765,9.02635721927827,1.8524040992722987e-05,0.0,3.3082344641499617e-09,0.1
uniform,0,129,0.7196645758259548,0.14214564760762485,0.7814305932423389,0.07752262499283141,0.3835411657634547,0.37706339453336996,-2.277350955960884,2.277350955960884,9.026390590155836,1.7199763364686342e-05,0.0,2.853902225652405e-09,0.1
uniform,0,130,0.7196645733577043,0.14214676524829592,0.7814367373531669,0.07752107125673566,0.38353347869463433,0.37703650669170474,-2.277356403035234,2.277356403035234,9.026422282291826,1.5990634474543248e-05,2.7755575615628914e-17,2.468250492881907e-09,0.1
uniform,0,131,0.7196645712176704,0.14214781705877833,0.7814425195695279,0.07751960532295128,0.3835262260254601,0.37701125034159394,-2.277361250742114,2.277361250742114,9.026452379489525,1.4885138684915976e-05,5.551115123125783e-17,2.1400339278443425e-09,0.1
uniform,0,132,0.7196645693577144,0.14214880727158707,0.7814479631592235,0.07751822186694039,0.3835193814129196,0.37698751635066857,-2.277365561682114,2.277365561682114,9.02648096133808,1.3872962977498556e-05,1.3877787807814457e-17,1.85995596702071e-09,0.1
uniform,0,133,0.7196645677373952,0.14214973981541001,0.7814530897197974,0.0775169159209859,0.38351292027936207,0.3769652037770656,-2.277369392045868,2.277369392045868,9.02650810344425,1.2944875658189556e-05,1.3877787807814457e-17,1.6203192121366783e-09,0.1
uniform,0,134,0.7196645663226549,0.14215061833959997,0.7814579193131792,0.07751568284722042,0.38350681967905953,0.3769442191800554,-2.277372792269013,2.277372792269013,9.02653387764656,1.2092616484982331e-05,0.0,1.4147403248898627e-09,0.1
uniform,0,135,0.7196645650847412,0.14215144623647513,0.7814624705882776,0.07751451831296037,0.38350105817617297,0.37692447599489765,-2.2773758076193875,2.2773758076193875,9.026558352214032,1.1308797137897044e-05,1.3877787807814457e-17,1.237913660467882e-09,0.1
uniform,0,136,0.7196645639993189,0.14215222666164076,0.7814667608926972,0.07751341826812472,0.38349561573303204,0.3769058939653801,-2.2773784787237035,2.2773784787237035,9.026581592031397,1.0586811082569236e-05,1.3877787807814457e-17,1.0854223075895675e-09,0.1
uniform,0,137,0.7196645630457373,0.14215296255252463,0.7814708063746351,0.07751237892454152,0.38349047360775484,0.3768883986282232,-2.277380842040084,2.277380842040084,9.02660365877224,9.920751989644821e-06,0.0,9.535815470584907e-10,0.1
uniform,0,138,0.7196645622064272,0.1421536566452981,0.7814746220759026,0.07751139673696571,0.3834856142603339,0.376871920844167,-2.277382930282161,2.277382930282161,9.026624611061418,9.305339964025542e-06,0.0,8.393101769144096e-10,0.1
uniform,0,139,0.7196645614664008,0.1421543114903362,0.7814782220169152,0.07751046838564976,0.3834810212664048,0.3768563963711313,-2.2773847727998224,2.2773847727998224,9.026644504627797,8.735854915012692e-06,0.0,7.400263735135582e-10,0.1
uniform,0,140,0.7196645608128387,0.14215492946635447,0.7814816192744092,0.07750959076032565,0.3834766792379977,0.3768417654753236,-2.2773863959211003,2.2773863959211003,9.026663392448201,8.208076460378912e-06,1.3877787807814457e-17,6.535620933334485e-10,0.1
uniform,0,141,0.7196645602347476,0.14215551279334773,0.78148482605257,0.07750876094546968,0.3834725737506351,0.3768279725766127,-2.2773878232592484,2.2773878232592484,9.026681324883393,7.718229810632778e-06,1.3877787807814457e-17,5.780911305208747e-10,0.1
uniform,0,142,0.7196645597226746,0.14215606354444055,0.7814878537481795,0.07750797620673566,0.38346869127621047,0.3768149659248733,-2.2773890759886,2.2773890759886,9.026698349806681,7.262937122889451e-06,1.3877787807814457e-17,5.120729396068668e-10,0.1
uniform,0,143,0.7196645592684706,0.14215658365675057,0.7814907130103365,0.07750723397845262,0.38346501912113357,0.37680269730434773,-2.277390173092421,2.277390173092421,9.02671451272576,6.839173852104066e-06,1.3877787807814457e-17,4.5420400773821257e-10,0.1
uniform,0,144,0.7196645588650926,0.14215707494135527,0.7814934137952466,0.07750653185209366,0.38346154536928045,0.37679112176337587,-2.277391131585626,2.277391131585626,9.026729856898273,6.444229659611157e-06,1.3877787807814457e-17,4.033779976708729e-10,0.1
uniform,0,145,0.7196645585064381,0.14215753909244216,0.7814959654165259,0.07750586756563126,0.3834582588293288,0.37678019736711454,-2.277391966714948,2.277391966714948,9.026744423441501,6.075673469711844e-06,1.3877787807814457e-17,3.5865455050299033e-10,0.1
uniform,0,146,0.7196645581872066,0.14215797769571764,0.7814983765914265,0.077505238993703,0.3834551489861037,0.3767698849711083,-2.277392692138835,2.277392692138835,9.0267582514366,5.731322291899852e-06,0.0,3.192314190769707e-10,0.1
uniform,0,147,0.719664557902784,0.14215839223613908,0.781500655483344,0.07750464413851843,0.38345220595558877,0.376760148013788,-2.2773933200891663,2.2773933200891663,9.026771378027664,5.4092134526166865e-06,1.3877787807814457e-17,2.844225965858982e-10,0.1
uniform,0,148,0.7196645576491438,0.14215878410503113,0.7815028097409379,0.07750408112144443,0.3834494204432957,0.3767509523261649,-2.2773938615166145,2.2773938615166145,9.02678383851598,5.107579905868687e-06,2.7755575615628914e-17,2.536402199382337e-10,0.1
uniform,0,149,0.7196645574227646,0.14215915460663986,0.7815048465341622,0.07750354817521236,0.38344678370570906,0.3767422659571574,-2.2773943262213243,2.2773943262213243,9.026795666449697,4.824828315480853e-06,2.7755575615628914e-17,2.263792486800753e-10,0.1
uniform,0,150,0.7196645572205613,0.1421595049641742,0.781506772587478,0.07750304363669569,0.38344428751455356,0.3767340590131443,-2.2773947229703886,2.2773947229703886,9.026806893709184,4.55951962585601e-06,2.7755575615628914e-17,2.0220325414044282e-10,0.1
uniform,0,151,0.7196645570398246,0.14215983632537826,0.7815085942104867,0.07750256594021084,0.38344192412365063,0.3767263035104689,-2.277395059603461,2.277395059603461,9.026817550588293,4.3103518607095965e-06,1.3877787807814457e-17,1.8073675889240803e-10,0.1
uniform,0,152,0.7196645568781709,0.14216014976767563,0.7815103173262099,0.0775021136112991,0.3834396862381542,0.3767189732397483,-2.277395343127699,2.277395343127699,9.02682766587173,4.076144910943871e-06,0.0,1.6165369043363853e-10,0.1
uniform,0,153,0.7196645567335,0.14216044630292177,0.7815119474972155,0.0775016852609508,0.38343756698597514,0.37671204364094535,-2.277395579803117,2.277395579803117,9.026837266908757,3.855827094314954e-06,2.7755575615628914e-17,1.4467083087055244e-10,0.1
uniform,0,154,0.7196645566039579,0.14216072688179726,0.7815134899497691,0.07750127958023628,0.38343555989121814,0.37670549168826534,-2.2773957752193184,2.2773957752193184,9.026846379683352,3.648423289018078e-06,1.3877787807814457e-17,1.2954215478089282e-10,0.1
uniform,0,155,0.7196645564879057,0.14216099239787272,0.7815149495961801,0.07750089533531178,0.3834336588494732,0.37669929578402306,-2.277395934364464,2.277395934364464,9.026855028881068,3.4530444629326882e-06,2.7755575615628914e-17,1.1605216787557993e-10,0.1
uniform,0,156,0.7196645563838913,0.14216124369137173,0.7815163310554882,0.07750053136277053,0.38343185810481595,0.37669343566071145,-2.2773960616872726,2.2773960616872726,9.02686323795266,3.2688784373554186e-06,0.0,1.040144637087792e-10,0.1
uniform,0,157,0.7196645562906285,0.14216148155265795,0.781517638672634,0.07750018656531298,0.3834301522283852,0.37668789229056737,-2.2773961611527467,2.2773961611527467,9.026871029174739,3.0951817411857803e-06,5.551115123125783e-17,9.32627308714018e-11,0.1
uniform,0,158,0.7196645562069747,0.14216170672546746,0.7815188765362273,0.07749985990771056,0.3834285360984148,0.3766826478020042,-2.277396236292252,2.277396236292252,9.026878423707474,2.9312724263716238e-06,2.7755575615628914e-17,8.365386161557353e-11,0.1
uniform,0,159,0.7196645561319144,0.14216191990990837,0.7815200484950381,0.0774995504130419,0.3834270048816117,0.3766776854023291,-2.277396290248525,2.277396290248525,9.026885441649583,2.7765237298672406e-06,2.7755575615628914e-17,7.506029131576497e-11,0.1
uniform,0,160,0.719664556064544,0.14216212176524526,0.7815211581733034,0.07749925715917988,0.3834255540157758,0.3766729893062254,-2.2773963258161154,2.2773963258161154,9.02689210209068,2.6303584798570073e-06,0.0,6.737033153569882e-11,0.1
uniform,0,161,0.719664556004059,0.14216231291248677,0.7815222089849521,0.07749897927551143,0.3834241791935719,0.3766685446695194,-2.2773963454777215,2.2773963454777215,9.026898423161093,2.492244155853647e-06,2.7755575615628914e-17,6.048506140388099e-11,0.1
uniform,0,162,0.7196645559497418,0.14216249393679067,0.7815232041468271,0.07749871593987268,0.38342287634736566,0.37666433752780015,-2.2773963514368316,2.2773963514368316,9.026904422079332,2.3616885226578903e-06,2.7755575615628914e-17,5.4317217390575934e-11,0.1
uniform,0,163,0.7196645559009524,0.14216266538970188,0.7815241466909877,0.0774984663756836,0.3834216416350475,0.37666035473949633,-2.2773963456470465,2.2773963456470465,9.026910115197232,2.2382357680916513e-06,0.0,4.878941695096728e-11,0.1
uniform,0,164,0.7196645558571187,0.14216282779123535,0.7815250394761611,0.07749822984926763,0.3834204714267719,0.37665658393304957,-2.2773963298384077,2.2773963298384077,9.02691551804295,2.121463081798217e-06,2.7755575615628914e-17,4.3833603413645505e-11,0.1
uniform,0,165,0.7196645558177299,0.14216298163181673,0.78152588519841,0.07749800566734327,0.38341936229254664,0.37665301345785773,-2.277396305541045,2.277396305541045,9.026920645361866,2.0109776213730057e-06,2.7755575615628914e-17,3.938882553455869e-11,0.1
uniform,0,166,0.7196645557823299,0.1421631273740913,0.7815266864010779,0.07749779317467495,0.3834183109906108,0.3766496323386871,-2.2773962741064047,2.2773962741064047,9.026925511155516,1.9064138175768878e-06,0.0,3.540001625168543e-11,0.1
uniform,0,167,0.719664555750509,0.14216326545461044,0.7815274454840593,0.0774975917518721,0.38341731445654575,0.3766464302332805,-2.2773962367263016,2.2773962367263016,9.026930128718629,1.8074309769173597e-06,0.0,3.182087926489885e-11,0.1
uniform,0,168,0.7196645557219015,0.1421633962854063,0.7815281647124575,0.07749740081332623,0.3834163697930688,0.3766433973929126,-2.277396194450019,2.277396194450019,9.026934510674366,1.7137111453575227e-06,1.3877787807814457e-17,2.860756076472626e-11,0.1
uniform,0,169,0.7196645556961799,0.1421635202554618,0.7815288462246645,0.07749721980527619,0.38341547426046096,0.3766405246256633,-2.2773961481996534,2.2773961481996534,9.026938669007837,1.624957200518024e-06,2.7755575615628914e-17,2.5721536012213164e-11,0.1
uniform,0,170,0.7196645556730503,0.14216363773208401,0.7815294920399118,0.07749704820399278,0.38341462526758574,0.3766378032621994,-2.2773960987838717,2.2773960987838717,9.026942615098,1.5408911449804171e-06,0.0,2.3129609338923274e-11,0.1
uniform,0,171,0.7196645556522492,0.1421637490621881,0.7815301040653291,0.07749688551407477,0.3834138203634585,0.37663522512387676,-2.2773960469102565,2.2773960469102565,9.026946359747964,1.461252576180281e-06,0.0,2.0801138589376933e-11,0.1
uniform,0,172,0.7196645556335404,0.1421638545734985,0.7815306841025463,0.07749673126684861,0.38341305722932906,0.37663278249298254,-2.277395993196367,2.277395993196367,9.026949913213851,1.3857973114157808e-06,0.0,1.8708812277168363e-11,0.1
uniform,0,173,0.7196645556167118,0.14216395457567269,0.7815312338538726,0.07749658501886507,0.3834123336712439,0.3766304680849636,-2.2773959381796574,2.2773959381796574,9.026953285232207,1.3142961499136792e-06,2.7755575615628914e-17,1.6828538562663198e-11,0.1
uniform,0,174,0.7196645556015737,0.14216404936135368,0.7815317549280819,0.07749644635048597,0.383411647613054,0.376628275022488,-2.2773958823263607,2.2773958823263607,9.026956485046071,1.246533755102433e-06,1.3877787807814457e-17,1.5138112985368934e-11,0.1
uniform,0,175,0.7196645555879553,0.14216413920715573,0.7815322488458316,0.07749631486455573,0.38341099708984266,0.37662619681120796,-2.2773958260394433,2.2773958260394433,9.026959521429768,1.182307643609674e-06,0.0,1.361843970926202e-11,0.1
uniform,0,176,0.7196645555757026,0.14216422437458856,0.7815327170447436,0.07749619018515136,0.3834103802417405,0.3766242273170987,-2.277395769665736,2.277395769665736,9.02696240271248,1.1214272684080088e-06,4.163336342344337e-17,1.2252643344368153e-11,0.1
uniform,0,177,0.7196645555646791,0.14216430511092384,0.7815331608841678,0.07749607195640662,0.3834097953081087,0.37662236074526084,-2.277395713502303,2.277395713502303,9.026965136800632,1.0637131852864885e-06,0.0,1.1023515433805642e-11,0.1
uniform,0,178,0.71966455555476,0.1421643816500079,0.7815335816496491,0.07749595984140491,0.3834092406220611,0.37662059162007877,-2.277395657802151,2.277395657802151,9.026967731199191,1.0089962934652485e-06,0.0,9.919065568908536e-12,0.1
uniform,0,179,0.7196645555458346,0.14216445421302493,0.7815339805571248,0.07749585352113694,0.3834087146053077,0.3766189147666417,-2.277395602779328,2.277395602779328,9.026970193031895,9.57117142062612e-07,2.7755575615628914e-17,8.925415961869021e-12,0.1
uniform,0,180,0.7196645555378033,0.14216452300921345,0.7815343587568608,0.07749575269351884,0.38340821576329615,0.3766173252933353,-2.2773955486134847,2.2773955486134847,9.02697252906048,9.079252952596526e-07,1.3877787807814457e-17,8.031353360138382e-12,0.1
uniform,0,181,0.7196645555305757,0.14216458823653907,0.7815347173371524,0.07749565707246704,0.38340774268063565,0.3766158185755248,-2.277395495453942,2.277395495453942,9.026974745702953,8.612787498679016e-07,2.7755575615628914e-17,7.227551890309769e-12,0.1
uniform,0,182,0.7196645555240714,0.14216465008232723,0.781535057327801,0.07749556638702622,0.3834072940167818,0.3766143902402521,-2.277395443423332,2.277395443423332,9.026976849050953,8.170433998947642e-07,1.3877787807814457e-17,6.504352612068942e-12,0.1
uniform,0,183,0.719664555518218,0.14216470872385775,0.7815353797033837,0.07749548038054718,0.38340686850196937,0.3766130361518787,-2.277395392620842,2.277395392620842,9.026978844886246,7.750925432234178e-07,5.551115123125783e-17,5.853428852731213e-12,0.1
uniform,0,184,0.71966455551295,0.14216476432892397,0.7815356853863267,0.07749539880991163,0.38340646493337693,0.3766117523986078,-2.277395343125103,2.277395343125103,9.026980738696393,7.353064261541001e-07,0.0,5.267897229543905e-12,0.1
uniform,0,185,0.7196645555082087,0.1421648170563591,0.7815359752497986,0.07749532144480069,0.38340608217150784,0.3766105352798291,-2.277395294996773,2.277395294996773,9.02698253568964,6.975718221027874e-07,2.7755575615628914e-17,4.7413184489641935e-12,0.1
uniform,0,186,0.7196645555039417,0.14216486705653145,0.7815362501204329,0.07749524806700482,0.38340571913677607,0.37660938129422916,-2.277395248280831,2.277395248280831,9.026984240809057,6.617816411815878e-07,1.3877787807814457e-17,4.267031172844327e-12,0.1
uniform,0,187,0.7196645555001008,0.1421649144718105,0.7815365107808911,0.07749517846977245,0.38340537480628367,0.3766082871286161,-2.277395203008617,2.277395203008617,9.026985858745979,6.278345677766318e-07,2.7755575615628914e-17,3.8409275759931916e-12,0.1
uniform,0,188,0.7196645554966441,0.14216495943700636,0.7815367579722773,0.0774951124571951,0.38340504821077853,0.3766072496474145,-2.2773951591996506,2.2773951591996506,9.026987393952751,5.956347235801193e-07,5.551115123125783e-17,3.456679387170425e-12,0.1
uniform,0,189,0.7196645554935326,0.14216500207978325,0.7815369923964121,0.07749504984362676,0.3834047384317818,0.3766062658827813,-2.2773951168632425,2.2773951168632425,9.026988850654863,5.650913535566535e-07,1.3877787807814457e-17,3.1115110488144637e-12,0.1
uniform,0,190,0.7196645554907322,0.1421650425210496,0.7815372147179765,0.07749499045313554,0.38340444459887507,0.3766053330253092,-2.277395075999925,2.277395075999925,9.026990232862449,5.361185333079881e-07,1.3877787807814457e-17,2.800426557314495e-12,0.1
uniform,0,191,0.7196645554882113,0.14216508087532553,0.7815374255665328,0.0774949341189856,0.38340416588713716,0.3766044484152739,-2.2773950366027185,2.2773950366027185,9.026991544381215,5.086348956057163e-07,0.0,2.5208723997138804e-12,0.1
uniform,0,192,0.7196645554859423,0.14216511725108946,0.7815376255384298,0.0774948806831477,0.3834039015147224,0.3766036095343936,-2.277394998658255,2.277394998658255,9.026992788822826,4.825633745671008e-07,0.0,2.2689627954264324e-12,0.1
uniform,0,193,0.7196645554839,0.1421651517511052,0.7815378151986002,0.07749482999583661,0.3834036507405725,0.3766028139980669,-2.2773949621477723,2.2773949621477723,9.026993969614765,4.578309663386586e-07,0.0,2.042366276100438e-12,0.1
uniform,0,194,0.7196645554820615,0.14216518447273013,0.7815379950822563,0.077494781915074,0.3834034128622532,0.3766020595480598,-2.277394927047986,2.277394927047986,9.026995090009681,4.343685045024504e-07,0.0,1.8384183064767967e-12,0.1
uniform,0,195,0.7196645554804065,0.14216521550820663,0.7815381656964905,0.07749473630627499,0.3834031872139093,0.3766013440456144,-2.2773948933318615,2.2773948933318615,9.026996153094288,4.1211044949911384e-07,0.0,1.6550094628087209e-12,0.1
uniform,0,196,0.7196645554789171,0.14216524494493668,0.781538327521786,0.0774946930418573,0.3834029731643309,0.3766006654649493,-2.277394860969297,2.277394860969297,9.026997161797796,3.909946908367416e-07,2.7755575615628914e-17,1.48947520983711e-12,0.1
uniform,0,197,0.7196645554775761,0.14216527286574118,0.7815384810134419,0.0774946520008718,0.3834027701151253,0.37660002188713376,-2.2773948299277142,2.2773948299277142,9.026998118899929,3.709623610869305e-07,1.3877787807814457e-17,1.340927369142264e-12,0.1
uniform,0,198,0.7196645554763692,0.14216529934910538,0.7815386266029224,0.07749461306865277,0.38340257749898676,0.3765994114943071,-2.277394800172585,2.277394800172585,9.026999027038524,3.5195766085386434e-07,5.551115123125783e-17,1.2069234500700077e-12,0.1
uniform,0,199,0.7196645554752826,0.14216532446940977,0.7815387646991265,0.07749457613648725,0.3834023947780609,0.3765988325642254,-2.2773947716678866,2.2773947716678866,9.026999888716764,3.339276940849334e-07,0.0,1.0865752742006407e-12,0.1
uniform,0,200,0.7196645554743046,0.1421653482971492,0.781538895689592,0.07749454110130222,0.38340222144239644,0.3765982834651148,-2.277394744376499,2.277394744376499,9.02700070631002,3.1682231288297745e-07,0.0,9.779954623923004e-13,0.1
uniform,0,201,0.7196645554734242,0.1421653708991392,0.7815390199416303,0.07749450786536838,0.3834020570084804,0.3765977626508134,-2.2773947182605516,2.2773947182605516,9.027001482072375,3.0059397105424836e-07,1.3877787807814457e-17,8.804068585277491e-13,0.1
uniform,0,202,0.7196645554726316,0.14216539233871137,0.7815391378034002,0.0774944763360202,0.38340190101785243,0.3765972686561835,-2.2773946932817237,2.2773946932817237,9.027002218142792,2.8519758614973215e-07,0.0,7.925882172798993e-13,0.1
uniform,0,203,0.7196645554719182,0.14216541267589805,0.7815392496049229,0.07749444642539051,0.38340175303579194,0.3765968000927796,-2.2773946694015006,2.2773946694015006,9.027002916550986,2.705904091683964e-07,0.0,7.134293156241256e-13,0.1
uniform,0,204,0.719664555471276,0.14216543196760673,0.7815393556590414,0.07749441805015964,0.38340161265007705,0.3765963556447565,-2.2773946465813992,2.2773946465813992,9.027003579222985,2.567319014032201e-07,1.3877787807814457e-17,6.422640197456531e-13,0.1
uniform,0,205,0.7196645554706977,0.1421654502677851,0.7815394562623275,0.07749439113131762,0.3834014794698081,0.37659593406500164,-2.277394624783156,2.277394624783156,9.027004207986426,2.4358361838557073e-07,1.3877787807814457e-17,5.782041512247815e-13,0.1
uniform,0,206,0.7196645554701774,0.14216546762757729,0.7815395516959404,0.0774943655939394,0.3834013531242952,0.3765955341714829,-2.2773946039688884,2.2773946039688884,9.027004804575565,2.31109099901997e-07,0.0,5.203615316418109e-13,0.1
uniform,0,207,0.7196645554697089,0.14216548409547133,0.781539642226438,0.07749434136697153,0.3834012332620034,0.3765951548437941,-2.2773945841012297,2.2773945841012297,9.027005370636036,2.1927376620799331e-07,1.3877787807814457e-17,4.685141163918161e-13,0.1
uniform,0,208,0.7196645554692871,0.14216549971743905,0.7815397281065455,0.07749431838303067,0.3834011195495553,0.37659479501989096,-2.277394565143445,2.277394565143445,9.027005907729382,2.0804481983369193e-07,0.0,4.2177372705509697e-13,0.1
uniform,0,209,0.7196645554689075,0.14216551453706805,0.7815398095758812,0.0774942965782123,0.383401011670785,0.37659445369300415,-2.2773945470595245,2.2773945470595245,9.027006417337336,1.9739115258301348e-07,1.3877787807814457e-17,3.79585252119341e-13,0.1
uniform,0,210,0.7196645554685657,0.14216552859568676,0.7815398868616437,0.0774942758919099,0.38340090932584325,0.3765941299087208,-2.2773945298142597,2.2773945298142597,9.027006900865898,1.872832577243105e-07,0.0,3.418376692820857e-13,0.1
uniform,0,211,0.719664555468258,0.14216554193248315,0.7815399601792646,0.07749425626664336,0.3834008122303488,0.3765938227622237,-2.2773945133733053,2.2773945133733053,9.027007359649192,1.7769314667141586e-07,2.7755575615628914e-17,3.076428001236309e-13,0.1
uniform,0,212,0.719664555467981,0.14216555458461633,0.7815400297330224,0.07749423764789676,0.3834007201145854,0.37659353139567936,-2.277394497703228,2.277394497703228,9.027007794953153,1.685942702963767e-07,0.0,2.7700064464397656e-13,0.1
uniform,0,213,0.7196645554677319,0.14216556658732293,0.7815400957166265,0.07749421998396434,0.3834006327227404,0.3765932549957685,-2.277394482771542,2.277394482771542,9.027008207978989,1.599614442623404e-07,0.0,2.4913404672588513e-13,0.1
uniform,0,214,0.7196645554675073,0.14216557797401733,0.781540158313769,0.07749420322580484,0.38340054981218324,0.37659299279134706,-2.2773944685467384,2.2773944685467384,9.027008599866495,1.517707784222327e-07,1.3877787807814457e-17,2.2459811788166917e-13,0.1
uniform,0,215,0.7196645554673052,0.14216558877638694,0.781540217698648,0.07749418732690341,0.383400471152783,0.3765927440512353,-2.2773944549983005,2.2773944549983005,9.027008971697185,1.439996097856934e-07,1.3877787807814457e-17,2.020605904817785e-13,0.1
uniform,0,216,0.7196645554671234,0.14216559902448198,0.7815402740364615,0.07749417224314058,0.3834003965262597,0.37659250808212297,-2.2773944420967136,2.2773944420967136,9.027009324497275,1.3662643927680224e-07,0.0,1.8185453143360064e-13,0.1
uniform,0,217,0.7196645554669596,0.14216560874680098,0.7815403274838773,0.07749415793266834,0.3834003257255714,0.37659228422658836,-2.2773944298134716,2.2773944298134716,9.027009659240502,1.2963087148522982e-07,0.0,1.637578961322106e-13,0.1
uniform,0,218,0.7196645554668123,0.14216561797037147,0.7815403781894759,0.07749414435579263,0.38340025855433285,0.3765920718612214,-2.277394418121073,2.277394418121073,9.0270099768508,1.229935579067114e-07,0.0,1.4732659536775827e-13,0.1
uniform,0,219,0.7196645554666795,0.14216562672082636,0.7815404262941718,0.07749413147486185,0.3834001948262637,0.3765918703948483,-2.2773944069930154,2.2773944069930154,9.02701027820486,1.1669614280580903e-07,0.0,1.3278267374516872e-13,0.1
uniform,0,220,0.71966455546656,0.14216563502247653,0.7815404719316115,0.07749411925416132,0.38340013436466647,0.3765916792668486,-2.2773943964037824,2.2773943964037824,9.02701056413453,1.1072121224574263e-07,1.3877787807814457e-17,1.1945999744966684e-13,0.1
uniform,0,221,0.7196645554664525,0.1421656428983795,0.7815405152285511,0.07749410765981321,0.3834000770019315,0.3765914979455636,-2.2773943863288326,2.2773943863288326,9.027010835429108,1.0505224540537545e-07,2.7755575615628914e-17,1.0758061108617767e-13,0.1
uniform,0,222,0.7196645554663557,0.1421656503704043,0.7815405563052135,0.07749409665968163,0.3834000225790673,0.37659132592678757,-2.277394376744581,2.277394376744581,9.027011092837522,9.967356878326607e-08,4.163336342344337e-17,9.681144774731365e-14,0.1
uniform,0,223,0.7196645554662686,0.14216565745929333,0.7815405952756277,0.07749408622328277,0.38339997094525613,0.3765911627323386,-2.277394367628379,2.277394367628379,9.027011337070391,9.457031259123677e-08,0.0,8.704148513061227e-14,0.1
uniform,0,224,0.7196645554661901,0.14216566418472049,0.7815406322479488,0.07749407632169956,0.3833999219574314,0.3765910079087068,-2.277394358958494,2.277394358958494,9.027011568801981,8.972836937804671e-08,2.7755575615628914e-17,7.849276784099857e-14,0.1
uniform,0,225,0.7196645554661194,0.1421656705653467,0.7815406673247635,0.07749406692750099,0.3833998754798789,0.3765908610257712,-2.2773943507140872,2.2773943507140872,9.027011788672063,8.513435484555334e-08,1.3877787807814457e-17,7.072120666862247e-14,0.1
uniform,0,226,0.7196645554660558,0.14216567661887236,0.7815407006033774,0.07749405801466534,0.3833998313838569,0.37659072167558605,-2.277394342875186,2.277394342875186,9.027011997287682,8.077557078138072e-08,1.3877787807814457e-17,6.361577931102147e-14,0.1
uniform,0,227,0.7196645554659988,0.14216568236208682,0.7815407321760887,0.0774940495585076,0.38339978954723697,0.3765905894712301,-2.277394335422665,2.277394335422665,9.027012195224824,7.663996974284641e-08,5.551115123125783e-17,5.695444116327053e-14,0.1
uniform,0,228,0.719664555465947,0.14216568781091565,0.7815407621304462,0.07749404153561056,0.38339974985416303,0.3765904640457166,-2.2773943283382145,2.2773943283382145,9.027012383030007,7.271612171471829e-08,1.3877787807814457e-17,5.184741524999481e-14,0.1
uniform,0,229,0.7196645554659007,0.1421656929804654,0.7815407905494967,0.07749403392375961,0.383399712194729,0.3765903450509603,-2.2773943216043193,2.2773943216043193,9.027012561221785,6.899318233499917e-08,1.3877787807814457e-17,4.629630012686903e-14,0.1
uniform,0,230,0.719664555465859,0.1421656978850656,0.7815408175120151,0.07749402670188069,0.3833996764646713,0.3765902321567985,-2.2773943152042273,2.2773943152042273,9.027012730292181,6.54608629006629e-08,0.0,4.1744385725905886e-14,0.1
uniform,0,231,0.7196645554658214,0.14216570253830915,0.781540843092727,0.07749401984998161,0.3833996425650793,0.3765901250500639,-2.277394309121928,2.277394309121928,9.027012890708045,6.210940182216918e-08,1.3877787807814457e-17,3.752553823233029e-14,0.1
uniform,0,232,0.7196645554657877,0.14216570695309017,0.7815408673625165,0.07749401334909639,0.3833996104021192,0.3765900234337044,-2.277394303342125,2.277394303342125,9.027013042912337,5.89295376495956e-08,2.7755575615628914e-17,3.375077994860476e-14,0.1
uniform,0,233,0.7196645554657571,0.14216571114164014,0.781540890388625,0.07749400718123246,0.3833995798867732,0.3765899270259512,-2.2773942978502073,2.2773942978502073,9.027013187325348,5.591248331735587e-08,2.7755575615628914e-17,3.0531133177191805e-14,0.1
uniform,0,234,0.7196645554657298,0.14216571511556214,0.7815409122348389,0.07749400132932055,0.3833995509345916,0.37658983555952774,-2.2773942926322266,2.2773942926322266,9.027013324345866,5.304990194206437e-08,0.0,2.731148640577885e-14,0.1
uniform,0,235,0.719664555465705,0.14216571888586296,0.781540932961667,0.07749399577716724,0.3833995234654579,0.3765897487809023,-2.2773942876748703,2.2773942876748703,9.027013454352273,5.033388362499357e-08,2.7755575615628914e-17,2.4868995751603507e-14,0.1
uniform,0,236,0.7196645554656828,0.1421657224629843,0.7815409526265115,0.07749399050940994,0.38339949740336604,0.3765896664495773,-2.2773942829654383,2.2773942829654383,9.027013577703583,4.77569236488238e-08,2.7755575615628914e-17,2.220446049250313e-14,0.1
uniform,0,237,0.7196645554656628,0.1421657258568314,0.7815409712838253,0.0774939855114741,0.3833994726762088,0.37658958833741735,-2.2773942784918155,2.2773942784918155,9.027013694740441,4.531190163698296e-08,5.551115123125783e-17,1.9984014443252818e-14,0.1
uniform,0,238,0.7196645554656448,0.14216572907680095,0.7815409889852657,0.0774939807695328,0.38339944921557784,0.37658951422801096,-2.277394274242452,2.277394274242452,9.02701380578606,4.299206190761682e-08,0.0,1.7985612998927536e-14,0.1
uniform,0,239,0.7196645554656287,0.14216573213180722,0.7815410057798381,0.07749397627046833,0.3833994269565737,0.37658944391606625,-2.277394270206337,2.277394270206337,9.027013911147108,4.0790994809259e-08,5.551115123125783e-17,1.609823385706477e-14,0.1
uniform,0,240,0.719664555465614,0.1421657350303069,0.7815410217140321,0.07749397200183566,0.3833994058376249,0.37658937720683755,-2.2773942663729763,2.2773942663729763,9.027014011114563,3.870261886960408e-08,0.0,1.4654943925052066e-14,0.1
uniform,0,241,0.7196645554656008,0.1421657377803226,0.7815410368319511,0.07749396795182797,0.3833993858003174,0.376589313915582,-2.2773942627323724,2.2773942627323724,9.027014105964508,3.672116413166528e-08,1.3877787807814457e-17,1.3211653993039363e-14,0.1
uniform,0,242,0.719664555465589,0.14216574038946517,0.7815410511754352,0.0774939641092439,0.3833993667892329,0.37658925386704434,-2.2773942592750016,2.2773942592750016,9.027014195958897,3.484115607956639e-08,0.0,1.176836406102666e-14,0.1
uniform,0,243,0.7196645554655785,0.142165742864955,0.7815410647841775,0.07749396046345634,0.38339934875179404,0.3765891968949683,-2.277394255991793,2.277394255991793,9.027014281346279,3.305740054398363e-08,0.0,1.0547118733938987e-14,0.1
uniform,0,244,0.7196645554655687,0.14216574521364195,0.7815410776958344,0.07749395700438301,0.3833993316381189,0.3765891428416326,-2.2773942528741102,2.2773942528741102,9.027014362362479,3.1364969318339926e-08,1.3877787807814457e-17,9.769962616701378e-15,0.1
uniform,0,245,0.7196645554655601,0.1421657474420245,0.7815410899461307,0.0774939537224586,0.38339931540088346,0.3765890915574126,-2.2773942499137325,2.2773942499137325,9.027014439231253,2.9759186641662052e-08,2.7755575615628914e-17,8.659739592076221e-15,0.1
uniform,0,246,0.7196645554655525,0.1421657495562678,0.7815411015689585,0.07749395060860803,0.38339929999518896,0.37658904290036327,-2.2773942471028326,2.2773942471028326,9.027014512164905,2.8235616093136774e-08,2.7755575615628914e-17,7.549516567451064e-15,0.1
uniform,0,247,0.7196645554655453,0.14216575156222067,0.7815411125964713,0.07749394765422139,0.3833992853784381,0.37658899673582397,-2.277394244433964,2.277394244433964,9.027014581364877,2.679004841058597e-08,1.3877787807814457e-17,7.216449660063518e-15,0.1
uniform,0,248,0.7196645554655391,0.1421657534654321,0.7815411230591738,0.07749394485113018,0.3833992715102174,0.37658895293604405,-2.277394241900039,2.277394241900039,9.02701464702229,2.5418489977126716e-08,1.3877787807814457e-17,6.217248937900877e-15,0.1
uniform,0,249,0.7196645554655335,0.1421657552711664,0.7815411329860064,0.07749394219158444,0.3833992583521842,0.376588911379827,-2.277394239494316,2.277394239494316,9.027014709318491,2.4117151517427958e-08,2.7755575615628914e-17,5.551115123125783e-15,0.1
uniform,0,250,0.7196645554655284,0.142165756984418,0.781541142404425,0.07749393966823143,0.383399245867961,0.3765888719521943,-2.277394237210383,2.277394237210383,9.027014768425543,2.2882437867900196e-08,1.3877787807814457e-17,5.10702591327572e-15,0.1
uniform,0,251,0.7196645554655238,0.14216575860992522,0.7815411513404782,0.07749393727409522,0.3833992340230345,0.37658883454406533,-2.277394235042139,2.277394235042139,9.027014824506702,2.1710937991364153e-08,1.3877787807814457e-17,4.6629367034256575e-15,0.1
uniform,0,252,0.7196645554655196,0.14216576015218343,0.7815411598188788,0.07749393500255734,0.3833992227846601,0.3765887990519544,-2.2773942329837835,2.2773942329837835,9.027014877716864,2.059941535360158e-08,1.3877787807814457e-17,4.218847493575595e-15,0.1
uniform,0,253,0.7196645554655159,0.1421657616154576,0.781541167863073,0.07749393284733849,0.383399212121771,0.37658876537768315,-2.2773942310298008,2.2773942310298008,9.027014928203002,1.9544799283146226e-08,1.3877787807814457e-17,3.6637359812630166e-15,0.1
uniform,0,254,0.7196645554655127,0.142165763003794,0.7815411754953049,0.07749393080248111,0.38339920200489247,0.3765887334281078,-2.2773942291749467,2.2773942291749467,9.02701497610456,1.854417626330943e-08,2.7755575615628914e-17,3.219646771412954e-15,0.1
uniform,0,255,0.7196645554655096,0.14216576432103148,0.7815411827366779,0.07749392886233288,0.3833991924060597,0.37658870311486153,-2.277394227414236,2.277394227414236,9.027015021553849,1.759478194888124e-08,0.0,3.1086244689504383e-15,0.1
uniform,0,256,0.7196645554655068,0.14216576557081217,0.7815411896072145,0.07749392702153106,0.3833991832987407,0.3765886743541077,-2.2773942257429285,2.2773942257429285,9.027015064676407,1.6693993528281057e-08,1.3877787807814457e-17,2.7755575615628914e-15,0.1
uniform,0,257,0.7196645554655043,0.1421657667565915,0.7815411961259104,0.07749392527498769,0.3833991746577629,0.3765886470663081,-2.277394224156521,2.277394224156521,9.027015105591342,1.5839322548169313e-08,0.0,2.4424906541753444e-15,0.1
random,11,0,0.868240369772489,0.14839458304060518,0.8157834517695736,0.18557461892665814,0.91812558831465,0.2687138386664638,-3.163152102224027,3.163152102224027,9.394666695403151,0.09966143599243663,9.71445146547012e-17,0.08188737748793307,0.1
random,11,1,0.836941418297064,0.15342446061433804,0.8434346692534043,0.14845906430757602,0.7344973496181884,0.2074107895246372,-3.074154163734936,3.074154163734936,8.959725843055155,0.051726446833249576,5.551115123125783e-17,0.03129895147542494,0.1
random,11,2,0.8084245983931538,0.15137846239663497,0.8321870114605623,0.12896621804328098,0.6380570009980678,0.2477008954821529,-2.8890341637532693,2.8890341637532693,9.109818028816726,0.04705606704825189,2.7755575615628914e-17,0.028516819903910195,0.1
random,11,3,0.7935377091237196,0.1495469076692901,0.8221182339690724,0.11983784326033937,0.5928946047802037,0.28725382451864434,-2.775369256089403,2.775369256089403,9.09447861267648,0.03358317191544103,2.7755575615628914e-17,0.014886889269434267,0.1
random,11,4,0.7873898765560398,0.14851978200964458,0.8164717197981511,0.11788790629289511,0.5832473424780309,0.29224251087918723,-2.7319138920480546,2.7319138920480546,9.069209048877932,0.02388996073784926,5.551115123125783e-17,0.006147832567679812,0.1
random,11,5,0.7804455300740916,0.1476412814685221,0.8116422564233173,0.11450768860202361,0.5665238035910157,0.30082886858849645,-2.6942304141274507,2.6942304141274507,9.058769490964012,0.025254785135763822,4.163336342344337e-17,0.006944346481948194,0.1
random,11,6,0.7708527679802292,0.14677403425790245,0.8068746570371373,0.10882897928529872,0.5384285373178489,0.31089640872913893,-2.6170746196959165,2.6170746196959165,9.047287441052564,0.0290148010734001,1.3877787807814457e-17,0.009592762093862395,0.1
random,11,7,0.7641869520843015,0.1454106600320889,0.7993796521036789,0.10600370781742431,0.5244505803989884,0.33539567906795237,-2.5439440457821725,2.5439440457821725,9.038925387765508,0.022745806978153454,0.0,0.006665815895927629,0.1
random,11,8,0.7598905388837984,0.14462783632255394,0.7950761619438207,0.1037760844055505,0.5134294716536246,0.35226049512526886,-2.491502294409703,2.491502294409703,9.005535144326661,0.019189406407022096,1.3877787807814457e-17,0.004296413200503113,0.1
random,11,9,0.7556227368909326,0.14440569716077853,0.7938549755065991,0.10072471851889932,0.4983329184932376,0.3564827563767396,-2.4643219598708406,2.4643219598708406,8.980121488224414,0.019862275265193602,2.7755575615628914e-17,0.004267801992865805,0.1
random,11,10,0.7498049850222024,0.14429693289075854,0.7932570554895199,0.09623559524244107,0.4761230981360468,0.3583141887105074,-2.400940423815132,2.400940423815132,8.972984605798555,0.022767563006259522,1.3877787807814457e-17,0.0058177518687302365,0.1
random,11,11,0.7478298005586878,0.1437894956802334,0.7904674733452359,0.09519272313988932,0.4709635156013755,0.3723831664941685,-2.380110402628036,2.380110402628036,8.973018227232423,0.013797704175753435,1.3877787807814457e-17,0.0019751844635146343,0.1
random,11,12,0.7464958257519622,0.1434731568690873,0.7887284343453095,0.09430051368259489,0.4665493325756133,0.38312166849076695,-2.3641698981417756,2.3641698981417756,8.94979185567594,0.011927368253736517,1.3877787807814457e-17,0.0013339748067255908,0.1
random,11,13,0.7454536950168144,0.1432818733170683,0.7876768733439884,0.09341116584663144,0.46214930734676984,0.39158713172130616,-2.345959772403216,2.345959772403216,8.934477165655814,0.010499964960013037,2.7755575615628914e-17,0.001042130735147806,0.1
random,11,14,0.7446887168811029,0.14326330444708976,0.7875747929544205,0.09255152085752819,0.45789623617827085,0.3953356312071984,-2.328747486851496,2.328747486851496,8.923979726159525,0.008690734414496937,1.3877787807814457e-17,0.0007649781357114138,0.1
random,11,15,0.7441719523336789,0.1433946052485383,0.788296605158283,0.09175010053472646,0.4539312300281008,0.3946669095794144,-2.3183908459058706,2.3183908459058706,8.922915331043644,0.007382130426294068,2.7755575615628914e-17,0.0005167645474239979,0.1
random,11,16,0.7437695492165497,0.1435196325986768,0.7889839297301893,0.09105796162021776,0.45050689079596745,0.39404879219915895,-2.3042200590056443,2.3042200590056443,8.929275296973994,0.006021858650208319,1.3877787807814457e-17,0.00040240311712924637,0.1
random,11,17,0.7436352594675255,0.14365285487040474,0.7897163050127363,0.09074412838576557,0.44895420905166067,0.39109478445058193,-2.304105685768339,2.304105685768339,8.932489383783047,0.0037814262243352423,1.3877787807814457e-17,0.00013428974902418567,0.1
random,11,18,0.7435306265065859,0.14378901928006932,0.7904648543859566,0.09044254192858805,0.4474621179185878,0.3881645623747147,-2.303990963878099,2.303990963878099,8.934163375137754,0.0033295554590444592,1.3877787807814457e-17,0.00010463296093965457,0.1
random,11,19,0.7434473175660701,0.14392660860485434,0.7912212370786392,0.09015285664073976,0.44602890751045043,0.38524162879478063,-2.303910237706445,2.303910237706445,8.935943321111559,0.002963318789970685,0.0,8.330894051578053e-05,0.1
random,11,20,0.7433795505406644,0.1440641000134422,0.7919770814874325,0.08987476982256624,0.444653080228601,0.38233469367939804,-2.3038714025898464,2.3038714025898464,8.937906040744,0.0026660685503674167,0.0,6.776702540567392e-05,0.1
random,11,21,0.7433233264603535,0.14420014214533053,0.7927249586515712,0.08960796422759318,0.4433330665043799,0.37946340845580173,-2.303868588178194,2.303868588178194,8.940055934953314,0.00242305701373432,0.0,5.622408031091819e-05,0.1
random,11,22,0.743275868359673,0.14433363860191784,0.7934588412362475,0.08935208505510947,0.4420671109705204,0.37664959689857136,-2.303890316621909,2.303890316621909,8.942358579870213,0.002221958129096182,1.3877787807814457e-17,4.74581006805197e-05,0.1
random,11,23,0.7432352242717502,0.14446376664675187,0.7941742063352396,0.08910673729360356,0.44085325931786895,0.3739125469085309,-2.30392424377943,2.30392424377943,8.944763921644018,0.002053024832157269,1.3877787807814457e-17,4.0644087922814265e-05,0.1
random,11,24,0.7431999959681557,0.14458995701156227,0.794867924456722,0.08887149352373454,0.43968939690038117,0.37126703400518873,-2.3039595337476353,2.3039595337476353,8.947220586646134,0.0019088667761557219,1.3877787807814457e-17,3.522830359448115e-05,0.1
random,11,25,0.7431691585498614,0.14471185494868388,0.7955380454131012,0.08864590568349566,0.43857330694296187,0.36872297754294986,-2.3039877558259727,2.3039877558259727,8.94968340016871,0.0017840218955809668,0.0,3.083741829423836e-05,0.1
random,11,26,0.7431419422872358,0.14482927601503118,0.7961835552481135,0.08842951700441351,0.4375027295954991,0.3662859345227603,-2.3040029627374237,2.3040029627374237,8.952116339405036,0.0016744916508275635,0.0,2.721626262558452e-05,0.1
random,11,27,0.7431177554690069,0.14494216429583512,0.7968041465762576,0.08822187226222754,0.43647541264783346,0.36395792374855307,-2.3040013828651116,2.3040013828651116,8.954492805868991,0.0015773372893220568,1.3877787807814457e-17,2.4186818228910667e-05,0.1
random,11,28,0.7430961336226977,0.14505055662800745,0.7974000219045417,0.08802252570202844,0.4354891507391743,0.3617382950949772,-2.3039809806653215,2.3039809806653215,8.956794566093322,0.0014903689242649501,1.3877787807814457e-17,2.1621846309272108e-05,0.1
random,11,29,0.7430767055257652,0.1451545538204843,0.7979717354193802,0.08783104666245935,0.43454181318368795,0.3596245066530817,-2.3039410175880954,2.3039410175880954,8.959010202366311,0.0014119223828132075,1.3877787807814457e-17,1.9428096932450067e-05,0.1
random,11,30,0.7430591699339585,0.14525429850545268,0.7985200712260645,0.08764702322393703,0.433631362019977,0.3576127600941586,-2.303881671637365,2.303881671637365,8.96113353430502,0.0013407052348596695,1.3877787807814457e-17,1.75355918067277e-05,0.1
random,11,31,0.7430432792372902,0.14534995866490286,0.7990459527877367,0.08747006429537364,0.43275586233508206,0.3556984906271707,-2.30380373291807,2.30380373291807,8.963162225173615,0.0012756924006160472,1.3877787807814457e-17,1.589069666829701e-05,0.1
random,11,32,0.7430288276848723,0.145441715727227,0.7995503774877041,0.0872998005371263,0.43191348683075037,0.353876728614068,-2.3037083725645005,2.3037083725645005,8.96509664462165,0.0012160554500005606,0.0,1.4451552417860114e-05,0.1
random,11,33,0.7430156426980091,0.1455297561969841,0.8000343706149613,0.08713588445742902,0.43110251630053054,0.3521423566165554,-2.303596974318137,2.303596974318137,8.966938986763074,0.0011611141762734437,0.0,1.3184986863201686e-05,0.1
random,11,34,0.7430035783262984,0.14561426593695265,0.8004989539303834,0.08697798994872094,0.4303213373357684,0.3504902854456872,-2.303471016028194,2.303471016028194,8.968692610995923,0.0011103027563058305,1.3877787807814457e-17,1.2064371710751587e-05,0.1
random,11,35,0.7429925102293903,0.14569542639607147,0.8009451249302308,0.0868258114646212,0.4295684382537117,0.34891556968289295,-2.3033319891841977,2.3033319891841977,8.970361563641124,0.0010631455033716622,0.0,1.1068096908095626e-05,0.1
random,11,36,0.7429823317706155,0.14577341223761459,0.8013738438072924,0.08667906298355929,0.42884240397009826,0.34741347922621624,-2.3031813464867064,2.3031813464867064,8.971950239860274,0.0010192390221776316,1.3877787807814457e-17,1.0178458774823262e-05,0.1
random,11,37,0.7429729509376511,0.14584838995701743,0.8017860258525328,0.08653747686212797,0.42814191032614957,0.34597953966714157,-2.3030204695457135,2.3030204695457135,8.973463151017317,0.0009782387338028006,1.3877787807814457e-17,9.380832964311914e-06,0.1
random,11,38,0.7429642878891317,0.14592051718640273,0.8021825376317964,0.08640080264884524,0.42746571821968893,0.34460955110362196,-2.302850650684398,2.302850650684398,8.97490476942302,0.0009398484649857728,1.3877787807814457e-17,8.66304851943056e-06,0.1
random,11,39,0.7429562729819507,0.14598994246573613,0.8025641957277605,0.08626880590528443,0.4268126677727133,0.34329959242951946,-2.3026730843890766,2.3026730843890766,8.976279428754216,0.00090381224838416,1.3877787807814457e-17,8.014907181053132e-06,0.1
random,11,40,0.7429488451722217,0.14605680532287824,0.8029317671800125,0.08614126706453012,0.4261816726836338,0.34204601616303865,-2.302488865174574,2.302488865174574,8.977591263813784,0.0008699077624014915,1.3877787807814457e-17,7.427809728954848e-06,0.1
random,11,41,0.7429419507097155,0.14612123655088696,0.8032859710094901,0.08601798034497377,0.4255717148533079,0.34084543739270895,-2.302298989567208,2.302298989567208,8.978844177590046,0.0008379410170177167,1.3877787807814457e-17,6.894462506235044e-06,0.1
random,11,42,0.7429355420648354,0.1461833586045417,0.8036274803983309,0.08589875272922949,0.4249818393332519,0.33969471932774187,-2.3021043605993086,2.3021043605993086,8.980041826881653,0.0008077420063858964,0.0,6.408644880107062e-06,0.1
random,11,43,0.7429295770412859,0.14624328606231793,0.8039569252295286,0.08578340301239587,0.42441114961694076,0.33859095714904347,-2.3019057937127188,2.3019057937127188,8.981187620240437,0.000779161124323496,0.0,5.965023549436843e-06,0.1
random,11,44,0.7429240180380559,0.14630112611737567,0.80427489478609,0.08567176092023182,0.4238588032770067,0.3375314612923658,-2.3017040233296955,2.3017040233296955,8.982284723820685,0.0007520661899636333,1.3877787807814457e-17,5.559003230071191e-06,0.1
random,11,45,0.7429188314322237,0.14635697907340017,0.8045819404768666,0.08556366629549098,0.42332400793964936,0.3365137408966142,-2.3014997096048884,2.3014997096048884,8.98333607206025,0.000726339966599819,0.0,5.18660583215258e-06,0.1
random,11,46,0.7429139870601098,0.14641093882974518,0.8048785785035777,0.08545896834925333,0.42280601758061886,0.3355354878727188,-2.30129344505024,2.30129344505024,8.984344381081407,0.0007018780825198854,0.0,4.844372113899098e-06,0.1
random,11,47,0.7429094577789139,0.14646309334631,0.805165292416423,0.08535752497331581,0.42230412912328585,0.3345945618577524,-2.3010857608472626,2.3010857608472626,8.985312163385242,0.0006785872816817153,1.3877787807814457e-17,4.5292811958752566e-06,0.1
random,11,48,0.7429052190945755,0.14651352508268772,0.8054425355282534,0.08525920210934283,0.4218176793175306,0.3336889761900287,-2.300877132744189,2.300877132744189,8.98624174289743,0.0006563839465083912,0.0,4.238684338409016e-06,0.1
random,11,49,0.7429012488443879,0.14656231140889647,0.8057107331725221,0.08516387317039541,0.4213460418777733,0.3328168849555307,-2.3006679864906796,2.3006679864906796,8.987135269761472,0.0006351928462057935,0.0,3.970250187612656e-06,0.1
random,11,50,0.7428975269251039,0.14660952498684854,0.8059702848003709,0.08507141851054387,0.4208886248588965,0.33197657110101675,-2.30045870279851,2.30045870279851,8.987994734509222,0.0006149460727214321,0.0,3.721919283994346e-06,0.1
random,11,51,0.7428940350590174,0.14665523412290213,0.8062215659187456,0.08498172493846586,0.4204448682497844,0.33116643557512093,-2.300249621838973,2.300249621838973,8.988821981398115,0.0005955821333706063,1.3877787807814457e-17,3.4918660865024265e-06,0.1
random,11,52,0.7428907565918834,0.14669950309257812,0.8064649298754926,0.08489468527118144,0.42001424176543845,0.3303849874390443,-2.3000410473009754,2.3000410473009754,8.989618720811544,0.0005770451746857581,1.3877787807814457e-17,3.278467133993601e-06,0.1
random,11,53,0.7428876763176567,0.14674239243895654,0.8067007094997606,0.0848101979243589,0.41959624282002644,0.3296308348782964,-2.2998332500408676,2.2998332500408676,8.990386540689403,0.0005592843165031083,1.3877787807814457e-17,3.080274226685553e-06,0.1
random,11,54,0.7428847803259077,0.14678395924648718,0.8069292186072468,0.08472816653591152,0.41919039466463676,0.32890267704313353,-2.299626471358155,2.299626471358155,8.99112691700073,0.000542253078917351,0.0,2.8959917490745113e-06,0.1
random,11,55,0.7428820558685026,0.14682425739203517,0.807150753380292,0.08464849961988824,0.4187962446749122,0.32819929664555564,-2.299420925931741,2.299420925931741,8.991841223298016,0.0005259088876850486,1.3877787807814457e-17,2.7244574050122594e-06,0.1
random,11,56,0.7428794912427064,0.1468633377749746,0.8073655936327969,0.08457111024793008,0.41841336277506325,0.32751955324342974,-2.2992168044502863,2.2992168044502863,8.992530739408355,0.0005102126460713702,1.3877787807814457e-17,2.5646257962863572e-06,0.1
random,11,57,0.7428770756883449,0.1469012485280843,0.8075740039695986,0.08449591575581704,0.4180413399860169,0.3268623771464183,-2.2990142759683065,2.2990142759683065,8.99319665932445,0.0004951283631190434,1.3877787807814457e-17,2.4155543614234887e-06,0.1
random,11,58,0.7428747992970481,0.1469380352109049,0.8077762348494301,0.08442283747286322,0.417679787086606,0.3262267638832417,-2.2988134900171797,2.2988134900171797,8.993840098360902,0.0004806228299532715,1.3877787807814457e-17,2.276391296796021e-06,0.1
random,11,59,0.7428726529319131,0.14697374098710558,0.8079725235599764,0.08435180047213128,0.4173283333777619,0.32561176917490287,-2.298614578497629,2.298614578497629,8.994462099640684,0.00046666533708829137,1.3877787807814457e-17,2.1463651350694946e-06,0.1
random,11,60,0.7428706281561811,0.14700840678729113,0.808163095112888,0.0842827333396321,0.41698662554063526,0.3250165043635622,-2.2984176573776036,2.2984176573776036,8.99506363997378,0.00045322742682097684,0.0,2.0247757319680204e-06,0.1
random,11,61,0.7428687171697483,0.14704207145856113,0.8083481630659669,0.08421556796085114,0.4166543265804417,0.32444013225162716,-2.298222828216995,2.298222828216995,8.995645635186225,0.00044028267572709506,1.3877787807814457e-17,1.9109864327626624e-06,0.1
random,11,62,0.7428669127524973,0.14707477190201826,0.8085279302791041,0.08415023932310262,0.41633111484861346,0.3238818633101596,-2.2980301795382636,2.2980301795382636,8.99620894495328,0.00042780650305111566,1.3877787807814457e-17,1.8044172510611745e-06,0.1
random,11,63,0.7428652082135935,0.14710654319931454,0.8087025896099536,0.08408668533235515,0.41601668313654927,0.323340952219909,-2.2978397880599175,2.2978397880599175,8.996754377185928,0.00041577600142553945,0.0,1.7045389038017333e-06,0.1
random,11,64,0.7428635973460075,0.14713741872922176,0.8088723245547664,0.08402484664330168,0.41571073783489,0.3228166947121012,-2.2976517198078485,2.2976517198078485,8.99728269201535,0.0004041697868972483,1.3877787807814457e-17,1.6108675859882737e-06,0.1
random,11,65,0.7428620743856394,0.14716743027512103,0.809037309839303,0.08396466650156262,0.4154129981528224,0.3223084246795663,-2.2974660311177844,2.2974660311177844,8.997794605415615,0.0003929678656901783,1.3877787807814457e-17,1.5229603680388948e-06,0.1
random,11,66,0.7428606339744943,0.14719660812421892,0.8091977119642632,0.08390609059701472,0.4151231953924279,0.3218155115319002,-2.297282769540601,2.297282769540601,8.998290792500919,0.0003821515155140439,0.0,1.4404111451371548e-06,0.1
random,11,67,0.7428592711274419,0.14722498115922128,0.8093536897092531,0.08384906692733231,0.41484107227355616,0.32133735777112993,-2.2971019746608383,2.2971019746608383,8.998771890529854,0.0003717031795484799,1.3877787807814457e-17,1.3628470524329472e-06,0.1
random,11,68,0.742857981202157,0.14725257694312577,0.8095053945989238,0.08379354567091164,0.41456638230512177,0.32087339676683696,-2.2969236788376035,2.2969236788376035,8.999238501645843,0.00036160637150112516,1.3877787807814457e-17,1.2899252849196685e-06,0.1
random,11,69,0.7428567598718809,0.1472794217977295,0.8096529713345576,0.08373947906842391,0.4142988891990907,0.32042309071189967,-2.296747907875943,2.296747907875943,8.999691195379876,0.00035184559036595154,0.0,1.221330276024446e-06,0.1
random,11,70,0.7428556031007012,0.14730554087639264,0.8097965581940795,0.0836868213123127,0.41403836632377206,0.3199859287419865,-2.2965746816358803,2.2965746816358803,9.00013051093877,0.0003424062437004741,1.3877787807814457e-17,1.1567711797333402e-06,0.1
random,11,71,0.7428545071210759,0.14733095823154596,0.8099362874031717,0.08363552844361011,0.41378459619331837,0.3195614252036756,-2.2964040145854483,2.2964040145854483,9.000556959299903,0.00033327457840336844,1.3877787807814457e-17,1.0959796252762999e-06,0.1
random,11,72,0.742853468413367,0.147355696877385,0.8100722854799287,0.08358555825550415,0.41353736999062785,0.31914911805763424,-2.296235916303388,2.296235916303388,9.000971025130996,0.0003244376181132519,1.3877787807814457e-17,1.038707708955755e-06,0.1
random,11,73,0.7428524836871772,0.14737977884815165,0.8102046735552539,0.0835368702031379,0.413296487121078,0.3187485674046717,-2.2960703919364978,2.2960703919364978,9.001373168551694,0.00031588310646654005,1.3877787807814457e-17,9.847261898121573e-07,0.1
random,11,74,0.7428515498643049,0.14740322525236654,0.8103335676709965,0.08348942531916627,0.4130617547947453,0.31835935412371164,-2.2959074426161084,2.2959074426161084,9.001763826751835,0.0003075994555535924,0.0,9.338228722510777e-07,0.1
random,11,75,0.7428506640631549,0.14742605632334183,0.81045907905764,0.08344318613463841,0.4128329876349722,0.3179810786118192,-2.2957470658376407,2.2957470658376407,9.00214341547983,0.00029957569899800656,1.3877787807814457e-17,8.858011499857099e-07,0.1
random,11,76,0.7428498235844656,0.14744829146627467,0.8105813143931939,0.0833981166048088,0.4126100073113201,0.31761335961740195,-2.2955892558068065,2.2955892558068065,9.002512330413152,0.0002918014491568131,0.0,8.404786893123628e-07,0.1
random,11,77,0.742849025898219,0.14746994930219273,0.810700376044779,0.08335418203951461,0.41239264219511307,0.3172558331585647,-2.295434003755595,2.295434003755595,9.002870948421691,0.00028426685800433206,0.0,7.976862466119172e-07,0.1
random,11,78,0.7428482686316277,0.14749104770900062,0.8108163622942762,0.08331134903778739,0.4121807270359305,0.31690815151937973,-2.2952812982308997,2.2952812982308997,9.003219628733694,0.00027696258131442217,0.0,7.572665913224697e-07,0.1
random,11,79,0.7428475495580934,0.1475116038598524,0.8109293675492751,0.08326958542639346,0.4119741026575377,0.31656998231752653,-2.295131125358308,2.295131125358308,9.003558714012945,0.0002698797458043257,1.3877787807814457e-17,7.19073534272141e-07,0.1
random,11,80,0.7428468665870475,0.14753163425905624,0.8110394825404561,0.08322886020202393,0.4117726156718724,0.31624100763737373,-2.2949834690833337,2.2949834690833337,9.003888531355093,0.0002630099189431822,1.3877787807814457e-17,6.829710459399507e-07,0.1
random,11,81,0.7428462177545954,0.14755115477569905,0.8111467945064383,0.08318914347687653,0.41157611820981216,0.31592092322313575,-2.294838311392143,2.294838311392143,9.004209393210111,0.0002563450811625584,1.3877787807814457e-17,6.48832452099235e-07,0.1
random,11,82,0.7428456012148903,0.14757018067516303,0.8112513873670383,0.08315040642739323,0.41138446766755515,0.31560943772722827,-2.2946956325136103,2.2946956325136103,9.004521598237343,0.00024987760023810506,0.0,6.165397050672539e-07,0.1
random,11,83,0.7428450152321722,0.14758872664869022,0.8113533418857978,0.0831126212459356,0.4111975264675354,0.31530627200940015,-2.2945554111043664,2.2945554111043664,9.004825432098832,0.00024360020763604558,0.0,5.859827181264876e-07,0.1
random,11,84,0.7428444581734154,0.14760680684113983,0.8114527358225776,0.08307576109519771,0.4110151618328815,0.3150111584826177,-2.2944176244183265,2.2944176244183265,9.005121168196174,0.0002375059766427884,0.0,5.570587567893526e-07,0.1
random,11,85,0.7428439285015289,0.1476244348770689,0.8115496440769321,0.0830398000651714,0.4108372455745038,0.31472384050203867,-2.2942822484620624,2.2942822484620624,9.00540906835559,0.00023158830211435856,1.3877787807814457e-17,5.296718864622463e-07,0.1
random,11,86,0.7428434247690655,0.1476416238852572,0.8116441388229332,0.08300471313249363,0.410663653889966,0.31444407179373995,-2.294149258137232,2.294149258137232,9.005689383465493,0.000225840881701494,1.3877787807814457e-17,5.037324634082907e-07,0.1
random,11,87,0.7428429456123946,0.1476583865217876,0.8117362896360513,0.08297047612201824,0.4104942671733629,0.31417161592015447,-2.294018627371177,2.294018627371177,9.00596235407043,0.00022025769842002056,0.0,4.791566708961525e-07,0.1
random,11,88,0.7428424897463022,0.14767473499178252,0.8118261636126504,0.08293706567046635,0.4103289698354815,0.3139062457794406,-2.293890329236688,2.293890329236688,9.006228210924883,0.0002148330044507761,1.3877787807814457e-17,4.558660924303126e-07,0.1
random,11,89,0.7428420559589802,0.1476906810698912,0.8119138254826131,0.08290445919202162,0.41016765013358425,0.31364774313624305,-2.2937643360618543,2.2937643360618543,9.006487175510188,0.0002095613060645905,1.3877787807814457e-17,4.3378732195176184e-07,0.1
random,11,90,0.7428416431073748,0.14770623611961226,0.8119993377155659,0.08287263484574452,0.41001020001019245,0.3133958981815227,-2.293640619530819,2.293640619530819,9.006739460517384,0.0002044373495786049,1.3877787807814457e-17,4.128516054580089e-07,0.1
random,11,91,0.742841250112866,0.1477214111115324,0.8120827606211432,0.08284157150469121,0.40985651494030223,0.31315050911932935,-2.293519150776194,2.293519150776194,9.006985270298761,0.0001994561082591814,1.3877787807814457e-17,3.929945088243514e-07,0.1
random,11,92,0.7428408759572499,0.14773621664055295,0.8121641524436894,0.0828112487266299,0.4097064937865049,0.3129113817785654,-2.2933999004638275,2.2933999004638275,9.007224801290398,0.00019461277009501557,0.0,3.741556160452575e-07,0.1
random,11,93,0.7428405196790016,0.1477506629421723,0.8122435694517692,0.0827816467262549,0.4095600386615165,0.3126783292479551,-2.293282838870526,2.293282838870526,9.007458242407989,0.00018990272637152381,1.3877787807814457e-17,3.5627824834794097e-07,0.1
random,11,94,0.7428401803697946,0.14776475990788596,0.8123210660228282,0.08275274634880682,0.40941705479766427,0.31245117153257435,-2.293167935955333,2.293167935955333,9.007685775417913,0.00018532156098364824,1.3877787807814457e-17,3.3930920695368627e-07,0.1
random,11,95,0.74283985717126,0.14777851709976214,0.8123966947233201,0.08272452904501325,0.40927745042290675,0.31222973523043207,-2.2930551614248524,2.2930551614248524,9.007907575285419,0.00018086504043035004,1.3877787807814457e-17,3.231985346019428e-07,0.1
random,11,96,0.7428395492719645,0.14779194376424568,0.8124705063845931,0.08269697684727027,0.409141136642992,0.3120138532277171,-2.292944484793112,2.292944484793112,9.008123810501582,0.00017652910443887847,1.3877787807814457e-17,3.0789929550412154e-07,0.1
random,11,97,0.742839255904591,0.1478050488452392,0.8125425501748014,0.08267007234699061,0.4090080273293884,0.3118033644114283,-2.2928358754363933,2.2928358754363933,9.008334643390603,0.00017230985717205834,1.3877787807814457e-17,2.9336737350504904e-07,0.1
random,11,98,0.7428389763433091,0.14781784099650808,0.8126128736671004,0.08264379867305013,0.40887803901264924,0.31159811339821464,-2.292729302643426,2.292729302643426,9.00854023039884,0.00016820355897509347,0.0,2.7956128190176344e-07,0.1
random,11,99,0.7428387099013171,0.1478303285934498,0.8126815229043481,0.08261813947126788,0.4087510907808906,0.31139795027833345,-2.292624735661313,2.292624735661313,9.00874072236689,0.00016420661862338905,1.3877787807814457e-17,2.6644199202507934e-07,0.1
random,11,100,0.7428384559285475,0.1478425197442687,0.8127485424605362,0.08259307888486024,0.4086271041830892,0.3112027303737299,-2.292522143737518,2.292522143737518,9.008936264785874,0.0001603155860344486,1.3877787807814457e-17,2.539727695927141e-07,0.1
random,11,101,0.7428382138095199,0.14785442230059093,0.8128139754991449,0.08256860153581336,0.4085060031369222,0.31101231400930623,-2.292421496158222,2.292421496158222,9.009126998039093,0.00015652714541214053,1.3877787807814457e-17,2.421190276047369e-07,0.1
random,11,102,0.7428379829613331,0.14786604386755398,0.8128778638286096,0.08254469250712139,0.40838771384089234,0.31082656629652844,-2.2923227622833355,2.2923227622833355,9.009313057629978,0.00015283810879200942,0.0,2.308481867885348e-07,0.1
random,11,103,0.7428377628317878,0.1478773918134028,0.812940247955074,0.08252133732584287,0.408272164690499,0.31064535692857476,-2.2922259115784103,2.2922259115784103,9.009494574397316,0.00014924540996080432,0.0,2.2012954525862938e-07,0.1
random,11,104,0.7428375528976244,0.14788847327862037,0.8130011671325846,0.08249852194692828,0.408159286198226,0.31046855998629486,-2.2921309136437102,2.2921309136437102,9.009671674718604,0.0001457460987240923,0.0,2.0993416338654924e-07,0.1
random,11,105,0.7428373526628769,0.1478992951846212,0.8130606594108821,0.08247623273777796,0.40804901091714196,0.3102960537542976,-2.292037738240636,2.292037738240636,9.009844480702295,0.00014233733549897683,0.0,2.0023474756047932e-07,0.1
random,11,106,0.7428371616573258,0.1479098642420324,0.8131187616809259,0.08245445646348905,0.40794127336791003,0.3101277205465385,-2.2919463553157255,2.2919463553157255,9.010013110369684,0.00013901638620978185,1.3877787807814457e-17,1.9100555104234473e-07,0.1
random,11,107,0.7428369794350506,0.14792018695858605,0.8131755097182817,0.08243318027275565,0.40783600996902936,0.3099634465408195,-2.2918567350224013,2.2918567350224013,9.010177677827112,0.0001357806174673007,0.0,1.8222227526898394e-07,0.1
random,11,108,0.7428368055730693,0.14793026964664532,0.8132309382244951,0.08241239168438574,0.407733158970128,0.3098031216216596,-2.2917688477406406,2.2917688477406406,9.01033829342909,0.0001326274920126556,0.0,1.7386198125635133e-07,0.1
random,11,109,0.7428366396700622,0.1479401184303841,0.8132850808665614,0.08239207857440367,0.40763266038815243,0.3096466392310302,-2.291682664094728,2.291682664094728,9.010495063932925,0.00012955456440886132,1.3877787807814457e-17,1.6590300710994654e-07,0.1
random,11,110,0.7428364813451745,0.1479497392526406,0.8133379703146023,0.08237222916370647,0.40753445594629784,0.30949389622648327,-2.2915981549692326,2.2915981549692326,9.010648092645411,0.00012655947696477837,0.0,1.5832488764466746e-07,0.1
random,11,111,0.742836330236889,0.14795913788146148,0.8133896382778412,0.08235283200624552,0.4074384890155372,0.3093447927462383,-2.2915152915233445,2.2915152915233445,9.010797479562033,0.00012363995587573752,1.3877787807814457e-17,1.5110828555098266e-07,0.1
random,11,112,0.7428361860019693,0.14796831991635465,0.8134401155389779,0.08233387597770671,0.4073447045586165,0.3091992320808175,-2.291434045203698,2.291434045203698,9.010943321499171,0.00012079380756868161,0.0,1.4423491967452406e-07,0.1
random,11,113,0.742836048314464,0.14797729079426555,0.8134894319870424,0.08231535026466326,0.40725304907638865,0.3090571205508504,-2.291354387755786,2.291354387755786,9.011085712219733,0.00011801891523794105,0.0,1.376875052860882e-07,0.1
random,11,114,0.7428359168647707,0.1479860557952922,0.8135376166488121,0.08229724435417762,0.40716347055636937,0.3089183673906934,-2.2912762912340887,2.2912762912340887,9.011224742552594,0.00011531323556083131,1.3877787807814457e-17,1.3144969335243673e-07,0.1
random,11,115,0.7428357913587568,0.14799462004815264,0.8135846977188699,0.08227954802383003,0.4070759184234033,0.3087828846375347,-2.2911997280109975,2.2911997280109975,9.011360500506232,0.00011267479558169103,0.0,1.2550601391492222e-07,0.1
random,11,116,0.7428356715169276,0.1480029885354177,0.8136307025883691,0.08226225133215197,0.4069903434923342,0.3086505870256727,-2.291124670784633,2.291124670784633,9.011493071376876,0.00011010168975456742,1.3877787807814457e-17,1.198418291270542e-07,0.1
random,11,117,0.7428355570736491,0.14801116609852163,0.8136756578725802,0.08224534460944537,0.4069066979225831,0.30852139188568206,-2.2910510925856427,2.2910510925856427,9.011622537851514,0.00010759207713494147,1.3877787807814457e-17,1.1444327852050407e-07,0.1
random,11,118,0.7428354477764091,0.14801915744256122,0.813719589437273,0.08222881844896827,0.4068249351745393,0.3083952190481956,-2.2909789667830514,2.2909789667830514,9.011748980106036,0.00010514417871175086,0.0,1.0929724003627683e-07,0.1
random,11,119,0.7428353433851266,0.14802696714089547,0.8137625224240024,0.08221266369846955,0.40674500996767915,0.3082719907520507,-2.290908267089238,2.290908267089238,9.011872475898803,0.00010275627487151847,1.3877787807814457e-17,1.0439128250716578e-07,0.1
random,11,120,0.7428352436714962,0.14803459963955423,0.813804481274345,0.08219687145205536,0.40666687824032494,0.30815163155656206,-2.290838967564107,2.290838967564107,9.011993100659897,0.00010042670298710068,0.0,9.971363035266023e-08,0.1
random,11,121,0.7428351484183738,0.14804205926146713,0.8138454897531474,0.08218143304237265,0.40659049711097345,0.3080340682576995,-2.290771042618516,2.290771042618516,9.012110927576275,9.815385512359862e-05,1.3877787807814457e-17,9.525312238967132e-08,0.1
random,11,122,0.7428350574191934,0.14804935021052001,0.813885570970825,0.08216634003309368,0.4065158248411133,0.3079192298079637,-2.290704467017017,2.290704467017017,9.0122260276731,9.593617585515295e-05,1.3877787807814457e-17,9.099918041322042e-08,0.1
random,11,123,0.7428349704774198,0.14805647657544874,0.813924747404769,0.08215158421168832,0.4064428207994657,0.3078070472397649,-2.2906392158799562,2.2906392158799562,9.012338469891398,9.377216018597535e-05,1.3877787807814457e-17,8.694177366930234e-08,0.1
random,11,124,0.7428348874060287,0.14806344233357732,0.8139630409198952,0.08213715758247037,0.40637144542758163,0.3076974535921188,-2.2905752646850046,2.2905752646850046,9.012448321162296,9.166035157030119e-05,1.3877787807814457e-17,8.307139109930972e-08,0.1
random,11,125,0.7428348080270205,0.14807025135440843,0.8140004727883837,0.08212305235990562,0.40630166020673375,0.30759038384049214,-2.2905125892681357,2.2905125892681357,9.012555646477983,8.959934002520077e-05,1.3877787807814457e-17,7.93790081443646e-08,0.1
random,11,126,0.7428347321709552,0.14807690740307303,0.8140370637086417,0.08210926096216958,0.4062334276260429,0.30748577482963196,-2.2904511658241167,2.2904511658241167,9.01266050895959,8.75877603316447e-05,0.0,7.585606531801403e-08,0.1
random,11,127,0.7428346596765177,0.14808341414364593,0.814072833823531,0.08209577600494361,0.40616671115178526,0.3073835652092313,-2.2903909709065378,2.2903909709065378,9.012762969922152,8.562429031866117e-05,1.3877787807814457e-17,7.249443745305229e-08,0.1
random,11,128,0.7428345903901049,0.14808977514233362,0.8141078027378932,0.08208259029543913,0.40610147519782686,0.30728369537228206,-2.290331981427428,2.290331981427428,9.012863088936792,8.370764922653529e-05,1.3877787807814457e-17,6.928641282932801e-08,0.1
random,11,129,0.7428345241654343,0.14809599387054012,0.8141419895354027,0.08206969682663909,0.40603768509713356,0.30718610739598784,-2.2902741746564814,2.2902741746564814,9.01296092389027,8.183659614416712e-05,1.3877787807814457e-17,6.622467063621684e-08,0.1
random,11,130,0.7428344608631764,0.1481020737078167,0.8141754127947836,0.08205708877174814,0.40597530707431334,0.3070907449851041,-2.290217528219933,2.290217528219933,9.013056531042063,8.00099285173316e-05,0.0,6.330225787998245e-08,0.1
random,11,131,0.7428344003506058,0.1481080179447007,0.8142080906054152,0.08204475947884149,0.4059143082191418,0.30699755341758905,-2.2901620200991086,2.2901620200991086,9.013149965079036,7.822648072358993e-05,0.0,6.051257062100746e-08,0.1
random,11,132,0.742834342501269,0.14811382978544818,0.8142400405823549,0.08203270246570432,0.40585465646103014,0.30690647949245325,-2.2901076286286806,2.2901076286286806,9.013241279167913,7.64851227107089e-05,0.0,5.7849336765336545e-08,0.1
random,11,133,0.7428342871946741,0.14811951235066595,0.8142712798808068,0.08202091141485374,0.4057963205443964,0.3068174714796989,-2.290054332494652,2.290054332494652,9.01333052500557,7.478475869503054e-05,1.3877787807814457e-17,5.530659485941669e-08,0.1
random,11,134,0.7428342343159937,0.1481250686798466,0.8143018252100586,0.08200938016873484,0.40573927000489834,0.30673047907225115,-2.290002110732094,2.290002110732094,9.013417752867317,7.312432591689391e-05,1.3877787807814457e-17,5.287868043435395e-08,0.1
random,11,135,0.7428341837557841,0.1481305017338111,0.8143316928469089,0.08199810272508438,0.40568347514649505,0.30664545333978643,-2.2899509427226588,2.2899509427226588,9.013503011653246,7.150279345005919e-05,1.3877787807814457e-17,5.0560209574612713e-08,0.1
random,11,136,0.7428341354097209,0.14813581439706341,0.8143608986486118,0.08198707323245444,0.40562890701930043,0.3065623466843682,-2.289900808191886,2.289900808191886,9.01358634893273,6.991916106256618e-05,1.3877787807814457e-17,4.834606326387103e-08,0.1
random,11,137,0.7428340891783471,0.1481410094800607,0.8143894580653568,0.08197628598588957,0.4055755373981963,0.3064811127978041,-2.28985168720633,2.28985168720633,9.013667810987181,6.837245812621378e-05,0.0,4.6231373729277436e-08,0.1
random,11,138,0.7428340449668344,0.1481460897214021,0.8144173861523017,0.08196573542275125,0.40552333876217345,0.30640170662064703,-2.289803560170511,2.289803560170511,9.013747442851136,6.686174257236793e-05,1.3877787807814457e-17,4.4211512784109175e-08,0.1
random,11,139,0.7428340026847575,0.14815105778994095,0.8144446975811841,0.08195541611868344,0.405472284274372,0.3063240843027635,-2.289756407823721,2.289756407823721,9.013825288351756,6.538609989178739e-05,0.0,4.2282076839761373e-08,0.1
random,11,140,0.7428339622458796,0.14815591628682234,0.8144714066515228,0.08194532278371362,0.40542234776279074,0.3062482031653979,-2.2897102112366965,2.2897102112366965,9.013901390146804,6.394464217630696e-05,1.3877787807814457e-17,4.043887791294054e-08,0.1
random,11,141,0.74283392356795,0.1481606677474501,0.8144975273014309,0.08193545025848396,0.4053735037016413,0.30617402166466456,-2.2896649518081613,2.2896649518081613,9.013975789761185,6.253650720030798e-05,0.0,3.867792963685446e-08,0.1
random,11,142,0.7428338865725101,0.1481653146433855,0.8145230731180538,0.08192579351060691,0.4053257271933176,0.30610149935640346,-2.2896206112612694,2.2896206112612694,9.014048527622098,6.116085754000076e-05,1.3877787807814457e-17,3.699543982271791e-08,0.1
random,11,143,0.7428338511847122,0.14816985938418112,0.8145480573476509,0.08191634763114114,0.4052789939509603,0.30603059686234024,-2.289577171639948,2.289577171639948,9.014119643092885,5.9816879728784636e-05,1.3877787807814457e-17,3.538779791423252e-08,0.1
random,11,144,0.7428338173331444,0.1481743043191518,0.8145724929053307,0.08190710783118206,0.40523328028158884,0.3059612758374902,-2.2895346153051594,2.2895346153051594,9.014189174505612,5.8503783446926195e-05,1.3877787807814457e-17,3.385156788215937e-08,0.1
random,11,145,0.7428337849496665,0.14817865173908606,0.81459639238446,0.08189806943856348,0.4051885630697829,0.3058934989387557,-2.2894929249310847,2.2894929249310847,9.014257159192454,5.7220800743848335e-05,1.3877787807814457e-17,3.2383477899244895e-08,0.1
random,11,146,0.7428337539692539,0.14818290387789995,0.8146197680657545,0.08188922789466536,0.40514481976188865,0.30582722979465893,-2.289452083501248,2.289452083501248,9.014323633515929,5.59671852916633e-05,1.3877787807814457e-17,3.098041256865969e-08,0.1
random,11,147,0.7428337243298496,0.14818706291423533,0.8146426319260667,0.08188057875132373,0.40510202835073084,0.30576243297616895,-2.289412074304585,2.289412074304585,9.01438863289804,5.474221166834494e-05,1.3877787807814457e-17,2.963940426425893e-08,0.1
random,11,148,0.7428336959722218,0.14819113097300582,0.8146649956468831,0.08187211766783895,0.4050601673608111,0.30569907396856744,-2.289372880931465,2.289372880931465,9.01445219184837,5.354517466910248e-05,0.0,2.8357627801511853e-08,0.1
random,11,149,0.7428336688398309,0.14819511012689113,0.8146868706225403,0.08186384040807886,0.4050192158339761,0.30563711914431646,-2.2893344872696724,2.2893344872696724,9.014514343991161,5.2375388644953546e-05,1.3877787807814457e-17,2.7132390889583746e-08,0.1
random,11,150,0.7428336428787027,0.14819900239778325,0.8147082679681747,0.0818557428376726,0.4049791533155338,0.30557653573688104,-2.289296877500365,2.289296877500365,9.014575122091442,5.1232186866788414e-05,1.3877787807814457e-17,2.596112824715391e-08,0.1
random,11,151,0.742833618037306,0.148202809758185,0.814729198527411,0.08184782092129216,0.4049399598408041,0.30551729181546844,-2.2892600360940003,2.2892600360940003,9.014634558080239,5.0114920914269404e-05,1.3877787807814457e-17,2.484139671743435e-08,0.1
random,11,152,0.7428335942664398,0.14820653413256382,0.8147496728798044,0.08184007072001843,0.4049016159220875,0.30545935626064563,-2.289223947806247,2.289223947806247,9.014692683078904,4.9022960087978566e-05,1.3877787807814457e-17,2.3770866164340987e-08,0.1
random,11,153,0.7428335715191215,0.1482101773986621,0.814769701348044,0.0818324883887884,0.40486410253603483,0.3054026987407991,-2.289188597673887,2.289188597673887,9.014749527422582,4.795569084413882e-05,1.3877787807814457e-17,2.2747318251248316e-08,0.1
random,11,154,0.742833549750486,0.14821374138876559,0.8147892940049263,0.0818250701739205,0.40482740111140453,0.3053472896894012,-2.2891539710107085,2.2891539710107085,9.014805120682901,4.691251625070164e-05,0.0,2.1768635560803773e-08,0.1
random,11,155,0.7428335289176836,0.14821722789093175,0.8148084606801069,0.08181781241071565,0.4047914935171934,0.30529310028305084,-2.289120053403396,2.289120053403396,9.014859491689862,4.589285546378412e-05,0.0,2.0832802372083847e-08,0.1
random,11,156,0.7428335089797892,0.14822063865017954,0.8148272109666423,0.0818107115211307,0.4047563620511263,0.30524010242025856,-2.2890868307074297,2.2890868307074297,9.014912668552984,4.4896143223772406e-05,1.3877787807814457e-17,1.993789444654226e-08,0.1
random,11,157,0.7428334898977113,0.14822397536964182,0.8148455542273245,0.08180376401152237,0.40472198942849413,0.30518826870094373,-2.2890542890429844,2.2890542890429844,9.014964678681762,4.392182937023081e-05,1.3877787807814457e-17,1.9082077917786933e-08,0.1
random,11,158,0.7428334716341068,0.1482272397116819,0.8148634996008188,0.08179696647045827,0.4046883587713242,0.3051375724066164,-2.2890224147908462,2.2890224147908462,9.015015548805405,4.296937837441173e-05,0.0,1.8263604406598688e-08,0.1
random,11,159,0.7428334541533012,0.14823043329897578,0.8148810560076145,0.08179031556659337,0.40465545359787375,0.305087987481217,-2.288991194588342,2.288991194588342,9.015065304991943,4.203826888906794e-05,1.3877787807814457e-17,1.7480805691860724e-08,0.1
random,11,160,0.7428334374212104,0.1482335577155611,0.8148982321557899,0.08178380804660967,0.4046232578124368,0.30503948851258883,-2.288960615325284,2.288960615325284,9.015113972666693,4.112799331475798e-05,1.3877787807814457e-17,1.673209071295645e-08,0.1
random,11,161,0.7428334214052691,0.14823661450785375,0.8149150365466022,0.08177744073321584,0.40459175569544736,0.3049920507145556,-2.288930664139942,2.288930664139942,9.015161576630119,4.0238057381525174e-05,1.3877787807814457e-17,1.6015941350921992e-08,0.1
random,11,162,0.7428334060743588,0.14823960518563406,0.8149314774799084,0.08177121052320618,0.4045609318938762,0.30494564990958456,-2.288901328415033,2.288901328415033,9.015208141075103,3.936797974587269e-05,1.3877787807814457e-17,1.533091031902245e-08,0.1
random,11,163,0.7428333913987435,0.14824253122300304,0.8149475630594218,0.08176511438557575,0.40453077141190535,0.3049002625120082,-2.288872595773745,2.288872595773745,9.015253689603675,3.851729160192215e-05,1.3877787807814457e-17,1.4675615278569865e-08,0.1
random,11,164,0.7428333773500055,0.14824539405930975,0.8149633011978114,0.08175914935969004,0.4045012596018728,0.30485586551178845,-2.288844454075781,2.288844454075781,9.01529824524318,3.76855363065788e-05,1.3877787807814457e-17,1.4048737950744794e-08,0.1
random,11,165,0.742833363900985,0.14824819510005113,0.8149786996216468,0.08175331255350803,0.4044723821554809,0.3048124364587973,-2.288816891413443,2.288816891413443,9.01534183046195,3.6872269017650355e-05,1.3877787807814457e-17,1.3449020563882641e-08,0.1
random,11,166,0.7428333510257235,0.14825093571774528,0.8149937658762008,0.08174760114185518,0.4044441250952525,0.3047699534475979,-2.2887898961077404,2.2887898961077404,9.015384467184461,3.607705634474076e-05,1.3877787807814457e-17,1.2875261523603854e-08,0.1
random,11,167,0.7428333386994083,0.14825361725277864,0.8150085073301051,0.0817420123647469,0.40441647476623566,0.3047283951027061,-2.288763456704544,2.288763456704544,9.015426176806024,3.5299476012459656e-05,1.3877787807814457e-17,1.2326315190769321e-08,0.1
random,11,168,0.7428333268983212,0.14825624101422843,0.8150229311798729,0.08173654352575856,0.40438941782793986,0.304687740564315,-2.288737561970763,2.288737561970763,9.015466980206996,3.453911653494171e-05,0.0,1.1801087107521369e-08,0.1
random,11,169,0.7428333155997883,0.1482588082806613,0.8150370444542883,0.08173119199044226,0.4043629412465028,0.30464796947446465,-2.2887122008905734,2.2887122008905734,9.015506897766578,3.3795576901793546e-05,1.3877787807814457e-17,1.129853288706073e-08,0.1
random,11,170,0.7428333047821335,0.14826132030090827,0.8150508540186673,0.08172595518478767,0.40433703228707546,0.30460906196364096,-2.288687362661675,2.288687362661675,9.015545949376149,3.306846627472927e-05,0.0,1.0817654771955176e-08,0.1
random,11,171,0.7428332944246325,0.14826377829481788,0.8150643665789975,0.08172083059372641,0.4043116785064227,0.3045709986377877,-2.288663036691596,2.288663036691596,9.015584154452219,3.2357403694374e-05,1.3877787807814457e-17,1.0357500968005695e-08,0.1
random,11,172,0.7428332845074707,0.14826618345398707,0.8150775886859565,0.08171581575967737,0.404286867745726,0.30453376056571807,-2.2886392125940347,2.2886392125940347,9.015621531948963,3.166201779717822e-05,0.0,9.917161869488211e-09,0.1
random,11,173,0.7428332750117016,0.1482685369424717,0.8150905267388177,0.08171090828113306,0.4042625881235896,0.30449732926690914,-2.288615880185243,2.288615880185243,9.01565810037039,3.0981946541503e-05,1.3877787807814457e-17,9.495769059952863e-09,0.1
random,11,174,0.7428332659192083,0.14827083989747647,0.815103186989243,0.08170610581128447,0.4042388280292373,0.3044616866996669,-2.2885930294804586,2.2885930294804586,9.01569387778213,3.0316836943282927e-05,1.3877787807814457e-17,9.092493313822558e-09,0.1
random,11,175,0.7428332572126661,0.14827309343002554,0.8151155755449698,0.08170140605668388,0.4042155761158961,0.3044268152496481,-2.2885706506903736,2.2885706506903736,9.01572888182287,2.9666344819898184e-05,0.0,8.706542153902319e-09,0.1
random,11,176,0.7428332488755075,0.14827529862561406,0.8151276983733924,0.08169680677594415,0.40419282129436174,0.30439269771872784,-2.288548734217653,2.288548734217653,9.015763129715454,2.9030134542971987e-05,1.3877787807814457e-17,8.337158630133956e-09,0.1
random,11,177,0.7428332408918865,0.14827745654484142,0.8151395613050431,0.0816923057784735,0.40417055272673835,0.30435931731419713,-2.288527270653494,2.288527270653494,9.015796638277637,2.8407878799041652e-05,0.0,7.98362098652916e-09,0.1
random,11,178,0.7428332332466494,0.14827956822402727,0.8151511700369789,0.08168790092324434,0.40414875982034787,0.30432665763828265,-2.288506250774234,2.288506250774234,9.015829423932542,2.77992583578859e-05,1.3877787807814457e-17,7.645237110054381e-09,0.1
random,11,179,0.7428332259253014,0.14828163467580968,0.8151625301360703,0.08168359011759554,0.404127432221804,0.3042947026779759,-2.288485665538003,2.288485665538003,9.015861502718787,2.7203961848765745e-05,1.3877787807814457e-17,7.321347972322201e-09,0.1
random,11,180,0.7428332189139779,0.14828365688972733,0.815173647042201,0.08167937131606672,0.4041065598112446,0.30426343679516055,-2.288465506081419,2.288465506081419,9.015892890300321,2.662168554331454e-05,1.3877787807814457e-17,7.011323521766144e-09,0.1
random,11,181,0.7428332121994173,0.1482856358327855,0.8151845260713796,0.0816752425192637,0.4040861326967193,0.30423284471702794,-2.288445763716334,2.288445763716334,9.015923601975986,2.6052133145914233e-05,1.3877787807814457e-17,6.714560574216932e-09,0.1
random,11,182,0.7428332057689334,0.14828757245000657,0.8151951724187663,0.08167120177275435,0.404066141208726,0.30420291152677337,-2.288426429926623,2.288426429926623,9.015953652688788,2.549501559026365e-05,0.0,6.430483923125507e-09,0.1
random,11,183,0.7428331996103907,0.1482894676649654,0.8152055911616158,0.08166724716599338,0.40404657589489185,0.3041736226545583,-2.288407496365023,2.288407496365023,9.015983057034903,2.4950050842800564e-05,0.0,6.15854267582705e-09,0.1
random,11,184,0.7428331937121786,0.14829132238031037,0.8152157872621416,0.08166337683127585,0.4040274275147951,0.3041449638687349,-2.2883889548500105,2.2883889548500105,9.016011829272426,2.4416963712006526e-05,0.0,5.898212140920123e-09,0.1
random,11,185,0.7428331880631895,0.14829313747827005,0.8152257655703017,0.08165958894271808,0.40400868703492404,0.304116921267322,-2.2883707973627367,2.2883707973627367,9.016039983329867,2.3895485663766484e-05,0.0,5.648989054307663e-09,0.1
random,11,186,0.7428331826527963,0.14829491382114662,0.8152355308265103,0.081655881715265,0.40399034562376523,0.3040894812697221,-2.2883530160439967,2.2883530160439967,9.01606753281441,2.3385354642616117e-05,0.0,5.4103932445315195e-09,0.1
random,11,187,0.7428331774708311,0.14829665225179564,0.8152450876642766,0.08165225340372409,0.40397239464702417,0.30406263060867533,-2.2883356031912556,2.2883356031912556,9.016094491019945,2.288631489825391e-05,1.3877787807814457e-17,5.181965190281801e-09,0.1
random,11,188,0.7428331725075649,0.14829835359409332,0.8152544406127725,0.08164870230182354,0.40395482566296553,0.30403635632243997,-2.2883185512557125,2.2883185512557125,9.016120870934847,2.239811681762998e-05,1.3877787807814457e-17,4.9632662424414775e-09,0.1
random,11,189,0.7428331677536881,0.14830001865339124,0.8152635940993326,0.08164522674129565,0.40393763041787845,0.30401064574719144,-2.2883018528394152,2.2883018528394152,9.016146685249566,2.192051676204339e-05,1.3877787807814457e-17,4.753876736707241e-09,0.1
random,11,190,0.7428331632002929,0.14830164821695893,0.8152725524518876,0.08164182509098313,0.4039208008416546,0.3039854865096355,-2.2882855006924165,2.2882855006924165,9.016171946363995,2.1453276909284747e-05,1.3877787807814457e-17,4.553395216433387e-09,0.1
random,11,191,0.7428331588388548,0.14830324305441517,0.8152813199013349,0.08163849575596897,0.40390432904348395,0.30396086651982623,-2.2882694877099814,2.2882694877099814,9.01619666639463,2.0996165100449134e-05,0.0,4.361438099564907e-09,0.1
random,11,192,0.742833154661216,0.14830480391814738,0.8152899005838444,0.08163523717672827,0.4038882073076574,0.30393677396418334,-2.2882538069298297,2.2882538069298297,9.016220857181532,2.0548954691469773e-05,1.3877787807814457e-17,4.177638790459071e-09,0.1
random,11,193,0.7428331506595697,0.1483063315437205,0.8152982985431063,0.08163204782830182,0.4038724280894792,0.3039131972987011,-2.2882384515294376,2.2882384515294376,9.01624453029511,2.0111424409075383e-05,1.3877787807814457e-17,4.001646347617793e-09,0.1
random,11,194,0.7428331468264442,0.1483078266502751,0.8153065177325192,0.0816289262194906,0.4038569840112811,0.3038901252423456,-2.2882234148233676,2.2882234148233676,9.016267697042695,1.9683358211017395e-05,1.3877787807814457e-17,3.833125483687638e-09,0.1
random,11,195,0.7428331431546892,0.1483092899409149,0.8153145620173216,0.08162587089207096,0.4038418678585396,0.3038675467706311,-2.288208690260655,2.288208690260655,9.016290368474957,1.92645451504735e-05,0.0,3.6717550111475816e-09,0.1
random,11,196,0.7428331396374607,0.14831072210308482,0.8153224351766682,0.08162288042002923,0.40382707257608913,0.303845451109371,-2.288194271422228,2.288194271422228,9.016312555392142,1.885477924444065e-05,0.0,3.5172285084428268e-09,0.1
random,11,197,0.7428331362682075,0.1483121238089385,0.8153301409056526,0.0816199534088159,0.40381259126443253,0.30382382772860017,-2.2881801520183838,2.2881801520183838,9.016334268350128,1.8453859345981166e-05,1.3877787807814457e-17,3.36925320976178e-09,0.1
random,11,198,0.7428331330406608,0.14831349571569719,0.8153376828172789,0.08161708849461842,0.40379841717614257,0.30380266633665837,-2.2881663258862917,2.2881663258862917,9.016355517666335,1.8061589020213537e-05,1.3877787807814457e-17,3.2275466743669767e-09,0.1
random,11,199,0.7428331299488184,0.14831483846599894,0.8153450644443814,0.08161428434365221,0.403784543712355,0.303781956874436,-2.2881527869875513,2.2881527869875513,9.016376313425468,1.7677776424034417e-05,0.0,3.0918423377102044e-09,0.1
random,11,200,0.7428331269869357,0.14831615268823897,0.8153522892414959,0.0816115396514692,0.4037709644193469,0.30376168950977084,-2.288139529405786,2.288139529405786,9.016396665485107,1.7302234189015197e-05,1.3877787807814457e-17,2.9618827390720526e-09,0.1
random,11,201,0.7428331241495139,0.14831743899690164,0.815359360586685,0.08160885314228374,0.40375767298520204,0.3037418546319961,-2.288126547344281,2.288126547344281,9.016416583481146,1.6934779307989076e-05,1.3877787807814457e-17,2.837421853030264e-09,0.1
random,11,202,0.7428331214312888,0.1483186979928836,0.8153662817833143,0.0816062235683152,0.40374466323655844,0.3037224428466332,-2.288113835123661,2.288113835123661,9.016436076833095,1.6575233024759797e-05,0.0,2.718225089459736e-09,0.1
random,11,203,0.7428331188272208,0.14831993026380924,0.8153730560617861,0.0816036497091467,0.40373192913543515,0.30370344497022345,-2.2881013871796054,2.2881013871796054,9.016455154749243,1.622342072695117e-05,0.0,2.6040679612648887e-09,0.1
random,11,204,0.7428331163324853,0.14832113638433772,0.8153796865812283,0.0816011303710995,0.40371946477613796,0.30368485202529716,-2.2880891980606117,2.2880891980606117,9.016473826231675,1.5879171841824843e-05,0.0,2.494735529268155e-09,0.1
random,11,205,0.7428331139424647,0.14832231691646286,0.8153861764311422,0.08159866438662329,0.40370726438224197,0.30366665523547487,-2.2880772624257903,2.2880772624257903,9.01649210008116,1.5542319735341117e-05,1.3877787807814457e-17,2.3900206258531398e-09,0.1
random,11,206,0.7428331116527366,0.14832347240980503,0.8153925286330075,0.0815962506137007,0.40369532230364613,0.30364884602069564,-2.288065575042702,2.288065575042702,9.016509984901926,1.5212701613665652e-05,0.0,2.289728073812114e-09,0.1
random,11,207,0.7428331094590679,0.148324603401896,0.8153987461418476,0.08159388793526673,0.4036836330137005,0.3036314159925705,-2.288054130785234,2.288054130785234,9.016527489106295,1.4890158427671142e-05,1.3877787807814457e-17,2.1936686911416814e-09,0.1
random,11,208,0.7428331073574054,0.14832571041845674,0.815404831847758,0.08159157525864254,0.40367219110640495,0.30361435694985633,-2.2880429246315126,2.2880429246315126,9.016544620919197,1.4574534780085707e-05,0.0,2.1016625106895503e-09,0.1
random,11,209,0.7428331053438683,0.14832679397366827,0.8154107885773942,0.08158931151498225,0.4036609912936724,0.3035976608740457,-2.288031951661856,2.288031951661856,9.016561388382591,1.4265678835222817e-05,1.3877787807814457e-17,2.0135371148199965e-09,0.1
random,11,210,0.7428331034147413,0.14832785457043587,0.8154166190954245,0.08158709565873408,0.4036500284026626,0.30358131992507276,-2.2880212070567603,2.2880212070567603,9.01657779935974,1.3963442231094341e-05,1.3877787807814457e-17,1.9291269692800483e-09,0.1
random,11,211,0.7428331015664663,0.14832889270064673,0.8154223261059463,0.08158492666711356,0.40363929737317616,0.30356532643712647,-2.288010686094926,2.288010686094926,9.016593861539393,1.3667679994074339e-05,1.3877787807814457e-17,1.8482749775117213e-09,0.1
random,11,212,0.7428330997956373,0.14832990884542135,0.8154279122538687,0.08158280353959012,0.40362879325511414,0.3035496729145725,-2.288000384151318,2.288000384151318,9.016609582439873,1.3378250455821884e-05,0.0,1.7708290389606418e-09,0.1
random,11,213,0.7428330980989919,0.1483309034753587,0.8154333801262593,0.08158072529738575,0.4036185112059978,0.30353435202797957,-2.2879902966952614,2.2879902966952614,9.016624969413034,1.3095015172588255e-05,0.0,1.6966453797451209e-09,0.1
random,11,214,0.7428330964734068,0.14833187705077552,0.8154387322536606,0.08157869098298555,0.4036084464885472,0.3035193566102452,-2.287980419288574,2.287980419288574,9.016640029648137,1.281783884651459e-05,0.0,1.6255851109647779e-09,0.1
random,11,215,0.742833094915891,0.1483328300219397,0.8154439711113723,0.08157669965966023,0.4035985944683186,0.30350467965282046,-2.2879707475837305,2.2879707475837305,9.016654770175624,1.2546589249260071e-05,0.0,1.557515783012775e-09,0.1
random,11,216,0.7428330934235803,0.14833376282929797,0.8154490991207038,0.08157475041099975,0.40358895061139716,0.30349031430203066,-2.2879612773220623,2.2879612773220623,9.016669197870794,1.2281137147570527e-05,1.3877787807814457e-17,1.4923107194420027e-09,0.1
random,11,217,0.7428330919937318,0.14833467590369828,0.8154541186501957,0.08157284234045824,0.40357951048214563,0.30347625385548654,-2.2879520043319914,2.2879520043319914,9.016683319457387,1.2021356230974187e-05,1.3877787807814457e-17,1.4298484618535667e-09,0.1
random,11,218,0.742833090623719,0.14833556966660652,0.8154590320168119,0.08157097457090956,0.4035702697410053,0.30346249175858797,-2.287942924527297,2.287942924527297,9.016697141511086,1.1767123041102617e-05,0.0,1.370012769896789e-09,0.1
random,11,219,0.7428330893110265,0.14833644453031827,0.8154638414871037,0.08156914624421355,0.4035612241423501,0.30344902160111276,-2.2879340339054104,2.2879340339054104,9.016710670462919,1.1518316903378566e-05,0.0,1.3126925102469045e-09,0.1
random,11,220,0.7428330880532457,0.14833730089816538,0.8154685492783451,0.08156735652079232,0.40355236953239026,0.30343583711389205,-2.2879253285457497,2.2879253285457497,9.01672391260258,1.127481986012894e-05,1.3877787807814457e-17,1.2577808794489442e-09,0.1
random,11,221,0.7428330868480689,0.14833813916471753,0.8154731575596408,0.08156560457921665,0.4035437018471262,0.3034229321655675,-2.287916804608078,2.287916804608078,9.016736874081694,1.1036516605543966e-05,0.0,1.205176736185365e-09,0.1
random,11,222,0.7428330856932868,0.148338959715979,0.8154776684530084,0.08156388961580213,0.40353521711035023,0.30341030075942893,-2.287908458330899,2.287908458330899,9.016749560916946,1.0803294422453509e-05,0.0,1.1547821587853946e-09,0.1
random,11,223,0.7428330845867835,0.14833976292958104,0.8154820840344358,0.08156221084421465,0.40352691143169483,0.3033979370303301,-2.2879002860298767,2.2879002860298767,9.016761978993186,1.0575043120728584e-05,1.3877787807814457e-17,1.10650322238115e-09,0.1
random,11,224,0.7428330835265323,0.14834054917496914,0.81548640633491,0.08156056749508522,0.40351878100472705,0.30338583524168056,-2.2878922840962925,2.2878922840962925,9.016774134066432,1.0351654977167156e-05,1.3877787807814457e-17,1.0602512201529635e-09,0.1
random,11,225,0.7428330825105918,0.14834131881358623,0.8154906373414251,0.08155895881563381,0.4035108221050872,0.3033739897825105,-2.2878844489955235,2.2878844489955235,9.016786031766811,1.01330246771932e-05,1.3877787807814457e-17,1.0159405539056365e-09,0.1
random,11,226,0.7428330815371029,0.14834207219905154,0.8154947789979655,0.08155738406930188,0.4035030310886712,0.303362395164609,-2.287876777265555,2.287876777265555,9.01679767760141,9.919049257834852e-06,1.3877787807814457e-17,9.73488845090742e-10,0.1
random,11,227,0.7428330806042852,0.14834280967733515,0.8154988332064648,0.08155584253539336,0.403495404389854,0.3033510460197307,-2.287869265515522,2.287869265515522,9.016809076957076,9.709628052136154e-06,1.3877787807814457e-17,9.328177119627412e-10,0.1
random,11,228,0.7428330797104327,0.1483435315869282,0.815502801827742,0.08155433350872429,0.4034879385197564,0.3033399370968707,-2.287861910424276,2.287861910424276,9.016820235103147,9.504662635483487e-06,1.3877787807814457e-17,8.938525475343795e-10,0.1
random,11,229,0.7428330788539119,0.14834423825900966,0.8155066866824184,0.08155285629928025,0.40348063006455,0.30332906325960657,-2.287854708738978,2.287854708738978,9.0168311571941,9.304056772582174e-06,1.3877787807814457e-17,8.565207432198463e-10,0.1
random,11,230,0.7428330780331582,0.14834493001760868,0.8155104895518098,0.08155141023188181,0.40347347568380215,0.3033184194835033,-2.287847657273725,2.287847657273725,9.016841848272158,9.107716366353833e-06,1.3877787807814457e-17,8.207536872362198e-10,0.1
random,11,231,0.7428330772466728,0.14834560717976333,0.8155142121787995,0.08154999464585777,0.4034664721088594,0.3033080008535822,-2.287840752908195,2.287840752908195,9.016852313269816,8.915549407916594e-06,0.0,7.864854323358372e-10,0.1
random,11,232,0.7428330764930193,0.1483462700556757,0.81551785626869,0.08154860889472587,0.4034596161412675,0.3032978025618493,-2.2878339925863242,2.2878339925863242,9.016862557012315,8.727465927903675e-06,1.3877787807814457e-17,7.536534729624123e-10,0.1
random,11,233,0.742833075770823,0.1483469189488632,0.8155214234900366,0.08154725234588085,0.4034529046512285,0.30328781990488524,-2.2878273733150074,2.2878273733150074,9.016872584220058,8.543377948849972e-06,0.0,7.221963027603806e-10,0.1
random,11,234,0.7428330750787666,0.14834755415630663,0.8155249154754594,0.0815459243802896,0.40344633457609225,0.30327804828149024,-2.287820892162823,2.287820892162823,9.016882399510958,8.363199439104838e-06,1.3877787807814457e-17,6.920564121770667e-10,0.1
random,11,235,0.7428330744155881,0.1483481759685945,0.8155283338224378,0.08154462439219341,0.4034399029188834,0.3032684831903882,-2.287814546258785,2.287814546258785,9.016892007402749,8.186846267504362e-06,1.3877787807814457e-17,6.631785121058442e-10,0.1
random,11,236,0.7428330737800781,0.14834878467006413,0.815531680094086,0.08154335178881701,0.4034336067468615,0.3032591202279823,-2.2878083327911147,2.2878083327911147,9.016901412315217,8.014236159560648e-06,1.3877787807814457e-17,6.355099779753459e-10,0.1
random,11,237,0.7428330731710795,0.1483493805389397,0.8155349558199121,0.08154210599008414,0.40342744319011464,0.3032499550861673,-2.2878022490060452,2.2878022490060452,9.016910618572402,7.84528865446366e-06,0.0,6.089986293034144e-10,0.1
random,11,238,0.7428330725874822,0.14834996384746663,0.8155381624965562,0.0815408864283397,0.4034214094401839,0.3032409835501918,-2.28779629220664,2.28779629220664,9.01691963040473,7.679925063294872e-06,0.0,5.835972816115031e-10,0.1
random,11,239,0.7428330720282242,0.14835053486204344,0.8155413015885159,0.08153969254807825,0.4034155027487205,0.3032322014965711,-2.287790459751638,2.287790459751638,9.016928451951111,7.5180684282229555e-06,1.3877787807814457e-17,5.592579732649483e-10,0.1
random,11,240,0.7428330714922868,0.1483510938433501,0.8155443745288515,0.08153852380567855,0.4034097204261728,0.3032236048910498,-2.2877847490543246,2.2877847490543246,9.016937087260969,7.359643482889328e-06,1.3877787807814457e-17,5.359374055657895e-10,0.1
random,11,241,0.7428330709786953,0.14835164104647378,0.8155473827198778,0.08153737966914425,0.4034040598405025,0.30321518978661316,-2.2877791575814177,2.2877791575814177,9.016945540296238,7.204576613346403e-06,1.3877787807814457e-17,5.135915026599491e-10,0.1
random,11,242,0.742833070486515,0.1483521767210314,0.8155503275338373,0.0815362596178504,0.4033985184159313,0.30320695232154354,-2.2877736828519852,2.2877736828519852,9.016953814933307,7.052795820458222e-06,0.0,4.921802965185407e-10,0.1
random,11,243,0.7428330700148512,0.14835270111128968,0.8155532103135601,0.08153516314229568,0.4033930936317147,0.30319888871752393,-2.287768322436375,2.287768322436375,9.016961914964927,6.904230682934087e-06,0.0,4.716638191126776e-10,0.1
random,11,244,0.7428330695628461,0.14835321445628233,0.8155560323731089,0.08153408974386021,0.4033877830209439,0.3031909952777849,-2.287763073955171,2.287763073955171,9.016969844102046,6.75881232131638e-06,0.0,4.5200510001564e-10,0.1
random,11,245,0.7428330691296782,0.1483537169899244,0.8155587949984067,0.08153303893456894,0.403382584169375,0.3031832683852953,-2.2877579350781674,2.2877579350781674,9.016977605975647,6.6164733628204275e-06,0.0,4.3316794595682495e-10,0.1
random,11,246,0.7428330687145605,0.14835420894112436,0.8155614994478534,0.08153201023686009,0.4033774947142836,0.3031757045009958,-2.2877529035233652,2.2877529035233652,9.016985204138498,6.477147907212338e-06,1.3877787807814457e-17,4.1511771797786423e-10,0.1
random,11,247,0.7428330683167389,0.14835469053389339,0.8155641469529268,0.08153100318335917,0.4033725123433465,0.30316830016207186,-2.28774797705599,2.28774797705599,9.016992642066885,6.340771493267065e-06,1.3877787807814457e-17,3.978215534772289e-10,0.1
random,11,248,0.7428330679354911,0.14835516198745224,0.8155667387187697,0.08153001731665781,0.4033676347935478,0.3031610519802681,-2.287743153487522,2.287743153487522,9.016999923162311,6.207281066115117e-06,1.3877787807814457e-17,3.812478110987172e-10,0.1
random,11,249,0.7428330675701248,0.14835562351633574,0.8155692759247645,0.0815290521890975,0.4033628598501088,0.3031539566402416,-2.287738430674755,2.287738430674755,9.017007050753135,6.076614945570553e-06,1.3877787807814457e-17,3.6536629277605925e-10,0.1
random,11,250,0.7428330672199767,0.14835607533049486,0.8155717597250941,0.08152810736255849,0.40335818534544315,0.30314701089795315,-2.2877338065188675,2.2877338065188675,9.017014028096183,5.9487127949258425e-06,0.0,3.5014813271061485e-10,0.1
random,11,251,0.7428330668844118,0.1483565176353965,0.8155741912492913,0.08152718240825307,0.4033536091581351,0.303140211579095,-2.287729278964514,2.287729278964514,9.017020858378329,5.8235155906755725e-06,0.0,3.3556490919295356e-10,0.1
random,11,252,0.7428330665628212,0.14835695063212107,0.8155765716027741,0.08152627690652366,0.40334912921193966,0.3031335555775569,-2.2877248459989357,2.2877248459989357,9.01702754471803,5.700965593017938e-06,1.3877787807814457e-17,3.215905319819967e-10,0.1
random,11,253,0.7428330662546216,0.1483573745174578,0.8155789018673706,0.08152539044664527,0.4033447434748056,0.30312703985392336,-2.287720505651088,2.287720505651088,9.017034090166831,5.581006316803989e-06,1.3877787807814457e-17,3.081995769704804e-10,0.1
random,11,254,0.7428330659592544,0.14835778948399803,0.8155811831018308,0.0815245226266325,0.4033404499579207,0.3031206614340108,-2.2877162559907847,2.2877162559907847,9.01704049771083,5.463582503513201e-06,1.3877787807814457e-17,2.9536728618495545e-10,0.1
random,11,255,0.7428330656761838,0.14835819572022613,0.8155834163423279,0.0815236730530508,0.40333624671477775,0.30311441740743394,-2.2877120951278602,2.2877120951278602,9.017046770272115,5.348640093617437e-06,1.3877787807814457e-17,2.830705669865097e-10,0.1
random,11,256,0.7428330654048971,0.14835859341060886,0.8155856026029482,0.08152284134083185,0.4033321318402612,0.3031083049262069,-2.2877080212113508,2.2877080212113508,9.017052910710166,5.236126199801346e-06,1.3877787807814457e-17,2.7128665980313826e-10,0.1
random,11,257,0.7428330651449028,0.1483589827356822,0.815587742876169,0.08152202711309299,0.403328103469754,0.30310232120337555,-2.2877040324286844,2.2877040324286844,9.017058921823226,5.125989080663582e-06,0.0,2.5999435937507087e-10,0.1
random,11,258,0.7428330648957298,0.14835936387213655,0.815589838133327,0.0815212300009609,0.4033241597782651,0.30309646351168235,-2.287700127004898,2.287700127004898,9.017064806349635,5.018178115187318e-06,1.3877787807814457e-17,2.4917301555404947e-10,0.1
random,11,259,0.7428330646569266,0.1483597369929,0.815591889325076,0.08152044964339891,0.40332029897957483,0.30309072918225877,-2.287696303201862,2.287696303201862,9.017070566969153,4.912643777618674e-06,1.3877787807814457e-17,2.388031994371431e-10,0.1
random,11,260,0.742833064428061,0.1483601022672197,0.8155938973818343,0.08151968568703828,0.40331651932540064,0.3030851156033513,-2.287692559317524,2.287692559317524,9.017076206304216,4.809337613216427e-06,1.3877787807814457e-17,2.2886559314372334e-10,0.1
random,11,261,0.7428330642087189,0.14836045986074142,0.8155958632142218,0.08151893778601323,0.40331281910458056,0.3030796202190728,-2.2876888936851665,2.2876888936851665,9.017081726921209,4.708212214228848e-06,1.3877787807814457e-17,2.1934210003848875e-10,0.1
random,11,262,0.7428330639985028,0.14836080993558726,0.8155977877134877,0.0815182056017994,0.4033091966422742,0.30307424052818493,-2.2876853046726797,2.2876853046726797,9.01708713133167,4.609221196769937e-06,1.3877787807814457e-17,2.1021606677606997e-10,0.1
random,11,263,0.7428330637970328,0.14836115265043184,0.8155996717519287,0.0815174888030562,0.40330565029918264,0.303068974082906,-2.2876817906818516,2.2876817906818516,9.017092421993496,4.512319177980939e-06,0.0,2.014699518326779e-10,0.1
random,11,264,0.742833063603944,0.14836148816057657,0.8156015161832978,0.0815167870654723,0.403302178470784,0.3030638184877467,-2.287678350147666,2.287678350147666,9.017097601312104,4.417461753884476e-06,0.0,1.930888782197826e-10,0.1
random,11,265,0.7428330634188873,0.14836181661802245,0.8156033218432044,0.0815161000716148,0.4032987795865873,0.30305877139837234,-2.2876749815376227,2.2876749815376227,9.017102671641572,4.3246054776240925e-06,1.3877787807814457e-17,1.8505663668122452e-10,0.1
random,11,266,0.7428330632415281,0.14836213817154112,0.8156050895495048,0.08151542751078154,0.4032954521094016,0.30305383052049073,-2.287671683351066,2.287671683351066,9.017107635285763,4.233707838363073e-06,0.0,1.7735923840689338e-10,0.1
random,11,267,0.7428330630715458,0.14836245296674455,0.8156068201026854,0.08151476907885664,0.4032921945346217,0.3030489936087636,-2.287668454118527,2.287668454118527,9.017112494499399,4.14472724054835e-06,0.0,1.6998225049746907e-10,0.1
random,11,268,0.7428330629086326,0.1483627611461527,0.8156085142862344,0.08151412447816936,0.40328900538952916,0.30304425846574456,-2.2876652924010834,2.2876652924010834,9.017117251489138,4.05762298369466e-06,1.3877787807814457e-17,1.6291323845507577e-10,0.1
random,11,269,0.7428330627524945,0.14836306284926054,0.8156101728670105,0.08151349341735599,0.40328588323260983,0.3030396229408404,-2.2876621967897277,2.2876621967897277,9.017121908414616,3.972355242599411e-06,1.3877787807814457e-17,1.5613810244730075e-10,0.1
random,11,270,0.7428330626028489,0.1483633582126026,0.8156117965955981,0.08151287561122453,0.40328282665288356,0.303035084929294,-2.287659165904751,2.287659165904751,9.017126467389465,3.888885048169215e-06,1.3877787807814457e-17,1.496456292215953e-10,0.1
random,11,271,0.7428330624594258,0.14836364736981697,0.815613386206658,0.08151227078062286,0.4032798342692527,0.30303064237119137,-2.2876561983951365,2.2876561983951365,9.0171309304823,3.8071742684495615e-06,1.3877787807814457e-17,1.4342305121317622e-10,0.1
random,11,272,0.7428330623219662,0.14836393045170718,0.815614942419269,0.08151167865230922,0.4032769047298606,0.303026293250492,-2.287653292937969,2.287653292937969,9.01713529971771,3.727185590312666e-06,0.0,1.3745959925870466e-10,0.1
random,11,273,0.7428330621902212,0.1483642075863032,0.8156164659372621,0.0815110989588258,0.4032740367114668,0.30302203559407787,-2.2876504482378537,2.2876504482378537,9.017139577077188,3.648882501379841e-06,1.3877787807814457e-17,1.3174505930635405e-10,0.1
random,11,274,0.7428330620639532,0.14836447889892102,0.8156179574495488,0.08151053143837525,0.40327122891883566,0.30301786747082665,-2.2876476630263474,2.2876476630263474,9.017143764500084,3.5722292724495544e-06,0.0,1.2626799605897077e-10,0.1
random,11,275,0.7428330619429342,0.1483647445122207,0.8156194176304395,0.0815099758346994,0.4032684800841367,0.30301378699070347,-2.287644936061403,2.287644936061403,9.017147863884496,3.497190940386331e-06,0.0,1.210189726208455e-10,0.1
random,11,276,0.7428330618269458,0.1483650045462634,0.8156208471399579,0.08150943189696115,0.4032657889663598,0.3030097923038735,-2.287642266126822,2.287642266126822,9.017151877088175,3.4237332913221373e-06,1.3877787807814457e-17,1.1598844107396644e-10,0.1
random,11,277,0.7428330617157783,0.14836525911856696,0.8156222466241457,0.08150889937962857,0.4032631543507421,0.30300588159983555,-2.287639652031721,2.287639652031721,9.017155805929383,3.3518228442288786e-06,1.3877787807814457e-17,1.1116740861183416e-10,0.1
random,11,278,0.7428330616092315,0.1483655083441604,0.8156236167153629,0.08150837804236169,0.403260575048208,0.303002053106572,-2.287637092610008,2.287637092610008,9.017159652187756,3.281426834874777e-06,1.3877787807814457e-17,1.0654688242794919e-10,0.1
random,11,279,0.7428330615071127,0.14836575233563734,0.8156249580325806,0.08150786764990166,0.4032580498948204,0.30299830508972064,-2.2876345867198697,2.2876345867198697,9.017163417605124,3.2125132001782185e-06,0.0,1.0211875789423175e-10,0.1
random,11,280,0.7428330614092379,0.1483659912032078,0.815626271181667,0.08150736797196245,0.40325557775124515,0.3029946358517629,-2.2876321332432683,2.2876321332432683,9.017167103886333,3.1450505629202697e-06,0.0,9.787481936029963e-11,0.1
random,11,281,0.7428330613154301,0.14836622505474936,0.8156275567556676,0.0815068787831247,0.4032531575022259,0.3029910437312304,-2.287629731085451,2.287629731085451,9.017170712700034,3.0790082167461723e-06,0.0,9.380773935419029e-11,0.1
random,11,282,0.7428330612255207,0.1483664539958571,0.8156288153350799,0.08150639986273205,0.403250788056071,0.30298752710192955,-2.2876273791744657,2.2876273791744657,9.017174245679472,3.0143561116145707e-06,1.3877787807814457e-17,8.990941324782398e-11,0.1
random,11,283,0.7428330611393471,0.14836667812989218,0.8156300474881212,0.08150593099478964,0.4032484683441516,0.3029840843721831,-2.2876250764606896,2.2876250764606896,9.017177704423233,2.951064839354157e-06,1.3877787807814457e-17,8.617362379226279e-11,0.1
random,11,284,0.7428330610567541,0.14836689755802962,0.8156312537709902,0.08150547196786484,0.4032461973204102,0.30298071398408777,-2.2876228219163677,2.2876228219163677,9.017181090496,2.889105619898491e-06,1.3877787807814457e-17,8.25930435155442e-11,0.1
random,11,285,0.7428330609775924,0.14836711237930506,0.8156324347281249,0.08150502257499004,0.40324397396087996,0.30297741441278847,-2.2876206145351596,2.2876206145351596,9.017184405429276,2.8284502874643433e-06,1.3877787807814457e-17,7.916167721333522e-11,0.1
random,11,286,0.7428330609017197,0.14836732269066022,0.815633590892452,0.0815045826135677,0.40324179726321485,0.30297418416576977,-2.2876184533316937,2.2876184533316937,9.017187650722093,2.7690712772378106e-06,1.3877787807814457e-17,7.58726415028832e-11,0.1
random,11,287,0.7428330608289989,0.1483675285869878,0.8156347227856342,0.08150415188527725,0.40323966624622903,0.3029710217821607,-2.2876163373411345,2.2876163373411345,9.017190827841713,2.7109416123818326e-06,1.3877787807814457e-17,7.272082935827484e-11,0.1
random,11,288,0.7428330607592992,0.148367730161175,0.8156358309183089,0.08150373019598428,0.40323757994944753,0.3029679258320565,-2.2876142656187555,2.2876142656187555,9.01719393822431,2.6540348912549984e-06,0.0,6.969969046366487e-11,0.1
random,11,289,0.7428330606924949,0.14836792750414637,0.8156369157903244,0.08150331735565128,0.4032355374326647,0.30296489491585443,-2.2876122372395233,2.2876122372395233,9.017196983275632,2.5983252749161235e-06,0.0,6.680433983774492e-11,0.1
random,11,290,0.7428330606284653,0.14836812070490554,0.8156379778909683,0.08150291317825076,0.4032335377755145,0.3029619276636052,-2.2876102512976884,2.2876102512976884,9.017199964371647,2.5437874749423464e-06,1.3877787807814457e-17,6.402955943229927e-11,0.1
random,11,291,0.7428330605670955,0.14836830985057628,0.8156390176991943,0.08150251748167998,0.40323158007704835,0.30295902273437636,-2.2876083069063853,2.2876083069063853,9.017202882859204,2.490396741493545e-06,1.3877787807814457e-17,6.136979813220478e-11,0.1
random,11,292,0.7428330605082746,0.1483684950264423,0.815640035683841,0.0815021300876775,0.40322966345532224,0.3029561788156325,-2.2876064031972403,2.2876064031972403,9.017205740056623,2.438128851713971e-06,1.3877787807814457e-17,5.882094811227034e-11,0.1
random,11,293,0.7428330604518966,0.1483686763159867,0.8156410323038472,0.0815017508217416,0.4032277870469937,0.30295339462262694,-2.2876045393199886,2.2876045393199886,9.017208537254334,2.386960098321311e-06,1.3877787807814457e-17,5.637801336888515e-11,0.1
random,11,294,0.74283306039786,0.14836885380093,0.8156420080084635,0.08150137951305059,0.40322595000692674,0.30295066889780703,-2.287602714442097,2.287602714442097,9.017211275715452,2.336867278374055e-06,1.3877787807814457e-17,5.4036553009950694e-11,0.1
random,11,295,0.7428330603460678,0.14836902756126794,0.8156429632374574,0.08150101599438454,0.40322415150780516,0.3029480004102331,-2.2876009277483975,2.2876009277483975,9.017213956676377,2.287827682505588e-06,0.0,5.179223716567094e-11,0.1
random,11,296,0.7428330602964262,0.14836919767530787,0.8156438984213156,0.08150066010204889,0.4032223907397543,0.30294538795500947,-2.287599178440724,2.287599178440724,9.017216581347354,2.2398190842362666e-06,1.3877787807814457e-17,4.964162414466955e-11,0.1
random,11,297,0.742833060248846,0.1483693642197048,0.8156448139814406,0.08150031167579959,0.40322066690997105,0.3029428303527287,-2.287597465737562,2.287597465737562,9.017219150913032,2.192819729490298e-06,0.0,4.758016203254556e-11,0.1
random,11,298,0.7428330602032418,0.1483695272694965,0.8156457103303447,0.08149997055877017,0.4032189792423626,0.302940326448926,-2.2875957888737006,2.2875957888737006,9.017221666533016,2.1468083265227306e-06,0.0,4.5604187093317705e-11,0.1
random,11,299,0.7428330601595311,0.14836968689813781,0.8156465878718381,0.08149963659739981,0.4032173269771907,0.30293787511354797,-2.2875941470998953,2.2875941470998953,9.017224129342402,2.101764035849393e-06,0.0,4.37107017248195e-11,0.1
random,11,300,0.7428330601176353,0.14836984317753435,0.8156474470012142,0.08149930964136344,0.4032157093707261,0.30293547524043146,-2.287592539682534,2.287592539682534,9.017226540452288,2.057666460616864e-06,1.3877787807814457e-17,4.189582014646476e-11,0.1
random,11,301,0.7428330600774791,0.14836999617807528,0.81564828810543,0.0814989895435032,0.403214125694909,0.30293312574679343,-2.2875909659033145,2.2875909659033145,9.017228900950302,2.0144956369501014e-06,0.0,4.01562116891796e-11,0.1
random,11,302,0.7428330600389903,0.14837014596866566,0.8156491115632838,0.08149867615976104,0.40321257523701615,0.3029308255727333,-2.287589425058925,2.287589425058925,9.017231211901088,1.972232024817086e-06,1.3877787807814457e-17,3.848876772849508e-11,0.1
random,11,303,0.742833060002099,0.14837029261675772,0.8156499177455869,0.0814983693491135,0.4032110572993375,0.3029285736807444,-2.2875879164607325,2.2875879164607325,9.017233474346801,1.9308564986792213e-06,1.3877787807814457e-17,3.689126781836194e-11,0.1
random,11,304,0.7428330599667395,0.14837043618838197,0.8156507070153353,0.08149806897350714,0.40320957119885725,0.3029263690552374,-2.2875864394344774,2.2875864394344774,9.017235689307592,1.890350338886194e-06,1.3877787807814457e-17,3.535949311128661e-11,0.1
random,11,305,0.7428330599328481,0.14837057674817716,0.8156514797278733,0.08149777489779571,0.4032081162669429,0.30292421070207376,-2.2875849933199746,2.2875849933199746,9.017237857782062,1.8506952226372792e-06,1.3877787807814457e-17,3.3891445205824766e-11,0.1
random,11,306,0.7428330599003635,0.14837071435941976,0.8156522362310569,0.08149748698967861,0.40320669184904073,0.3029220976481078,-2.28758357747082,2.28758357747082,9.01723998074774,1.8118732157060118e-06,0.0,3.248457058901977e-11,0.1
random,11,307,0.7428330598692277,0.14837084908405296,0.8156529768654119,0.08149720511964077,0.4032052973043782,0.3029200289407412,-2.2875821912541072,2.2875821912541072,9.017242059161514,1.7738667640842677e-06,0.0,3.113587165870513e-11,0.1
random,11,308,0.7428330598393841,0.14837098098271487,0.8156537019642902,0.0814969291608935,0.4032039320056717,0.30291800364748556,-2.287580834050141,2.287580834050141,9.017244093960075,1.7366586856263813e-06,1.3877787807814457e-17,2.9843572058041445e-11,0.1
random,11,309,0.7428330598107794,0.1483711101147662,0.8156544118540208,0.08149665898931704,0.40320259533884184,0.3029160208555334,-2.2875795052521672,2.2875795052521672,9.017246086060355,1.7002321623123422e-06,0.0,2.8604674184862233e-11,0.1
random,11,310,0.7428330597833619,0.1483712365383173,0.8156551068540591,0.08149639448340398,0.4032012867027339,0.302914079671342,-2.2875782042661004,2.2875782042661004,9.01724803635993,1.6645707323540967e-06,0.0,2.7417512704630553e-11,0.1
random,11,311,0.7428330597570827,0.14837136031025464,0.8156557872771325,0.08149613552420404,0.4032000055088445,0.3029121792202214,-2.2875769305102622,2.2875769305102622,9.017249945737454,1.629658282598007e-06,1.3877787807814457e-17,2.627920103748238e-11,0.1
random,11,312,0.742833059731894,0.1483714814862667,0.8156564534293825,0.08149588199527001,0.4031987511810541,0.30291031864593565,-2.2875756834151217,2.2875756834151217,9.017251815053035,1.595479040933793e-06,0.0,2.518873998269555e-11,0.1
random,11,313,0.7428330597077508,0.1483716001208694,0.8156571056105046,0.08149563378260485,0.40319752315536533,0.30290849711031004,-2.2875744624230436,2.2875744624230436,9.01725364514865,1.5620175692095906e-06,1.3877787807814457e-17,2.414313193810358e-11,0.1
random,11,314,0.7428330596846097,0.14837171626743084,0.8156577441138845,0.08149539077460993,0.40319632087964685,0.30290671379284695,-2.287573266988038,2.287573266988038,9.017255436848519,1.5292587559811245e-06,1.3877787807814457e-17,2.3141155658379375e-11,0.1
random,11,315,0.7428330596624291,0.14837182997819565,0.815658369226731,0.08149515286203433,0.4031951438133826,0.302904967890352,-2.287572096575521,2.287572096575521,9.017257190959487,1.4971878094796879e-06,1.3877787807814457e-17,2.218059069747369e-11,0.1
random,11,316,0.7428330596411689,0.1483719413043087,0.815658981230208,0.08149491993792514,0.40319399142742585,0.3029032586165652,-2.2875709506620763,2.2875709506620763,9.017258908271389,1.465790250870828e-06,1.3877787807814457e-17,2.1260215810059435e-11,0.1
random,11,317,0.7428330596207912,0.14837205029583844,0.8156595803995612,0.08149469189757913,0.4031928632037601,0.30290158520180277,-2.2875698287352195,2.2875698287352195,9.017260589557411,1.4350519075518135e-06,0.0,2.0377699527784898e-11,0.1
random,11,318,0.7428330596012591,0.14837215700179954,0.8156601670042437,0.0814944686384951,0.4031917586352633,0.30289994689260474,-2.287568730293176,2.287568730293176,9.017262235574446,1.4049589065674095e-06,1.3877787807814457e-17,1.9532042649927917e-11,0.1
random,11,319,0.7428330595825373,0.14837226147017527,0.8156607413080383,0.08149425006032739,0.40319067722547786,0.30289834295139145,-2.287567654844652,2.287567654844652,9.017263847063436,1.375497668284057e-06,1.3877787807814457e-17,1.8721801886556477e-11,0.1
random,11,320,0.7428330595645928,0.14837236374793933,0.8156613035691782,0.08149403606484042,0.40318961848838597,0.30289677265612636,-2.287566601908619,2.287566601908619,9.017265424749711,1.3466549000524782e-06,1.3877787807814457e-17,1.7944534747016405e-11,0.1
random,11,321,0.7428330595473928,0.14837246388107705,0.8156618540404627,0.08149382655586407,0.4031885819481884,0.3028952352999869,-2.2875655710141016,2.2875655710141016,9.017266969343327,1.3184175902039795e-06,0.0,1.7200019186702775e-11,0.1
random,11,322,0.7428330595309065,0.1483725619146064,0.8156623929693732,0.08149362143925024,0.4031875671390899,0.3028937301910419,-2.2875645616999636,2.2875645616999636,9.017268481539377,1.2907730019524614e-06,1.3877787807814457e-17,1.6486256804171262e-11,0.1
random,11,323,0.7428330595151043,0.14837265789259835,0.8156629205981852,0.08149342062283,0.40318657360508703,0.30289225665193603,-2.287563573514707,2.287563573514707,9.017269962018311,1.2637086675462677e-06,0.0,1.5802248398699703e-11,0.1
random,11,324,0.7428330594999578,0.14837275185819698,0.8156634371640789,0.08149322401637202,0.40318560089976263,0.30289081401958123,-2.287562606016267,2.287562606016267,9.01727141144626,1.2372123826699355e-06,1.3877787807814457e-17,1.5146439658053623e-11,0.1
random,11,325,0.7428330594854399,0.14837284385363886,0.815663942899245,0.08149303153154147,0.4031846485860825,0.3028894016448544,-2.287561658771819,2.287561658771819,9.017272830475315,1.211272200614841e-06,0.0,1.4517942403813322e-11,0.1
random,11,326,0.7428330594715241,0.14837293392027243,0.8156644380309925,0.08149284308186024,0.40318371623619836,0.30288801889230216,-2.287560731357585,2.287560731357585,9.017274219743848,1.1858764269712152e-06,1.3877787807814457e-17,1.3915757435256637e-11,0.1
random,11,327,0.7428330594581861,0.14837302209857664,0.8156649227818501,0.08149265858266767,0.40318280343125396,0.3028866651398503,-2.287559823358644,2.287559823358644,9.017275579876786,1.1610136142680224e-06,0.0,1.3337997373241706e-11,0.1
random,11,328,0.7428330594454013,0.14837310842817925,0.815665397369667,0.08149247795108226,0.40318190976119506,0.30288533977852217,-2.287558934368746,2.287558934368746,9.017276911485906,1.1366725565484956e-06,1.3877787807814457e-17,1.278477324007099e-11,0.1
random,11,329,0.7428330594331468,0.14837319294787493,0.815665862007713,0.08149230110596412,0.40318103482458423,0.30288404221216075,-2.2875580639901347,2.2875580639901347,9.017278215170103,1.112842284411683e-06,1.3877787807814457e-17,1.2254530723510015e-11,0.1
random,11,330,0.742833059421401,0.14837327569564276,0.8156663169047738,0.08149212796787834,0.40318017822841945,0.3028827718571576,-2.2875572118333682,2.2875572118333682,9.01727949151567,1.0895120599051306e-06,1.3877787807814457e-17,1.1745826533626769e-11,0.1
random,11,331,0.7428330594101422,0.14837335670866342,0.8156667622652463,0.08149195845905896,0.40317933958795543,0.3028815281421872,-2.2875563775171455,2.2875563775171455,9.017280741096561,1.0666713715734008e-06,1.3877787807814457e-17,1.1258771692723712e-11,0.1
random,11,332,0.7428330593993508,0.14837343602333608,0.8156671982892313,0.08149179250337382,0.40317851852653047,0.30288031050794745,-2.287555560668136,2.287555560668136,9.017281964474655,1.0443099297855877e-06,0.0,1.0791367799356522e-11,0.1
random,11,333,0.7428330593890068,0.14837351367529483,0.8156676251726231,0.08149163002629019,0.40317771467539576,0.3028791184069058,-2.2875547609208153,2.2875547609208153,9.01728316220001,1.0224176618498747e-06,1.3877787807814457e-17,1.0344058942735046e-11,0.1
random,11,334,0.7428330593790922,0.14837358969942493,0.8156680431072,0.08149147095484104,0.40317692767354885,0.30287795130305,-2.2875539779173013,2.2875539779173013,9.01728433481111,1.0009847074820557e-06,1.3877787807814457e-17,9.914624676810035e-12,0.1
random,11,335,0.7428330593695889,0.14837366412987846,0.8156684522807092,0.08149131521759202,0.40317615716757016,0.3028768086716446,-2.287553211307193,2.287553211307193,9.01728548283511,9.80001414358477e-07,0.0,9.503287046186415e-12,0.1
random,11,336,0.7428330593604797,0.14837373700008977,0.8156688528769527,0.08149116274460926,0.40317540281146363,0.30287568999899306,-2.287552460747417,2.287552460747417,9.017286606788081,9.594583336002101e-07,1.3877787807814457e-17,9.109157872444484e-12,0.1
random,11,337,0.7428330593517485,0.14837380834279082,0.8156692450758708,0.08149101346742764,0.40317466426649995,0.30287459478220446,-2.2875517259020737,2.2875517259020737,9.017287707175235,9.393462155596144e-07,1.3877787807814457e-17,8.731237954862081e-12,0.1
random,11,338,0.7428330593433795,0.14837387819002573,0.8156696290536227,0.08149086731901999,0.40317394120106387,0.3028735225289651,-2.287551006442286,2.287551006442286,9.017288784491164,9.196560054060028e-07,0.0,8.368972181926893e-12,0.1
random,11,339,0.7428330593353577,0.14837394657316544,0.8156700049826668,0.08149072423376671,0.40317323329050425,0.302872472757315,-2.2875503020460553,2.2875503020460553,9.017289839220057,9.003788393424305e-07,1.3877787807814457e-17,8.021805442126606e-12,0.1
random,11,340,0.7428330593276685,0.1483740135229218,0.8156703730318382,0.08149058414742626,0.40317254021698756,0.3028714449954299,-2.287549612398116,2.287549612398116,9.017290871835925,8.815060401242382e-07,1.3877787807814457e-17,7.689182623948909e-12,0.1
random,11,341,0.7428330593202984,0.14837407906936154,0.8156707333664257,0.08149044699710598,0.40317186166935415,0.30287043878140635,-2.2875489371897957,2.2875489371897957,9.017291882802803,8.630291134644388e-07,0.0,7.370104526671639e-12,0.1
random,11,342,0.7428330593132341,0.14837414324191978,0.8156710861482457,0.08149031272123382,0.40317119734297785,0.3028694536630534,-2.287548276118877,2.287548276118877,9.017292872574988,8.449397439483423e-07,0.0,7.064349105689871e-12,0.1
random,11,343,0.7428330593064626,0.1483742060694134,0.8156714315357158,0.08149018125953053,0.40317054693962867,0.30286848919768666,-2.2875476288894636,2.2875476288894636,9.017293841597208,8.272297913296769e-07,0.0,6.771472271793755e-12,0.1
random,11,344,0.7428330592999721,0.14837426758005404,0.8156717696839265,0.0814900525529824,0.40316991016733783,0.3028675449519282,-2.2875469952118466,2.2875469952118466,9.017294790304856,8.09891286801518e-07,1.3877787807814457e-17,6.490474824261128e-12,0.1
random,11,345,0.742833059293751,0.14837432780146081,0.8156721007447111,0.08148992654381469,0.40316928674026625,0.30286662050151036,-2.2875463748023783,2.2875463748023783,9.017295719124167,7.929164293682457e-07,1.3877787807814457e-17,6.221134718487065e-12,0.1
random,11,346,0.7428330592877876,0.14837438676067283,0.8156724248667141,0.08148980317546552,0.4031686763785755,0.30286571543108265,-2.2875457673833424,2.2875457673833424,9.01729662847242,7.762975823179576e-07,0.0,5.963340932169103e-12,0.1
random,11,347,0.7428330592820718,0.14837444448416134,0.8156727421954585,0.08148968239256034,0.4031680788083015,0.3028648293340254,-2.2875451726828313,2.2875451726828313,9.017297518758125,7.60027269650486e-07,1.3877787807814457e-17,5.715872219980156e-12,0.1
random,11,348,0.7428330592765929,0.14837450099784183,0.8156730528734117,0.081489564140887,0.40316749376123107,0.3028639618122637,-2.2875445904346265,2.2875445904346265,9.017298390381209,7.440981728607482e-07,1.3877787807814457e-17,5.478839604222685e-12,0.1
random,11,349,0.7428330592713414,0.14837455632708554,0.8156733570400497,0.08148944836737129,0.4031669209747809,0.30286311247608844,-2.287544020378076,2.287544020378076,9.01729924373319,7.2850312737627e-07,0.0,5.2515769510819155e-12,0.1
random,11,350,0.7428330592663077,0.1483746104967311,0.8156736548319201,0.08148933502005293,0.4031663601918788,0.30286228094397966,-2.287543462257982,2.287543462257982,9.017300079197364,7.132351194557467e-07,0.0,5.033640171347997e-12,0.1
random,11,351,0.7428330592614828,0.14837466353109552,0.8156739463827031,0.08148922404806228,0.4031658111608486,0.3028614668424338,-2.287542915824484,2.287542915824484,9.017300897148973,6.98287282989436e-07,0.0,4.824918242718468e-12,0.1
random,11,352,0.7428330592568578,0.14837471545398534,0.8156742318232725,0.08148911540159721,0.40316527363529564,0.30286066980579524,-2.2875423808329494,2.2875423808329494,9.017301697955373,6.836528963620936e-07,1.3877787807814457e-17,4.624967075983477e-12,0.1
random,11,353,0.7428330592524247,0.14837476628870744,0.8156745112817555,0.08148900903190096,0.403164747373997,0.3028598894760897,-2.2875418570438626,2.2875418570438626,9.017302481976214,6.69325379307497e-07,0.0,4.43312053732825e-12,0.1
random,11,354,0.7428330592481757,0.14837481605807928,0.8156747848835887,0.08148890489123972,0.403164232140791,0.3028591255028643,-2.2875413442227193,2.2875413442227193,9.017303249563573,6.552982901001909e-07,0.0,4.249045559845399e-12,0.1
random,11,355,0.7428330592441028,0.14837486478443945,0.815675052751576,0.08148880293288155,0.40316372770447245,0.30285837754302675,-2.2875408421399204,2.2875408421399204,9.017304001062149,6.415653224491184e-07,0.0,4.072853165837387e-12,0.1
random,11,356,0.7428330592401988,0.14837491248965756,0.8156753150059434,0.0814887031110751,0.4031632338386879,0.30285764526069237,-2.2875403505706724,2.2875403505706724,9.017304736809388,6.281203027531927e-07,0.0,3.9039882437919005e-12,0.1
random,11,357,0.7428330592364565,0.14837495919514426,0.8156755717643935,0.08148860538102896,0.40316275032183296,0.30285692832703126,-2.287539869294882,2.287539869294882,9.017305457135656,6.149571872952463e-07,1.3877787807814457e-17,3.742339771406478e-12,0.1
random,11,358,0.7428330592328697,0.14837500492186084,0.815675823142159,0.08148850969889168,0.4031622769369536,0.30285622642012006,-2.287539398097064,2.287539398097064,9.017306162364381,6.020700593756552e-07,1.3877787807814457e-17,3.5867975256564932e-12,0.1
random,11,359,0.7428330592294315,0.1483750496903286,0.8156760692520535,0.08148841602173176,0.40316181347164753,0.30285553922479586,-2.2875389367662393,2.2875389367662393,9.017306852812197,5.894531267927309e-07,0.0,3.4381386626591848e-12,0.1
random,11,360,0.742833059226136,0.1483750935206382,0.815676310204523,0.08148832430751853,0.403161359717969,0.3028548664325148,-2.287538485095845,2.287538485095845,9.017307528789088,5.77100719123455e-07,1.3877787807814457e-17,3.2955860262973147e-12,0.1
random,11,361,0.7428330592229773,0.1483751364324587,0.8156765461076964,0.08148823451510308,0.4031609154723349,0.30285420774121175,-2.2875380428836385,2.2875380428836385,9.01730819059853,5.650072851795346e-07,0.0,3.158695527361033e-12,0.1
random,11,362,0.7428330592199492,0.14837517844504633,0.8156767770674326,0.08148814660419978,0.4031604805354331,0.30285356285516496,-2.2875376099316105,2.2875376099316105,9.017308838537634,5.531673904726638e-07,1.3877787807814457e-17,3.028022277362652e-12,0.1
random,11,363,0.742833059217047,0.14837521957725336,0.81567700318737,0.08148806053536825,0.40316005471213334,0.30285293148486186,-2.2875371860458946,2.2875371860458946,9.017309472897256,5.415757147692615e-07,1.3877787807814457e-17,2.9022340086726217e-12,0.1
random,11,364,0.7428330592142651,0.14837525984753633,0.8156772245689715,0.08148797626999538,0.40315963781139824,0.30285231334686813,-2.287536771036682,2.287536771036682,9.017310093962164,5.302270496325574e-07,0.0,2.7818858328032547e-12,0.1
random,11,365,0.7428330592115985,0.14837529927396467,0.8156774413115718,0.08148789377027807,0.403159229646198,0.30285170816370044,-2.2875363647181337,2.2875363647181337,9.01731070201114,5.191162961750011e-07,0.0,2.6666446828471635e-12,0.1
random,11,366,0.7428330592090424,0.14837533787422857,0.8156776535124209,0.0814878129992063,0.4031588300334265,0.30285111566370115,-2.2875359669083015,2.2875359669083015,9.017311297317107,5.082384626167762e-07,1.3877787807814457e-17,2.556066469594498e-12,0.1
random,11,367,0.7428330592065925,0.14837537566564712,0.8156778612667287,0.08148773392054622,0.40315843879381774,0.3028505355809152,-2.2875355774290442,2.2875355774290442,9.017311880147272,4.975886621717853e-07,1.3877787807814457e-17,2.449929148440333e-12,0.1
random,11,368,0.742833059204244,0.148375412665176,0.8156780646677071,0.08148765649882417,0.40315805575186664,0.30284996765497046,-2.287535196105948,2.287535196105948,9.017312450763223,4.871621106147451e-07,1.3877787807814457e-17,2.3484547639895936e-12,0.1
random,11,369,0.7428330592019929,0.14837544888941523,0.815678263806613,0.08148758069931042,0.4031576807357488,0.30284941163096035,-2.2875348227682504,2.2875348227682504,9.017313009421063,4.769541243611948e-07,1.3877787807814457e-17,2.2510882047299674e-12,0.1
random,11,370,0.7428330591998353,0.1483754843546165,0.8156784587727884,0.08148750648800379,0.4031573135772443,0.30284886725932897,-2.2875344572487615,2.2875344572487615,9.017313556371517,4.669601182365373e-07,1.3877787807814457e-17,2.1576074260565292e-12,0.1
random,11,371,0.7428330591977671,0.14837551907669067,0.8156786496537016,0.08148743383161605,0.4031569541116605,0.3028483342957581,-2.2875340993837905,2.2875340993837905,9.01731409186005,4.57175603367235e-07,1.3877787807814457e-17,2.068234472574204e-12,0.1
random,11,372,0.7428330591957847,0.14837555307121472,0.8156788365349853,0.08148736269755737,0.40315660217775995,0.30284781250105763,-2.287533749013073,2.287533749013073,9.01731461612697,4.475961851486334e-07,0.0,1.9824142327706795e-12,0.1
random,11,373,0.7428330591938844,0.14837558635343895,0.8156790195004764,0.08148729305392115,0.4031562576176857,0.3028473016410567,-2.2875334059796986,2.2875334059796986,9.017315129407551,4.3821756138945776e-07,1.3877787807814457e-17,1.900257728948418e-12,0.1
random,11,374,0.7428330591920631,0.14837561893829376,0.8156791986322532,0.08148722486947015,0.4031559202768923,0.3028468014865003,-2.28753307013004,2.28753307013004,9.017315631932124,4.2903552022454117e-07,0.0,1.8213208718975693e-12,0.1
random,11,375,0.7428330591903172,0.14837565084039636,0.8156793740106724,0.08148715811362202,0.4031555900040743,0.30284631181294264,-2.287532741313686,2.287532741313686,9.017316123926184,4.2004593830005966e-07,1.3877787807814457e-17,1.7459367285255212e-12,0.1
random,11,376,0.7428330591886436,0.14837568207405735,0.8156795457144047,0.08148709275643594,0.40315526665110035,0.30284583240064955,-2.287532419383375,2.287532419383375,9.017316605610498,4.1124477877946147e-07,1.3877787807814457e-17,1.673550187319961e-12,0.1
random,11,377,0.7428330591870395,0.1483757126532872,0.8156797138204714,0.08148702876859888,0.403154950072945,0.3028453630344965,-2.2875321041949244,2.2875321041949244,9.017317077201204,4.026280897138765e-07,0.0,1.6041612482808887e-12,0.1
random,11,378,0.7428330591855019,0.14837574259180253,0.8156798784042782,0.0814869661214124,0.4031546401276234,0.30284490350387394,-2.2875317956071717,2.2875317956071717,9.017317538909898,3.9419200208801294e-07,1.3877787807814457e-17,1.5375478668033793e-12,0.1
random,11,379,0.7428330591840281,0.14837577190303225,0.815680039539649,0.08148690478678004,0.4031543366761291,0.30284445360259055,-2.2875314934819087,2.2875314934819087,9.017317990943742,3.8593272816695587e-07,1.3877787807814457e-17,1.4738210651898953e-12,0.1
random,11,380,0.7428330591826153,0.14837580060012368,0.8156801972988598,0.08148684473719434,0.4031540395823696,0.30284401312878173,-2.2875311976838204,2.2875311976838204,9.017318433505547,3.7784655975704107e-07,0.0,1.4127587988355117e-12,0.1
random,11,381,0.7428330591812613,0.14837582869594837,0.8156803517526705,0.08148678594572462,0.4031537487131061,0.3028435818848183,-2.2875309080804227,2.2875309080804227,9.017318866793874,3.699298665218168e-07,0.0,1.354028000832841e-12,0.1
random,11,382,0.7428330591799632,0.14837585620310795,0.8156805029703573,0.08148672838600503,0.4031534639378943,0.30284315967721687,-2.2875306245420064,2.2875306245420064,9.017319291003114,3.621790943232814e-07,0.0,1.298072760391733e-12,0.1
random,11,383,0.7428330591787191,0.14837588313393976,0.8156806510197435,0.08148667203222239,0.40315318512902415,0.3028427463165536,-2.287530346941576,2.287530346941576,9.017319706323581,3.545907637109376e-07,1.3877787807814457e-17,1.2441159213949504e-12,0.1
random,11,384,0.7428330591775264,0.14837590950052248,0.8156807959672303,0.08148661685910476,0.40315291216146326,0.30284234161737844,-2.287530075154795,2.287530075154795,9.0173201129416,3.471614682367412e-07,1.3877787807814457e-17,1.1927125953548057e-12,0.1
random,11,385,0.7428330591763831,0.14837593531468146,0.8156809378778263,0.08148656284191015,0.40315264491280145,0.3028419453981316,-2.28752980905993,2.28752980905993,9.017320511039586,3.3988787299852714e-07,1.3877787807814457e-17,1.1433076707589862e-12,0.1
random,11,386,0.7428330591752875,0.1483759605879941,0.815681076815177,0.08148650995641525,0.4031523832631944,0.3028415574810622,-2.2875295485377953,2.2875295485377953,9.017320900796122,3.327667130617464e-07,1.3877787807814457e-17,1.0955680807001045e-12,0.1
random,11,387,0.7428330591742374,0.148375985331795,0.8156812128415931,0.08148645817890464,0.40315212709531073,0.30284117769214763,-2.2875292934716995,2.2875292934716995,9.017321282386055,3.2579479206013704e-07,1.3877787807814457e-17,1.0501599589929356e-12,0.1
random,11,388,0.7428330591732305,0.1483760095571811,0.8156813460180791,0.08148640748616005,0.40315187629427873,0.3028408058610156,-2.287529043747396,2.287529043747396,9.017321655980554,3.1896898075685905e-07,0.0,1.0068612610325545e-12,0.1
random,11,389,0.7428330591722655,0.14837603327501672,0.8156814764043601,0.08148635785545001,0.4031516307476349,0.3028404418208677,-2.287528799253027,2.287528799253027,9.017322021747205,3.1228621554746877e-07,1.3877787807814457e-17,9.65005853004186e-13,0.1
random,11,390,0.7428330591713405,0.14837605649593827,0.8156816040589088,0.08148630926451961,0.40315139034527375,0.3028400854084043,-2.287528559879079,2.287528559879079,9.01732237985008,3.057434971001578e-07,1.3877787807814457e-17,9.250378241176804e-13,0.1
random,11,391,0.742833059170454,0.1483760792303593,0.8156817290389727,0.08148626169158044,0.40315115497939763,0.30283973646375023,-2.287528325518329,2.287528325518329,9.017322730449804,2.993378890782958e-07,1.3877787807814457e-17,8.865130851631875e-13,0.1
random,11,392,0.7428330591696042,0.14837610148847488,0.8156818514005979,0.08148621511530096,0.40315092454446944,0.3028393948303836,-2.2875280960658007,2.2875280960658007,9.017323073703635,2.930665168425488e-07,0.0,8.497647030480948e-13,0.1
random,11,393,0.7428330591687893,0.14837612328026634,0.8156819711986558,0.08148616951479667,0.4031506989371635,0.30283906035506575,-2.287527871418713,2.287527871418713,9.017323409765538,2.869265659580896e-07,1.3877787807814457e-17,8.149037000748649e-13,0.1
random,11,394,0.7428330591680083,0.14837614461550588,0.8156820884868681,0.08148612486962097,0.40315047805632076,0.30283873288777124,-2.2875276514764393,2.2875276514764393,9.017323738786242,2.809152810945059e-07,0.0,7.809308755213351e-13,0.1
random,11,395,0.7428330591672598,0.1483761655037607,0.8156822033178294,0.08148608115975588,0.403150261802903,0.3028384122816213,-2.287527436140457,2.287527436140457,9.017324060913323,2.7502996480267883e-07,1.3877787807814457e-17,7.485123632022805e-13,0.1
random,11,396,0.7428330591665426,0.1483761859543975,0.8156823157430321,0.08148603836560299,0.4031500500799474,0.30283809839281717,-2.2875272253143075,2.2875272253143075,9.017324376291251,2.692679761210202e-07,1.3877787807814457e-17,7.172040739078511e-13,0.1
random,11,397,0.7428330591658547,0.14837620597658646,0.8156824258128883,0.08148599646797468,0.4031498427925238,0.3028377910805758,-2.2875270189035524,2.2875270189035524,9.017324685061478,2.636267296251326e-07,0.0,6.87894186057747e-13,0.1
random,11,398,0.7428330591651956,0.14837622557930574,0.8156825335767546,0.08148595544808561,0.4031496398476922,0.30283749020706663,-2.287526816815729,2.287526816815729,9.017324987362484,2.5810369403872483e-07,0.0,6.591394097199554e-13,0.1
random,11,399,0.7428330591645638,0.14837624477134512,0.8156826390829517,0.08148591528754416,0.4031494411544606,0.30283719563734857,-2.2875266189603103,2.2875266189603103,9.017325283329843,2.526963912874541e-07,1.3877787807814457e-17,6.318279233141766e-13,0.1
random,11,400,0.742833059163958,0.14837626356131017,0.8156827423787879,0.08148587596834422,0.40314924662374413,0.30283690723931095,-2.2875264252486653,2.2875264252486653,9.017325573096295,2.4740239520279526e-07,1.3877787807814457e-17,6.057376822354854e-13,0.1
random,11,401,0.7428330591633776,0.1483762819576261,0.8156828435105798,0.08148583747285713,0.4031490561683255,0.30283662488361307,-2.287526235594019,2.287526235594019,9.017325856791787,2.4221933059071417e-07,1.3877787807814457e-17,5.804245972740318e-13,0.1
random,11,402,0.7428330591628212,0.1483762999685414,0.815682942523673,0.0814857997838237,0.4031488697028153,0.30283634844362606,-2.2875260499114125,2.2875260499114125,9.017326134543545,2.37144872015772e-07,0.0,5.564437799421285e-13,0.1
random,11,403,0.7428330591622876,0.14837631760213174,0.8156830394624621,0.08148576288434642,0.4031486871436136,0.30283607779537675,-2.2875258681176662,2.2875258681176662,9.017326406476132,2.3217674290319043e-07,1.3877787807814457e-17,5.335731856348502e-13,0.1
random,11,404,0.7428330591617763,0.14837633486630353,0.815683134370412,0.08148572675788208,0.40314850840887334,0.30283581281749056,-2.287525690131341,2.287525690131341,9.01732667271149,2.273127143897181e-07,0.0,5.112577028398846e-13,0.1
random,11,405,0.7428330591612862,0.14837635176879735,0.8156832272900757,0.08148569138823414,0.4031483334184624,0.30283555339113805,-2.2875255158727046,2.2875255158727046,9.017326933369013,2.2255060435484305e-07,0.0,4.901634653720066e-13,0.1
random,11,406,0.7428330591608164,0.14837636831719164,0.8156833182631149,0.0814856567595455,0.4031481620939283,0.30283529939998177,-2.287525345263692,2.287525345263692,9.017327188565586,2.1788827650434027e-07,1.3877787807814457e-17,4.697353617189037e-13,0.1
random,11,407,0.7428330591603661,0.14837638451890592,0.8156834073303175,0.08148562285629146,0.40314799435846294,0.30283505073012273,-2.2875251782278747,2.2875251782278747,9.017327438415649,2.1332363931638753e-07,1.3877787807814457e-17,4.503064587879635e-13,0.1
random,11,408,0.7428330591599345,0.14837640038120417,0.8156834945316166,0.08148558966327267,0.403147830136868,0.30283480727004997,-2.287525014690423,2.287525014690423,9.017327683031235,2.088546451374444e-07,0.0,4.3165471197426086e-13,0.1
random,11,409,0.7428330591595207,0.1483764159111982,0.8156835799061086,0.08148555716560829,0.4031476693555208,0.3028345689105908,-2.2875248545780744,2.2875248545780744,9.017327922522037,2.0447928929754637e-07,0.0,4.1378012127779584e-13,0.1
random,11,410,0.7428330591591242,0.14837643111585072,0.8156836634920702,0.08148552534872941,0.40314751194234216,0.30283433554486067,-2.287524697819101,2.287524697819101,9.017328156995442,2.001956091148471e-07,0.0,3.964606420936434e-13,0.1
random,11,411,0.742833059158744,0.1483764460019784,0.8156837453269753,0.08148549419837244,0.4031473578267633,0.3028341070682164,-2.287524544343276,2.287524544343276,9.017328386556587,1.9600168315948958e-07,1.3877787807814457e-17,3.802513859341161e-13,0.1
random,11,412,0.7428330591583796,0.14837646057625525,0.8156838254475136,0.0814854637005727,0.40314720693969436,0.3028338833782084,-2.2875243940818435,2.2875243940818435,9.01732861130841,1.91895630206324e-07,0.0,3.643751966819764e-13,0.1
random,11,413,0.7428330591580304,0.14837647484521524,0.8156839038896049,0.0814854338416582,0.4031470592134934,0.30283366437453446,-2.287524246967487,2.287524246967487,9.017328831351682,1.8787560853121802e-07,1.3877787807814457e-17,3.4916514124461173e-13,0.1
random,23,0,0.8803083307753036,0.15027978117691027,0.8261471282016419,0.19140590761535597,0.9469757370521731,0.23954050361028797,-3.207483946353326,3.207483946353326,9.378870809528642,0.11385665502737914,5.551115123125783e-17,0.08228346342877224,0.1
random,23,1,0.8600411435052887,0.15341189623823126,0.8433655979308553,0.1677529081322733,0.8299531388573519,0.20028660342809296,-3.1456729171100815,3.1456729171100815,9.017701666645555,0.04201536988805556,5.551115123125783e-17,0.020267187270014864,0.1
random,23,2,0.8415089957599535,0.15177490823945863,0.8343664303549156,0.1563369607692401,0.7734730369475304,0.22365913756884137,-3.0502853647486585,3.0502853647486585,9.086814237319132,0.03734801749470849,5.551115123125783e-17,0.01853214774533518,0.1
random,23,3,0.8220842470080795,0.1492494671765429,0.8204830864663972,0.14571562603055135,0.7209242602772711,0.26490867088963777,-2.9473043406902253,2.9473043406902253,9.07207898946096,0.04097843681198368,8.326672684688674e-17,0.019424748751874055,0.1
random,23,4,0.8029251784335608,0.1485703588208213,0.8167497604432734,0.13050351996134035,0.6456627621527941,0.289471675629073,-2.851563895831762,2.851563895831762,9.043322941111143,0.0381514782762389,6.938893903907228e-17,0.019159068574518656,0.1
random,23,5,0.7814997984817273,0.14963288355662832,0.8225908772738656,0.10992841865730119,0.5438679849431461,0.285896442905416,-2.7569302669874496,2.7569302669874496,9.053227305248994,0.042834747349277204,6.938893903907228e-17,0.021425379951833468,0.1
random,23,6,0.7724767299530834,0.14832010360946765,0.8153740090111233,0.10482538419940544,0.5186208550234176,0.3129100943888637,-2.666534774699228,2.666534774699228,9.091462998836478,0.025948521727072925,2.7755575615628914e-17,0.009023068528643985,0.1
random,23,7,0.7634020503832479,0.14726198662420578,0.8095571233207829,0.09948856222403568,0.492217067456954,0.3317994102842231,-2.5580880227549327,2.5580880227549327,9.066024714502625,0.02757646249144734,2.7755575615628914e-17,0.009074679569835431,0.1
random,23,8,0.7562522781117873,0.14635681097525952,0.8045810163752005,0.09529925409446387,0.4714905747213575,0.3494387215004761,-2.4688570881078133,2.4688570881078133,9.044768647152559,0.022822604320748632,4.163336342344337e-17,0.0071497722714606304,0.1
random,23,9,0.7520348125171669,0.14552080528765765,0.7999851639420681,0.09312953385056247,0.46075594038972256,0.36856954463185254,-2.4054910772987546,2.4054910772987546,9.006665480031073,0.019826624525062994,2.7755575615628914e-17,0.00421746559462044,0.1
random,23,10,0.7491251269542798,0.14497621242250444,0.7969913225346482,0.09170098799297385,0.45368824700838056,0.37959573301198474,-2.3580188372875317,2.3580188372875317,8.968614472839201,0.015416757354836774,1.3877787807814457e-17,0.0029096855628870655,0.1
random,23,11,0.7487450489165639,0.1443984225874913,0.793814984312953,0.09203869393123126,0.4553590383322872,0.3954405109877737,-2.3428228823195356,2.3428228823195356,8.936919537107258,0.006499778658170555,1.3877787807814457e-17,0.0003800780377158919,0.1
random,23,12,0.7484609305976574,0.1440037062733361,0.7916450733186738,0.09234830037487865,0.4568908081393,0.40504423573826986,-2.332836825275908,2.332836825275908,8.908272949884218,0.005449694346002784,0.0,0.0002841183189065122,0.1
random,23,13,0.7482158479409182,0.1436794198856118,0.7898623433610229,0.09261818991569289,0.45822607960515693,0.4126257051886179,-2.3229221115943015,2.3229221115943015,8.895134241173787,0.005023360381494229,1.3877787807814457e-17,0.0002450826567391706,0.1
random,23,14,0.7480182125272299,0.14346322575724518,0.7886738391132433,0.09286571524772819,0.4594507047312228,0.4165015700949167,-2.318804784988675,2.318804784988675,8.886581234707647,0.004546528141121377,1.3877787807814457e-17,0.00019763541368833515,0.1
random,23,15,0.7478468644085562,0.14324933392999994,0.7874979915212347,0.09307833012349125,0.4605026112851657,0.4209771794633881,-2.3136298431746107,2.3136298431746107,8.887314418203472,0.004194105724544926,0.0,0.0001713481186736976,0.1
random,23,16,0.7476890790354234,0.14304660818323228,0.7863835282701371,0.09325823759413708,0.46139269880513084,0.42553258131537824,-2.307643494302186,2.307643494302186,8.885138707698228,0.004002452493824304,0.0,0.00015778537313282381,0.1
random,23,17,0.7475381939604719,0.14285834427585042,0.7853485674443396,0.09340739485162751,0.46213065044731594,0.4299410576538819,-2.300757849158401,2.300757849158401,8.881753571639942,0.003898935673414264,1.3877787807814457e-17,0.00015088507495142345,0.1
random,23,18,0.7473899392701664,0.1426855346621997,0.7843985649561463,0.09352749251477324,0.4627248305042044,0.4340980792700553,-2.292444034832062,2.292444034832062,8.877891175714174,0.0038534557362456603,0.0,0.00014825469030554927,0.1
random,23,19,0.7472756272241826,0.14256645049117936,0.7837439123799165,0.09361492139558877,0.4631573826123468,0.43678347286158486,-2.2858041234690543,2.2858041234690543,8.8739087471165,0.0031005988262582684,1.3877787807814457e-17,0.00011431204598377764,0.1
random,23,20,0.7472152623951933,0.14250777320600594,0.7834213402397586,0.09367862050428942,0.4634725322917004,0.43781124142449224,-2.285386043455938,2.285386043455938,8.871721718913111,0.0025398157004479552,1.3877787807814457e-17,6.036482898930107e-05,0.1
random,23,21,0.7471694020063919,0.1424541768735872,0.7831267000974645,0.09373430101808712,0.4637480101818551,0.43887374387829775,-2.2848610340169944,2.2848610340169944,8.871645502080005,0.0022138273011758575,0.0,4.586038880138865e-05,0.1
random,23,22,0.7471345850648825,0.14240638027467645,0.7828639433738477,0.093782323034113,0.46398559785397764,0.4399022807100241,-2.2842930604929075,2.2842930604929075,8.871212410597611,0.0019291846711388188,1.3877787807814457e-17,3.481694150941905e-05,0.1
random,23,23,0.7471081835847789,0.14236455236389844,0.7826339988790041,0.09382321893947596,0.46418792927940744,0.44085702105673974,-2.283722999667695,2.283722999667695,8.870597219550518,0.001680182607808254,0.0,2.6401480103577235e-05,0.1
random,23,24,0.7470881879133826,0.14232852263939286,0.7824359292970745,0.09385761773249417,0.46435811641092267,0.44171711837846117,-2.283176180802347,2.283176180802347,8.869910748399844,0.0014624021670517524,1.3877787807814457e-17,1.99956713963223e-05,0.1
random,23,25,0.747073058499943,0.14229791932247957,0.7822676908142702,0.09388619121500802,0.4644994829706115,0.44247419646587527,-2.2826673684463,2.2826673684463,8.869222098173832,0.0012721788670170908,1.3877787807814457e-17,1.5129413439618489e-05,0.1
random,23,26,0.7470616173501482,0.14227226165875934,0.7821266405343668,0.09390961589406562,0.4646153759594546,0.44312792959509556,-2.282204168957039,2.282204168957039,8.868572661754317,0.001106332673425927,1.3877787807814457e-17,1.1441149794788608e-05,0.1
random,23,27,0.7470529655925909,0.1422510216141345,0.7820098756460214,0.09392854665316752,0.46470903539649516,0.4436830000895104,-2.2817894057629022,2.2817894057629022,8.867985344915432,0.0009620308189838203,1.3877787807814457e-17,8.651757557265327e-06,0.1
random,23,28,0.7470464196572492,0.14223366450796432,0.7819144567992272,0.09394359940906148,0.4647835085137826,0.44414699929383167,-2.281422789560879,2.281422789560879,8.867470809571257,0.000836718822208992,0.0,6.545935341772946e-06,0.1
random,23,29,0.7470414614888231,0.14221967491293866,0.7818375504871163,0.09395534062655309,0.4648415978811722,0.4445289915319287,-2.28110209199423,2.28110209199423,8.867031767670964,0.000728085703685302,1.3877787807814457e-17,4.958168426050236e-06,0.1
random,23,30,0.747037699697409,0.14220857221210909,0.7817765145690853,0.09396428198918476,0.4648858350396479,0.44483855010683043,-2.2808239636172716,2.2808239636172716,8.866665949882412,0.0006340451603214793,1.3877787807814457e-17,3.761791414147453e-06,0.1
random,23,31,0.7470348393590979,0.1421999189483802,0.7817289441712366,0.09397087884232595,0.46491847279855225,0.4450851303103232,-2.2805844951970324,2.2805844951970324,8.866368150527634,0.0005527230462970327,0.0,2.860338311094779e-06,0.1
random,23,32,0.7470326529578686,0.14219383693966828,0.7816955089746207,0.09397496895540922,0.4649387085263827,0.44526344095307413,-2.280436780546799,2.280436780546799,8.866131619578839,0.0004825013879390837,1.3877787807814457e-17,2.1864012292871493e-06,0.1
random,23,33,0.7470308732648453,0.14219431327358736,0.7816981275697253,0.09397213009009793,0.464924663314278,0.44526111758981834,-2.280724313735356,2.280724313735356,8.865966332001015,0.00042990388871346613,1.3877787807814457e-17,1.7796930232849562e-06,0.1
random,23,34,0.7470292873074809,0.1421983684744783,0.7817204206057152,0.09396554145386934,0.4648920662083346,0.44515955301110766,-2.281201727657084,2.281201727657084,8.866012316047676,0.0004021087384996375,1.3877787807814457e-17,1.5859573644361191e-06,0.1
random,23,35,0.7470277751547636,0.1422042193099139,0.7817525849518092,0.09395709493400219,0.46485027727153333,0.4450076712302335,-2.2817864478637357,2.2817864478637357,8.86617443978415,0.00038974699176340405,0.0,1.51215271726457e-06,0.1
random,23,36,0.747026251119086,0.14221081845323164,0.7817888630409696,0.09394788551326873,0.46480471390258854,0.44483425362711626,-2.282438206911962,2.282438206911962,8.866395346971485,0.00038877835197709395,1.3877787807814457e-17,1.5240356775469976e-06,0.1
random,23,37,0.7470246399709971,0.14221756463296698,0.7818259494472115,0.09393852115115106,0.4647583839651855,0.44465581894292033,-2.2831375525103814,2.2831375525103814,8.866641382035848,0.0003975052262112304,1.3877787807814457e-17,1.6111480889424712e-06,0.1
random,23,38,0.7470228661636886,0.14222412393669798,0.7818620085224772,0.09392931375046028,0.4647128305903491,0.44448152124243456,-2.2838756695250417,2.2838756695250417,8.866893405551105,0.00041512718410401903,1.3877787807814457e-17,1.773807308480535e-06,0.1
random,23,39,0.7470208476659564,0.142230321050287,0.7818960764959239,0.09392039470659226,0.4646687038533746,0.4443161433066993,-2.28464926137746,2.28464926137746,8.8671410245497,0.0004411684011611177,1.3877787807814457e-17,2.0184977321813236e-06,0.1
random,23,40,0.7470184911830502,0.1422360736080864,0.781927700571156,0.09391178356173933,0.4646261004387488,0.4441619064499605,-2.2854578378501467,2.2854578378501467,8.867379048839005,0.00047530950442085506,1.3877787807814457e-17,2.356482906251678e-06,0.1
random,23,41,0.7470156874637959,0.14224135280274625,0.7819567223828281,0.09390342772691881,0.4645847601638512,0.4440195563571206,-2.2863022236969677,2.2863022236969677,8.867605345532514,0.00051737134164367,1.3877787807814457e-17,2.8037192543184375e-06,0.1
random,23,42,0.747012306079805,0.142246159876016,0.7819831487573261,0.09389522430655334,0.4645441739554957,0.4438890102293633,-2.287183704304349,2.287183704304349,8.867819553608246,0.0005673348706053321,0.0,3.38138399091914e-06,0.1
random,23,43,0.7470081892880095,0.14225051217023715,0.7820070750323296,0.09388703067592273,0.46450363618159823,0.44376973968362865,-2.288103503530398,2.288103503530398,8.868022321045215,0.0006253561433825906,0.0,4.116791795460983e-06,0.1
random,23,44,0.7470031446360781,0.14225443491653952,0.7820286399132935,0.09387866773382632,0.46446226074363844,0.4436609951519832,-2.289062427657468,2.289062427657468,8.868214857195003,0.0006917695193813729,0.0,5.044651931407351e-06,0.1
random,23,45,0.7469969359445554,0.1422579564548331,0.7820479991958618,0.09386991806182264,0.4644189719695464,0.44356193555272416,-2.290060581169035,2.290060581169035,8.868398674478865,0.0007670834028233409,1.3877787807814457e-17,6.208691522679999e-06,0.1
random,23,46,0.7469892722355274,0.14226110549949061,0.782065310734247,0.093860520163471,0.4643724761125002,0.4434717015671707,-2.2910970976002343,2.2910970976002343,8.868575443503472,0.0008519738907734908,1.3877787807814457e-17,7.663709028049581e-06,0.1
random,23,47,0.7469797940856175,0.1422639096184535,0.7820807260802782,0.09385015927705748,0.4643212158971275,0.4433894555112692,-2.2921698478569996,2.2921698478569996,8.868746916065266,0.0009472799180036316,0.0,9.478149909813993e-06,0.1
random,23,48,0.7469680567617787,0.1422663944266951,0.7820943860495491,0.09383845479444698,0.4642633082746044,0.4433144015596583,-2.293275097108362,2.293275097108362,8.868914888859623,0.0010540016624433395,0.0,1.1737323838856284e-05,0.1
random,23,49,0.7469535093478316,0.1422685831952058,0.7821064185718569,0.09382494397781534,0.46419646386161145,0.44324579453535945,-2.2944070836205466,2.2944070836205466,8.869081191759262,0.0011733028160005462,1.3877787807814457e-17,1.4547413947130217e-05,0.1
random,23,50,0.7469354688815788,0.14227049669689487,0.7821169378440628,0.09380906138206827,0.46411788513328867,0.44318294215209497,-2.2955574905423655,2.2955574905423655,8.869247691174802,0.0013065167505136224,1.3877787807814457e-17,1.804046625275557e-05,0.1
random,23,51,0.7469130882880538,0.14227215318293582,0.7821260442000537,0.09379011312203785,0.46402413911086066,0.4431252036029829,-2.2967147751349044,2.2967147751349044,8.869416303017513,0.001455156395837423,1.3877787807814457e-17,2.238059352499544e-05,0.1
random,23,52,0.7468853166030599,0.14227356842631075,0.7821338243501228,0.09376724484031558,0.4639109988833261,0.4430719861963626,-2.2978633086438447,2.2978633086438447,8.8695890122113,0.001620927621838532,1.3877787807814457e-17,2.77716849939047e-05,0.1
random,23,53,0.7468508496190381,0.14227475579517046,0.7821403517842584,0.09373940191022904,0.46377324671272235,0.44302274102663713,-2.2989822620966414,2.2989822620966414,8.869767897187222,0.0018057459737595663,1.3877787807814457e-17,3.4466984021763736e-05,0.1
random,23,54,0.7468080686354281,0.14227572633405478,0.782145687218645,0.09370528002768136,0.4636044295885397,0.44297695824309524,-2.3000441450835325,2.3000441450835325,8.869955158724725,0.002011756697009558,0.0,4.2780983609991274e-05,0.1
random,23,55,0.7467549644369504,0.14227648884017619,0.7821498790150231,0.09366326388371986,0.46339655581185357,0.4429341622271981,-2.3010128590611725,2.3010128590611725,8.870153153112312,0.0022413580784195965,0.0,5.3104198477704756e-05,0.1
random,23,56,0.7466890429294039,0.1422770499273654,0.7821529635322243,0.09361135104282048,0.46313971838512197,0.4428939068395513,-2.3018410503561055,2.3018410503561055,8.870364430028308,0.0024972282170726582,0.0,6.592150754658466e-05,0.1
random,23,57,0.7466072080010351,0.14227741407341085,0.7821549653864148,0.0935470574519748,0.4628216275208568,0.44285577081009664,-2.3024664132544883,2.3024664132544883,8.870591775877946,0.0027823554168674098,0.0,8.18349283687736e-05,0.1
random,23,58,0.746505616107859,0.14227758364830262,0.7821558976063632,0.09346730013903314,0.46242703029473564,0.4428193532940275,-2.3028063402373826,2.3028063402373826,8.870838263622149,0.0031000724659357632,1.3877787807814457e-17,0.00010159189317604511,0.1
random,23,59,0.7463794957532197,0.14227755892185254,0.7821557616753313,0.09336825158417622,0.46193699015225437,0.44278426958657563,-2.302749802039224,2.302749802039224,8.871107310434173,0.0034540951369108714,1.3877787807814457e-17,0.00012612035463932525,0.1
random,23,60,0.7462229233830238,0.14227733804963466,0.7821545474537835,0.09324515891506868,0.46132799238146416,0.44275014697320075,-2.302144188710506,2.302144188710506,8.871402744850876,0.0038485653090445816,0.0,0.00015657237019595094,0.1
random,23,61,0.746028545171012,0.1422769170363669,0.7821522329780812,0.09309211942136224,0.460570833476829,0.442716620682439,-2.300771912883884,2.300771912883884,8.871728885469135,0.004288099180385996,1.3877787807814457e-17,0.00019437821201173655,0.1
random,23,62,0.7457872316269882,0.1422762896758508,0.7821487841303075,0.09290180182990765,0.4596292421556045,0.44268332990356485,-2.298302660849794,2.298302660849794,8.872090633697203,0.00477784110752628,1.3877787807814457e-17,0.00024131354402379124,0.1
random,23,63,0.745487648805758,0.14227544746646859,0.7821441541737225,0.09266510023171867,0.4584581671705164,0.44264991382836966,-2.2941713616008634,2.2941713616008634,8.872493583628946,0.005323523683454546,1.3877787807814457e-17,0.0002995828212302154,0.1
random,23,64,0.7451157259774428,0.14227437950105076,0.7821382831473207,0.09237070438555979,0.45700165139796434,0.4426160076746109,-2.2870821295283337,2.2870821295283337,8.87294415279248,0.005931534742367469,1.3877787807814457e-17,0.0003719228283152187,0.1
random,23,65,0.7447804014971887,0.14244005094705384,0.7830490443173768,0.0919184069695705,0.45476392172593155,0.4380263782767326,-2.2822207468725675,2.2822207468725675,8.873449738365284,0.00521700824800169,1.3877787807814457e-17,0.00033532448025408446,0.1
random,23,66,0.7445800611341732,0.14276728387275966,0.7848479725544804,0.09137080068487115,0.45205465391111743,0.4293041824053361,-2.2855811715436047,2.2855811715436047,8.879257726353368,0.0046222433136172,0.0,0.0002003403630155276,0.1
random,23,67,0.7444244167800257,0.14305672097501898,0.7864391222683933,0.09088126460608327,0.4496326869258801,0.42186903347260757,-2.288170685533068,2.288170685533068,8.889422601297724,0.004058688323720326,1.3877787807814457e-17,0.00015564435414749944,0.1
random,23,68,0.7442999494891882,0.14331657087577765,0.7878676194860099,0.09043768293397064,0.4474380781694156,0.4153971533232686,-2.290206917653409,2.290206917653409,8.897750674965378,0.003619165146285349,1.3877787807814457e-17,0.0001244672908374822,0.1
random,23,69,0.744198210489835,0.14355243204962592,0.789164241226493,0.09003173574465845,0.44542966503529385,0.4096761331114185,-2.2918300139717456,2.2918300139717456,8.904787717166334,0.003264781222465903,1.3877787807814457e-17,0.00010173899935317365,0.1
random,23,70,0.7441136013326997,0.14376833395639183,0.7903511390170742,0.08965739297260052,0.44357761393145806,0.4045584358702951,-2.29313546251763,2.29313546251763,8.910868096809622,0.002971906286772026,1.3877787807814457e-17,8.460915713537354e-05,0.1
random,23,71,0.7440422456377913,0.14396729535895572,0.791444908185913,0.08931010593750464,0.44185942038076853,0.39993709403164446,-2.2941911229330643,2.2941911229330643,8.916211077913283,0.0027251677428154564,1.3877787807814457e-17,7.135569490834826e-05,0.1
random,23,72,0.7439813652313569,0.14415164942780107,0.7924583750898179,0.08898633558720848,0.44025757501493223,0.395731901602605,-2.2950468299609907,2.2950468299609907,8.920967980012271,0.002514048856374421,0.0,6.088040643437154e-05,0.1
random,23,73,0.743928912541147,0.1443232451292979,0.7934017042249359,0.08868325942618488,0.43875811361092465,0.3918810596971395,-2.295740160335475,2.295740160335475,8.925247505730423,0.002331071840957495,1.3877787807814457e-17,5.245269020992538e-05,0.1
random,23,74,0.7438833429238638,0.14448357816279755,0.7942831180395173,0.08839858031954806,0.43734967115379575,0.38833586605776793,-2.2963000705721504,2.2963000705721504,8.929130324028925,0.002170754809963267,1.3877787807814457e-17,4.556961728319209e-05,0.1
random,23,75,0.7438434678737446,0.14463387948093867,0.7951093835648912,0.08813039674995292,0.4360228399360624,0.38505720216060463,-2.296749284785663,2.296749284785663,8.932677938757394,0.0020289780415887783,1.3877787807814457e-17,3.987505011926462e-05,0.1
random,23,76,0.7438083571828257,0.14477517709560003,0.795886152187124,0.08787711187310301,0.43476971961220534,0.38201313139431275,-2.297105914441675,2.297105914441675,8.93593832559624,0.0019025809312792387,1.3877787807814457e-17,3.5110690918882526e-05,0.1
random,23,77,0.7437772718780499,0.14490834042037004,0.7966182034150334,0.08763736800956712,0.43358359309863986,0.3791772104211477,-2.297384588017341,2.297384588017341,8.938949648517484,0.0017890958635688784,1.3877787807814457e-17,3.108530477580196e-05,0.1
random,23,78,0.7437496171387522,0.14503411283275486,0.7973096238874681,0.08740999834970951,0.4324586876351176,0.37652727314371764,-2.2975972578361583,2.2975972578361583,8.941742787015103,0.001686566916104972,1.3877787807814457e-17,2.765473929766671e-05,0.1
random,23,79,0.7437249085458253,0.14515313607327773,0.7979639415047626,0.08719399062661172,0.43138999505745396,0.3740445365288979,-2.297753788383703,2.297753788383703,8.944343100915644,0.0015934230591552012,1.3877787807814457e-17,2.4708592926914186e-05,0.1
random,23,80,0.7437027474399783,0.14526596885447668,0.7985842277297258,0.08698845930724683,0.43037313421408857,0.3717129308916176,-2.29786239316853,2.29786239316853,8.946771691641503,0.0015083874565821637,1.3877787807814457e-17,2.2161105846962847e-05,0.1
random,23,81,0.7436828026347828,0.1453731012780729,0.7991731768444913,0.08679262397192243,0.42940424399894245,0.3695185900167877,-2.297929964406096,2.297929964406096,8.949046322194942,0.0014304113231646389,1.3877787807814457e-17,1.9944805195515336e-05,0.1
random,23,82,0.7436647966454593,0.14547496616189798,0.7997331682190969,0.08660579227128923,0.42847989903166284,0.36744945723220906,-2.2979623254471235,2.2979623254471235,8.951182100524017,0.0013586248714692075,1.3877787807814457e-17,1.8005989323555127e-05,0.1
random,23,83,0.7436484951798783,0.14557194805150775,0.8002663158518737,0.08642734632434554,0.4275970423621051,0.36549497700446854,-2.297964426591152,2.297964426591152,8.953191995489531,0.0012923003911670117,0.0,1.6301465580959018e-05,0.1
random,23,84,0.7436336990214891,0.14566439047164984,0.8007745082336185,0.08625673174064007,0.42675293115796703,0.3636458505678347,-2.297940498788567,2.297940498788567,8.955087232240428,0.0012308240934288835,0.0,1.4796158389174252e-05,0.1
random,23,85,0.7436202376898937,0.14575260182189476,0.8012594407581998,0.08609344866998082,0.42594509242345724,0.3618938401537958,-2.2978941755922833,2.2978941755922833,8.956877599284905,0.0011736743861604471,0.0,1.3461331595410186e-05,0.1
random,23,86,0.7436079644389574,0.1458368602152797,0.8017226423224867,0.0859370444372565,0.42517128656026604,0.36023161057025826,-2.297828590873384,2.297828590873384,8.958571689931103,0.0011204049327035739,1.3877787807814457e-17,1.2273250936334357e-05,0.1
random,23,87,0.7435967522728059,0.14591741748386877,0.8021654973464922,0.08578710742994484,0.4244294771261723,0.3586525998139363,-2.2977464578256925,2.2977464578256925,8.960177094281077,0.001070631312661383,1.3877787807814457e-17,1.1212166151519654e-05,0.1
random,23,88,0.7435864907446337,0.14599450252106852,0.8025892641473962,0.08564326198543849,0.42371780554022137,0.357150912490312,-2.2976501333730743,2.2976501333730743,8.961700553502011,0.0010240204255067475,1.3877787807814457e-17,1.0261528172184065e-05,0.1
random,23,89,0.7435770833634471,0.14606832409099893,0.8029950903837649,0.0855051640836649,0.4230345697720746,0.3557212313260471,-2.297541671078372,2.297541671078372,8.96314808498456,0.000980282003786111,0.0,9.407381186599117e-06,0.1
random,23,90,0.7435684454772474,0.14613907320593764,0.8033840261252977,0.08537249769380846,0.4223782062675122,0.3543587431639613,-2.297422864913554,2.297422864913554,8.964525084791102,0.0009391617639202841,1.3877787807814457e-17,8.637886199647227e-06,0.1
random,23,91,0.7435605025327998,0.14620692515091557,0.803757034982826,0.0852449716564944,0.42174727452311955,0.35305907664900377,-2.2972952857058235,2.2972952857058235,8.965836412211386,0.000900435839031942,1.3877787807814457e-17,7.94294444761423e-06,0.1
random,23,92,0.7435531886354483,0.14627204121792753,0.8041150036419525,0.08512231700750983,0.4211404438454664,0.3518182494261727,-2.2971603116684123,2.2971603116684123,8.967086460089595,0.0008639062233463503,0.0,7.3138973515352035e-06,0.1
random,23,93,0.7435464453497977,0.14633457019951024,0.8044587500738369,0.08500428466809158,0.42055648192386674,0.3506326231345346,-2.297019154119235,2.297019154119235,8.968279213737954,0.0008293970206285973,0.0,6.743285650534503e-06,0.1
random,23,94,0.7435402206951324,0.14639464968162968,0.8047890306427072,0.08489064344147472,0.41999424491835446,0.34949886483513376,-2.2968728792583115,2.2968728792583115,8.96941830062038,0.0007967513360953157,1.3877787807814457e-17,6.224654665376583e-06,0.1
random,23,95,0.743534468299325,0.14645240716817565,0.805106546287649,0.08478117826684574,0.41945266882116244,0.3484139137829767,-2.2967224266968502,2.2967224266968502,8.970507032514773,0.0007658286866380103,1.3877787807814457e-17,5.752395807356869e-06,0.1
random,23,96,0.7435291466825583,0.146507961063362,0.8054119479232462,0.08467568869084958,0.4189307618945433,0.3473749526648773,-2.29656862529319,2.29656862529319,8.97154844150224,0.000736502831098659,0.0,5.321616766695847e-06,0.1
random,23,97,0.7435242186480033,0.14656142153358476,0.8057058411775546,0.08457398752394034,0.41842759802309953,0.3463793825906254,-2.296412206743522,2.296412206743522,8.97254531085553,0.0007086599429462538,1.3877787807814457e-17,4.928034554985139e-06,0.1
random,23,98,0.7435196507611223,0.1466128912665059,0.8059887905650843,0.0844758996545647,0.41794231084698724,0.3454248012556212,-2.2962538172910856,2.2962538172910856,8.97350020168586,0.0006821970636065971,1.3877787807814457e-17,4.567886881079453e-06,0.1
random,23,99,0.7435154129027971,0.14666246614209805,0.8062613231757966,0.0843812609987485,0.4174740885650226,0.34450898379694,-2.2960940278508897,2.2960940278508897,8.974415476041365,0.0006570207870521808,1.3877787807814457e-17,4.2378583251512225e-06,0.1
random,23,100,0.7435114778842716,0.14671023582793322,0.8065239319476404,0.08428991756635942,0.41702216931504127,0.34362986594781025,-2.295933342794039,2.295933342794039,8.975293317020299,0.0006330461359227012,0.0,3.9350185254694026e-06,0.1
random,23,101,0.7435078211140925,0.14675628430901033,0.806777078579223,0.08420172462833414,0.4165858370537763,0.34278552916231175,-2.295772207593211,2.295772207593211,8.976135746359242,0.0006101955970456618,1.3877787807814457e-17,3.656770179105706e-06,0.1
random,23,102,0.7435044203089979,0.14680069036078996,0.8070211961302681,0.08411654597162156,0.416164417870709,0.341974187436196,-2.2956110154966414,2.2956110154966414,8.976944639874791,0.0005883982902423115,0.0,3.4008050946443547e-06,0.1
random,23,103,0.7435012552421033,0.14684352797276878,0.8072566913501718,0.084034253230622,0.4157572766803822,0.3411941755937885,-2.2954501133702014,2.2954501133702014,8.97772174107173,0.000567589249087428,1.3877787807814457e-17,3.1650668945726323e-06,0.1
random,23,104,0.7434983075228728,0.14688486672882556,0.8074839467689132,0.0839547252855779,0.4153638142459535,0.3404439388469958,-2.2952898068245373,2.2952898068245373,8.978468673177906,0.0005477087961174659,1.3877787807814457e-17,2.9477192304838695e-06,0.1
random,23,105,0.7434955604042872,0.14692477214965444,0.8077033225795464,0.08387784771976362,0.41498346449365603,0.33972202346213404,-2.2951303647257317,2.2951303647257317,8.97918694982333,0.0005287019980559956,1.3877787807814457e-17,2.7471185856109415e-06,0.1
random,23,106,0.7434929986133574,0.14696330600183988,0.8079151583373059,0.08380351232848274,0.41461569208357596,0.3390270683948389,-2.2949720231726642,2.2949720231726642,8.979877984546091,0.0005105181891070118,1.3877787807814457e-17,2.5617909298336627e-06,0.1
random,23,107,0.7434906082017603,0.1470005265774892,0.8081197744968576,0.08373161667385627,0.41425999020697785,0.3383577977737265,-2.2948149890116607,2.2948149890116607,8.980543099279277,0.0004931105523803668,1.3877787807814457e-17,2.3904115971085105e-06,0.1
random,23,108,0.743488376413868,0.14703648894780233,0.8083174738062714,0.08366206368020208,0.4139158785844556,0.3377130141305047,-2.2946594429485203,2.2946594429485203,8.98118353194944,0.0004764357511535209,1.3877787807814457e-17,2.2317878922706313e-06,0.1
random,23,109,0.7434862915698593,0.14707124519350534,0.8085085425738044,0.08359476126550067,0.4135829016426188,0.3370915922885127,-2.2945055423092695,2.2945055423092695,8.981800443297836,0.0004604536030146811,0.0,2.084844008654052e-06,0.1
random,23,110,0.7434843429619539,0.14710484461469,0.8086932518214728,0.0835296220050272,0.4132606268499209,0.3364924738336904,-2.294353423493652,2.294353423493652,8.982394923019394,0.0004451267910355407,1.3877787807814457e-17,1.948607905477573e-06,0.1
random,23,111,0.7434825207620902,0.14713733392227632,0.8088718583375955,0.08346656282373201,0.41294864319471974,0.33591466210213666,-2.2942032041592197,2.2942032041592197,8.982967995300932,0.00043042060702982434,0.0,1.8221998636658299e-06,0.1
random,23,112,0.743480815939615,0.14716875741303465,0.8090446056389606,0.08340550471437655,0.4126465597907629,0.3353572176270376,-2.2940549851686685,2.2940549851686685,8.983520623828802,0.00041630272270659364,1.3877787807814457e-17,1.7048224751903263e-06,0.1
random,23,113,0.7434792201877513,0.14719915712986692,0.8092117248519543,0.0833463724787998,0.41235400459710936,0.3348192539950818,-2.2939088523286637,2.2939088523286637,8.984053716326583,0.0004027429851524326,0.0,1.5957518637588208e-06,0.1
random,23,114,0.743477725857782,0.14722857300883951,0.8093734355208574,0.08328909449000368,0.4120706232410539,0.33429993406875536,-2.293764877944642,2.293764877944642,8.984568128675408,0.0003897132335978341,0.0,1.4943299692093959e-06,0.1
random,23,115,0.7434763259000379,0.14725704301428547,0.8095299463505569,0.08323360247301939,0.41179607793396855,0.3337984665362814,-2.2936231222129004,2.2936231222129004,8.985064668662654,0.00037718713486006877,1.3877787807814457e-17,1.3999577441747846e-06,0.1
random,23,116,0.7434750138108851,0.14728460326313841,0.8096814558900576,0.08317983130274914,0.4115300464711302,0.3333141027555944,-2.293483634468533,2.293483634468533,8.9855440993989,0.00036514003522087056,0.0,1.3120891527718115e-06,0.1
random,23,117,0.7434737835850324,0.14731128813953032,0.8098281531624714,0.08312771881718488,0.4112722213076247,0.332846133862728,-2.293346454305429,2.293346454305429,8.986007142438067,0.00035354882680628747,1.3877787807814457e-17,1.2302258527441268e-06,0.1
random,23,118,0.7434726296725487,0.14733713040056767,0.8099702182465103,0.0830772056445804,0.411022308703286,0.3323938881184447,-2.2932116125825512,2.2932116125825512,8.986454480631364,0.00034239182679778756,1.3877787807814457e-17,1.1539124836756898e-06,0.1
random,23,119,0.74347154694007,0.14736216127410165,0.8101078228139679,0.08302823504331039,0.41078002793040225,0.33195672846993546,-2.2930791323289457,2.2930791323289457,8.986886760742037,0.0003316486680241013,0.0,1.0827324786744086e-06,0.1
random,23,120,0.7434705306357364,0.147386410549219,0.8102411306271832,0.08298075275328433,0.41054511053859055,0.3315340503070139,-2.2929490295584505,2.2929490295584505,8.9873045958447,0.0003213001996733562,0.0,1.016304333578688e-06,0.1
random,23,121,0.7434695763574506,0.14740990666010312,0.810370298000058,0.08293470685790182,0.41031729967182407,0.33112527939451053,-2.292821314003751,2.292821314003751,8.987708567530275,0.00031132839702464307,1.3877787807814457e-17,9.542782858362742e-07,0.1
random,23,122,0.7434686800241115,0.14743267676384825,0.8104954742258321,0.08289004765564245,0.41009634943312656,0.3307298699645576,-2.2926959897783137,2.2926959897783137,8.988099227935205,0.0003017162792368069,1.3877787807814457e-17,8.963333391065476e-07,0.1
random,23,123,0.7434678378495041,0.14745474681274823,0.8106168019744834,0.08284672754047272,0.40988202429288856,0.3303473029541933,-2.292573055973723,2.292573055973723,8.988477101611522,0.0002924478343500964,1.3877787807814457e-17,8.421746073850045e-07,0.1
random,23,124,0.7434670463185722,0.14747614162153014,0.8107344176623369,0.08280470089033626,0.4096740985371758,0.3299770843752553,-2.292452507199103,2.292452507199103,8.98884268725254,0.00028350795075852893,0.0,7.915309319095343e-07,0.1
random,23,125,0.7434663021658325,0.1474968849299558,0.8108484517962107,0.08276392396306471,0.4094723557527509,0.3296187438048684,-2.2923343340685403,2.2923343340685403,8.989196459287303,0.00027488235449853833,1.3877787807814457e-17,7.441527396512271e-07,0.1
random,23,126,0.7434656023557104,0.1475169994611728,0.8109590292941942,0.0827243547991101,0.40927658834584435,0.3292718329860371,-2.2922185236417696,2.2922185236417696,8.989538869355659,0.00026655755177582566,1.3877787807814457e-17,6.998101221844522e-07,0.1
random,23,127,0.7434649440646067,0.14753650697616025,0.8110662697849575,0.08268595313055778,0.4090865970919984,0.3289359245288894,-2.292105059822804,2.292105059822804,8.989870347674408,0.00025852077621834913,1.3877787807814457e-17,6.582911036279171e-07,0.1
random,23,128,0.7434643246645277,0.14755542832458174,0.811170287887311,0.08264868029592808,0.4089021907145504,0.3286106107040686,-2.2919939237206814,2.2919939237206814,8.990191304304098,0.0002507599404012859,0.0,6.194000790049614e-07,0.1
random,23,129,0.7434637417081232,0.14757378349232872,0.8112711934715692,0.08261249916032117,0.4087231854895519,0.32829550232058385,-2.291885093976054,2.291885093976054,8.990502130324925,0.00024326359123928907,0.0,5.829564044823599e-07,0.1
random,23,130,0.7434631929149993,0.14759159164601182,0.8113690919041371,0.08257737404049958,0.4085494048751158,0.3279902276811753,-2.291778547056939,2.291778547056939,8.99080319892947,0.00023602086888636513,1.3877787807814457e-17,5.487931239445132e-07,0.1
random,23,131,0.7434626761591839,0.14760887117463362,0.8114640842766024,0.08254327063453892,0.4083806791633656,0.32769443160890666,-2.2916742575266156,2.2916742575266156,8.99109486643915,0.00022902146882118954,0.0,5.167558153607033e-07,0.1
random,23,132,0.7434621894576373,0.14762563972865644,0.8115562676205065,0.08251015595570989,0.4082168451533183,0.32740777453927844,-2.291572198286335,2.291572198286335,8.991377473250687,0.00022225560683043665,0.0,4.867015466203384e-07,0.1
random,23,133,0.7434617309597112,0.14764191425665962,0.811645735108863,0.08247799827028436,0.40805774584318144,0.3271299316726875,-2.291472340795229,2.291472340795229,8.99165134471825,0.00021571398663183604,1.3877787807814457e-17,4.5849792607022266e-07,0.1
random,23,134,0.7434612989374689,0.14765771103976305,0.8117325762453985,0.08244676703898378,0.40790323014067054,0.3268605921825238,-2.2913746552695793,2.2913746552695793,8.991916791976402,0.00020938776990516903,1.3877787807814457e-17,4.320222423137565e-07,0.1
random,23,135,0.7434608917767868,0.14767304572398016,0.8118168770424095,0.08241643286181216,0.4077531525900722,0.32659945847461663,-2.2912791108633552,2.2912791108633552,8.992174112708547,0.0002032685485231414,1.3877787807814457e-17,4.0716068216983814e-07,0.1
random,23,136,0.7434605079691713,0.14768793335064842,0.8118987201880502,0.08238696742603772,0.40760737311488415,0.32634624549412594,-2.2911856758317883,2.2911856758317883,8.992423591865077,0.00019734831879402047,1.3877787807814457e-17,3.83807615467191e-07,0.1
random,23,137,0.7434601461042236,0.14770238838507374,0.8119781852038029,0.08235834345710634,0.407465756774961,0.32610068007631055,-2.291094317679527,2.291094317679527,8.99266550233514,0.00019161945754697258,1.3877787807814457e-17,3.6186494767331823e-07,0.1
random,23,138,0.7434598048626955,0.14771642474351343,0.8120553485928134,0.08233053467228689,0.4073281735371759,0.32586250033791403,-2.2910050032947913,2.2910050032947913,8.992900105575488,0.0001860746999063106,1.3877787807814457e-17,3.4124152814563047e-07,0.1
random,23,139,0.7434594830100895,0.14773005581861345,0.8121302839797296,0.08230351573686569,0.4071944980586934,0.3256314551061892,-2.290917699070809,2.290917699070809,8.993127652199684,0.00018070711861690035,1.3877787807814457e-17,3.218526060111415e-07,0.1
random,23,140,0.7434591793907498,0.14774329450340432,0.812203062242617,0.08227726222272054,0.40706460948201595,0.3254073033828304,-2.290832371015675,2.290832371015675,8.993348382530549,0.00017551010479423924,0.0,3.0361933966993604e-07,0.1
random,23,141,0.7434588929224065,0.14775615321395402,0.8122737516374897,0.08225175056911903,0.40693839124103426,0.3251898138403066,-2.290748984851681,2.290748984851681,8.993562527118575,0.00017047734998583812,1.3877787807814457e-17,2.86468343269064e-07,0.1
random,23,142,0.7434586225911352,0.14776864391076708,0.8123424179159507,0.08222695804559643,0.40681573087736683,0.3249787643483038,-2.290667506105065,2.290667506105065,8.993770307228758,0.00016560282943985452,1.3877787807814457e-17,2.703312713681072e-07,0.1
random,23,143,0.7434583674466927,0.1477807781190123,0.8124091244363907,0.08220286271678127,0.40669651986633526,0.3247739415281589,-2.290587900187026,2.290587900187026,8.993971935298104,0.00016088078648693031,0.0,2.551444424625515e-07,0.1
random,23,144,0.7434581265982038,0.14779256694765597,0.8124739322691713,0.08217944340904441,0.40658065345196137,0.3245751403333501,-2.2905101324667823,2.2905101324667823,8.994167615365875,0.00015630571794903887,0.0,2.408484889304674e-07,0.1
random,23,145,0.7434578992101653,0.14780402110757088,0.8125369002961778,0.0821566796788587,0.4064680304904278,0.32438216365424966,-2.2904341683373812,2.2904341683373812,8.994357543478506,0.00015187236049726594,0.0,2.2738803850952394e-07,0.1
random,23,146,0.7434576844987434,0.14781515092868652,0.8125980853050996,0.08213455178276306,0.4063585533014755,0.3241948219454976,-2.2903599732748936,2.2903599732748936,8.99454190807091,0.00014757567788678278,1.3877787807814457e-17,2.147114218642443e-07,0.1
random,23,147,0.7434574817283426,0.147825966376241,0.8126575420787746,0.08211304064883325,0.40625212752725676,0.32401293287447397,-2.29028751289158,2.29028751289158,8.994720890325825,0.0001434108490034162,1.3877787807814457e-17,2.0277040080340925e-07,0.1
random,23,148,0.74345729020842,0.14783647706619063,0.8127153234799005,0.0820921278495683,0.40614866199819094,0.3238363209894687,-2.290216752983549,2.290216752983549,8.994894664512644,0.00013937325666242713,1.3877787807814457e-17,1.9151992258770179e-07,0.1
random,23,149,0.7434571092905305,0.14784669227982924,0.8127714805314041,0.08207179557610846,0.4060480686054087,0.32366481740625236,-2.2901476595733965,2.2901476595733965,8.995063398307153,0.000135458477103869,1.3877787807814457e-17,1.8091788944740728e-07,0.1
random,23,150,0.74345693836558,0.1478566209776655,0.8128260624927296,0.08205202661370523,0.4059502621793909,0.3234982595118506,-2.2900801989482606,2.2900801989482606,8.995227253093388,0.0001316622701350111,1.3877787807814457e-17,1.709249505266186e-07,0.1
random,23,151,0.7434567768612753,0.14786627181260337,0.8128791169322971,0.08203280431837141,0.40585516037444475,0.32333649068441384,-2.290014337693691,2.290014337693691,8.995386384248835,0.00012798056987294617,0.0,1.61504304707627e-07,0.1
random,23,152,0.7434566242397513,0.1478756531424668,0.8129306897963557,0.08201411259464207,0.40576268355867723,0.32317936002815195,-2.289950042723698,2.289950042723698,8.995540941414019,0.00012440947604537163,1.3877787807814457e-17,1.5262152397443884e-07,0.1
random,23,153,0.7434564799953637,0.14788477304190822,0.8129808254744489,0.08199593587438345,0.40567275470915237,0.32302672212238764,-2.289887281307313,2.289887281307313,8.995691068747488,0.00012094524581021528,0.0,1.4424438765647807e-07,0.1
random,23,154,0.7434563436526347,0.14789363931373625,0.8130295668616883,0.0819782590965902,0.40558529931193915,0.32287843678383776,-2.2898260210919643,2.2898260210919643,8.995836905167163,0.00011758428605834501,1.3877787807814457e-17,1.3634272899576416e-07,0.1
random,23,155,0.7434562147643414,0.14790225949969718,0.8130769554180224,0.08196106768811581,0.405500245266775,0.3227343688413103,-2.2897662301239476,2.2897662301239476,8.99597858457883,0.00011432314616620036,1.3877787807814457e-17,1.2888829326040963e-07,0.1
random,23,156,0.7434560929097324,0.1479106408907408,0.8131230312246731,0.08194434754528429,0.4054175227960908,0.32259438792204814,-2.2897078768662413,2.2897078768662413,8.996116236092686,0.0001111585111676086,0.0,1.2185460906977141e-07,0.1
random,23,157,0.7434559776928654,0.1479187905368004,0.8131678330378996,0.08192808501633485,0.4053370643581559,0.32245836824901675,-2.289650930213895,2.289650930213895,8.99624998422856,0.00010808719531689075,1.3877787807814457e-17,1.1521686693605204e-07,0.1
random,23,158,0.7434558687410604,0.14792671525611448,0.8132113983402434,0.08191226688465442,0.40525880456412194,0.32232618844847394,-2.2895953595072194,2.2895953595072194,8.996379949110612,0.00010510613601694294,1.3877787807814457e-17,1.0895180502235036e-07,0.1
random,23,159,0.7434557657034525,0.1479344216441151,0.8132537633893915,0.0818968803527553,0.40518268009875213,0.32219773136720786,-2.2895411345429464,2.2895411345429464,8.996506246652055,0.00010221238808848857,1.3877787807814457e-17,1.0303760789032168e-07,0.1
random,23,160,0.7434556682496428,0.14794191608190768,0.8132949632647928,0.08188191302695869,0.4051086296446437,0.3220728838988727,-2.2894882255835642,2.2894882255835642,8.996628988730583,9.940311835788507e-05,1.3877787807814457e-17,9.745380968873008e-08,0.1
random,23,161,0.7434555760684395,0.14794920474436407,0.8133350319121492,0.08186735290274615,0.4050365938097548,0.3219515368188894,-2.289436603364968,2.289436603364968,8.996748283354966,9.667560054321653e-05,1.3877787807814457e-17,9.218120333720492e-08,0.1
random,23,162,0.7434554888666804,0.14795629360785,0.8133740021858963,0.08185318835074504,0.4049665150580675,0.32183358462741307,-2.289386239102589,2.289386239102589,8.996864234823432,9.402721041922227e-05,1.3877787807814457e-17,8.720175903587091e-08,0.1
random,23,163,0.7434554063681325,0.1479631884576066,0.8134119058897823,0.08183940810331432,0.4048983376432215,0.3217189253999028,-2.2893371044961355,2.2893371044961355,8.996976943874236,9.145542124358579e-05,0.0,8.249854799302625e-08,0.1
random,23,164,0.7434553283124646,0.14796989489480467,0.8134487738156487,0.08182600124170018,0.40483200754496707,0.32160746064486245,-2.2892891717330675,2.2892891717330675,8.997086507828913,8.895779942824213e-05,0.0,7.805566781815543e-08,0.1
random,23,165,0.7434552544542852,0.14797641834328848,0.813484635780503,0.0818129571837327,0.40476747240829447,0.32149909516834324,-2.289242413490925,2.289242413490925,8.997193020728618,8.653200043983025e-05,0.0,7.385817946126139e-08,0.1
random,23,166,0.743455184562243,0.14798276405602592,0.813519520661978,0.08180026567203606,0.40470468148510425,0.32139373694483486,-2.2891968029386156,2.2891968029386156,8.99729657346395,8.417576491595494e-05,1.3877787807814457e-17,6.98920421537963e-08,0.1
random,23,167,0.7434551184181837,0.14798893712127953,0.8135534564322561,0.08178791676272687,0.4046435855782926,0.3212912969941848,-2.2891523137367535,2.2891523137367535,8.997397253898628,8.188691498333501e-05,1.3877787807814457e-17,6.614405934080025e-08,0.1
random,23,168,0.743455055816363,0.1479949424685137,0.8135864701905441,0.08177590081457653,0.4045841369881325,0.32119168926421765,-2.2891089200371413,2.2891089200371413,8.997495146987363,7.966335076603749e-05,1.3877787807814457e-17,6.26018207272594e-08,0.1
random,23,169,0.7434549965627067,0.14800078487405044,0.8136185881941649,0.08176420847861444,0.40452628946083563,0.32109483051874177,-2.2890665964814856,2.2890665964814856,8.997590334888239,7.75030470721951e-05,0.0,5.925365620385037e-08,0.1
random,23,170,0.7434549404741196,0.14800646896648728,0.8136498358883415,0.08175283068815138,0.4044699981391935,0.32100064023065167,-2.2890253181993985,2.2890253181993985,8.997682897069925,7.540405024836586e-05,1.3877787807814457e-17,5.608858710814957e-08,0.1
random,23,171,0.7434548873778362,0.14801199923188862,0.8136802379347361,0.08174175864920237,0.4044152195151947,0.32090904047985475,-2.2889850608057842,2.2889850608057842,8.997772910413975,7.336447519204854e-05,1.3877787807814457e-17,5.309628348104667e-08,0.1
random,23,172,0.7434548371108133,0.14801738001876227,0.8137098182388084,0.08173098383128972,0.4043619113845233,0.32081995585576206,-2.2889458003976477,2.2889458003976477,8.997860449312494,7.138250251276575e-05,0.0,5.0267022877470424e-08,0.1
random,23,173,0.7434547895191596,0.1480226155428312,0.8137385999760474,0.0817204979586092,0.40431003280285366,0.3207333133641063,-2.2889075135503965,2.2889075135503965,8.99794558576143,6.945637583305373e-05,1.3877787807814457e-17,4.759165372902885e-08,0.1
random,23,174,0.743454744457601,0.14802770989161104,0.8137666056171361,0.08171029300154123,0.40425954404385234,0.3206490423378584,-2.288870177313691,2.288870177313691,8.998028389449678,6.758439922148615e-05,1.3877787807814457e-17,4.5061558595627105e-08,0.1
random,23,175,0.7434547017889777,0.14803266702880216,0.8137938569520959,0.08170036116849179,0.40421040655881096,0.3205670743520293,-2.288833769206884,2.288833769206884,8.998108927844294,6.576493475029476e-05,0.0,4.2668623301267417e-08,0.1
random,23,176,0.7434546613837739,0.14803749079850592,0.8138203751134657,0.08169069489804762,0.40416258293783475,0.3204873431421598,-2.2887982672140987,2.2887982672140987,8.998187266271941,6.399640016989218e-05,1.3877787807814457e-17,4.0405203738380635e-08,0.1
random,23,177,0.7434546231196755,0.14804218492927276,0.8138461805985553,0.08168128685143124,0.4041160368725133,0.3204097845263081,-2.288763649778991,2.288763649778991,8.998263467996805,6.227726669462129e-05,1.3877787807814457e-17,3.826409844531753e-08,0.1
random,23,178,0.7434545868811542,0.14804675303799048,0.813871293290821,0.08167212990524247,0.40407073312001013,0.320334336330359,-2.2887298957992224,2.2887298957992224,8.998337594295174,6.060605689280553e-05,1.3877787807814457e-17,3.623852129486238e-08,0.1
random,23,179,0.7434545525590763,0.14805119863361998,0.8138957324804026,0.08166321714447325,0.40402663746850304,0.3202609383164862,-2.288696984620695,2.288696984620695,8.998409704526807,5.898134267570049e-05,0.0,3.432207784648256e-08,0.1
random,23,180,0.7434545200503382,0.14805552512078599,0.8139195168838627,0.08165454185578383,0.40398371670391875,0.32018953211461515,-2.288664896031562,2.288664896031562,8.998479856203287,5.740174337994113e-05,1.3877787807814457e-17,3.250873814586441e-08,0.1
random,23,181,0.7434544892575192,0.14805973580322845,0.8139426646631605,0.08164609752102883,0.4039419385779029,0.3201200611567316,-2.2886336102560576,2.2886336102560576,8.998548105053512,5.586592393798551e-05,0.0,3.079281896134489e-08,0.1
random,23,182,0.7434544600885592,0.14806383388712224,0.8139651934439017,0.0816378778110218,0.4039012717769706,0.320052470613903,-2.2886031079481683,2.2886031079481683,8.998614505086437,5.4372593132589384e-05,0.0,2.91689600251388e-08,0.1
random,23,183,0.743454432456453,0.1480678224842701,0.8139871203328914,0.08162987657952837,0.40386168589278754,0.31998670733587575,-2.2885733701851687,2.2885733701851687,8.99867910865123,5.2920501929905464e-05,1.3877787807814457e-17,2.7632106158748115e-08,0.1
random,23,184,0.7434544062789639,0.14807170461517505,0.8140084619350239,0.08162208785747796,0.40382315139353264,0.3199227197931288,-2.288544378461042,2.288544378461042,8.99874196649496,5.150844188774119e-05,1.3877787807814457e-17,2.6177489176326674e-08,0.1
random,23,185,0.7434543814783537,0.14807548321199737,0.8140292343695387,0.08161450584738449,0.40378563959629477,0.31986045802126023,-2.2885161146798176,2.2885161146798176,8.998803127817936,5.013524363472694e-05,0.0,2.4800610121111788e-08,0.1
random,23,186,0.7434543579811295,0.14807916112140168,0.814049453285672,0.08160712491796755,0.40374912264046087,0.3197998735676018,-2.2884885611488297,2.2884885611488297,8.998862640326795,4.8799775416621515e-05,1.3877787807814457e-17,2.349722427741341e-08,0.1
random,23,187,0.7434543357178042,0.14808274110729824,0.814069133877727,0.08159993959896557,0.4037135734620545,0.3197409194399535,-2.288461700571924,2.288461700571924,8.998920550285485,4.750094170645909e-05,0.0,2.2263325294424874e-08,0.1
random,23,188,0.7434543146226723,0.14808622585348385,0.8140882908995911,0.08159294457613225,0.4036789657689806,0.3196835500573383,-2.288435516042625,2.288435516042625,8.99897690256419,4.6237681875213626e-05,1.3877787807814457e-17,2.1095131863546612e-08,0.1
random,23,189,0.7434542946335976,0.14808961796618594,0.814106938678723,0.08158613468640998,0.4036452740171463,0.3196277212026873,-2.288409991037281,2.288409991037281,8.999031740686346,4.500896891970598e-05,0.0,1.9989074728776757e-08,0.1
random,23,190,0.7434542756918139,0.14809291997651483,0.8141250911296325,0.08157950491327148,0.40361247338741374,0.31957338997736073,-2.2883851094081917,2.2883851094081917,8.99908510687381,4.381380824519062e-05,1.3877787807814457e-17,1.8941783697101755e-08,0.1
random,23,191,0.7434542577417371,0.14809613434282715,0.814142761766874,0.08157305038222391,0.40358053976335667,0.3195205147574259,-2.288360855376747,2.288360855376747,8.999137042090243,4.265123649957981e-05,1.3877787807814457e-17,1.795007675831073e-08,0.1
random,23,192,0.7434542407307891,0.14809926345300498,0.8141599637175755,0.0815667663564684,0.40354944970978607,0.3194690551516104,-2.2883372135265656,2.2883372135265656,8.999187586082856,4.1520320456748094e-05,0.0,1.7010947983564506e-08,0.1
random,23,193,0.7434542246092293,0.14810230962665366,0.8141767097335209,0.08156064823270846,0.4035191804520128,0.3194189719608545,-2.288314168796663,2.288314168796663,8.999236777422524,4.0420155946962764e-05,1.3877787807814457e-17,1.612155986485675e-08,0.1
random,23,194,0.7434542093299993,0.14810527511722218,0.8141930122028066,0.08155469153710201,0.40348970985581967,0.3193702271393934,-2.2882917064746473,2.2882917064746473,8.999284653542386,3.934986683130268e-05,0.0,1.5279229992337662e-08,0.1
random,23,195,0.7434541948485728,0.14810816211404856,0.8142088831610856,0.0815488919213508,0.4034610164081145,0.31932278375729917,-2.288269812189954,2.288269812189954,8.999331250774974,3.8308604018561e-05,0.0,1.4481426502399586e-08,0.1
random,23,196,0.7434541811228177,0.1481109727443344,0.8142243343024228,0.08154324515892164,0.4034330791982345,0.3192766059644199,-2.288248471907128,2.288248471907128,8.999376604387953,3.7295544522578104e-05,0.0,1.3725755088067615e-08,0.1
random,23,197,0.7434541681128635,0.14811370907505036,0.8142393769897697,0.08153774714139532,0.40340587789988286,0.3192316589556551,-2.288227671919154,2.288227671919154,8.999420748618533,3.630989055748134e-05,1.3877787807814457e-17,1.3009954225040588e-08,0.1
random,23,198,0.743454155780977,0.14811637311477627,0.8142540222650804,0.08153239387493662,0.4033793927536639,0.3191879089375069,-2.2882073988408513,2.2882073988408513,8.999463716706586,3.535086866984122e-05,1.3877787807814457e-17,1.2331886511951495e-08,0.1
random,23,199,0.743454144091445,0.14811896681547768,0.8142682808590782,0.08152718147688233,0.4033536045502027,0.3191453230958567,-2.288187639602327,2.288187639602327,8.999505540926565,3.441772890526773e-05,0.0,1.1689532009029335e-08,0.1
random,23,200,0.7434541330104643,0.14812149207422226,0.814282163200691,0.08152210617244174,0.4033284946138205,0.3191038695649096,-2.2881683814425013,2.2881683814425013,8.999546252618238,3.350974400831646e-05,0.0,1.1080980688582542e-08,0.1
random,23,201,0.7434541225060372,0.14812395073483764,0.8142956794261653,0.0815171642915057,0.4033040447867481,0.3190635173972623,-2.2881496119027025,2.2881496119027025,8.999585882216316,3.262620865394342e-05,1.3877787807814457e-17,1.0504427105928471e-08,0.1
random,23,202,0.7434541125478723,0.1481263445895133,0.8143088393878724,0.08151235226556015,0.4032802374138552,0.319024236535043,-2.2881313188203443,2.2881313188203443,8.999624459279005,3.1766438709045444e-05,1.3877787807814457e-17,9.958164848278273e-09,0.1
random,23,203,0.7434541031072928,0.14812867538034902,0.8143216526628205,0.08150766662470006,0.4032570553278772,0.31898599778208014,-2.2881134903226723,2.2881134903226723,8.999662012515532,3.092977052284656e-05,1.3877787807814457e-17,9.44057954033184e-09,0.1
random,23,204,0.7434540941571474,0.14813094480085137,0.8143341285608823,0.08150310399473999,0.4032344818351195,0.31894877277705824,-2.288096114820607,2.288096114820607,8.999698569812699,3.0115560244721978e-05,0.0,8.950145402586429e-09,0.1
random,23,205,0.7434540856717289,0.14813315449738051,0.8143462761327476,0.0814986610944181,0.40321250070162473,0.31891253396761876,-2.288079181002657,2.288079181002657,8.99973415826048,2.9323183168020834e-05,1.3877787807814457e-17,8.485418478976214e-09,0.1
random,23,206,0.7434540776266942,0.14813530607054942,0.8143581041776162,0.08149433473268952,0.4031910961397817,0.31887725458536725,-2.2880626778289335,2.2880626778289335,8.999768804176735,2.8552033099228928e-05,0.0,8.045034638470838e-09,0.1
random,23,207,0.7434540699989932,0.148137401076577,0.8143696212506362,0.08149012180610647,0.4031702527953634,0.31884290862175124,-2.288046594525242,2.288046594525242,8.999802533131035,2.7801521750797406e-05,0.0,7.627701026358125e-09,0.1
random,23,208,0.7434540627667958,0.14813944102859697,0.8143808356700994,0.08148601929628137,0.4031499557349759,0.31880947080477173,-2.2880309205772726,2.2880309205772726,8.999835369967686,2.7071078156952707e-05,1.3877787807814457e-17,7.232197396511708e-09,0.1
random,23,209,0.7434540559094284,0.14814142739792419,0.8143917555244031,0.08148202426743036,0.4031301904339052,0.31877691657649776,-2.288015645724879,2.288015645724879,8.99986733882793,2.6360148111319784e-05,0.0,6.8573674516514416e-09,0.1
random,23,210,0.7434540494073106,0.14814336161527997,0.8144023886787854,0.08147813386399434,0.40311094276434706,0.31874522207134875,-2.288000759956449,2.288000759956449,8.999898463171398,2.5668193625362213e-05,1.3877787807814457e-17,6.502117733120372e-09,0.1
random,23,211,0.743454043241897,0.14814524507197793,0.8144127427818453,0.08147434530833433,0.4030921989840051,0.3187143640951169,-2.287986253503372,2.287986253503372,8.999928765796822,2.4994692407026485e-05,1.3877787807814457e-17,6.16541362408185e-09,0.1
random,23,212,0.7434540373956201,0.14814707912107183,0.8144228252718518,0.08147065589849901,0.40307394572504557,0.3186843201046984,-2.287972116834599,2.287972116834599,8.99995826886205,2.4339137358252653e-05,1.3877787807814457e-17,5.84627690702888e-09,0.1
random,23,213,0.7434540318518404,0.14814886507846686,0.8144326433828541,0.08146706300606171,0.40305616998339605,0.3186550681885083,-2.2879583406512927,2.2879583406512927,8.999986993903372,2.3701036090971207e-05,1.3877787807814457e-17,5.543779657557479e-09,0.1
random,23,214,0.7434540265947944,0.14815060422399534,0.8144422041505943,0.08146356407402428,0.40303885910837484,0.3186265870475502,-2.2879449158815808,2.2879449158815808,9.000014961854202,2.3079910460639786e-05,0.0,5.2570460207235215e-09,0.1
random,23,215,0.7434540216095487,0.14815229780245867,0.8144515144182358,0.08146015661478566,0.40302200079264067,0.3185988559771169,-2.2879318336753984,2.2879318336753984,9.000042193063138,2.2475296116464185e-05,0.0,4.985245771749192e-09,0.1
random,23,216,0.7434540168819559,0.14815394702463652,0.8144605808419112,0.0814568382081729,0.40300558306245093,0.31857185484909706,-2.2879190853994267,2.2879190853994267,9.000068707311415,2.1886742067854905e-05,1.3877787807814457e-17,4.727592761710753e-09,0.1
random,23,217,0.7434540123986115,0.14815555306826395,0.8144694098960938,0.08145360649953248,0.4029895942682187,0.3185455640948659,-2.2879066626321216,2.2879066626321216,9.000094523829787,2.1313810266154886e-05,0.0,4.483344362427033e-09,0.1
random,23,218,0.743454008146816,0.14815711707897847,0.8144780078788042,0.08145045919787969,0.4029740230753568,0.3185199646887356,-2.287894557158845,2.287894557158845,9.000119661314837,2.0756075201386103e-05,1.3877787807814457e-17,4.251795582277396e-09,0.1
random,23,219,0.7434540041145357,0.14815864017123756,0.8144863809166539,0.08144739407410435,0.4029588584554009,0.31849503813194935,-2.287882760967082,2.287882760967082,9.000144137944778,2.0213123512895056e-05,1.3877787807814457e-17,4.032280287447065e-09,0.1
random,23,220,0.7434540002903681,0.14816012342920754,0.814494534969732,0.08144440895923079,0.40294408967740025,0.31847076643719047,-2.287871266241753,2.287871266241753,9.000167971394704,1.9684553613877716e-05,0.0,3.824167538191148e-09,0.1
random,23,221,0.7434539966635085,0.14816156790762522,0.814502475836342,0.08144150174273025,0.402929706299569,0.31844713211359704,-2.2878600653606207,2.2878600653606207,9.000191178851388,1.916997532872175e-05,0.0,3.6268595904331846e-09,0.1
random,23,222,0.7434539932237181,0.14816297463263317,0.8145102091575939,0.08143867037088415,0.40291569816118794,0.31842411815225624,-2.287849150889784,2.287849150889784,9.00021377702756,1.866900954318688e-05,1.3877787807814457e-17,3.439790452475222e-09,0.1
random,23,223,0.7434539899612935,0.1481643446025892,0.8145177404218533,0.08143591284519618,0.40290205537474866,0.31840170801216394,-2.2878385155792644,2.2878385155792644,9.000235782175753,1.8181287866157216e-05,0.0,3.262424552730181e-09,0.1
random,23,224,0.7434539868670392,0.14816567878885117,0.814525074969057,0.08143322722085193,0.4028887683183327,0.3183798856066326,-2.287828152358685,2.287828152358685,9.0002572101017,1.7706452303517668e-05,1.3877787807814457e-17,3.0942542972312026e-09,0.1
random,23,225,0.74345398393224,0.14816697813653829,0.8145322179948975,0.08143061160522419,0.40287582762821617,0.31835863529012937,-2.287818054333033,2.287818054333033,9.000278076177297,1.7244154942657123e-05,1.3877787807814457e-17,2.9347991814532293e-09,0.1
random,23,226,0.743453981148636,0.14816824356526886,0.8145391745548787,0.08142806415642273,0.4028632241916952,0.31833794184553205,-2.287808214778514,2.287808214778514,9.000298395353159,1.67940576478177e-05,0.0,2.7836040139561646e-09,0.1
random,23,227,0.7434539785083982,0.1481694759698763,0.8145459495682521,0.08142558308188694,0.4028509491401229,0.31831779047178477,-2.28779862713849,2.28779862713849,9.000318182170787,1.635583176586259e-05,0.0,2.6402378061618492e-09,0.1
random,23,228,0.7434539760041065,0.1481706762211033,0.8145525478218331,0.08142316663701968,0.40283899384215055,0.3182981667719407,-2.2877892850195045,2.2877892850195045,9.000337450774337,1.5929157841571146e-05,1.3877787807814457e-17,2.504291773952616e-09,0.1
random,23,229,0.743453973628727,0.1481718451662752,0.8145589739737028,0.08142081312386154,0.4028273498971681,0.3182790567415792,-2.287780182187391,2.287780182187391,9.000356214922032,1.5513725342572418e-05,1.3877787807814457e-17,2.375379448693593e-09,0.1
random,23,230,0.7434539713755929,0.14817298362995351,0.8145652325568005,0.08141852088980396,0.40281600912893784,0.3182604467575812,-2.2877713125634678,2.2877713125634678,9.000374487997215,1.5109232393491233e-05,0.0,2.2531341237197466e-09,0.1
random,23,231,0.743453969238384,0.1481740924145697,0.8145713279824077,0.08141628832633957,0.4028049635794114,0.3182423235672536,-2.287762670220809,2.287762670220809,9.00039228301906,1.4715385518830222e-05,0.0,2.1372088543358814e-09,0.1
random,23,232,0.7434539672111095,0.14817517230104044,0.8145772645435313,0.08141411386784919,0.4027942055027289,0.31822467427778783,-2.2877542493806002,2.2877542493806002,9.000409612652952,1.4331899393985036e-05,0.0,2.0272745704374984e-09,0.1
random,23,233,0.7434539652880899,0.1481762240493645,0.8145830464181835,0.08141199599042416,0.40278372735939183,0.31820748634604396,-2.287746044408576,2.287746044408576,9.000426489220535,1.3958496604857154e-05,0.0,1.923019521399283e-09,0.1
random,23,234,0.7434539634639413,0.1481772483992021,0.8145886776725676,0.08140993321072246,0.4027735218106043,0.31819074756864474,-2.287738049811529,2.287738049811529,9.000442924709475,1.359490741496193e-05,1.3877787807814457e-17,1.8241486099412896e-09,0.1
random,23,235,0.7434539617335594,0.1481782460704373,0.81459416226417,0.08140792408485795,0.4027635817127772,0.31817444607237516,-2.2877302602339005,2.2877302602339005,9.000458930782907,1.3240869540224423e-05,0.0,1.7303819488390104e-09,0.1
random,23,236,0.7434539600921048,0.1481792177637237,0.8145995040447593,0.08140596720732188,0.40275390011219275,0.3181585703048702,-2.2877226704544475,2.2877226704544475,9.000474518788593,1.289612793088597e-05,1.3877787807814457e-17,1.6414545278564674e-09,0.1
random,23,237,0.7434539585349894,0.1481801641610146,0.8146047067633012,0.08140406120993494,0.4027444702398194,0.3181431090255867,-2.2877152753829813,2.2877152753829813,9.000489699767822,1.2560434560553329e-05,1.3877787807814457e-17,1.5571154365900952e-09,0.1
random,23,238,0.7434539570578638,0.14818108592607726,0.814609774068786,0.08140220476082971,0.40273528550627785,0.31812805129704697,-2.2877080700571804,2.2877080700571804,9.000504484464013,1.2233548221935275e-05,1.3877787807814457e-17,1.477125644022692e-09,0.1
random,23,239,0.7434539556566029,0.14818198370499264,0.8146147095129748,0.08140039656346196,0.4027263394969493,0.3181133864763449,-2.287701049639476,2.287701049639476,9.000518883331075,1.1915234328931315e-05,1.3877787807814457e-17,1.4012608851032837e-09,0.1
random,23,240,0.743453954327297,0.14818285812664042,0.8146195165530669,0.08139863535565027,0.40271762596722416,0.3180991042069077,-2.287694209414007,2.287694209414007,9.000532906541522,1.1605264725280774e-05,0.0,1.3293058875873953e-09,0.1
random,23,241,0.7434539530662376,0.14818370980316992,0.8146241985542881,0.08139691990864285,0.40270913883788495,0.3180851944105027,-2.2876875447836467,2.2876875447836467,9.00054656399433,1.130341749882394e-05,0.0,1.2610593680406623e-09,0.1
random,23,242,0.7434539518699093,0.14818453933045786,0.8146287587924075,0.08139524902621108,0.40270087219062173,0.31807164727948234,-2.2876810512670893,2.2876810512670893,9.00055986532257,1.1009476802107063e-05,0.0,1.1963283697014049e-09,0.1
random,23,243,0.743453950734978,0.14818534728855248,0.8146332004561786,0.08139362154376838,0.40269282026367276,0.31805845326925897,-2.2876747244960183,2.2876747244960183,9.000572819900803,1.0723232678046154e-05,0.0,1.1349312600827943e-09,0.1
random,23,244,0.7434539496582829,0.14818613424210536,0.8146375266497135,0.08139203632751434,0.40268497744759013,0.31804560309100316,-2.2876685602123237,2.2876685602123237,9.000585436852278,1.0444480891472561e-05,1.3877787807814457e-17,1.076695066437594e-09,0.1
random,23,245,0.7434539486368259,0.1481869007407905,0.8146417403947863,0.08139049227360261,0.4026773382811228,0.318033087704555,-2.287662554265395,2.287662554265395,9.000597725055883,1.0173022765646577e-05,1.3877787807814457e-17,1.021457030070394e-09,0.1
random,23,246,0.7434539476677645,0.14818764731971173,0.8146458446330739,0.08138898830733254,0.40266989744721726,0.3180208983115473,-2.2876567026094716,2.2876567026094716,9.000609693152931,9.90866502377476e-06,0.0,9.690613866908393e-10,0.1
random,23,247,0.7434539467484029,0.14818837449979858,0.8146498422283307,0.08138752338236327,0.40266264976912947,0.3180090263487259,-2.2876510013010565,2.2876510013010565,9.000621349553716,9.651219635781021e-06,1.3877787807814457e-17,9.193615868596794e-10,0.1
random,23,248,0.7434539458761847,0.14818908278819043,0.8146537359685018,0.08138609647995,0.40265559020664604,0.3179974634814698,-2.2876454464963913,2.2876454464963913,9.000632702443887,9.400503669149434e-06,1.3877787807814457e-17,8.722181865650214e-10,0.1
random,23,249,0.7434539450486861,0.14818977267861055,0.8146575285677783,0.08138470660820157,0.40264871385241136,0.3179862015974958,-2.2876400344489864,2.2876400344489864,9.000643759790647,9.156339145058923e-06,0.0,8.27498625177725e-10,0.1
random,23,250,0.7434539442636071,0.14819044465172865,0.8146612226685908,0.08138335280135868,0.4026420159283564,0.31797523280074913,-2.2876347615072175,2.2876347615072175,9.000654529348745,8.91855289812373e-06,1.3877787807814457e-17,7.850790018082421e-10,0.1
random,23,251,0.7434539435187676,0.14819109917551418,0.8146648208435516,0.0813820341190922,0.4026354917822274,0.3179645494054703,-2.2876296241119665,2.2876296241119665,9.000665018666327,8.68697644102126e-06,1.3877787807814457e-17,7.448395233922156e-10,0.1
random,23,252,0.7434539428120998,0.14819173670557884,0.8146683255973377,0.08138074964582148,0.4026291368842129,0.31795414393043203,-2.2876246187943323,2.2876246187943323,9.000675235090592,8.461445832942415e-06,1.3877787807814457e-17,7.066678353595535e-10,0.1
random,23,253,0.7434539421416422,0.14819235768550998,0.8146717393685236,0.08137949849005056,0.40262294682365996,0.3179440090933445,-2.2876197421733826,2.2876197421733826,9.000685185773298,8.241801551919588e-06,1.3877787807814457e-17,6.704575783444966e-10,0.1
random,23,254,0.7434539415055348,0.14819296254719458,0.8146750645313616,0.08137827978372394,0.40261691730588656,0.31793413780541957,-2.287614990953971,2.287614990953971,9.000694877676104,8.027888371122277e-06,1.3877787807814457e-17,6.361073889848967e-10,0.1
random,23,255,0.7434539409020134,0.14819355171113385,0.8146783033975129,0.08137709268159932,0.40261104414907845,0.3179245231660923,-2.287610361924595,2.287610361924595,9.000704317575753,7.81955523886476e-06,1.3877787807814457e-17,6.035213440114262e-10,0.1
random,23,256,0.7434539403294048,0.14819412558674952,0.8146814582177296,0.08137593636063806,0.40260532328127346,0.3179151584578923,-2.2876058519553157,2.2876058519553157,9.000713512069131,7.6166551620317045e-06,1.3877787807814457e-17,5.726086271806707e-10,0.1
random,23,257,0.7434539397861222,0.14819468457268137,0.8146845311834918,0.08137481001941228,0.4025997507374281,0.3179060371414627,-2.2876014579957182,2.2876014579957182,9.000722467578147,7.419045093189414e-06,1.3877787807814457e-17,5.432826410967095e-10,0.1
random,23,258,0.7434539392706597,0.14819522905707622,0.8146875244285953,0.08137371287752845,0.40259432265656564,0.3178971528507188,-2.2875971770729278,2.2875971770729278,9.000731190354495,7.226585820860093e-06,1.3877787807814457e-17,5.154624505010474e-10,0.1
random,23,259,0.74345393878159,0.14819575941786944,0.8146904400306996,0.08137264417506669,0.4025890352790023,0.3178884993881481,-2.287593006289669,2.287593006289669,9.000739686484282,7.039141863081237e-06,1.3877787807814457e-17,4.890696736481459e-10,0.1
random,23,260,0.7434539383175588,0.14819627602305827,0.8146932800128304,0.08137160317203532,0.40258388494364855,0.31788007072023877,-2.287588942822377,2.287588942822377,9.000747961892515,6.856581364167873e-06,0.0,4.640312578629846e-10,0.1
random,23,261,0.7434539378772813,0.1481967792309676,0.8146960463448408,0.08137058914784075,0.4025788680853864,0.31787186097304077,-2.287584983919347,2.287584983919347,9.000756022347465,6.6787759944246204e-06,1.3877787807814457e-17,4.4027748113961707e-10,0.1
random,23,262,0.7434539374595392,0.14819726939050867,0.8146987409448332,0.08136960140077157,0.402573981232517,0.31786386442785214,-2.2875811268989357,2.2875811268989357,9.000763873464903,6.505600852828519e-06,1.3877787807814457e-17,4.177420631634732e-10,0.1
random,23,263,0.7434539370631772,0.1481977468414303,0.8147013656805406,0.08136863924749664,0.4025692210042772,0.31785607551702344,-2.287577369147803,2.287577369147803,9.000771520712236,6.336934372562864e-06,0.0,3.963620542890567e-10,0.1
random,23,264,0.7434539366870982,0.1481982119145634,0.8147039223706708,0.08136770202257726,0.4025645841084266,0.3178484888198851,-2.2875737081191962,2.2875737081191962,9.000778969412494,6.1726582292198756e-06,0.0,3.7607894576296985e-10,0.1
random,23,265,0.7434539363302628,0.1481986649320587,0.8147064127862133,0.0813667890779923,0.4025600673388974,0.317841099058785,-2.287570141331276,2.287570141331276,9.00078622474823,6.012657251814728e-06,1.3877787807814457e-17,3.56835450077142e-10,0.1
random,23,266,0.7434539359916843,0.14819910620761806,0.8147088386517107,0.08136589978267636,0.40255566757350997,0.3178339010952385,-2.2875666663654863,2.2875666663654863,9.000793291765309,5.856819336240896e-06,0.0,3.385784985709961e-10,0.1
random,23,267,0.7434539356704273,0.14819953604671932,0.8147112016464949,0.0813650335220705,0.40255138177175004,0.3178268899261864,-2.2875632808649584,2.2875632808649584,9.000800175376583,5.705035361260302e-06,0.0,3.212570209853993e-10,0.1
random,23,268,0.7434539353656038,0.14819995474683487,0.8147135034058889,0.0813641896976851,0.4025472069726058,0.31782006068035606,-2.2875599825329602,2.2875599825329602,9.000806880365454,5.557199106984811e-06,1.3877787807814457e-17,3.0482349977489775e-10,0.1
random,23,269,0.7434539350763716,0.14820036259764469,0.8147157455223774,0.08136336772667468,0.4025431402924646,0.3178134086147246,-2.2875567691313794,2.2875567691313794,9.00081341138937,5.413207175526048e-06,1.3877787807814457e-17,2.8923219375087683e-10,0.1
random,23,270,0.7434539348019321,0.14820075988124307,0.8147179295467438,0.0813625670414241,0.402539178923065,0.3178069291110808,-2.287553638479245,2.287553638479245,9.00081977298319,5.272958914246021e-06,1.3877787807814457e-17,2.744394711484688e-10,0.1
random,23,271,0.7434539345415278,0.14820114687233998,0.8147200569891773,0.081361787089146,0.40253532012950627,0.3178006176726817,-2.2875505884512846,2.2875505884512846,9.000825969562475,5.136356340696171e-06,1.3877787807814457e-17,2.6040436473806494e-10,0.1
random,23,272,0.7434539342944392,0.148201523838457,0.8147221293203489,0.08136102733148923,0.4025315612483099,0.3177944699210004,-2.2875476169765188,2.2875476169765188,9.000832005426675,5.003304070234746e-06,1.3877787807814457e-17,2.4708857182531574e-10,0.1
random,23,273,0.7434539340599848,0.14820189104011766,0.8147241479724594,0.08136028724415756,0.40252789968553415,0.31778848159256734,-2.287544722036891,2.287544722036891,9.000837884762246,4.873709245350349e-06,0.0,2.344543448273839e-10,0.1
random,23,274,0.7434539338375177,0.14820224873103294,0.8147261143402577,0.08135956631653905,0.4025243329149396,0.31778264853589494,-2.2875419016659246,2.2875419016659246,9.000843611645656,4.747481467101507e-06,1.3877787807814457e-17,2.2246715580820364e-10,0.1
random,23,275,0.7434539336264236,0.14820259715828135,0.8147280297820317,0.08135886405134499,0.40252085847620345,0.3177769667084895,-2.287539153947424,2.287539153947424,9.000849190046338,4.624532728487897e-06,0.0,2.1109403114394354e-10,0.1
random,23,276,0.7434539334261208,0.1482029365624847,0.8147298956205743,0.08135817996425893,0.4025174739731826,0.31777143217394394,-2.2875364770141973,2.2875364770141973,9.000854623829532,4.504777349765033e-06,1.3877787807814457e-17,2.0030288538919194e-10,0.1
random,23,277,0.7434539332360567,0.14820326717797846,0.8147317131441199,0.0813575135835948,0.4025141770722226,0.317766041099111,-2.2875338690468165,2.2875338690468165,9.000859916759069,4.388131915491273e-06,1.3877787807814457e-17,1.9006407558919136e-10,0.1
random,23,278,0.7434539330557071,0.148203589232978,0.8147334836072581,0.0813568644499645,0.4025109655005127,0.3177607897513537,-2.2875313282724097,2.2875313282724097,9.00086507250007,4.2745152133760914e-06,0.0,1.8034962412372124e-10,0.1
random,23,279,0.743453932884575,0.14820390294974015,0.8147352082318222,0.08135623211595419,0.40250783704448473,0.3177556744958713,-2.2875288529634767,2.2875288529634767,9.000870094621574,4.163848174888298e-06,0.0,1.7113210848407334e-10,0.1
random,23,280,0.7434539327221887,0.1482042085447204,0.8147368882077536,0.08135561614580938,0.4025047895482546,0.31775069179309806,-2.287526441436743,2.287526441436743,9.000874986599094,4.056053817408682e-06,1.3877787807814457e-17,1.623862155852862e-10,0.1
random,23,281,0.7434539325681006,0.14820450622872602,0.8147385246939424,0.0813550161151283,0.4025018209121056,0.3177458381961738,-2.2875240920520317,2.2875240920520317,9.0008797518171,3.951057188239253e-06,1.3877787807814457e-17,1.5408818665463286e-10,0.1
random,23,282,0.7434539324218861,0.14820479620706473,0.8147401188190461,0.08135443161056374,0.4024989290910133,0.31774111034848146,-2.2875218032111744,2.2875218032111744,9.000884393571443,3.84878530986529e-06,1.3877787807814457e-17,1.4621448496399125e-10,0.1
random,23,283,0.7434539322831425,0.1482050786796898,0.8147416716822867,0.08135386222953254,0.40249611209320796,0.317736504981255,-2.287519573356942,2.287519573356942,9.000888915071695,3.749167127021484e-06,0.0,1.3874357218668365e-10,0.1
random,23,284,0.7434539321514877,0.14820535384134093,0.8147431843542249,0.081353307579933,0.40249336797877666,0.3177320189112488,-2.2875174009720034,2.2875174009720034,9.000893319443449,3.6521334550615116e-06,1.3877787807814457e-17,1.3165479817445203e-10,0.1
random,23,285,0.743453932026559,0.14820562188168143,0.8147446578775147,0.08135276727986991,0.4024906948583027,0.3177276490384727,-2.2875152845779136,2.2875152845779136,9.000897609730536,3.557616929784673e-06,1.3877787807814457e-17,1.2492873402436544e-10,0.1
random,23,286,0.7434539319080123,0.1482058829854319,0.814746093267638,0.08135224095738659,0.40248809089154025,0.3177233923439883,-2.2875132227341233,2.2875132227341233,9.000901788897199,3.4655519587302672e-06,1.3877787807814457e-17,1.1854661696730773e-10,0.1
random,23,287,0.7434539317955215,0.14820613733250013,0.8147474915136184,0.08135172825020458,0.402485554286126,0.31771924588776335,-2.287511214037014,2.287511214037014,9.000905859830185,3.3758746736973432e-06,0.0,1.1249079445718735e-10,0.1
random,23,288,0.7434539316887769,0.14820638509810743,0.8147488535787168,0.08135122880546965,0.4024830832963229,0.3177152068065857,-2.287509257118961,2.287509257118961,9.000909825340813,3.2885228847524155e-06,0.0,1.0674461314863493e-10,0.1
random,23,289,0.7434539315874844,0.14820662645291197,0.8147501804011082,0.08135074227950508,0.4024806762217992,0.3177112723120341,-2.2875073506474104,2.2875073506474104,9.000913688166952,3.203436035348285e-06,0.0,1.0129252991930571e-10,0.1
random,23,290,0.7434539314913653,0.14820686156312846,0.8147514728945405,0.0813502683375712,0.4024783314064393,0.31770743968850135,-2.287505493323995,2.287505493323995,9.00091745097497,3.120555158704374e-06,1.3877787807814457e-17,9.61191126691574e-11,0.1
random,23,291,0.7434539314001554,0.1482070905906449,0.8147527319489756,0.08134980665363135,0.4024760472371853,0.317703706291274,-2.2875036838836547,2.2875036838836547,9.00092111636162,3.03982283537478e-06,0.0,9.120992849886989e-11,0.1
random,23,292,0.7434539313136035,0.14820731369313594,0.814753958431213,0.0813493569101242,0.40247382214291055,0.31770006954466073,-2.2875019210937926,2.2875019210937926,9.000924686855877,2.9611831521957205e-06,1.3877787807814457e-17,8.655187677675258e-11,0.1
random,23,293,0.7434539312314715,0.14820753102417342,0.8147551531854978,0.08134891879774195,0.4024716545933231,0.31769652694017336,-2.2875002037534453,2.2875002037534453,9.000928164920722,2.8845816620114905e-06,0.0,8.213196789341737e-11,0.1
random,23,294,0.7434539311535336,0.14820774273333404,0.814756317034112,0.08134849201521442,0.40246954309789645,0.31769307603475555,-2.2874985306924756,2.2874985306924756,9.000931552954889,2.8099653447285397e-06,1.3877787807814457e-17,7.793787837329091e-11,0.1
random,23,295,0.7434539310795755,0.14820794896630385,0.8147574507779491,0.081348076269099,0.4024674862048309,0.3176897144490598,-2.287496900770787,2.287496900770787,9.000934853294547,2.7372825693696594e-06,1.3877787807814457e-17,7.395817291921958e-11,0.1
random,23,296,0.7434539310093936,0.14820814986498035,0.8147585551970755,0.08134767127357588,0.40246548250004044,0.317686439865769,-2.287495312877557,2.287495312877557,9.000938068214959,2.666483057227001e-06,1.3877787807814457e-17,7.018186032325957e-11,0.1
random,23,297,0.7434539309427952,0.1482083455675716,0.8147596310512755,0.0813472767502491,0.4024635306061683,0.3176832500279663,-2.2874937659304875,2.2874937659304875,9.000941199932074,2.597517845931994e-06,0.0,6.659839346667695e-11,0.1
random,23,298,0.7434539308795969,0.1482085362086927,0.8147606790805811,0.08134689242795234,0.40246162918162626,0.3176801427375451,-2.28749225887508,2.28749225887508,9.000944250604098,2.530339254448698e-06,1.3877787807814457e-17,6.319833545376241e-11,0.1
random,23,299,0.7434539308196253,0.14820872191946013,0.8147617000057913,0.08134651804256042,0.4024597769196617,0.3176771158536636,-2.2874907906839206,2.2874907906839206,9.000947222333,2.4649008493037476e-06,0.0,5.997158325499186e-11,0.1
random,23,300,0.7434539307627152,0.1482089028275828,0.8147626945289723,0.08134615333680525,0.4024579725474477,0.3176741672912396,-2.2874893603559925,2.2874893603559925,9.000950117166003,2.401157411361649e-06,0.0,5.691014326458799e-11,0.1
random,23,301,0.7434539307087102,0.14820907905745156,0.8147636633339496,0.08134579806009702,0.4024562148251975,0.3176712950194875,-2.287487966915999,2.287487966915999,9.000952937097013,2.3390649037290256e-06,1.3877787807814457e-17,5.400491165374888e-11,0.1
random,23,302,0.7434539306574622,0.1482092507302257,0.8147646070867832,0.08134545196834983,0.4024545025453026,0.317668497060491,-2.2874866094137056,2.2874866094137056,9.000955684068021,2.27858044052538e-06,0.0,5.124800583899969e-11,0.1
random,23,303,0.7434539306088304,0.1482094179639175,0.8147655264362337,0.08134511482381215,0.4024528345314934,0.3176657714878171,-2.287485286923299,2.287485286923299,9.000958359970467,2.219662256398914e-06,1.3877787807814457e-17,4.863187630377297e-11,0.1
random,23,304,0.7434539305626805,0.14820958087347436,0.8147664220142116,0.08134478639490147,0.4024512096380215,0.31766311642516504,-2.287483998542765,2.287483998542765,9.000960966646563,2.162269676934594e-06,0.0,4.614986170992097e-11,0.1
random,23,305,0.7434539305188865,0.14820973957085895,0.8147672944362201,0.0813444664560437,0.402449626748865,0.3176605300450521,-2.287482743393274,2.287482743393274,9.00096350589059,2.1063630898563864e-06,1.3877787807814457e-17,4.379396845166639e-11,0.1
random,23,306,0.7434539304773276,0.148209894165127,0.8147681443017815,0.08134415478751629,0.4024480847769524,0.3176580105675341,-2.287481520618594,2.287481520618594,9.00096597945015,2.051903916919119e-06,1.3877787807814457e-17,4.1558978480793485e-11,0.1
random,23,307,0.74345393043789,0.14821004476250338,0.8147689721948554,0.08134385117529602,0.4024465826634092,0.31765555625896,-2.2874803293845076,2.2874803293845076,9.000968389027387,1.9988545867392872e-06,0.0,3.9437564325339736e-11,0.1
random,23,308,0.743453930400465,0.1482101914664557,0.8147697786842445,0.08134355541091029,0.4024451193768228,0.31765316543075867,-2.2874791688782508,2.2874791688782508,9.00097073628018,1.947178508216166e-06,0.0,3.742495202629925e-11,0.1
random,23,309,0.74345393036495,0.14821033437776646,0.8147705643239895,0.08134326729129267,0.4024436939125273,0.3176508364382602,-2.2874780383079614,2.2874780383079614,9.00097302282331,1.896840044637753e-06,0.0,3.5515035357036595e-11,0.1
random,23,310,0.7434539303312475,0.14821047359460296,0.814771329653755,0.08134298661864203,0.4024423052919068,0.3176485676795456,-2.287476936902144,2.287476936902144,9.000975250229573,1.8478044885876034e-06,0.0,3.3702485247033565e-11,0.1
random,23,311,0.743453930299265,0.14821060921258555,0.8147720751992035,0.08134271320028563,0.4024409525617178,0.31764635759432897,-2.287475863909152,2.287475863909152,9.000977420030889,1.800038037544673e-06,1.3877787807814457e-17,3.198252773728427e-11,0.1
random,23,312,0.7434539302689145,0.14821074132485396,0.8147728014723606,0.08134244684854545,0.40243963479342837,0.31764420466286863,-2.287474818596672,2.287474818596672,9.000979533719368,1.7535077699636789e-06,0.0,3.035049989108529e-11,0.1
random,23,313,0.7434539302401127,0.14821087002213199,0.8147735089719712,0.0813421873806082,0.40243835108257436,0.317642107404907,-2.2874738002512336,2.2874738002512336,9.000981592748353,1.7081816221527038e-06,1.3877787807814457e-17,2.88017387717332e-11,0.1
random,23,314,0.7434539302127805,0.14821099539279042,0.814774198183844,0.0813419346183989,0.40243710054813464,0.3176400643786387,-2.2874728081777254,2.2874728081777254,9.000983598533429,1.664028365777929e-06,1.3877787807814457e-17,2.733224757633934e-11,0.1
random,23,315,0.7434539301868431,0.14821111752290841,0.8147748695811899,0.08134168838845761,0.40243588233192046,0.3176380741797059,-2.287471841698922,2.287471841698922,9.000985552453415,1.6210175857647653e-06,1.3877787807814457e-17,2.5937363368200295e-11,0.1
random,23,316,0.7434539301622293,0.14821123649633297,0.8147755236249493,0.08134144852181913,0.40243469559798106,0.3176361354402199,-2.2874709001550286,2.2874709001550286,9.000987455851318,1.579119659190838e-06,1.3877787807814457e-17,2.4613866500544646e-11,0.1
random,23,317,0.7434539301388712,0.14821135239473726,0.8147761607641114,0.08134121485389649,0.40243353953202665,0.3176342468278093,-2.2874699829032292,2.2874699829032292,9.000989310035276,1.5383057342027621e-06,0.0,2.335809323739113e-11,0.1
random,23,318,0.743453930116705,0.14821146529767715,0.8147767814360264,0.0813409872243668,0.40243241334086394,0.3176324070446926,-2.287469089317257,2.287469089317257,9.000991116279465,1.4985477099700042e-06,1.3877787807814457e-17,2.2166157798153563e-11,0.1
random,23,319,0.7434539300956696,0.14821157528264617,0.8147773860667065,0.08134076547706073,0.4024313162518492,0.3176306148267751,-2.2874682187869646,2.2874682187869646,9.00099287582498,1.4598182169378046e-06,1.3877787807814457e-17,2.103539564757284e-11,0.1
random,23,320,0.7434539300757076,0.14821168242512944,0.8147779750711233,0.0813405494598542,0.4024302475123524,0.31762886894277076,-2.2874673707179123,2.2874673707179123,9.00099458988071,1.4220905977126175e-06,0.0,1.996203202736524e-11,0.1
random,23,321,0.7434539300567639,0.14821178679865565,0.8147785488534928,0.08134033902456352,0.40242920638923885,0.31762716819334597,-2.287466544530965,2.287466544530965,9.000996259624163,1.3853388881853443e-06,0.0,1.8943735469179046e-11,0.1
random,23,322,0.7434539300387868,0.14821188847484817,0.814779107807557,0.08134013402684298,0.4024281921683618,0.31762551141028605,-2.2874657396619,2.2874657396619,9.000997886202297,1.3495377996727269e-06,0.0,1.7977064281637922e-11,0.1
random,23,323,0.7434539300217267,0.1482119875234744,0.8147796523168547,0.081339934326085,0.4024272041540688,0.3176238974556847,-2.287464955561023,2.287464955561023,9.000999470732314,1.3146627009517335e-06,0.0,1.7060131085600005e-11,0.1
random,23,324,0.743453930005537,0.14821208401249417,0.8147801827549879,0.08133973978532325,0.40242624166872265,0.3176223252211536,-2.287464191692794,2.287464191692794,9.00100101430243,1.280689601307987e-06,0.0,1.6189716234293883e-11,0.1
random,23,325,0.743453929990173,0.14821217800810665,0.8147806994858795,0.0813395502711379,0.40242530405223226,0.31762079362705326,-2.2874634475354663,2.2874634475354663,9.001002517972637,1.2475951334779372e-06,0.0,1.536393234857769e-11,0.1
random,23,326,0.7434539299755929,0.14821226957479622,0.8147812028640254,0.0813393656535637,0.40242439066159774,0.31761930162174407,-2.2874627225807305,2.2874627225807305,9.001003982775433,1.2153565376434562e-06,1.3877787807814457e-17,1.458011489319233e-11,0.1
random,23,327,0.7434539299617566,0.14821235877537686,0.814781693234739,0.08133918580600014,0.4024235008704665,0.3176178481808572,-2.287462016333369,2.287462016333369,9.00100540971654,1.1839516452865983e-06,1.3877787807814457e-17,1.3836265466693476e-11,0.1
random,23,328,0.7434539299486261,0.1482124456710357,0.8147821709343899,0.0813390106051242,0.40242263406870116,0.3176164323065842,-2.287461328310922,2.287461328310922,9.001006799775606,1.1533588639062126e-06,1.3877787807814457e-17,1.3130496689939264e-11,0.1
random,23,329,0.7434539299361652,0.14821253032137516,0.8147826362906361,0.08133883993080526,0.4024217896619585,0.3176150530269864,-2.287460658043356,2.287460658043356,9.001008153906877,1.1235571618818838e-06,1.3877787807814457e-17,1.2460921183787832e-11,0.1
random,23,330,0.7434539299243405,0.1482126127844543,0.8147830896226511,0.08133867366602231,0.40242096707128017,0.31761370939531985,-2.287460005072748,2.287460005072748,9.00100947303986,1.0945260538083873e-06,1.3877787807814457e-17,1.1824763390677617e-11,0.1
random,23,331,0.7434539299131183,0.14821269311682864,0.8147835312413428,0.08133851169678308,0.4024201657326924,0.31761240048938116,-2.2874593689529705,2.2874593689529705,9.001010758079968,1.0662455863456424e-06,1.3877787807814457e-17,1.1222134332911082e-11,0.1
random,23,332,0.743453929902469,0.14821277137358943,0.8147839614495698,0.0813383539120458,0.4024193850968189,0.31761112541086894,-2.2874587492493927,2.2874587492493927,9.001012009909148,1.0386963240897411e-06,1.3877787807814457e-17,1.0649370274506964e-11,0.1
random,23,333,0.7434539298923626,0.14821284760840153,0.8147843805423485,0.08133820020364228,0.4024186246285004,0.31760988328476103,-2.2874581455385807,2.2874581455385807,9.00101322938649,1.0118593363407936e-06,0.0,1.01063601931628e-11,0.1
random,23,334,0.7434539298827718,0.14821292187354054,0.8147847888070587,0.08133805046620357,0.4024178838064268,0.31760867325870984,-2.287457557408013,2.287457557408013,9.001014417348824,9.857161837445664e-07,1.3877787807814457e-17,9.590772620526877e-12,0.1
random,23,335,0.7434539298736701,0.14821299421992876,0.8147851865236404,0.08133790459708744,0.4024171621227782,0.31760749450245285,-2.287456984455796,2.287456984455796,9.00101557461129,9.60248905484647e-07,1.3877787807814457e-17,9.101719378179496e-12,0.1
random,23,336,0.7434539298650327,0.14821306469717033,0.814785573964787,0.08133776249630745,0.4024164590828745,0.3176063462072378,-2.2874564262903965,2.2874564262903965,9.001016701967917,9.354400068965437e-07,0.0,8.637424109281255e-12,0.1
random,23,337,0.7434539298568359,0.14821313335358555,0.8147859513961342,0.08133762406646428,0.40241577420483493,0.3176052275852646,-2.287455882530369,2.287455882530369,9.001017800192155,9.112724471451109e-07,0.0,8.19677659080753e-12,0.1
random,23,338,0.7434539298490568,0.14821320023624396,0.8147863190764418,0.08133748921267857,0.40241510701924643,0.317604137869139,-2.287455352804099,2.287455352804099,9.001018870037422,8.877296276310861e-07,1.3877787807814457e-17,7.779110688943547e-12,0.1
random,23,339,0.7434539298416748,0.14821326539099708,0.8147866772577737,0.08133735784252563,0.4024144570688402,0.3176030763113445,-2.2874548367495517,2.2874548367495517,9.00101991223762,8.647953802365509e-07,0.0,7.381983913035128e-12,0.1
random,23,340,0.7434539298346692,0.14821332886250974,0.81478702618567,0.08133722986597175,0.40241382390817687,0.31760204218372445,-2.2874543340140217,2.2874543340140217,9.001020927507648,8.424539562686091e-07,0.0,7.0056183076872e-12,0.1
random,23,341,0.7434539298280209,0.14821339069429101,0.8147873660993173,0.0813371051953123,0.40241320710334,0.3176010347769796,-2.287453844253897,2.287453844253897,9.00102191654388,8.206900154186072e-07,1.3877787807814457e-17,6.648237516060362e-12,0.1
random,23,342,0.7434539298217115,0.14821345092872407,0.8147876972317124,0.08133698374511131,0.4024126062316374,0.31760005340017844,-2.2874533671344226,2.2874533671344226,9.001022880024664,7.994886151743591e-07,1.3877787807814457e-17,6.309397448944765e-12,0.1
random,23,343,0.743453929815724,0.14821350960709556,0.8147880198098245,0.08133686543214277,0.40241202088131056,0.3175990973802801,-2.287452902329472,2.287452902329472,9.001023818610783,7.788352005237678e-07,1.3877787807814457e-17,5.987543794105932e-12,0.1
random,23,344,0.7434539298100421,0.14821356676962388,0.8147883340547499,0.08133675017533329,0.4024114506512509,0.31759816606166963,-2.2874524495213273,2.2874524495213273,9.001024732945906,7.587155937202107e-07,1.3877787807814457e-17,5.681899395426626e-12,0.1
random,23,345,0.7434539298046496,0.1482136224554868,0.814788640181864,0.08133663789570625,0.4024108951507238,0.3175972588057059,-2.287452008400461,2.287452008400461,9.001025623657043,7.391159846323406e-07,1.3877787807814457e-17,5.392464252906848e-12,0.1
random,23,346,0.7434539297995322,0.1482136767028487,0.8147889384009718,0.08133652851632776,0.4024103539991008,0.31759637499028126,-2.287451578665326,2.287451578665326,9.001026491354965,7.200229210117332e-07,0.0,5.1174620097071966e-12,0.1
random,23,347,0.7434539297946757,0.14821372954888667,0.81478922891645,0.08133642196225342,0.40240982682559634,0.31759551400939146,-2.2874511600221497,2.2874511600221497,9.001027336634637,7.014232993633032e-07,0.0,4.856448576617822e-12,0.1
random,23,348,0.7434539297900671,0.14821378102981603,0.8147895119273888,0.08133631816047701,0.4024093132690142,0.3175946752727186,-2.2874507521847343,2.2874507521847343,9.001028160075624,6.833043556555336e-07,1.3877787807814457e-17,4.608646797521487e-12,0.1
random,23,349,0.7434539297856934,0.1482138311809154,0.8147897876277286,0.08133621703988017,0.40240881297749803,0.31759385820522446,-2.287450354874262,2.287450354874262,9.001028962242483,6.656536566991088e-07,1.3877787807814457e-17,4.373723605510804e-12,0.1
random,23,350,0.7434539297815428,0.1482138800365509,0.8147900562063932,0.0813361185311836,0.4024083256082903,0.31759306224675254,-2.2874499678191036,2.2874499678191036,9.001029743685168,6.484590914430773e-07,0.0,4.150568777561148e-12,0.1
random,23,351,0.7434539297776036,0.14821392763019972,0.8147903178474203,0.08133602256689934,0.4024078508274962,0.31759228685164376,-2.287449590754635,2.287449590754635,9.001030504939395,6.317088625704499e-07,0.0,3.939182313672518e-12,0.1
random,23,352,0.7434539297738656,0.1482139739944734,0.8147905727300881,0.08133592908128445,0.4024073883098542,0.3175915314883594,-2.2874492234230557,2.2874492234230557,9.001031246527017,6.153914784132708e-07,1.3877787807814457e-17,3.7380099016104396e-12,0.1
random,23,353,0.743453929770318,0.14821401916113985,0.8147908210290375,0.08133583801029588,0.4024069377385129,0.31759079563911513,-2.2874488655732126,2.2874488655732126,9.001031968956381,5.994957449744115e-07,1.3877787807814457e-17,3.5476066528872252e-12,0.1
random,23,354,0.7434539297669513,0.14821406316114571,0.8147910629143943,0.08133574929154627,0.4024064988048125,0.3175900787995246,-2.2874485169604313,2.2874485169604313,9.001032672722685,5.840107582048959e-07,0.0,3.3666402998733247e-12,0.1
random,23,355,0.7434539297637563,0.14821410602463714,0.8147912985518837,0.08133566286426132,0.40240607120807376,0.3175893804782515,-2.287448177346347,2.287448177346347,9.001033358308312,5.689258964776857e-07,0.0,3.1949998202662755e-12,0.1
random,23,356,0.7434539297607242,0.1482141477809808,0.8147915281029459,0.08133557866923787,0.40240565465539063,0.317588700196672,-2.2874478464987416,2.2874478464987416,9.001034026183161,5.542308131998117e-07,1.3877787807814457e-17,3.032130102553765e-12,0.1
random,23,357,0.7434539297578467,0.14821418845878404,0.8147917517248467,0.0813354966488033,0.40240524886142925,0.31758803748854436,-2.2874475241913865,2.2874475241913865,9.001034676804979,5.399154297372748e-07,0.0,2.8774760352234807e-12,0.1
random,23,358,0.743453929755116,0.1482142280859145,0.8147919695707857,0.08133541674677588,0.4024048535482321,0.31758739189968854,-2.2874472102038896,2.2874472102038896,9.00103531061967,5.259699284203328e-07,0.0,2.730704551368035e-12,0.1
random,23,359,0.7434539297525248,0.14821426668951926,0.8147921817900008,0.08133533890842626,0.4024044684450269,0.3175867629876735,-2.2874469043215413,2.2874469043215413,9.001035928061599,5.123847457597192e-07,1.3877787807814457e-17,2.5912605394751154e-12,0.1
random,23,360,0.7434539297500654,0.14821430429604351,0.8147923885278718,0.08133526308043978,0.40240409328804105,0.3175861503215126,-2.2874466063351715,2.2874466063351715,9.0010365295539,4.9915056587476e-07,0.0,2.4593660441496468e-12,0.1
random,23,361,0.7434539297477314,0.14821434093124874,0.8147925899260197,0.08133518921087989,0.4024037278203196,0.3175855534813671,-2.287446316041004,2.287446316041004,9.001037115508758,4.862583140747718e-07,0.0,2.3340218646694666e-12,0.1
random,23,362,0.7434539297455165,0.14821437662023046,0.8147927861224044,0.08133511724915257,0.40240337179155006,0.3175849720582574,-2.2874460332405215,2.2874460332405215,9.001037686327699,4.736991505417759e-07,1.3877787807814457e-17,2.2148949341271873e-12,0.1
random,23,363,0.7434539297434145,0.14821441138743532,0.8147929772514186,0.08133504714597146,0.4024030249578895,0.31758440565378143,-2.2874457577403247,2.2874457577403247,9.001038242401863,4.614644643269812e-07,1.3877787807814457e-17,2.101985252522809e-12,0.1
random,23,364,0.7434539297414196,0.14821444525667804,0.8147931634439816,0.08133497885332412,0.40240268708179744,0.3175838538798408,-2.287445489352005,2.287445489352005,9.001038784112277,4.495458672494864e-07,1.3877787807814457e-17,1.9949597529489438e-12,0.1
random,23,365,0.7434539297395265,0.14821447825115774,0.8147933448276277,0.08133491232443908,0.40240235793187346,0.31758331635837395,-2.287445227892014,2.287445227892014,9.00103931183011,4.3793518835605917e-07,1.3877787807814457e-17,1.8930412792883544e-12,0.1
random,23,366,0.74345392973773,0.14821451039347378,0.8147935215265947,0.08133484751375364,0.40240203728269713,0.3175827927210965,-2.2874449731815387,2.2874449731815387,9.001039825916934,4.266244680486785e-07,0.0,1.7965628984484283e-12,0.1
random,23,367,0.743453929736025,0.1482145417056414,0.814793693661909,0.0813347843768827,0.40240172491467446,0.3175822826092471,-2.287444725046378,2.287444725046378,9.001040326724967,4.1560595276560035e-07,1.3877787807814457e-17,1.704969498916853e-12,0.1
random,23,368,0.743453929734407,0.14821457220910675,0.8147938613514684,0.08133472287058817,0.40240142061388606,0.31758178567334167,-2.2874444833168255,2.2874444833168255,9.001040814597328,4.04872089600847e-07,1.3877787807814457e-17,1.6179280137862406e-12,0.1
random,23,369,0.7434539297328714,0.14821460192476166,0.8147940247101236,0.08133466295274955,0.4024011241719418,0.31758130157293274,-2.287444247827554,2.287444247827554,9.001041289868255,3.9441552100350366e-07,0.0,1.5356604876615165e-12,0.1
random,23,370,0.7434539297314141,0.14821463087295794,0.8147941838497567,0.0813346045823347,0.4024008353858363,0.3175808299763759,-2.2874440184175002,2.2874440184175002,9.001041752863346,3.8422907984546074e-07,0.0,1.4572787421229805e-12,0.1
random,23,371,0.7434539297300311,0.14821465907352147,0.8147943388793579,0.08133454771937186,0.4024005540578104,0.31758037056060084,-2.2874437949297572,2.2874437949297572,9.001042203899784,3.7430578446796265e-07,1.3877787807814457e-17,1.3830048217755575e-12,0.1
random,23,372,0.7434539297287188,0.1482146865457656,0.814794489905101,0.08133449232492233,0.40240027999521577,0.31757992301089133,-2.287443577211466,2.287443577211466,9.00104264328655,3.646388337074785e-07,1.3877787807814457e-17,1.312283615106935e-12,0.1
random,23,373,0.7434539297274732,0.1482147133085046,0.8147946370304148,0.08133443836105352,0.40240001301038186,0.31757948702066613,-2.287443365113712,2.287443365113712,9.001043071324633,3.5522160247706385e-07,1.3877787807814457e-17,1.2456702336294256e-12,0.1
random,23,374,0.7434539297262911,0.14821473938006652,0.814794780356056,0.08133438579081306,0.402399752920488,0.3175790622912715,-2.2874431584914223,2.2874431584914223,9.001043488307241,3.460476370023924e-07,1.3877787807814457e-17,1.1820544543184042e-12,0.1
random,23,375,0.7434539297251695,0.1482147647783057,0.8147949199801771,0.0813343345782035,0.40239949954743753,0.31757864853177314,-2.287442957203268,2.287442957203268,9.001043894520008,3.371106504802669e-07,1.3877787807814457e-17,1.1215472994763331e-12,0.1
random,23,376,0.7434539297241048,0.148214789520615,0.8147950559983933,0.08133428468815747,0.4023992527177357,0.31757824545875896,-2.287442761111567,2.287442761111567,9.001044290241177,3.284045186698102e-07,0.0,1.0647038806155251e-12,0.1
random,23,377,0.7434539297230947,0.148214813623938,0.8147951885038504,0.08133423608651372,0.4023990122623705,0.31757785279614215,-2.2874425700821877,2.2874425700821877,9.0010446757418,3.1992327580757195e-07,1.3877787807814457e-17,1.01019193010643e-12,0.1
random,23,378,0.7434539297221359,0.14821483710478026,0.8147953175872855,0.08133418873999375,0.4023987780166975,0.3175774702749732,-2.2874423839844624,2.2874423839844624,9.001045051285928,3.116611103562836e-07,0.0,9.587886040662852e-13,0.1
random,23,379,0.7434539297212259,0.14821485997922085,0.814795443337092,0.08133414261617881,0.4023985498203258,0.31757709763325437,-2.2874422026910928,2.2874422026910928,9.001045417130777,3.036123611335184e-07,1.3877787807814457e-17,9.099387909827783e-13,0.1
random,23,380,0.7434539297203625,0.14821488226292337,0.8147955658393787,0.08133409768348791,0.40239832751700916,0.3175767346157606,-2.2874420260780686,2.2874420260780686,9.00104577352692,2.957715133221154e-07,0.0,8.634204462509842e-13,0.1
random,23,381,0.7434539297195429,0.14821490397114667,0.8147956851780296,0.08133405391115589,0.4023981109545378,0.3175763809738628,-2.287441854024576,2.287441854024576,9.001046120718456,2.8813319476563887e-07,0.0,8.195666367782906e-13,0.1
random,23,382,0.7434539297187652,0.14821492511875528,0.8147958014347607,0.08133401126921251,0.4023978999846349,0.31757603646535887,-2.2874416864129197,2.2874416864129197,9.001046458943167,2.806921721629211e-07,0.0,7.777112287499222e-13,0.1
random,23,383,0.7434539297180273,0.1482149457202297,0.8147959146891772,0.0813339697284619,0.40239769446285434,0.3175757008543063,-2.287441523128444,2.287441523128444,9.001046788432696,2.7344334759738837e-07,1.3877787807814457e-17,7.379652444683416e-13,0.1
random,23,384,0.7434539297173267,0.1482149657896762,0.8147960250188268,0.08133392926046244,0.40239749424848226,0.31757537391086077,-2.287441364059449,2.287441364059449,9.001047109412694,2.6638175495493504e-07,1.3877787807814457e-17,7.005507285384738e-13,0.1
random,23,385,0.7434539297166619,0.1482149853408366,0.8147961324992535,0.08133388983750736,0.40239729920443995,0.3175750554111179,-2.2874412090971195,2.2874412090971195,9.001047422102985,2.5950255653627516e-07,1.3877787807814457e-17,6.648015471455437e-13,0.1
random,23,386,0.7434539297160312,0.14821500438709773,0.8147962372040503,0.0813338514326056,0.4023971091971899,0.3175747451369604,-2.287441058135448,2.287441058135448,9.00104772671771,2.528010396662342e-07,1.3877787807814457e-17,6.307177002895514e-13,0.1
random,23,387,0.7434539297154324,0.14821502294150035,0.8147963392049071,0.08133381401946357,0.40239692409664524,0.3175744428759075,-2.2874409110711613,2.2874409110711613,9.001048023465474,2.4627261355525053e-07,1.3877787807814457e-17,5.987432771803469e-13,0.1
random,23,388,0.7434539297148642,0.14821504101674857,0.8147964385716635,0.0813337775724668,0.4023967437760791,0.3175741484209695,-2.287440767803653,2.287440767803653,9.001048312549491,2.399128061648631e-07,1.3877787807814457e-17,5.682121440031551e-13,0.1
random,23,389,0.7434539297143251,0.148215058625218,0.8147965353723531,0.08133374206666265,0.40239656811203883,0.3175738615705061,-2.2874406282349122,2.2874406282349122,9.001048594167727,2.337172609476932e-07,1.3877787807814457e-17,5.39124300757976e-13,0.1
random,23,390,0.7434539297138134,0.14821507577896464,0.8147966296732525,0.08133370747774306,0.40239639698426105,0.31757358212808745,-2.287440492269459,2.287440492269459,9.00104886851303,2.2768173403851276e-07,0.0,5.117017920497346e-13,0.1
random,23,391,0.7434539297133278,0.14821509248973308,0.8147967215389262,0.0813336737820279,0.4023962302755889,0.3175733099023597,-2.2874403598142763,2.2874403598142763,9.001049135773261,2.2180209134479366e-07,1.3877787807814457e-17,4.856115509710435e-13,0.1
random,23,392,0.7434539297128668,0.1482151087689643,0.81479681103227,0.0813336409564488,0.4023960678718922,0.31757304470691367,-2.287440230778748,2.287440230778748,9.001049396131435,2.16074305539955e-07,1.3877787807814457e-17,4.60964599824365e-13,0.1
random,23,393,0.7434539297124295,0.14821512462780387,0.8147968982145554,0.08133360897853333,0.40239590966198924,0.31757278636015734,-2.2874401050745954,2.2874401050745954,9.00104964976583,2.1049445344580083e-07,0.0,4.3731684939984916e-13,0.1
random,23,394,0.7434539297120144,0.14821514007710934,0.8147969831454706,0.08133357782638953,0.4023957555375701,0.3175725346851902,-2.287439982615821,2.287439982615821,9.001049896850123,2.050587133253227e-07,0.0,4.1511238890734603e-13,0.1
random,23,395,0.7434539297116206,0.1482151551274578,0.814797065883162,0.08133354747869098,0.40239560539312286,0.31757228950968347,-2.287439863318645,2.287439863318645,9.001050137553495,1.9976336214702669e-07,1.3877787807814457e-17,3.93796106834543e-13,0.1
random,23,396,0.7434539297112467,0.14821516978915308,0.8147971464842738,0.08133351791466217,0.40239545912586117,0.31757205066576105,-2.2874397471014505,2.2874397471014505,9.001050372040767,1.9460477318049328e-07,1.3877787807814457e-17,3.739231146937527e-13,0.1
random,23,397,0.743453929710892,0.14821518407223283,0.814797225003987,0.0813334891140642,0.40239531663565364,0.31757181798988376,-2.2874396338847265,2.2874396338847265,9.00105060047249,1.895794133948998e-07,1.3877787807814457e-17,3.547162563677375e-13,0.1
random,23,398,0.7434539297105554,0.14821519798647537,0.8147973014960569,0.08133346105718102,0.4023951778249557,0.3175715913227383,-2.2874395235910145,2.2874395235910145,9.001050823005079,1.8468384112079682e-07,0.0,3.3661962106634746e-13,0.1
random,23,399,0.7434539297102358,0.14821521154140643,0.8147973760128501,0.08133343372480582,0.40239504259874215,0.3175713705091276,-2.287439416144856,2.287439416144856,9.001051039790894,1.7991470357708023e-07,1.3877787807814457e-17,3.1952218648712005e-13,0.1
random,23,400,0.7434539297099327,0.14821522474630575,0.8147974486053808,0.08133340709822796,0.40239491086444246,0.3175711553978644,-2.2874393114727396,2.2874393114727396,9.001051250978369,1.7526873467266134e-07,1.3877787807814457e-17,3.0309088572266774e-13,0.1
random,23,401,0.7434539297096449,0.14821523761021319,0.8147975193233451,0.08133338115922005,0.40239478253187716,0.31757094584166756,-2.2874392095030505,2.2874392095030505,9.0010514567121,1.7074275272906575e-07,1.3877787807814457e-17,2.878808302853031e-13,0.1
random,23,402,0.7434539297093719,0.14821525014193526,0.8147975882151556,0.08133335589002556,0.4023946575131963,0.31757074169706095,-2.287439110166024,2.287439110166024,9.001051657132944,1.663336582717161e-07,1.3877787807814457e-17,2.73003841755326e-13,0.1
random,23,403,0.7434539297091127,0.14821526235005086,0.8147976553279739,0.08133333127334659,0.40239453572281897,0.31757054282427516,-2.287439013393695,2.287439013393695,9.00105185237812,1.6203843191969812e-07,1.3877787807814457e-17,2.5912605394751154e-13,0.1
random,23,404,0.7434539297088666,0.14821527424291736,0.8147977207077437,0.081333307292332,0.4023944170773746,0.31757034908715204,-2.2874389191198534,2.2874389191198534,9.001052042581309,1.5785413235471139e-07,1.3877787807814457e-17,2.461364445593972e-13,0.1
random,23,405,0.7434539297086333,0.14821528582867627,0.8147977843992221,0.08133328393056594,0.40239430149564615,0.31757016035305086,-2.2874388272799973,2.2874388272799973,9.001052227872727,1.5377789426647418e-07,1.3877787807814457e-17,2.332578574737454e-13,0.1
random,23,406,0.7434539297084118,0.14821529711525872,0.8147978464460098,0.08133326117205661,0.4023941888985147,0.3175699764927575,-2.2874387378112897,2.2874387378112897,9.001052408379236,1.4980692633252444e-07,1.3877787807814457e-17,2.2148949341271873e-13,0.1
random,23,407,0.7434539297082015,0.148215308110391,0.8147979068905812,0.08133323900122515,0.40239407920890413,0.31756979738039576,-2.287438650652517,2.287438650652517,9.001052584224412,1.4593850942204471e-07,1.3877787807814457e-17,2.1038726316646716e-13,0.1
random,23,408,0.743453929708002,0.14821531882159986,0.8147979657743137,0.08133321740289517,0.40239397235172975,0.3175696228933421,-2.287438565744045,2.287438565744045,9.001052755528645,1.4216999462485005e-07,1.3877787807814457e-17,1.9950707752514063e-13,0.1
random,23,409,0.7434539297078125,0.1482153292562176,0.814798023137516,0.08133319636228226,0.402393868253846,0.31756945291214017,-2.2874384830277767,2.2874384830277767,9.001052922409215,1.384988014828707e-07,1.3877787807814457e-17,1.894040480010517e-13,0.1
random,23,410,0.743453929707633,0.14821533942138726,0.814798079019456,0.08133317586498383,0.40239376684399647,0.317569287320419,-2.2874384024471186,2.2874384024471186,9.001053084980366,1.3492241622714138e-07,1.3877787807814457e-17,1.795230630818878e-13,0.1
random,23,411,0.7434539297074624,0.1482153493240671,0.8147981334583861,0.08133315589696927,0.40239366805276505,0.31756912600481474,-2.287438323946935,2.287438323946935,9.001053243353397,1.3143839008139034e-07,1.3877787807814457e-17,1.7064127888488656e-13,0.1
random,23,412,0.7434539297073006,0.14821535897103594,0.8147981864915723,0.08133313644457038,0.4023935718125288,0.3175689688548916,-2.2874382474735153,2.2874382474735153,9.00105339763673,1.2804433744601463e-07,0.0,1.617594946878853e-13,0.1
random,23,413,0.743453929707147,0.14821536836889737,0.8147982381553168,0.08133311749447196,0.402393478057411,0.31756881576306645,-2.287438172974534,2.287438172974534,9.001053547935983,1.2473793442929638e-07,0.0,1.5365486660812167e-13,0.1
random,37,0,0.8826672761621067,0.14310203405827837,0.7866882261286168,0.2092651186242903,1.0353337178431434,0.33817677104858296,-3.154298477545819,3.154298477545819,9.48711313082498,0.137481948606652,8.326672684688674e-17,0.11069152142507421,0.1
random,37,1,0.8505727542879155,0.14603242122977536,0.8027977182192476,0.1779391640481041,0.8803493743961238,0.28387122024448863,-3.084922470776309,3.084922470776309,8.859661922830202,0.05120437146273593,8.326672684688674e-17,0.03209452187419126,0.1
random,37,2,0.8130407724264976,0.1452410466255833,0.7984472204246351,0.14814894957131886,0.7329630650467422,0.3096459084633587,-2.924444102521543,2.924444102521543,8.980331885656817,0.05040266083398181,2.7755575615628914e-17,0.03753198186141782,0.1
random,37,3,0.7825306219490082,0.1440847602140789,0.7920906587450677,0.1245898101872096,0.6164048372442067,0.343614185791559,-2.7781785852392646,2.7781785852392646,9.006106193884065,0.05112907108441386,2.7755575615628914e-17,0.030510150477489395,0.1
random,37,4,0.7671856526656974,0.14057658157058123,0.7728048194335766,0.11872128015214507,0.5873704379165957,0.4073942861136601,-2.6467929241074275,2.6467929241074275,9.003613218749882,0.03637764858064547,2.7755575615628914e-17,0.01534496928331086,0.1
random,37,5,0.758316418935573,0.13960473644689322,0.7674622041349394,0.11450644942896382,0.5665176728146136,0.41090347630715013,-2.543400755208851,2.543400755208851,8.913487690663606,0.028247031713911876,0.0,0.008869233730124382,0.1
random,37,6,0.7546495184934835,0.1395274939505158,0.7670375717189378,0.11159774628596023,0.5521269398585175,0.4133960473965067,-2.488157031963442,2.488157031963442,8.916920053123985,0.016176641147469202,0.0,0.0036669004420895046,0.1
random,37,7,0.7527856339063991,0.14037201540065486,0.7716802386517285,0.10830905176738707,0.535856209479998,0.4006140254760315,-2.4737551377711586,2.4737551377711586,8.906809840312306,0.013517303646807553,2.7755575615628914e-17,0.001863884587084419,0.1
random,37,8,0.7513534388536113,0.14114176698298608,0.7759118661813361,0.10550925140085177,0.5220042701708584,0.3891847167489463,-2.469635374644072,2.469635374644072,8.909302193614172,0.012050651568351063,2.7755575615628914e-17,0.0014321950527877991,0.1
random,37,9,0.7499270939858762,0.14179169305861863,0.7794847657205969,0.1029784533919247,0.509483213011797,0.3794271644247924,-2.460380293528063,2.460380293528063,8.912998027175805,0.011877786151073266,4.163336342344337e-17,0.0014263448677350743,0.1
random,37,10,0.748368021269226,0.142405907611915,0.7828613449605419,0.10057068236771521,0.4975708286517193,0.3682930538588971,-2.4500047376933702,2.4500047376933702,8.918843455064936,0.012288376438037001,2.7755575615628914e-17,0.0015590727166502338,0.1
random,37,11,0.7467106125142658,0.1427349443260934,0.784670189333102,0.09857825902773258,0.48771336612923744,0.36279628982129963,-2.431909416154407,2.431909416154407,8.938010580155208,0.012124312595122921,1.3877787807814457e-17,0.0016574087549601213,0.1
random,37,12,0.7448528292538059,0.1428179479168084,0.785126492753047,0.09694519178066706,0.47963380850631704,0.3609950756244144,-2.419641262090027,2.419641262090027,8.948771182861407,0.0130973210503282,0.0,0.0018577832604599331,0.1
random,37,13,0.7428528854024705,0.14329240637326254,0.7877347777011675,0.09435010659870226,0.4667946922349281,0.35353129067862815,-2.4064453589715287,2.4064453589715287,8.958991834854796,0.012711296311900287,2.7755575615628914e-17,0.001999943851335395,0.1
random,37,14,0.7408432753182546,0.14424369276074062,0.792964373532074,0.09082752851522483,0.4493668290175169,0.3377828791481982,-2.4058417331121946,2.4058417331121946,8.971575855753883,0.013766604251881101,1.3877787807814457e-17,0.0020096100842159625,0.1
random,37,15,0.7383134537130714,0.1452918107948212,0.79872629105079,0.08658801842131467,0.4283919633723637,0.3217074458188805,-2.397988391192377,2.397988391192377,8.995765224612251,0.015438063976816054,1.3877787807814457e-17,0.0025298216051831135,0.1
random,37,16,0.7350875353703524,0.1464369426719171,0.8050215318627341,0.08155372600711963,0.40348493292140786,0.30450153242949946,-2.3834255250617193,2.3834255250617193,9.01959812106178,0.017362843170036155,5.551115123125783e-17,0.003225918342719014,0.1
random,37,17,0.7308328329166596,0.14769335035458925,0.8119284995916008,0.07561625077190307,0.37410942901377847,0.2835910096951428,-2.361693590299517,2.361693590299517,9.047983228553845,0.0197255905612216,2.7755575615628914e-17,0.00425470245369286,0.1
random,37,18,0.7281936217646422,0.14755125946865064,0.811147370044815,0.07346131943893283,0.36344796243335725,0.28971103622691574,-2.337463418461999,2.337463418461999,9.089522691591647,0.013533017971527577,2.7755575615628914e-17,0.0026392111520173733,0.1
random,37,19,0.7264445455494375,0.14697877515882113,0.8080001983840486,0.07297293958704892,0.3610317158505789,0.3018646779875633,-2.313237830573772,2.313237830573772,9.069630747798444,0.01211827747975293,2.7755575615628914e-17,0.0017490762152047035,0.1
random,37,20,0.7258967006440611,0.1465390256960248,0.8055827224403638,0.0732857070255329,0.3625791245971234,0.3106487766450742,-2.307597241781998,2.307597241781998,9.040851618118495,0.00736469480007127,5.551115123125783e-17,0.0005478449053764045,0.1
random,37,21,0.7255073165370499,0.14629013332893442,0.8042144630997345,0.07384034078921936,0.36532316068098597,0.310156790420025,-2.3137964313325146,2.3137964313325146,9.02392446504756,0.006629776997115222,1.3877787807814457e-17,0.0003893841070111703,0.1
random,37,22,0.7252272237863672,0.1460006807729505,0.8026232284306126,0.07430723577842854,0.36763311146589506,0.3135152459693389,-2.3174716674848885,2.3174716674848885,9.044915808796697,0.005374764759587643,0.0,0.00028009275068274775,0.1
random,37,23,0.724965550588207,0.14570750325897447,0.8010115162007454,0.07471997417563524,0.3696751239239953,0.31788132456648993,-2.320121985919787,2.320121985919787,9.04736626635502,0.005131215589083618,1.3877787807814457e-17,0.00026167319816017276,0.1
random,37,24,0.7247055200708242,0.1454197711306171,0.799429739399687,0.07509212526589926,0.37151633173930343,0.3225413258623322,-2.3221435318752146,2.3221435318752146,9.044986207747929,0.0050941879906681985,1.3877787807814457e-17,0.00026003051738276994,0.1
random,37,25,0.7244412915946299,0.14514030745186118,0.7978934175217021,0.07542978411459692,0.37318689008884104,0.32724505931143033,-2.3236251223932003,2.3236251223932003,9.04091053303644,0.005125836226153312,0.0,0.0002642284761943392,0.1
random,37,26,0.724169789007278,0.1448699630056522,0.7964072276556289,0.07573572859254062,0.37470054241601997,0.3318923266155133,-2.3245625929781744,2.3245625929781744,9.036253168374822,0.0051902695528778095,0.0,0.0002715025873518684,0.1
random,37,27,0.723888713923017,0.14460887884057627,0.7949719452010817,0.07601092224900177,0.37606205585573615,0.3364424105827172,-2.3249126180396145,2.3249126180396145,9.03149025904746,0.00527656671537331,1.3877787807814457e-17,0.0002810750842610066,0.1
random,37,28,0.7235959177280569,0.1443569544164386,0.7935870174490232,0.07625522853815969,0.3772707548511022,0.34087965928513886,-2.324608193473879,2.324608193473879,9.026837392735185,0.005381459010669945,1.3877787807814457e-17,0.0002927961949601432,0.1
random,37,29,0.7232891605165999,0.14411403888618016,0.7922516151337753,0.07646778842892173,0.37832238936818624,0.34519851824221803,-2.323560881515994,2.323560881515994,9.022391133075343,0.0055043618613816545,2.7755575615628914e-17,0.0003067572114570094,0.1
random,37,30,0.7229659960043358,0.14388000788069572,0.7909650545493977,0.07664722471228999,0.37921014570138173,0.34939668666942075,-2.3216558549877773,2.3216558549877773,9.018192042289055,0.005645739007268726,5.551115123125783e-17,0.0003231645122641069,0.1
random,37,31,0.7226237011892955,0.14365478889006694,0.7897269370803192,0.07679174867679082,0.3799251742473131,0.3534720481722781,-2.3187394659679033,2.3187394659679033,9.014255200652345,0.005806496581676465,2.7755575615628914e-17,0.00034229481504022274,0.1
random,37,32,0.7222592224866606,0.1434383634381694,0.7885371611560089,0.07689920925006738,0.38045683263158364,0.3574214346175798,-2.314593404272908,2.314593404272908,9.010585345690451,0.005987730010994361,1.3877787807814457e-17,0.0003644787026348961,0.1
random,37,33,0.721869127209396,0.1432307595967619,0.7873958810979781,0.07696710702771745,0.3807927551160849,0.3612402760689132,-2.3088748326396766,2.3088748326396766,9.007184233722752,0.006190606598453474,2.7755575615628914e-17,0.0003900952772646349,0.1
random,37,34,0.7214495553126344,0.14303204143496573,0.7863034491194131,0.07699258583293078,0.3809188108405226,0.36492265762943993,-2.300933428565269,2.300933428565269,9.00405399783237,0.006416308039170527,0.0,0.00041957189676156137,0.1
random,37,35,0.7209961686554025,0.14284229849861824,0.7852603574890393,0.0769724088180313,0.3808189855854195,0.36846154142268056,-2.288575329785283,2.288575329785283,9.0011984754179,0.006666003462031049,1.3877787807814457e-17,0.0004533866572319356,0.1
random,37,36,0.7207270803830271,0.1427889244656606,0.7849669394144111,0.07696397692313939,0.3807772690053019,0.368075585708934,-2.287224869571069,2.287224869571069,8.998623547299161,0.005090641763115587,2.7755575615628914e-17,0.0002690882723753729,0.1
random,37,37,0.7205270683240613,0.1427540888041084,0.7847754340666858,0.07696983428035457,0.3808062481273945,0.3674393074219839,-2.2878911301835814,2.2878911301835814,9.001853418503655,0.004593912867077248,1.3877787807814457e-17,0.00020001205896580387,0.1
random,37,38,0.7203661939881482,0.14272061724631951,0.7845914277344489,0.07698369386914805,0.3808748180815639,0.36703918666920626,-2.288266435082272,2.288266435082272,9.00575796178829,0.00411687497657891,2.7755575615628914e-17,0.0001608743359131637,0.1
random,37,39,0.7202361274405171,0.1426878587874619,0.7844113415878124,0.07700244595389272,0.3809675935318809,0.3668572286668758,-2.288388681935828,2.288388681935828,9.009341932389214,0.0037000476616890726,1.3877787807814457e-17,0.00013006654763103587,0.1
random,37,40,0.7201306215287256,0.1426557361881733,0.7842347510115897,0.07702417237203182,0.38107508441911164,0.3668578716525537,-2.28830609228883,2.28830609228883,9.012467691919746,0.003331407108618467,4.163336342344337e-17,0.00010550591179148139,0.1
random,37,41,0.7200448424373552,0.14262438136603744,0.7840623812086798,0.07704761077150249,0.3811910452893407,0.36700295208510264,-2.2880653595816542,2.2880653595816542,9.015126019500743,0.003003197056114386,2.7755575615628914e-17,8.577909137041928e-05,0.1
random,37,42,0.7199749872942924,0.14259397826935322,0.7838952434153094,0.07707189056825786,0.38131116895069656,0.36725762495136227,-2.2877073518223026,2.2877073518223026,9.017357072448062,0.002709710680112915,1.3877787807814457e-17,6.985514306279139e-05,0.1
random,37,43,0.719918032800312,0.14256469916923611,0.78373428467363,0.07709639374048892,0.38143239775639387,0.3675921985599098,-2.287266141123198,2.287266141123198,9.019215711471709,0.002446459900929499,1.3877787807814457e-17,5.695449398046559e-05,0.1
random,37,44,0.719871557620735,0.14253668197098213,0.7835802631033528,0.07712067559044544,0.3815525315759089,0.36798227399243216,-2.2867693532938356,2.2867693532938356,9.02075720903123,0.002209785066045058,1.3877787807814457e-17,4.6475179577010195e-05,0.1
random,37,45,0.7198336118410311,0.14251002519974795,0.7834337203360572,0.07714441605991966,0.3816699869296041,0.368408248565872,-2.286238964063802,2.286238964063802,9.022031881797284,0.0019966328241476285,0.0,3.794577970384072e-05,0.1
random,37,46,0.7198026185926896,0.14248479028458694,0.7832949940714365,0.07716738767098946,0.3817836383763913,0.36885463445014277,-2.285692180063036,2.285692180063036,9.023083532771771,0.0018044129681121098,2.7755575615628914e-17,3.099324834154871e-05,0.1
random,37,47,0.7197772985852363,0.1424610065192804,0.7831642453489408,0.07718943315182612,0.38189270781799867,0.3693093761903109,-2.2851422643837895,2.2851422643837895,9.023949461124618,0.0016308992834578324,0.0,2.5320007453255577e-05,0.1
random,37,48,0.7197566114052819,0.14243867665672016,0.7830414893023003,0.07721044909519217,0.38199668364981526,0.3697632351610284,-2.2845992606334877,2.2845992606334877,9.02466106254895,0.0014741578926991323,0.0,2.0687179954403945e-05,0.1
random,37,49,0.7197397093488008,0.14241778226317092,0.782926624594014,0.07723037361534854,0.38209525969376057,0.37020925979850317,-2.2840706081708144,2.2840706081708144,9.025244599138947,0.001332494003530672,0.0,1.6902056481082894e-05,0.1
random,37,50,0.7197259007825435,0.14239828849336741,0.7828194596659387,0.07724917680300232,0.3821882879743879,0.3706423403949248,-2.283561656173979,2.283561656173979,9.025721963626966,0.0012044114937176686,0.0,1.3808566257322852e-05,0.1
random,37,51,0.7197146208543533,0.1423801481909559,0.7827197352810307,0.07726685322814633,0.3822757416268783,0.37105883986860894,-2.283076088993243,2.283076088993243,9.026111371556906,0.001088581689014961,0.0,1.1279928190166544e-05,0.1
random,37,52,0.7197054079395648,0.14236330532702182,0.7826271434262857,0.07728341599537791,0.38235768548588533,0.37145628998379204,-2.2826162758448065,2.2826162758448065,9.026427962489427,0.0009838188485196857,2.7755575615628914e-17,9.21291478850339e-06,0.1
random,37,53,0.7196978846102559,0.14234769783424683,0.7825413428932166,0.07729889200742227,0.38243425265194053,0.3718331427735818,-2.2821835568994917,2.2821835568994917,9.026684311310518,0.0008890606158651772,1.3877787807814457e-17,7.523329308978255e-06,0.1
random,37,54,0.7196917422011698,0.14233325990933585,0.782461971935201,0.07731331818667964,0.38250562579765635,0.37218856800355005,-2.2817784763174638,2.2817784763174638,9.026890858314577,0.0008033521933499927,1.3877787807814457e-17,6.142409086029588e-06,0.1
random,37,55,0.7196867282559676,0.142319923857768,0.7823886584088035,0.07732673846608892,0.3825720222801024,0.372522288793394,-2.2814009712377428,2.2814009712377428,9.027056268861656,0.0007258333400434933,0.0,5.01394520224796e-06,0.1
random,37,56,0.7196826362934425,0.14230762155032073,0.7823210277808625,0.07733920140269958,0.38263368233401474,0.37283444874291927,-2.2810505243206953,2.2810505243206953,9.02718773322448,0.0006557275369510339,2.7755575615628914e-17,4.091962525043513e-06,0.1
random,37,57,0.7196792974510213,0.14229628555386611,0.7822587093449229,0.07735075829748149,0.3826908597696043,0.3731255049992809,-2.2807262862128854,2.2807262862128854,9.027291216180883,0.0005923328351561429,0.0,3.338842421207744e-06,0.1
random,37,58,0.719676573652929,0.14228584999138924,0.7822013409490954,0.0773614617273477,0.38274381470977736,0.37339614263663035,-2.2804271732564803,2.2804271732564803,9.027371664610708,0.0005350140276190173,1.3877787807814457e-17,2.7237980922967253e-06,0.1
random,37,59,0.7196743520201584,0.14227625117882942,0.7821485724970233,0.07737136441265231,0.3827928079871112,0.37364720650613137,-2.280151944881782,2.280151944881782,9.027433180092649,0.00048319587609713127,1.3877787807814457e-17,2.221632770638138e-06,0.1
random,37,60,0.7196725402940612,0.1422674280795533,0.7821000684463006,0.07738051835710272,0.3828380968885921,0.3738796473718777,-2.279899264378873,2.279899264378873,9.027479162366637,0.0004363571911137416,1.3877787807814457e-17,1.8117260971450833e-06,0.1
random,37,61,0.7196710630886248,0.14225932261115973,0.7820555094950987,0.07738897420806971,0.38287993199076653,0.374094479696091,-2.279667746121203,2.279667746121203,9.027512428556216,0.00039402561176845035,2.7755575615628914e-17,1.4772054364176057e-06,0.1
random,37,62,0.7196698588210124,0.14225187983391066,0.7820145936180459,0.07739678079432726,0.38291855487272036,0.3742927488929794,-2.279455991791246,2.279455991791246,9.027535312226581,0.0003557729682370501,1.3877787807814457e-17,1.2042676124091045e-06,0.1
random,37,63,0.7196688771976691,0.1422450480453569,0.7819770365864215,0.07740398480574037,0.38295419653134344,0.37447550625017156,-2.2792626177200255,2.2792626177200255,9.027549745670106,0.0003212111364809182,1.3877787807814457e-17,9.81623343276894e-07,0.1
random,37,64,0.719668077155703,0.14223877880162963,0.7819425720852045,0.07741063058565215,0.3829870763541694,0.3746437900325729,-2.2790862750849397,2.2790862750849397,9.027557328242088,0.000289988314469994,2.7755575615628914e-17,8.000419661202685e-07,0.1
random,37,65,0.7196674251774383,0.14223302688234102,0.7819109515201176,0.07741676001192221,0.38301740153081687,0.37479861154646005,-2.2789256644027733,2.2789256644027733,9.02755938309636,0.0002617856639406108,2.7755575615628914e-17,6.519782647096406e-07,0.1
random,37,66,0.719666893910859,0.14222775021302084,0.7818819435912319,0.07742241244691878,0.38304536680557616,0.3749409451604117,-2.2787795454976068,2.2787795454976068,9.027557004277204,0.00023631427269671615,0.0,5.31266579284484e-07,0.1
random,37,67,0.7196664610407655,0.1422229097564523,0.7818553336955961,0.0774276247403974,0.383071154491652,0.3750717214615535,-2.2786467439087907,2.2786467439087907,9.027551095796536,0.0002133124007089555,0.0,4.328700935474217e-07,0.1
random,37,68,0.7196661083653813,0.14221846938210336,0.7818309232094497,0.0774324312722264,0.3830949346825466,0.3751918228765728,-2.278526154525505,2.278526154525505,9.027542404052825,0.00019254297949396968,1.3877787807814457e-17,3.526753842297836e-07,0.1
random,37,69,0.7196658210412745,0.14221439572103078,0.7818085286905728,0.0774368640244384,0.3831168656085322,0.37530208121211933,-2.278416743086087,2.278416743086087,9.027531544720913,0.00017379133900619415,0.0,2.8732410672915876e-07,0.1
random,37,70,0.7196655869661225,0.1422106580121142,0.781787981032975,0.07744095267417239,0.3831370940964803,0.375403276672711,-2.2783175460575085,2.2783175460575085,9.027519025052325,0.00015686313993593494,2.7755575615628914e-17,2.3407515203910378e-07,0.1
random,37,71,0.7196653962743247,0.14220722794421675,0.7817691245991899,0.0774447247007961,0.38315575609984615,0.3754961379997072,-2.2782276693089942,2.2782276693089942,9.027505262367699,0.0001415824921753824,2.7755575615628914e-17,1.9069179779673817e-07,0.1
random,37,72,0.7196652409249736,0.14220407949782907,0.7817518163497293,0.0774482055019146,0.3831729772726187,0.37558134344522015,-2.2781462859103945,2.2781462859103945,9.027490599390982,0.00012779024249383311,0.0,1.5534935104977166e-07,0.1
random,37,73,0.7196651143653745,0.14220118878890003,0.7817359249845605,0.07745141851413309,0.38318887356679093,0.37565952235256395,-2.2780726333175583,2.2780726333175583,9.027475316965232,0.00011534241631639544,0.0,1.2655959913399073e-07,0.1
random,37,74,0.7196650112563467,0.1421985339168651,0.7817213301076567,0.07745438533538743,0.3832035518375874,0.3757312571620739,-2.278006010151119,2.278006010151119,9.027459644598155,0.00010410880003060233,5.551115123125783e-17,1.031090277603397e-07,0.1
random,37,75,0.7196649272480301,0.14219609481832152,0.7817079214225934,0.07745712584642345,0.3832171104444798,0.3757970856996511,-2.27794577272971,2.27794577272971,9.027443769209322,9.397165154128028e-05,1.3877787807814457e-17,8.400831663646358e-08,0.1
random,37,76,0.7196648587969583,0.14219385312735172,0.7816955979646903,0.07745965832962458,0.38322963983908337,0.3758575036366966,-2.27789133148181,2.27789133148181,9.027427842387421,8.482452790698634e-05,2.7755575615628914e-17,6.845107181074894e-08,0.1
random,37,77,0.7196648030168428,0.14219179204313812,0.781684267373238,0.07746199958388277,0.38324122313347797,0.3759129670354479,-2.2778421473308064,2.2778421473308064,9.027411986413211,7.657121986916932e-05,1.3877787807814457e-17,5.5780115526538054e-08,0.1
random,37,78,0.7196647575568833,0.1421898962052329,0.781673845205807,0.07746416503460242,0.38325193664444973,0.37596389491415716,-2.2777977281240314,2.2777977281240314,9.027396299259912,6.912478395202292e-05,2.7755575615628914e-17,4.545995946347858e-08,0.1
random,37,79,0.7196647205025507,0.1421881515766296,0.7816642542954455,0.07746616883823818,0.3832618504106888,0.3760106717829441,-2.277757625157582,2.277757625157582,9.027380858746424,6.240666359206972e-05,2.7755575615628914e-17,3.7054332602259876e-08,0.1
random,37,80,0.7196646902947065,0.1421865453346147,0.7816554241506489,0.07746802398101062,0.38327102868118296,0.3760536501142404,-2.2777214298336674,2.2777214298336674,9.027365725988513,5.634589146696709e-05,1.3877787807814457e-17,3.0207844226026737e-08,0.1
random,37,81,0.7196646656636845,0.1421850657692551,0.7816472903973041,0.0774697423716326,0.38327953037397844,0.3760931527221174,-2.2776887704754056,2.2776887704754056,9.027350948268133,5.0878365839208147e-05,0.0,2.463102199978806e-08,0.1
random,37,82,0.7196646455755752,0.1421837021892838,0.7816397942613066,0.07747133492802254,0.3832874095051921,0.3761294750329723,-2.277659309314741,2.277659309314741,9.027336561420272,4.594619432765095e-05,2.7755575615628914e-17,2.008810928710858e-08,0.1
random,37,83,0.7196646291884625,0.14218244483508322,0.7816328820901961,0.07747281165808866,0.3832947155886887,0.3761628872364329,-2.277632739662013,2.277632739662013,9.027322591819585,4.149709906747848e-05,0.0,1.638711266682691e-08,0.1
random,37,84,0.7196646158167698,0.14218128479842065,0.7816265049119099,0.07747418173474702,0.38330149400723146,0.3761936363102951,-2.2776087832602783,2.2776087832602783,9.02730905803487,3.748387772614909e-05,1.3877787807814457e-17,1.3371692753061382e-08,0.1
random,37,85,0.7196646049022215,0.1421802139485655,0.7816206180286203,0.07747545356539273,0.38330778635618834,0.3762219479170921,-2.2775871878233622,2.2775871878233622,9.027295972207678,3.3863915310086755e-05,4.163336342344337e-17,1.091454826518401e-08,0.1
random,37,86,0.7196645959901926,0.1421792248644024,0.7816151806435343,0.07747663485608178,0.3833136307610705,0.3762480281727428,-2.2775677247536343,2.2775677247536343,9.027283341201713,3.0598742129191204e-05,2.7755575615628914e-17,8.912028892638091e-09,0.1
random,37,87,0.7196645887104485,0.1421783107721524,0.7816101555185219,0.07747773267070418,0.3833190621702895,0.37627206528984686,-2.277550187033315,2.277550187033315,9.027271167561551,2.765363368485838e-05,0.0,7.2797441408312125e-09,0.1
random,37,88,0.7196645827614616,0.14217746548831683,0.7816055086604562,0.07747875348544336,0.38332411262459404,0.37629423109970955,-2.277534387281648,2.277534387281648,9.02725945031269,2.4997248615597308e-05,4.163336342344337e-17,5.948986858683725e-09,0.1
random,37,89,0.7196645778976442,0.14217668336746941,0.7816012090342062,0.07747970323882075,0.383328811504664,0.3763146824582348,-2.2775201559693037,2.2775201559693037,9.027248185629388,2.260130117227287e-05,0.0,4.863817459899167e-09,0.1
random,37,90,0.7196645739189494,0.14217595925453358,0.7815972283002861,0.07748058737762203,0.3833331857583296,0.37633356254152467,-2.277507339780821,2.277507339780821,9.027237367392267,2.044026500850356e-05,2.7755575615628914e-17,3.978694707029717e-09,0.1
random,37,91,0.719664570662411,0.14217528844120092,0.7815935405752709,0.07748141089899718,0.38333726010886,0.37635100203742794,-2.277495800115644,2.277495800115644,9.027226987653878,1.8491105357068704e-05,4.163336342344337e-17,3.2565384833205258e-09,0.1
random,37,92,0.7196645679952511,0.1421746666261619,0.7815901222131683,0.07748217838901442,0.38334105724570805,0.37636712023947955,-2.2774854117183057,2.2774854117183057,9.027217037027391,1.6733036927886415e-05,1.3877787807814457e-17,2.6671598263305896e-09,0.1
random,37,93,0.7196645658092727,0.14217408987884056,0.7815869516060546,0.07748289405793798,0.38334459799904647,0.37638202604970206,-2.2774760614284624,2.2774760614284624,9.027207505010972,1.5147305103484467e-05,1.3877787807814457e-17,2.185978398294708e-09,0.1
random,37,94,0.7196645640162932,0.14217355460634445,0.7815840090023857,0.07748356177248476,0.38334790149935616,0.37639581889664914,-2.277467647041773,2.277467647041773,9.027198380258296,1.3716988229745698e-05,1.3877787807814457e-17,1.7929795426141482e-09,0.1
random,37,95,0.7196645625444285,0.1421730575233598,0.7815812763414979,0.07748418508530112,0.38335098532326234,0.376408589574895,-2.2774600762729778,2.2774600762729778,9.02718965080393,1.2426819001632036e-05,0.0,1.4718647411982033e-09,0.1
random,37,96,0.7196645613350672,0.1421725956247407,0.7815787371029209,0.07748476726188595,0.3833538656267356,0.3764204210119254,-2.2774532658129822,2.2774532658129822,9.027181304250854,1.1263023128616752e-05,0.0,1.2093612777874796e-09,0.1
random,37,97,0.7196645603404083,0.14217216616056103,0.7815763761692284,0.07748531130517128,0.3833565572667039,0.37643138896811057,-2.2774471404721988,2.2774471404721988,9.027173327926148,1.021317363306722e-05,0.0,9.946589107912018e-10,0.1
random,37,98,0.7196645595214566,0.14217176661341407,0.7815741797012441,0.07748581997795664,0.383359073912046,0.37644156267512097,-2.277441632402882,2.277441632402882,9.02716570900996,9.266059288734242e-06,1.3877787807814457e-17,8.189516842449507e-10,0.1
random,37,99,0.7196645588463904,0.1421713946777621,0.7815721350245195,0.07748629582337972,0.38336142814486907,0.37645100541783333,-2.277436680393693,2.277436680393693,9.027158434641969,8.411565846520924e-06,0.0,6.750662251420181e-10,0.1
random,37,100,0.7196645582892319,0.1421710482411547,0.7815702305260829,0.07748674118359142,0.38336363155290376,0.37645977506443784,-2.277432229230194,2.277432229230194,9.027151492008898,7.640568822178697e-06,2.7755575615628914e-17,5.571584305030797e-10,0.1
random,37,101,0.7196645578287678,0.14217072536714884,0.7815684555605444,0.07748715821679077,0.38336569481378346,0.3764679245491362,-2.2774282291154484,2.2774282291154484,9.027144868416073,6.944836736287598e-06,0.0,4.60464111284864e-10,0.1
random,37,102,0.7196645574476666,0.14217042427977777,0.7815668003647157,0.07748754891276272,0.38336762777191735,0.3764755023115037,-2.2774246351453558,2.2774246351453558,9.027138551345535,6.316943802118383e-06,0.0,3.8110126165946667e-10,0.1
random,37,103,0.7196645571317617,0.14217014334942935,0.7815652559799771,0.07748791510704994,0.38336943950860497,0.37648255269627706,-2.2774214068337675,2.2774214068337675,9.027132528502788,5.7501911522037255e-06,2.7755575615628914e-17,3.1590485782828637e-10,0.1
random,37,104,0.7196645568694684,0.14216988108000564,0.7815638141816892,0.07748825849387923,0.38337113840598913,0.37648911631704196,-2.277418507682846,2.277418507682846,9.027126787854007,5.238535781169357e-06,0.0,2.622932981921622e-10,0.1
random,37,105,0.7196645566513067,0.14216963609724767,0.7815624674150092,0.07748858063795273,0.3833727322053929,0.37649523038701477,-2.277415904794502,2.277415904794502,9.027121317655164,4.776526459531735e-06,5.551115123125783e-17,2.1816171091870729e-10,0.1
random,37,106,0.7196645564695145,0.1421694071381186,0.7815612087365265,0.077488882985205,0.38337422806053983,0.376500929019849,-2.277413568519104,2.277413568519104,9.027116106474374,4.359245945314044e-06,2.7755575615628914e-17,1.817921368996167e-10,0.1
random,37,107,0.7196645563177334,0.1421691930411489,0.7815600317611856,0.07748916687261784,0.38337563258611257,0.3765062435031606,-2.2774114721379863,2.2774114721379863,9.027111143208511,3.982258882404078e-06,1.3877787807814457e-17,1.517811432094618e-10,0.1
random,37,108,0.7196645561907481,0.14216899273765482,0.7815589306140113,0.07748943353717734,0.38337695190206744,0.376511202547227,-2.277409591576578,2.277409591576578,9.027106417095023,3.641564833236905e-06,4.163336342344337e-17,1.2698531115518108e-10,0.1
random,37,109,0.7196645560842798,0.1421688052437506,0.7815578998861962,0.07748968412404988,0.3833781916740854,0.37651583251111326,-2.277407905145269,2.277407905145269,9.027101917719694,3.333555944628025e-06,1.3877787807814457e-17,1.0646827863780572e-10,0.1
random,37,110,0.7196645559948137,0.14216862965308077,0.7815569345951471,0.07748991969404685,0.3833793571505029,0.37652015760827706,-2.2774063933053883,2.2774063933053883,9.027097635021043,3.0549787924939347e-06,2.7755575615628914e-17,8.946610119409115e-11,0.1
random,37,111,0.7196645559194607,0.14216846513020684,0.7815560301481299,0.07749014123044219,0.3833804531960423,0.3765242000935262,-2.277405038457901,2.277405038457901,9.027093559291895,2.8028999932345423e-06,0.0,7.535305712735862e-11,0.1
random,37,112,0.7196645558558421,0.14216831090458773,0.781555182309177,0.07749034964520037,0.38338148432262403,0.37652798043303376,-2.2774038247526556,2.2774038247526556,9.027089681178591,2.574675207826741e-06,0.0,6.361855486858303e-11,0.1
random,37,113,0.719664555801999,0.14216816626509968,0.7815543871689609,0.07749054578466821,0.3833824547175269,0.37653151745896574,-2.2774027379162165,2.2774027379162165,9.02708599167827,2.367921199155395e-06,2.7755575615628914e-17,5.384315215906099e-11,0.1
random,37,114,0.7196645557563143,0.1421680305550453,0.7815536411173575,0.07749073043477811,0.3833833682691309,0.3765348285101348,-2.2774017650964926,2.2774017650964926,9.027082482134544,2.180490634493349e-06,1.3877787807814457e-17,4.568467826260303e-11,0.1
random,37,115,0.7196645557174534,0.1421679031676077,0.7815529408184556,0.07749090432580673,0.3833842285904608,0.3765379295599642,-2.2774008947225464,2.2774008947225464,9.027079144231868,2.010449354097279e-06,1.3877787807814457e-17,3.886091448634943e-11,0.1
random,37,116,0.7196645556843113,0.14216778354170778,0.7815522831877824,0.07749106813672854,0.38338503904072513,0.3765408353329323,-2.2774001163781152,2.2774001163781152,9.027075969988857,1.8560558530952357e-06,0.0,3.3142044664202785e-11,0.1
random,37,117,0.719664555655973,0.14216767115822823,0.7815516653715454,0.07749122249920108,0.38338580274503303,0.3765435594105555,-2.2773994206875177,2.2773994206875177,9.027072951750759,1.715742748560456e-06,0.0,2.8338331681254658e-11,0.1
random,37,118,0.7196645556316792,0.14216756553657062,0.7815510847277062,0.07749136800121378,0.38338652261244693,0.3765461143278778,-2.2773987992127527,2.2773987992127527,9.027070082181272,1.5881000262327036e-06,1.3877787807814457e-17,2.4293789202545213e-11,0.1
random,37,119,0.7196645556107985,0.1421674662315145,0.7815505388087123,0.07749150519043116,0.38338720135252274,0.37654851166133657,-2.2773982443606897,2.2773982443606897,9.02706735425385,1.4718598824925098e-06,0.0,2.0880741580242557e-11,0.1
random,37,120,0.7196645555928055,0.1421673728303515,0.7815500253457436,0.07749163457725698,0.3833878414904697,0.3765507621088042,-2.277397749299377,2.277397749299377,9.027064761242643,1.3658829970085976e-06,0.0,1.7992940470890062e-11,0.1
random,37,121,0.7196645555772616,0.1421672849502691,0.7815495422343287,0.07749175663764414,0.38338844538105255,0.37655287556251915,-2.2773973078825818,2.2773973078825818,9.027062296713178,1.2691460891164696e-06,5.551115123125783e-17,1.554389950086943e-11,0.1
random,37,122,0.7196645555637999,0.1421672022359609,0.7815490875212088,0.07749187181567298,0.38338901522134694,0.37655486117556636,-2.2773969145817547,2.2773969145817547,9.027059954512863,1.1807306286888643e-06,1.3877787807814457e-17,1.3461676218184948e-11,0.1
random,37,123,0.7196645555521137,0.1421671243574437,0.7815486593923359,0.07749198052591785,0.3833895530624489,0.37655672742249513,-2.277396564424692,2.277396564424692,9.027057728761404,1.099812586112409e-06,0.0,1.1686207557204398e-11,0.1
random,37,124,0.7196645555419443,0.1421670510080614,0.7815482561619008,0.07749208315562103,0.3833900608202293,0.37655848215461424,-2.2773962529402416,2.2773962529402416,9.027055613841231,1.0256531212987545e-06,2.7755575615628914e-17,1.0169420860961509e-11,0.1
random,37,125,0.7196645555330753,0.14216698190266017,0.7815478762623007,0.07749218006669062,0.38339054028521913,0.3765601326504498,-2.2773959761084708,2.2773959761084708,9.027053604387921,9.575901224356707e-07,0.0,8.869016632218063e-12,0.1
random,37,126,0.7196645555253232,0.14216691677591828,0.7815475182349576,0.0774922715975373,0.38339099313169644,0.37656168566180925,-2.27739573031574,2.27739573031574,9.027051695280734,8.950305172078518e-07,0.0,7.752132269445156e-12,0.1
random,37,127,0.719664555518533,0.14216685538081733,0.781547180721914,0.07749235806476477,0.3833914209260497,0.3765631474558521,-2.277395512314225,2.277395512314225,9.02704988163327,8.374432872841555e-07,2.7755575615628914e-17,6.790124018607457e-12,0.1
random,37,128,0.719664555512574,0.14216679748724212,0.7815468624581361,0.07749243976472557,0.38339182513447545,0.37656452385353084,-2.2773953191854295,2.2773953191854295,9.027048158784266,7.843531257613721e-07,2.7755575615628914e-17,5.959011062373065e-12,0.1
random,37,129,0.719664555507334,0.14216674288069728,0.7815465622644584,0.07749251697495445,0.3833922071300696,0.37656582026472846,-2.277395148307317,2.277395148307317,9.027046522288604,7.353346832843444e-07,2.7755575615628914e-17,5.240030631625814e-12,0.1
random,37,130,0.7196645555027181,0.14216669136113091,0.7815462790411167,0.07749258995548944,0.3833925681993635,0.37656704172039673,-2.2773949973246816,2.2773949973246816,9.027044967908484,6.900073541979473e-07,1.3877787807814457e-17,4.615863247181551e-12,0.1
random,37,131,0.7196645554986454,0.14216664274185514,0.7815460117618145,0.07749265895009042,0.3833929095483528,0.37656819290196203,-2.2773948641224684,2.2773948641224684,9.027043491604868,6.480305588426916e-07,2.7755575615628914e-17,4.072742143534924e-12,0.1
random,37,132,0.7196645554950456,0.1421665968485552,0.7815457594682748,0.07749272418736337,0.3833932323080597,0.37656927816824554,-2.277394746801723,2.277394746801723,9.027042089529104,6.090994814608128e-07,2.7755575615628914e-17,3.5997871350446076e-12,0.1
random,37,133,0.7196645554918597,0.1421665535183798,0.7815455212652398,0.07749278588179893,0.383393537539671,0.37657030158012145,-2.2773946436579346,2.2773946436579346,9.027040758014827,5.729412267357579e-07,1.3877787807814457e-17,3.1858959914643492e-12,0.1
random,37,134,0.7196645554890357,0.14216651259910434,0.7815452963158711,0.07749284423473166,0.3833938262392841,0.376571266923114,-2.277394553161527,2.277394553161527,9.027039493570102,5.393113603333376e-07,1.3877787807814457e-17,2.823963285436548e-12,0.1
random,37,135,0.7196645554865296,0.14216647394836246,0.7815450838375246,0.07749289943522739,0.3833940993422974,0.37657217772811863,-2.277394473940282,2.277394473940282,9.027038292869817,5.079908011624849e-07,0.0,2.506106433486366e-12,0.1
random,37,136,0.7196645554843027,0.14216643743293805,0.7815448830978591,0.07749295166090368,0.3833943577274691,0.37657303729041186,-2.2773944047635144,2.2773944047635144,9.027037152748326,4.787830353005553e-07,1.3877787807814457e-17,2.226885342793139e-12,0.1
random,37,137,0.7196645554823219,0.1421664029281141,0.781544693411256,0.07749300107868998,0.3833946022206782,0.3765738486871026,-2.277394344527817,2.277394344527817,9.027036070192375,4.51511623038396e-07,0.0,1.9808599205362043e-12,0.1
random,37,138,0.7196645554805579,0.14216637031707258,0.7815445141355204,0.07749304784553122,0.38339483359840587,0.37657461479316034,-2.2773942922442254,2.2773942922442254,9.027035042334239,4.2601797262188624e-07,1.3877787807814457e-17,1.7640333638269112e-12,0.1
random,37,139,0.7196645554789854,0.1421663394903411,0.7815443446688398,0.07749309210904051,0.3833950525909639,0.37657533829614714,-2.2773942470266593,2.2773942470266593,9.027034066445157,4.021593557576525e-07,0.0,1.5724088697766092e-12,0.1
random,37,140,0.7196645554775829,0.14216631034528282,0.7815441844469788,0.07749313400810423,0.3833952598854891,0.3765760217097642,-2.2773942080815197,2.2773942080815197,9.027033139928994,3.7980714188405937e-07,0.0,1.4025447470089603e-12,0.1
random,37,141,0.7196645554763305,0.14216628278562546,0.781544032940691,0.0774931736734437,0.3833954561287219,0.37657666738631695,-2.2773941746983173,2.2773941746983173,9.027032260316144,3.588452292687003e-07,2.7755575615628914e-17,1.252442594079639e-12,0.1
random,37,142,0.7196645554752117,0.1421662567210264,0.7815438896533273,0.07749321122813693,0.3833956419295874,0.37657727752819287,-2.2773941462412415,2.2773941462412415,9.027031425257704,3.391686532945206e-07,0.0,1.1187717419147702e-12,0.1
random,37,143,0.7196645554742112,0.1421662320666705,0.7815437541186255,0.07749324678810335,0.38339581786159405,0.37657785419843465,-2.2773941221415694,2.2773941221415694,9.027030632519843,3.206823534512056e-07,1.3877787807814457e-17,1.000532989792191e-12,0.1
random,37,144,0.719664555473316,0.14216620874289868,0.7815436258986683,0.07749328046255452,0.3833959844650632,0.3765783993304885,-2.277394101890834,2.277394101890834,9.027029879978432,3.033000821219387e-07,2.7755575615628914e-17,8.951728247552637e-13,0.1
random,37,145,0.7196645554725146,0.14216618667486386,0.7815435045819918,0.0774933123544137,0.3833961422492049,0.3765789147371957,-2.277394085034677,2.277394085034677,9.027029165613898,2.869434396774049e-07,2.7755575615628914e-17,8.01358979174438e-13,0.1
random,37,146,0.7196645554717972,0.1421661657922123,0.781543389781834,0.0774933425607062,0.3833962916940494,0.3765794021190933,-2.2773940711673157,2.2773940711673157,9.02702848750627,2.7154102208735865e-07,0.0,7.174261185127762e-13,0.1
random,37,147,0.7196645554711539,0.14216614602878866,0.7815432811345125,0.07749337117292311,0.3833964332522465,0.3765798630720798,-2.2773940599265674,2.2773940599265674,9.027027843830467,2.570276681344947e-07,4.163336342344337e-17,6.432632204678157e-13,0.1
random,37,148,0.7196645554705774,0.1421661273223624,0.7815431782979219,0.07749339827736058,0.3833965673507442,0.3765802990945005,-2.2773940509893706,2.2773940509893706,9.02702723285177,2.4334379484376785e-07,1.3877787807814457e-17,5.765388166878438e-13,0.1
random,37,149,0.7196645554700608,0.14216610961437393,0.781543080950137,0.07749342395543576,0.3833966943923516,0.3765807115937011,-2.2773940440677585,2.2773940440677585,9.027026652921506,2.304348111359039e-07,0.0,5.165867733580853e-13,0.1
random,37,150,0.7196645554695968,0.14216609284969883,0.7815429887881171,0.07749344828398205,0.38339681475719994,0.37658110189209093,-2.277394038905237,2.277394038905237,9.02702610247291,2.1825060003212507e-07,4.163336342344337e-17,4.639622019908529e-13,0.1
random,37,151,0.7196645554691808,0.14216607697642933,0.7815429015265046,0.07749347133552462,0.38339692880410575,0.3765814712327586,-2.277394035273527,2.277394035273527,9.02702558001718,2.0674506170676763e-07,0.0,4.1600056732704616e-13,0.1
random,37,152,0.7196645554688073,0.14216606194567044,0.7815428188965049,0.07749349317853775,0.3833970368718437,0.37658182078467634,-2.277394032969635,2.277394032969635,9.02702508413971,1.9587570973264494e-07,0.0,3.735900477863652e-13,0.1
random,37,153,0.7196645554684717,0.14216604771135105,0.7815427406448465,0.07749351387768556,0.38339713928033775,0.3765821516475239,-2.2773940318132238,2.2773940318132238,9.027024613496492,1.8560331435602e-07,0.0,3.355093980417223e-13,0.1
random,37,154,0.7196645554681704,0.14216603423004767,0.7815426665328138,0.07749353349404696,0.38339723633177425,0.3765824648561651,-2.2773940316442425,2.2773940316442425,9.027024166810678,1.7589158685641964e-07,0.0,3.013145288832675e-13,0.1
random,37,155,0.7196645554678996,0.14216602146082055,0.7815425963353445,0.07749355208532616,0.3833973283116433,0.3765827613848045,-2.2773940323208026,2.2773940323208026,9.027023742869304,1.667069001443826e-07,0.0,2.707833957060757e-13,0.1
random,37,156,0.7196645554676566,0.14216600936506085,0.7815425298401909,0.07749356970604991,0.3833974154897146,0.3765830421508473,-2.2773940337172673,2.2773940337172673,9.027023340520172,1.5801804103923583e-07,0.0,2.4302782009044677e-13,0.1
random,37,157,0.719664555467438,0.14216599790634812,0.7815424668471352,0.07749358640775206,0.38339749812095053,0.3765833080184887,-2.2773940357225335,2.2773940357225335,9.027022958668866,1.497959904006658e-07,1.3877787807814457e-17,2.1860291354869332e-13,0.1
random,37,158,0.7196645554672415,0.1421659870503176,0.7815424071672611,0.07749360223914659,0.38339757644636213,0.376583559802052,-2.2773940382384916,2.2773940382384916,9.027022596275911,1.4201372767245687e-07,1.3877787807814457e-17,1.965094753586527e-13,0.1
random,37,159,0.7196645554670648,0.142165976764536,0.7815423506222696,0.07749361724628988,0.38339765069381226,0.3765837982690955,-2.277394041178644,2.277394041178644,9.027022252354072,1.3464605683814447e-07,2.7755575615628914e-17,1.7674750552032492e-13,0.1
random,37,160,0.7196645554669061,0.14216596701838582,0.7815422970438447,0.07749363147273282,0.38339772107876774,0.376584024143306,-2.2773940444668574,2.2773940444668574,9.027021925965778,1.276694512011482e-07,2.7755575615628914e-17,1.5865087021893487e-13,0.1
random,37,161,0.7196645554667633,0.14216595778295707,0.7815422462730565,0.07749364495966359,0.38339778780500605,0.3765842381071949,-2.2773940480362516,2.2773940480362516,9.027021616220654,1.2106191449882978e-07,1.3877787807814457e-17,1.4277468096679513e-13,0.1
random,37,162,0.719664555466635,0.14216594903094598,0.7815421981598055,0.07749365774604175,0.3833978510652786,0.3765844408046118,-2.277394051828197,2.277394051828197,9.027021322273196,1.1480285686863211e-07,0.0,1.283417816466681e-13,0.1
random,37,163,0.7196645554665194,0.1421659407365605,0.7815421525623027,0.07749366986872412,0.38339791104193355,0.37658463284308985,-2.2773940557914205,2.2773940557914205,9.027021043320543,1.0887298325907174e-07,4.163336342344337e-17,1.155742168634788e-13,0.1
random,37,164,0.7196645554664156,0.1421659328754317,0.7815421093465824,0.07749368136258308,0.3833979679075011,0.37658481479603545,-2.2773940598811957,2.2773940598811957,9.02702077860035,1.032541930360005e-07,1.3877787807814457e-17,1.0380585280245214e-13,0.1
random,37,165,0.7196645554663222,0.14216592542453063,0.7815420683860456,0.07749369226061774,0.38339802182524335,0.3765849872047723,-2.277394064058625,2.277394064058625,9.02702052738878,9.792948980218268e-08,2.7755575615628914e-17,9.336975637097567e-14,0.1
random,37,166,0.7196645554662381,0.14216591836209086,0.7815420295610334,0.07749370259405844,0.3833980729496718,0.3765851505804522,-2.2773940682899925,2.2773940682899925,9.027020288998575,9.288289962426937e-08,1.3877787807814457e-17,8.415490526658687e-14,0.1
random,37,167,0.7196645554661626,0.14216591166753545,0.7815419927584264,0.0774937123924653,0.3833981214270343,0.3765853054058418,-2.2773940725461843,2.2773940725461843,9.027020062777238,8.809939708603585e-08,1.3877787807814457e-17,7.549516567451064e-14,0.1
random,37,168,0.7196645554660945,0.1421659053214088,0.7815419578712695,0.07749372168382054,0.38339816739577204,0.3765854521369936,-2.2773940768021705,2.2773940768021705,9.027019848105295,8.356483825299487e-08,0.0,6.80566714095221e-14,0.1
random,37,169,0.7196645554660334,0.14216589930531248,0.7815419247984192,0.07749373049461566,0.38339821098695115,0.37658559120481055,-2.27739408103654,2.27739408103654,9.027019644394636,7.926589951956651e-08,2.7755575615628914e-17,6.117328865684613e-14,0.1
random,37,170,0.7196645554659782,0.1421658936018451,0.7815418934442133,0.07749373884993363,0.38339825232466895,0.37658572301651044,-2.2773940852310846,2.2773940852310846,9.027019451086948,7.519002200256901e-08,1.3877787807814457e-17,5.517808432387028e-14,0.1
random,37,171,0.7196645554659287,0.1421658881945458,0.78154186371816,0.07749374677352587,0.38339829152643495,0.3765858479569986,-2.2773940893704316,2.2773940893704316,9.027019267652221,7.132536057332714e-08,2.7755575615628914e-17,4.951594689828198e-14,0.1
random,37,172,0.7196645554658839,0.14216588306784136,0.7815418355346472,0.07749375428788538,0.3833983287035327,0.3765859663901543,-2.2773940934417065,2.2773940934417065,9.027019093587326,6.766073725685711e-08,1.3877787807814457e-17,4.474198789239381e-14,0.1
random,37,173,0.719664555465844,0.14216587820699625,0.7815418088126677,0.07749376141431513,0.38339836396135807,0.37658607866003674,-2.2773940974342404,2.2773940974342404,9.027018928414659,6.418559848482034e-08,2.7755575615628914e-17,3.9968028886505635e-14,0.1
random,37,174,0.7196645554658075,0.14216587359806562,0.7815417834755614,0.07749376817299282,0.3833983973997397,0.3765861850920176,-2.277394101339301,2.277394101339301,9.027018771680863,6.088997555670412e-08,1.3877787807814457e-17,3.6415315207705135e-14,0.1
random,37,175,0.7196645554657752,0.1421658692278516,0.7815417594507741,0.07749377458303199,0.3833984291132413,0.3765862859938427,-2.2773941051498623,2.2773941051498623,9.02701862295561,5.776444854539397e-08,0.0,3.2307490016592055e-14,0.1
random,37,176,0.7196645554657459,0.14216586508386145,0.7815417366696286,0.07749378066253945,0.383398459191446,0.37658638165663016,-2.2773941088603875,2.2773941088603875,9.027018481830428,5.4800112458401456e-08,0.0,2.930988785010413e-14,0.1
random,37,177,0.7196645554657197,0.1421658611542688,0.7815417150671106,0.07749378642866964,0.38339848771922475,0.37658647235580667,-2.277394112466644,2.277394112466644,9.027018347917608,5.198854648582519e-08,2.7755575615628914e-17,2.6201263381153694e-14,0.1
random,37,178,0.719664555465696,0.14216585742787669,0.7815416945816659,0.07749379189767583,0.3833985147769903,0.3765865583519897,-2.2773941159655386,2.2773941159655386,9.027018220849156,4.932178494033729e-08,0.0,2.375877272697835e-14,0.1
random,37,179,0.7196645554656746,0.14216585389408326,0.781541675155012,0.07749379708495868,0.3833985404409369,0.3765866398918136,-2.2773941193549643,2.2773941193549643,9.027018100275791,4.679229067860789e-08,0.0,2.1316282072803006e-14,0.1
random,37,180,0.7196645554656553,0.14216585054284891,0.7815416567319573,0.07749380200511169,0.3833985647832656,0.37658671720871023,-2.277394122633671,2.277394122633671,9.027017985866008,4.439293011721207e-08,2.7755575615628914e-17,1.9317880628477724e-14,0.1
random,37,181,0.7196645554656382,0.1421658473646657,0.7815416392602328,0.07749380667196454,0.3833985878723984,0.37658679052364036,-2.277394125801146,2.277394125801146,9.027017877305173,4.2116950099821784e-08,2.7755575615628914e-17,1.709743457922741e-14,0.1
random,37,182,0.7196645554656226,0.1421658443505283,0.7815416226903327,0.07749381109862369,0.38339860977317913,0.3765868600457838,-2.277394128857513,2.277394128857513,9.027017774294663,3.995795618333926e-08,0.0,1.5654144647214707e-14,0.1
random,37,183,0.7196645554656085,0.14216584149190678,0.7815416069753647,0.077493815297511,0.3833986305470646,0.3765869259731885,-2.277394131803435,2.277394131803435,9.02701767655107,3.790989245246879e-08,4.163336342344337e-17,1.4099832412739488e-14,0.1
random,37,184,0.7196645554655962,0.14216583878072098,0.7815415920709088,0.07749381928040015,0.38339865025230485,0.37658698849338207,-2.2773941346400384,2.2773941346400384,9.027017583805419,3.5967022592286095e-08,1.3877787807814457e-17,1.2323475573339238e-14,0.1
random,37,185,0.7196645554655847,0.14216583620931586,0.7815415779348824,0.07749382305845089,0.38339866894411234,0.37658704778394814,-2.277394137368835,2.277394137368835,9.02701749580244,3.4123912175236744e-08,0.0,1.1435297153639112e-14,0.1
random,37,186,0.7196645554655744,0.1421658337704389,0.7815415645274155,0.07749382664224166,0.38339868667482374,0.37658710401306883,-2.277394139991663,2.277394139991663,9.027017412299871,3.237541194772518e-08,1.3877787807814457e-17,1.0325074129013956e-14,0.1
random,37,187,0.7196645554655653,0.14216583145721837,0.7815415518107315,0.07749383004180037,0.3833987034940518,0.37658715734003684,-2.2773941425106274,2.2773941425106274,9.027017333067802,3.071664233821591e-08,1.3877787807814457e-17,9.103828801926284e-15,0.1
random,37,188,0.719664555465557,0.14216582926314286,0.7815415397490345,0.07749383326663337,0.383398719448829,0.3765872079157378,-2.277394144928053,2.277394144928053,9.02701725788804,2.914297874579722e-08,2.7755575615628914e-17,8.326672684688674e-15,0.1
random,37,189,0.7196645554655496,0.14216582718204207,0.7815415283084041,0.07749383632575299,0.3833987345837436,0.3765872558831058,-2.277394147246439,2.277394147246439,9.027017186553527,2.7650037694437558e-08,0.0,7.327471962526033e-15,0.1
random,37,190,0.7196645554655429,0.14216582520806847,0.781541517456694,0.07749383922770361,0.3833987489410686,0.37658730137755236,-2.2773941494684244,2.2773941494684244,9.027017118867759,2.6233663966703936e-08,1.3877787807814457e-17,6.772360450213455e-15,0.1
random,37,191,0.7196645554655368,0.14216582333568017,0.7815415071634382,0.07749384198058622,0.3833987625608835,0.376587344527372,-2.27739415159675,2.27739415159675,9.02701705464426,2.488991825573183e-08,0.0,6.106226635438361e-15,0.1
random,37,192,0.7196645554655313,0.14216582155962473,0.7815414973997622,0.07749384459208161,0.3833987754811889,0.37658738545412496,-2.2773941536342335,2.2773941536342335,9.027016993706066,2.3615065748539666e-08,0.0,5.440092820663267e-15,0.1
random,37,193,0.7196645554655263,0.1421658198749236,0.7815414881382967,0.07749384706947264,0.3833987877380164,0.3765874242729976,-2.2773941555837425,2.2773941555837425,9.027016935885252,2.2405565195159398e-08,0.0,4.9960036108132044e-15,0.1
random,37,194,0.719664555465522,0.14216581827685779,0.7815414793530997,0.07749384941966489,0.3833987993655313,0.3765874610931445,-2.2773941574481738,2.2773941574481738,9.027016881022451,2.1258058673810662e-08,2.7755575615628914e-17,4.3298697960381105e-15,0.1
random,37,195,0.719664555465518,0.14216581676095397,0.7815414710195795,0.07749385164920643,0.3833988103961299,0.3765874960180094,-2.277394159230432,2.277394159230432,9.027016828966444,2.0169361918065216e-08,1.3877787807814457e-17,3.9968028886505635e-15,0.1
random,37,196,0.7196645554655146,0.1421658153229716,0.7815414631144243,0.07749385376430662,0.38339882086053295,0.3765875291456306,-2.2773941609334196,2.2773941609334196,9.027016779573726,1.9136455235655514e-08,2.7755575615628914e-17,3.4416913763379853e-15,0.1
random,37,197,0.7196645554655113,0.14216581395889058,0.7815414556155338,0.07749385577085369,0.38339883078787224,0.3765875605689282,-2.2773941625600154,2.2773941625600154,9.027016732708121,1.81564747239947e-08,2.7755575615628914e-17,3.219646771412954e-15,0.1
random,37,198,0.7196645554655083,0.1421658126648997,0.7815414485019564,0.07749385767443152,0.3833988402057739,0.3765875903759756,-2.277394164113068,2.277394164113068,9.027016688240412,1.7226704240339078e-08,0.0,2.9976021664879227e-15,0.1
random,37,199,0.7196645554655057,0.14216581143738552,0.7815414417538277,0.07749385948033555,0.383398849140437,0.3765876186502564,-2.277394165595386,2.277394165595386,9.027016646047972,1.6344567636046036e-08,1.3877787807814457e-17,2.6645352591003757e-15,0.1
random,37,200,0.7196645554655036,0.1421658102729222,0.7815414353523142,0.07749386119358778,0.3833988576167078,0.376587645470908,-2.277394167009726,2.277394167009726,9.027016606014447,1.5507621462498605e-08,1.3877787807814457e-17,2.1094237467877974e-15,0.1
random,37,201,0.7196645554655013,0.14216580916826133,0.7815414292795585,0.07749386281895096,0.3833988656581497,0.3765876709129504,-2.27739416835879,2.27739416835879,9.027016568029424,1.4713548022129128e-08,0.0,2.220446049250313e-15,0.1
random,37,202,0.7196645554654996,0.14216580812032292,0.7815414235186285,0.0774938643609421,0.3833988732871107,0.3765876950475042,-2.277394169645219,2.277394169645219,9.027016531988133,1.3960148899169096e-08,1.3877787807814457e-17,1.7763568394002505e-15,0.1
random,37,203,0.7196645554654977,0.14216580712618646,0.7815414180534689,0.07749386582384528,0.383398880524786,0.37658771794199514,-2.2773941708715855,2.2773941708715855,9.027016497791154,1.324533872773052e-08,4.163336342344337e-17,1.887379141862766e-15,0.1
random,37,204,0.7196645554654963,0.1421658061830826,0.7815414128688558,0.07749386721172363,0.383398887391278,0.37658773966034953,-2.2773941720403945,2.2773941720403945,9.027016465344152,1.256713930049225e-08,0.0,1.3322676295501878e-15,0.1
feature_informed,0,0,1.0930267660820678,0.18640516856228956,1.0247426066477368,0.23867461011817512,1.1808364101619089,0.2926070855578802,-3.567702510629925,3.567702510629925,10.998290698704563,0.39466527252985595,1.3877787807814457e-16,0.09844179968205413,0.1
feature_informed,0,1,0.9145802998359528,0.13302318704825467,0.7312808356752553,0.24807330580083495,1.22733621198256,0.5928562008387132,-3.2462678970700662,3.2462678970700662,10.933949161671299,0.21784894413429945,2.7755575615628914e-17,0.17844646624611504,0.025
feature_informed,0,2,0.9131091510092743,0.13735464273328113,0.7550925530406456,0.24142378771694317,1.1944378946474998,0.48180262566915116,-3.353717136647609,3.353717136647609,8.696194776364619,0.0211390692215272,2.7755575615628914e-17,0.0014711488266785366,0.0032812500000000003
feature_informed,0,3,0.9112966768297162,0.13754976617172715,0.7561652234095706,0.24006038088327972,1.1876924748885391,0.4724964055040353,-3.3627933210142604,3.3627933210142604,8.738505346899803,0.0025267481854129702,2.7755575615628914e-17,0.001812474179558099,0.0034453125000000005
feature_informed,0,4,0.9095471933610144,0.13774425618381436,0.7572344115843964,0.23868958189099923,1.18091048261757,0.46393764018324496,-3.3700169959184123,3.3700169959184123,8.748823511152564,0.0025408365598814345,1.3877787807814457e-17,0.0017494834687017402,0.0036175781250000006
feature_informed,0,5,0.9078423214663291,0.1379384729182619,0.7583020974444366,0.23730361176502393,1.1740534315582303,0.45602390493444117,-3.375931156005705,3.375931156005705,8.757667256350036,0.002567076630243254,2.7755575615628914e-17,0.001704871894685267,0.0037984570312500007
feature_informed,0,6,0.9061639249167137,0.13813262317173808,0.7593694178324012,0.23589402577546473,1.1670795416295885,0.448669761350157,-3.3806463593787406,3.3806463593787406,8.765328029463806,0.0026065329134260192,2.7755575615628914e-17,0.0016783965496154352,0.003988379882812501
feature_informed,0,7,0.9044930233261368,0.13832675691616225,0.7604366474636066,0.2344513202943438,1.15994179388003,0.4418008925842426,-3.384171843912314,3.384171843912314,8.772034054970373,0.0026610378767687095,2.7755575615628914e-17,0.0016709015905769231,0.004187798876953127
feature_informed,0,8,0.9028088719740623,0.13852074955355598,0.7615031013739062,0.23296451755770542,1.1525858761086272,0.43535076916475857,-3.3864428254557817,3.3864428254557817,8.77797622808645,0.0027330985051321477,2.7755575615628914e-17,0.0016841513520744478,0.004397188820800783
feature_informed,0,9,0.9010880757427354,0.13871427327646277,0.762566977476641,0.23142068246727868,1.1449477922539646,0.429258945717635,-3.387308650384931,3.387308650384931,8.783323742630339,0.0028258459669909903,2.7755575615628914e-17,0.0017207962313269265,0.004617048261840823
feature_informed,0,10,0.8993036417185526,0.13890676000325552,0.7636251528034308,0.22980432517874122,1.1369509067151526,0.42347050437191325,-3.3864775981678354,3.3864775981678354,8.788233756215313,0.0029430061979637497,2.7755575615628914e-17,0.0017844340241828238,0.004847900674932864
feature_informed,0,11,0.8974267381398943,0.139098367188904,0.7646784929462405,0.22809821198705227,1.1285099561858678,0.4179037938374701,-3.3834691440487785,3.3834691440487785,8.792857186468854,0.0030854978780340747,2.7755575615628914e-17,0.0018769035786583288,0.005090295708679508
feature_informed,0,12,0.8954584387652004,0.13930202832776062,0.7657980984159516,0.22628911873764695,1.119559514506218,0.4121998632668207,-3.3787447384591327,3.3787447384591327,8.797341858231084,0.003221220916526066,1.3877787807814457e-17,0.0019682993746938937,0.005344810494113484
feature_informed,0,13,0.8934729363821822,0.13956338871263435,0.767234899359486,0.2243619232799313,1.1100247652304465,0.40540570554956074,-3.375724663047267,3.375724663047267,8.80214803723594,0.0033254703576786012,2.7755575615628914e-17,0.0019855023830182006,0.005612051018819158
feature_informed,0,14,0.8913245966710525,0.13982801272447032,0.7686896417454502,0.22229560266806042,1.0998016978821556,0.3985694089142591,-3.3706163673816496,3.3706163673816496,8.809101079322755,0.0035400641292712394,2.7755575615628914e-17,0.00214833971112971,0.005892653569760116
feature_informed,0,15,0.8892022484379005,0.14012106048237508,0.7703006406551035,0.22017564764332348,1.0893132756747177,0.3914844902789344,-3.3656160627919434,3.3656160627919434,8.816406821221737,0.003538695772627076,1.3877787807814457e-17,0.0021223482331519383,0.006187286248248122
feature_informed,0,16,0.8871069947375743,0.14048509698104406,0.7723018926238026,0.2179552970620304,1.0783281490690144,0.38298538002468785,-3.365233120442711,3.365233120442711,8.824590555885031,0.003674372686178534,2.7755575615628914e-17,0.0020952537003262606,0.006496650560660528
feature_informed,0,17,0.8848217811842899,0.14083668648982706,0.774234718588228,0.21560143994050984,1.0666825023366948,0.37475116658945196,-3.3623607264311035,3.3623607264311035,8.8361246141934,0.003926353380096774,1.3877787807814457e-17,0.002285213553284371,0.006821483088693555
feature_informed,0,18,0.8823840218239534,0.14122205192913687,0.7763532241416742,0.21307070317748994,1.0541617481901622,0.3657866667015727,-3.3596115695122517,3.3596115695122517,8.847625795509758,0.004149788544914357,2.7755575615628914e-17,0.002437759360336522,0.007162557243128233
feature_informed,0,19,0.8797003486639223,0.1415993074824908,0.7784271464588393,0.21035405714052885,1.0407212127583567,0.3569968563020381,-3.354239189319664,3.354239189319664,8.861142889964752,0.004461047798237428,1.3877787807814457e-17,0.0026836731600310415,0.007520685105284645
feature_informed,0,20,0.8769251749895915,0.1419678103473459,0.7804529518010478,0.20755744531060252,1.0268850486509493,0.3486419897606841,-3.3483653433030423,3.3483653433030423,8.874852798309185,0.004589609667594448,2.7755575615628914e-17,0.0027751736743307776,0.007896719360548877
feature_informed,0,21,0.8739784802329843,0.14232627925998115,0.7824235965571414,0.20462354075090547,1.0123696323428848,0.34068374729407014,-3.3423684137637277,3.3423684137637277,8.888339706210312,0.004908685307476916,2.7755575615628914e-17,0.0029466947566072488,0.008291555328576321
feature_informed,0,22,0.8706917566092196,0.14267244481959152,0.7843266049373423,0.20143231392959468,0.9965811208551181,0.3330152269243338,-3.332984233832733,3.332984233832733,8.901754932355862,0.005304344818362454,2.7755575615628914e-17,0.003286723623764698,0.008706133095005139
feature_informed,0,23,0.8669892248669848,0.14301502572882574,0.7862099070830074,0.19790978504713092,0.9791535010584391,0.3254341929011946,-3.3196438525415415,3.3196438525415415,8.915364379204053,0.005758652053202285,2.7755575615628914e-17,0.0037025317422347825,0.009141439749755396
feature_informed,0,24,0.862998774749229,0.14335226771631782,0.7880638590737121,0.19414195616912028,0.9605122659299454,0.318228139614586,-3.301848353469591,3.301848353469591,8.929516708204972,0.006022962000385075,2.7755575615628914e-17,0.003990450117755784,0.009598511737243166
feature_informed,0,25,0.8589454743449294,0.14368185808091685,0.7898757470806282,0.1902851621854662,0.9414308782610301,0.3118094446920073,-3.2822932447553503,3.2822932447553503,8.943876879894455,0.006341983205397382,0.0,0.004053300404299631,0.010078437324105325
feature_informed,0,26,0.8549496268655238,0.1440397827192387,0.7918433997465189,0.18635235213797968,0.9219734030984089,0.30573726281032393,-3.2611522973154012,3.2611522973154012,8.957941566583218,0.006244402378704954,2.7755575615628914e-17,0.003995847479405623,0.010582359190310591
feature_informed,0,27,0.8516199145680298,0.14442466415338479,0.7939592445330081,0.18275989255676686,0.9041998029930994,0.30100530419998794,-3.251436604263888,3.251436604263888,8.971080058880741,0.0060831155594978596,1.3877787807814457e-17,0.003329712297494014,0.011111477149826122
feature_informed,0,28,0.8481094216033003,0.1447984594581011,0.796014144500976,0.1789974067848136,0.8855850027425042,0.2970256254194224,-3.237341320007578,3.237341320007578,8.982021652599188,0.006392550950491019,1.3877787807814457e-17,0.0035104929647294947,0.011667051007317429
feature_informed,0,29,0.8447308269948137,0.14522569347305908,0.7983628181000684,0.17520240655146074,0.866809338041943,0.2925637890927679,-3.2248328216171966,3.2248328216171966,8.992934133864354,0.006282606206772197,0.0,0.0033785946084865515,0.0122504035576833
feature_informed,0,30,0.8414219969151919,0.14566717358063958,0.8007898080795548,0.17138382505342079,0.8479170056492198,0.2885038944322078,-3.2163397749133065,3.2163397749133065,9.004867927850704,0.006507536153451505,0.0,0.003308830079621794,0.012862923735567466
feature_informed,0,31,0.8378663539503242,0.14609335417214464,0.8031326905951522,0.1673620475767081,0.8280193664503122,0.2851199439138193,-3.2040495568651632,3.2040495568651632,9.016624416488941,0.006883746937137538,2.7755575615628914e-17,0.0035556429648677668,0.013506069922345841
feature_informed,0,32,0.8341600971496741,0.14657533428616615,0.8057823250564935,0.16313169216805032,0.8070897933717383,0.2805090501436934,-3.1944177389692774,3.1944177389692774,9.028667034475985,0.0072113727617955075,2.7755575615628914e-17,0.003706256800650065,0.014181373418463135
feature_informed,0,33,0.8300635823523373,0.1470275941022593,0.8082685753380701,0.15860205445503156,0.784679528896071,0.2769226862476706,-3.1810631318221962,3.1810631318221962,9.043923102291226,0.007750031779615613,2.7755575615628914e-17,0.004096514797336748,0.014890442089386292
feature_informed,0,34,0.8254500060094866,0.14745270455266662,0.8106055748666965,0.1536639701470729,0.7602484855421104,0.27433703473936594,-3.162661211804682,3.162661211804682,9.059206613909888,0.008407572722950594,1.3877787807814457e-17,0.004613576342850756,0.015634964193855606
feature_informed,0,35,0.820157733033746,0.14785386218749091,0.8128108963368955,0.14817771471696853,0.733105379854798,0.27273215817374885,-3.136561362637753,3.136561362637753,9.074732238537287,0.009205568424744813,2.7755575615628914e-17,0.005292272975740642,0.01641671240354839
feature_informed,0,36,0.8141504671807399,0.1483274947831963,0.8154146412033061,0.14194375289006358,0.7022630162656253,0.27023732211854024,-3.1025176016657774,3.1025176016657774,9.090761631270238,0.009971343907318965,1.3877787807814457e-17,0.0060072658530060385,0.017237548023725808
feature_informed,0,37,0.8078989693602818,0.1489787808910357,0.8189950173751063,0.13530633047357224,0.6694245419296364,0.2629657084654299,-3.070198544098428,3.070198544098428,9.110796133668643,0.010391573512827051,1.3877787807814457e-17,0.006251497820458085,0.018099425424912097
feature_informed,0,38,0.8037275417637316,0.14900962619478664,0.8191645861548368,0.13182134679503224,0.6521826760503858,0.2630843313500759,-3.0505936614690943,3.0505936614690943,9.140364304940347,0.008804577704915441,2.7755575615628914e-17,0.0041714275965502035,0.019004396696157704
feature_informed,0,39,0.7994627141498839,0.14896242184868091,0.8189050852780824,0.12841223277588107,0.6353161733326735,0.264548568581537,-3.023343011197743,3.023343011197743,9.151183920310467,0.00865260280265113,1.3877787807814457e-17,0.0042648276138477215,0.01995461653096559
feature_informed,0,40,0.7974652257056757,0.14839383621932828,0.8157793461989614,0.1280430881556773,0.6334898399495954,0.2725825606905586,-3.011238475871925,3.011238475871925,9.159664743648223,0.006502294365576321,1.3877787807814457e-17,0.0019974884442082175,0.02095234735751387
feature_informed,0,41,0.7954203729027847,0.14788349528301953,0.8129738011307338,0.12746522101616836,0.6306308573446572,0.2803230771856996,-2.998641523680205,2.998641523680205,9.150519834861484,0.0067160531069294215,0.0,0.0020448528028910173,0.021999964725389565
feature_informed,0,42,0.7932610128300195,0.1474333911184643,0.8104994013144261,0.1266300715598875,0.6264989771860803,0.2876171754767991,-2.9853230726688773,2.9853230726688773,9.14166176648309,0.0070435037933771006,2.7755575615628914e-17,0.002159360072765182,0.023099962961659042
feature_informed,0,43,0.7909066595783221,0.14704513029398847,0.8083649786886951,0.12547922897436442,0.6208052135022194,0.2943162218624599,-2.970861017625694,2.970861017625694,9.133323721730378,0.007505729814409225,1.3877787807814457e-17,0.0023543532516974164,0.024254961109741995
feature_informed,0,44,0.7882588841418549,0.14671981124481132,0.8065765717844382,0.12394053164160188,0.6131925485696343,0.300283181611176,-2.9545452545571482,2.9545452545571482,9.125793054462482,0.008124884559380638,0.0,0.0026477754364672146,0.025467709165229096
feature_informed,0,45,0.7851951145059223,0.1464579008597731,0.805136747273443,0.12192265310056367,0.6032091471036699,0.30540267274922683,-2.935207254595097,2.935207254595097,9.119409871571236,0.008924565223711071,2.7755575615628914e-17,0.0030637696359325783,0.02674109462349055
feature_informed,0,46,0.7815600994919252,0.14625915246339768,0.8040441490834913,0.11930753134401666,0.5902709004019855,0.3095926257881044,-2.9108364724901423,2.9108364724901423,9.114555686666405,0.009930961212578457,1.3877787807814457e-17,0.0036350150139971005,0.02807814935466508
feature_informed,0,47,0.7771538567650177,0.14612262579923418,0.8032936082546566,0.11593968473743142,0.5736085671319028,0.31281508791049484,-2.877183862402986,2.877183862402986,9.111631826070528,0.01117487357406952,1.3877787807814457e-17,0.004406242726907483,0.029482056822398333
feature_informed,0,48,0.7719490030377197,0.14619005697886178,0.8036643039993823,0.11165860328787384,0.5524280282886497,0.31093767966020713,-2.834096880914691,2.834096880914691,9.111032682926313,0.01236119420851437,4.163336342344337e-17,0.005204853727297953,0.03095615966351825
feature_informed,0,49,0.7686138561937963,0.1458357542259392,0.8017165622636104,0.10948150469077995,0.5416568897469841,0.31912212059342426,-2.803056489036578,2.803056489036578,9.120530525420262,0.009139603866242572,1.3877787807814457e-17,0.003335146843923442,0.032503967646694165
feature_informed,0,50,0.7662264445953274,0.1451818426618618,0.7981217529251244,0.10864635373725764,0.5375250021808442,0.3325387935627301,-2.778858258572084,2.778858258572084,9.11981124402414,0.008995863736899475,0.0,0.0023874115984688915,0.03412916602902887
feature_informed,0,51,0.7635681606597412,0.14461120091817495,0.7949847105759351,0.10740505453158355,0.5313837067274264,0.3448370104593331,-2.751567966522823,2.751567966522823,9.109776316349567,0.00965123519507145,2.7755575615628914e-17,0.002658283935586203,0.03583562433048032
feature_informed,0,52,0.760443965494452,0.14411667249764776,0.7922660931329694,0.10562691385600066,0.52258640209968,0.3559779511980514,-2.7185343453206965,2.7185343453206965,9.101009717063478,0.010655823363347085,2.7755575615628914e-17,0.0031241951652891675,0.03762740554700434
feature_informed,0,53,0.7568441045034355,0.14371516738677156,0.790058861450098,0.1033017379121426,0.511082654745989,0.36529294729364803,-2.676783396979527,2.676783396979527,9.09359961094781,0.01143938040080936,2.7755575615628914e-17,0.0035998609910165014,0.03950877582435456
feature_informed,0,54,0.7534288053243309,0.14353222688643694,0.7890531654888742,0.10081827786397737,0.4987958009134681,0.3693998097930815,-2.653973803681752,2.653973803681752,9.087598457441532,0.011652097456629863,1.3877787807814457e-17,0.0034152991791046583,0.04148421461557229
feature_informed,0,55,0.7493769340818441,0.1435146903245556,0.788956760103377,0.09756248177162208,0.4826878346408409,0.3698740534410116,-2.632481306004153,2.632481306004153,9.085339791429371,0.013005713679665623,1.3877787807814457e-17,0.004051871242486738,0.04355842534635091
feature_informed,0,56,0.7442877744324344,0.1435499258399855,0.789150463605306,0.09330347438084355,0.46161650662782,0.3702080007149987,-2.601856812029149,2.601856812029149,9.090633931644437,0.014881592285328184,0.0,0.0050891596494097024,0.04573634661366846
feature_informed,0,57,0.7377299794808665,0.1436448342652707,0.789672212588286,0.0876894852774122,0.43384144192235496,0.3701545955906323,-2.554018321406752,2.554018321406752,9.09683417201898,0.017254083852980575,2.7755575615628914e-17,0.006557794951567941,0.04802316394435188
feature_informed,0,58,0.7336900338222714,0.14282902702891392,0.7851873989945741,0.08582425607467338,0.42461326907732244,0.3864616730701012,-2.5037972050949113,2.5037972050949113,9.104431385375182,0.012527210408081925,1.3877787807814457e-17,0.004039945658595112,0.05042432214156948
feature_informed,0,59,0.7307255923330733,0.14180876094036385,0.779578594586848,0.08521817439532767,0.42161469577223093,0.4063797244987968,-2.455142263233729,2.455142263233729,9.093793572186623,0.01259792659071747,1.3877787807814457e-17,0.0029644414891980553,0.05294553824864796
feature_informed,0,60,0.7284274338921654,0.14105744688033353,0.7754483253769077,0.08471392191378695,0.4191199197681014,0.4206120991745923,-2.4101275132814886,2.4101275132814886,9.077769874073752,0.010767231909014371,1.3877787807814457e-17,0.0022981584409079714,0.055592815161080354
feature_informed,0,61,0.7270947422932643,0.140583967236755,0.7728454213485617,0.08451551609479693,0.4181383121520446,0.42926098243831856,-2.3887579639110297,2.3887579639110297,9.063327080358114,0.008798649828457402,2.7755575615628914e-17,0.0013326915989010368,0.058372455919134376
feature_informed,0,62,0.7260814568865893,0.14045626900950667,0.7721434139135531,0.0840956809921604,0.41606118892887556,0.42958599219205557,-2.3794443247646893,2.3794443247646893,9.048424135402785,0.007948073543445441,0.0,0.0010132854066750019,0.061291078715091096
feature_informed,0,63,0.725072130949673,0.14034048195485413,0.7715068868842017,0.08362366002404989,0.4137258774970111,0.43010496412269095,-2.3662528548992166,2.3662528548992166,9.041366337535612,0.008098042179581927,5.551115123125783e-17,0.0010093259369162721,0.06435563265084565
feature_informed,0,64,0.7240384506602018,0.14023696532267502,0.7709378151985355,0.08308848029163977,0.4110780897256278,0.4306556682989316,-2.346184867396673,2.346184867396673,9.034385382039206,0.008370914688184747,0.0,0.0010336802894712616,0.06757341428338794
feature_informed,0,65,0.7235966845108176,0.14033248178086616,0.771462906777806,0.08271405096860887,0.40922561041311006,0.4269310182418566,-2.3396303866199615,2.3396303866199615,9.027625452947563,0.005074672232706522,1.3877787807814457e-17,0.0004417661493841818,0.07095208499755734
feature_informed,0,66,0.7232606723732067,0.14045768759361843,0.7721512124289679,0.08236657917909929,0.4075065027947761,0.4227063735278665,-2.336978242266777,2.336978242266777,9.02886527307654,0.00505632549181831,0.0,0.0003360121376109193,0.0744996892474352
feature_informed,0,67,0.7229316023918722,0.14058145767310967,0.7728316252890892,0.08201666539395494,0.40577531346671386,0.41864055058376726,-2.3341863441730433,2.3341863441730433,9.030874907465183,0.005108038175071648,0.0,0.0003290699813345288,0.07822467370980697
feature_informed,0,68,0.7225993785154847,0.14070255235236542,0.7734973304207055,0.08166024900534727,0.40401195267757095,0.414733925305628,-2.331072139864634,2.331072139864634,9.032395483726434,0.005239510477084123,0.0,0.00033222387638742745,0.08213590739529733
feature_informed,0,69,0.722253904504,0.14081977735863538,0.774141762436276,0.08129211759369621,0.4021906321173881,0.41099924647445957,-2.3273384476264387,2.3273384476264387,9.033396912931819,0.0054550700952078444,1.3877787807814457e-17,0.00034547401148476986,0.0862427027650622
feature_informed,0,70,0.7218844488393793,0.14093202530760715,0.7747588336082148,0.08090542765643698,0.4002774937356689,0.4074595019930098,-2.322520304490051,2.322520304490051,9.03382900990413,0.005760815624871215,1.3877787807814457e-17,0.0003694556646206548,0.09055483790331531
feature_informed,0,71,0.7214790159607923,0.14103830489356178,0.7753430943386689,0.0804911266543782,0.39822775033080765,0.4041475762408875,-2.3158538628699343,2.3158538628699343,9.033627191445907,0.006164486843248811,1.3877787807814457e-17,0.0004054328785869643,0.09508257979848107
feature_informed,0,72,0.7210236474179589,0.14113776054336402,0.7758898412052405,0.08003722218903025,0.39598206982397643,0.40110749058034345,-2.3058434418490488,2.3058434418490488,9.032714811272063,0.0066756649720497285,0.0,0.0004553685428334564,0.09983670878840513
feature_informed,0,73,0.7205383373848875,0.14121812760192531,0.77633165056983,0.07956884265007266,0.3936647742678964,0.39873405890540947,-2.2881893126833797,2.2881893126833797,9.03100314804503,0.006802774630404294,2.7755575615628914e-17,0.00048531003307139553,0.1
feature_informed,0,74,0.720417556755316,0.1410513916117689,0.7754150371814101,0.07961419009131486,0.3938891295510158,0.4038399648150445,-2.284928169292745,2.284928169292745,9.028266726225278,0.0035720289537284886,0.0,0.00012078062957143754,0.1
feature_informed,0,75,0.7203159033675537,0.1409144748170562,0.7746623516513366,0.07964550188606251,0.3940440438390803,0.4080812866928118,-2.2815319089143156,2.2815319089143156,9.016468693893646,0.0032352999883144356,2.7755575615628914e-17,0.0001016533877623571,0.1
feature_informed,0,76,0.7202203721374879,0.14080313925103646,0.7740502962077261,0.07966170068629676,0.39412418698085844,0.41151603236478657,-2.27787611902429,2.27787611902429,9.006602006066654,0.0030944366837787176,0.0,9.553123006578179e-05,0.1
feature_informed,0,77,0.7201214867601933,0.1407130062984386,0.7735547998784003,0.0796611564355667,0.3941214943145628,0.4142501327275238,-2.2736805003145983,2.2736805003145983,8.9986453518445,0.003115989002094473,2.7755575615628914e-17,9.888537729463298e-05,0.1
feature_informed,0,78,0.7200122733131995,0.1406399641495983,0.7731532584266527,0.07964182541308479,0.3940258545848864,0.41640865846988384,-2.268322218004048,2.268322218004048,8.99241463139051,0.003254182072076258,1.3877787807814457e-17,0.00010921344699377222,0.1
feature_informed,0,79,0.7199133351685914,0.14064311005041366,0.7731705526820998,0.07955743985398303,0.39360835923156884,0.4163333084912427,-2.2637444942022507,2.2637444942022507,8.987635241766068,0.002859774945375463,2.7755575615628914e-17,9.893814460815165e-05,0.1
feature_informed,0,80,0.7198607579496463,0.14076174137871286,0.7738227158035895,0.07939050789129234,0.39278246769887776,0.4129810417223474,-2.265546440037058,2.265546440037058,8.98593100768728,0.002375743047409688,5.551115123125783e-17,5.257721894502687e-05,0.1
feature_informed,0,81,0.7198211939744049,0.1408686679873341,0.7744105334724002,0.07924490753533145,0.3920621137342644,0.40997765436538647,-2.2671004371621652,2.2671004371621652,8.988248322234547,0.002055495639668384,0.0,3.956397524140787e-05,0.1
feature_informed,0,82,0.7197908322464466,0.1409652925660511,0.7749417168265119,0.07911623788387896,0.3914255239887414,0.40728163629377245,-2.268444391249963,2.268444391249963,8.990611426204541,0.0017972093335082828,1.3877787807814457e-17,3.0361727958339024e-05,0.1
feature_informed,0,83,0.7197671916797368,0.1410528019811941,0.7754227905374584,0.07900132389312059,0.39085699001582613,0.404858512726864,-2.269607617296187,2.269607617296187,8.99293078524836,0.0015835572071889136,0.0,2.3640566709781652e-05,0.1
feature_informed,0,84,0.719748576701108,0.1411322363978078,0.7758594728020441,0.07889782202523907,0.39034491722327497,0.40267742793756195,-2.270614796986841,2.270614796986841,8.995147799729155,0.001403565788378295,1.3877787807814457e-17,1.861497862876149e-05,0.1
feature_informed,0,85,0.7197337843590171,0.14120451376388174,0.7762568099417999,0.07880396107731079,0.38988054263080724,0.40071041244965394,-2.2714873474928488,2.2714873474928488,8.997231284766968,0.0012499629821782045,1.3877787807814457e-17,1.479234209089686e-05,0.1
feature_informed,0,86,0.7197219374552284,0.14127044178772488,0.7766192422473268,0.07871837074730581,0.3894570867048601,0.39893234093518287,-2.2722439278463655,2.2722439278463655,8.999169353728858,0.0011176616591610491,0.0,1.1846903788748087e-05,0.1
feature_informed,0,87,0.7197123834191527,0.14133072781701772,0.7769506582873351,0.0786399672079606,0.38906918723830797,0.3973209289407432,-2.27290071567119,2.27290071567119,9.000962062738209,0.0010029184721133827,1.3877787807814457e-17,9.554036075720695e-06,0.1
feature_informed,0,88,0.7197046294917779,0.1413859890333517,0.7772544509520416,0.07856787575689728,0.38871251666394385,0.3958566211176068,-2.273471649786549,2.273471649786549,9.00261609070713,0.0009028634219309953,2.7755575615628914e-17,7.753927374731795e-06,0.1
feature_informed,0,89,0.7196982992517221,0.1414367629064823,0.7775335749243153,0.07850137769660334,0.38838351924456466,0.39452238247344407,-2.273968679123296,2.273968679123296,9.004141294257787,0.0008152272319991808,1.3877787807814457e-17,6.330240055807401e-06,0.1
feature_informed,0,90,0.7196931024301145,0.14148351736161477,0.77779060257325,0.07843987319137027,0.388079227308643,0.39330343673016294,-2.274402012965858,2.274402012965858,9.005548637813817,0.0007381749473534144,2.7755575615628914e-17,5.196821607600377e-06,0.1
feature_informed,0,91,0.7196888134052117,0.1415266602125809,0.7780277758120514,0.07838285478984709,0.3877971302538517,0.3921869898271026,-2.274780360044403,2.274780360044403,9.006849033163965,0.0006701983957697306,0.0,4.289024902792704e-06,0.1
feature_informed,0,92,0.7196852555812454,0.14156654761752407,0.7782470525822672,0.07832988817370481,0.3875350793015828,0.39116196319149343,-2.2751111472297834,2.2751111472297834,9.008052744102063,0.0006100428518190803,0.0,3.5578239663269784e-06,0.1
feature_informed,0,93,0.7196822898705402,0.14160349148008528,0.7784501475410208,0.07828059788359315,0.3872912168764909,0.3902187499565174,-2.2754007132782164,2.2754007132782164,9.009169125701503,0.0005566546947583372,1.3877787807814457e-17,2.9657107052383225e-06,0.1
feature_informed,0,94,0.7196798060990733,0.14163776582515034,0.7786385671110038,0.07823465653417727,0.3870639232481683,0.3893489995377856,-2.2756544766793816,2.2756544766793816,9.01020655248163,0.0005091426696168535,1.3877787807814457e-17,2.4837714668324296e-06,0.1
feature_informed,0,95,0.719677716529949,0.14166961223504973,0.7788136393654074,0.07819177651959465,0.3868517754941095,0.38854543132366176,-2.275877078875797,2.275877078875797,9.011172446799868,0.0004667483964591067,2.7755575615628914e-17,2.0895691242861503e-06,0.1
feature_informed,0,96,0.7196759509418377,0.14169924445596185,0.7789765393511344,0.07815170352891247,0.38665351541760545,0.3878016757408549,-2.2760725052505935,2.2760725052505935,9.012073355284109,0.00042882342133622345,1.3877787807814457e-17,1.7655881113798344e-06,0.1
feature_informed,0,97,0.7196744528617355,0.14172685228845616,0.7791283104766473,0.0781142114004779,0.386468024089776,0.3871121398180585,-2.2762441867004237,2.2762441867004237,9.0129150436593,0.00039481104244547087,5.551115123125783e-17,1.4980801021913237e-06,0.1
feature_informed,0,98,0.7196731766626475,0.14175260486973879,0.779269882555764,0.078079097983525,0.38629430137497756,0.3864718940208005,-2.2763950846152454,2.2763950846152454,9.01370259389062,0.00036423170949169046,1.3877787807814457e-17,1.276199087962837e-06,0.1
feature_informed,0,99,0.7196720853146211,0.14177665344392504,0.7794020870369373,0.07804618176965412,0.38613144926513576,0.3858765772063425,-2.276527761875869,2.276527761875869,9.014440495538182,0.00033667115039979643,0.0,1.0913480263941011e-06,0.1
feature_informed,0,100,0.719671148632816,0.14179913370387087,0.7795256698772237,0.07801529912143897,0.3859786581683508,0.3853223168281055,-2.2766444421763024,2.2766444421763024,9.01513272777546,0.0003117706142214012,0.0,9.366818051192993e-07,0.1
feature_informed,0,101,0.719670341906107,0.1418201677755409,0.7796413024511368,0.0779863019704308,0.3858351955198334,0.3848056618779608,-2.2767470596514805,2.2767470596514805,9.015782831035425,0.0002892187793787675,2.7755575615628914e-17,8.067267089906238e-07,0.1
feature_informed,0,102,0.7196696448186894,0.1418398659044387,0.7797495908216177,0.07795905588866607,0.38570039624073915,0.3843235264229135,-2.2768373004792144,2.2768373004792144,9.016393968557104,0.0002687449890268769,1.3877787807814457e-17,6.970874175671327e-07,0.1
feature_informed,0,103,0.7196690405984614,0.1418583278936085,0.7798510836452968,0.07793343846064824,0.3855736546835907,0.3838731419359109,-2.2769166378454333,2.2769166378454333,9.016968978722806,0.0002501135562221558,0.0,6.042202280731601e-07,0.1
feature_informed,0,104,0.7196685153417701,0.1418756443341873,0.7799462789373235,0.07790933789944898,0.3854544177854753,0.3834520169240868,-2.276986361419883,2.276986361419883,9.017510419307351,0.0002331189406960774,1.3877787807814457e-17,5.252566912528067e-07,0.1
feature_informed,0,105,0.7196680574759213,0.14189189766233992,0.7800356298817542,0.0778866518629087,0.3853421792112266,0.3830579026179887,-2.277047602285129,2.277047602285129,9.018020604786024,0.0002175816427957073,0.0,4.5786584879081715e-07,0.1
feature_informed,0,106,0.7196676573297383,0.14190716307048626,0.7801195498409275,0.07786528643517025,0.3852364743145903,0.38268876370395055,-2.2771013540918865,2.2771013540918865,9.018501637771243,0.0002033446929076633,1.3877787807814457e-17,4.0014618307715466e-07,0.1
feature_informed,0,107,0.7196673067892048,0.14192150929585848,0.7801984166904729,0.07784515524581226,0.3851368757801588,0.3823427532631037,-2.2771484910738478,2.2771484910738478,9.018955435527989,0.00019027063942860282,4.163336342344337e-17,3.5054053348915204e-07,0.1
feature_informed,0,108,0.7196669990203429,0.14193499930542947,0.7802725765846329,0.07782617870425668,0.38504298983562246,0.3820181912296258,-2.2771897834408947,2.2771897834408947,9.019383752386672,0.0001782389572022994,2.7755575615628914e-17,3.0776886184025187e-07,0.1
feature_informed,0,109,0.7196667282454166,0.14194769089298617,0.7803423472386103,0.07780828333133165,0.38495445294469455,0.3817135458028517,-2.2772259105764663,2.2772259105764663,9.019788198745712,0.00016714381284410387,1.3877787807814457e-17,2.7077492636973233e-07,0.1
feature_informed,0,110,0.7196664895615665,0.14195963720144922,0.7804080207999641,0.07779140117317432,0.3848709289074104,0.3814274173474081,-2.277257472389176,2.277257472389176,9.020170257242127,0.00015689213462531909,0.0,2.386838500179067e-07,0.1
feature_informed,0,111,0.7196662787933228,0.14197088718135267,0.7804698663690538,0.07777546928527772,0.38479210630746313,0.3811585243966659,-2.2772849991073096,2.2772849991073096,9.020531296569409,0.0001474019434133994,2.7755575615628914e-17,2.1076824374688385e-07,0.1
feature_informed,0,112,0.7196660923722502,0.14198148599460667,0.7805281322186814,0.07776042927657949,0.38471769625659413,0.3809056914409064,-2.277308959754892,2.277308959754892,9.020872583338083,0.0001386009081627302,0.0,1.86421072578824e-07,0.1
feature_informed,0,113,0.7196659272383946,0.14199147537119267,0.780583047754986,0.07774622690517702,0.38464743039440474,0.3806678382355387,-2.2773297695073405,2.2773297695073405,9.021195292304144,0.00013042509506754779,4.163336342344337e-17,1.6513385558969418e-07,0.1
feature_informed,0,114,0.7196657807592975,0.1420008939252307,0.7806348252549888,0.07773281171862109,0.38458105910871787,0.3804439704087648,-2.2773477960915858,2.2773477960915858,9.021500515232768,0.0001228178840581439,1.3877787807814457e-17,1.4647909707399265e-07,0.1
feature_informed,0,115,0.7196656506632194,0.14200977743585597,0.7806836614106842,0.0777201367328569,0.3845183499471475,0.380233171184193,-2.2773633653684633,2.2773633653684633,9.02178926861688,0.00011572903008263873,0.0,1.3009607813252444e-07,0.1
feature_informed,0,116,0.71966553498388,0.14201815909751506,0.7807297387050147,0.07770815814479776,0.38445908619506447,0.3800345940635279,-2.277376766212943,2.277376766212943,9.022062500431439,0.00010911384975306148,2.7755575615628914e-17,1.1567933944078845e-07,0.1
feature_informed,0,117,0.7196654320145742,0.1420260697436012,0.7807732266412835,0.07769683507427362,0.3844030655988933,0.3798474563388834,-2.2773882547895097,2.2773882547895097,9.02232109607235,0.00010293251657774122,1.3877787807814457e-17,1.0296930574860141e-07,0.1
feature_informed,0,118,0.7196653402699328,0.14203353804677504,0.7808142828443952,0.07768612933172363,0.38435009921677754,0.37967103332441976,-2.2773980583049394,2.2773980583049394,9.022565883603084,9.71494502507034e-05,1.3877787807814457e-17,9.174464143946182e-08,0.1
feature_informed,0,119,0.7196652584539479,0.14204059069883695,0.7808530540496866,0.07767600520852555,0.3843000103812398,0.37950465321372906,-2.277406378308236,2.277406378308236,9.022797638410895,9.17327873979059e-05,0.0,8.181598487588815e-08,0.1
feature_informed,0,120,0.7196651854331374,0.1420472525726116,0.7808896769928682,0.07766642928729234,0.3842526337606289,0.37934769248329064,-2.2774133935970906,2.2774133935970906,9.02301708735732,8.665392284419295e-05,2.7755575615628914e-17,7.302081050930553e-08,0.1
feature_informed,0,121,0.7196651202139499,0.14205354686796806,0.7809242792127548,0.07765737026983444,0.38420781450796815,0.37919957177391844,-2.2774192627816214,2.2774192627816214,9.023224912493534,8.188711190737826e-05,0.0,6.521918749502476e-08,0.1
feature_informed,0,122,0.7196650619236689,0.14205949524380906,0.7809569797768627,0.07764879882079621,0.38416540748735056,0.37905975219184285,-2.2774241265488513,2.2774241265488513,9.023421754399493,7.740912547968939e-05,1.3877787807814457e-17,5.829028104642475e-08,0.1
feature_informed,0,123,0.7196650097942223,0.1420651179376205,0.7809878899386203,0.07764068742523955,0.38412527656933715,0.37892773197922675,-2.2774281096653226,2.2774281096653226,9.023608215196527,7.319895074882271e-05,1.3877787807814457e-17,5.212944653720797e-08,0.1
feature_informed,0,124,0.7196649631484089,0.1420704338739652,0.7810171137338008,0.07763301025866899,0.3840872939879101,0.3788030435108083,-2.277431322750101,2.277431322750101,9.023784861274995,6.923753136271167e-05,1.3877787807814457e-17,4.664581343405416e-08,0.1
feature_informed,0,125,0.7196649213881428,0.14207546076312647,0.7810447485228046,0.07762574306818572,0.3840513397524848,0.3786852505791816,-2.277433863846059,2.277433863846059,9.023952225772378,6.550754167136402e-05,0.0,4.176026613400552e-08,0.1
feature_informed,0,126,0.719664883984387,0.14208021519095743,0.781070885484597,0.0776188630636192,0.38401730110928683,0.3785739459361743,-2.277435819813646,2.277435819813646,9.024110810831765,6.19931904020222e-05,2.7755575615628914e-17,3.740375575933541e-08,0.1
feature_informed,0,127,0.7196648504685058,0.1420847127008597,0.7810956100673767,0.0776123488176266,0.38398507204709625,0.3784687490619924,-2.2774372675681835,2.2774372675681835,9.02426108966627,5.868004975301516e-05,1.3877787807814457e-17,3.351588118150062e-08,0.1
feature_informed,0,128,0.7196648204248198,0.14208896786870595,0.7811190024004548,0.07760618017386989,0.38395455284295615,0.37836930413739717,-2.2774382751790525,2.2774382751790525,9.024403508451302,5.555490643786291e-05,5.551115123125783e-17,3.0043685983471846e-08,0.1
feature_informed,0,129,0.7196647934841677,0.14209299437142017,0.7811411376712677,0.07760033816248524,0.38392564964396003,0.3782752781972689,-2.2774389028467796,2.2774389028467796,9.024538488063463,5.260563168688289e-05,1.3877787807814457e-17,2.694065215358421e-08,0.1
feature_informed,0,130,0.7196647693183316,0.14209680504984976,0.7811620864710094,0.07759480492214929,0.38389827408167615,0.37818635944655454,-2.2774392037720963,2.2774392037720963,9.024666425682277,4.9821067624417686e-05,0.0,2.4165836109979466e-08,0.1
feature_informed,0,131,0.7196647476351953,0.1421004119664881,0.7811819151119556,0.07758956362812547,0.3838723429161591,0.3781022557218885,-2.2774392249292603,2.2774392249292603,9.0247876962689,4.719092779674018e-05,0.0,2.1683136286476667e-08,0.1
feature_informed,0,132,0.7196647281745252,0.1421038264585435,0.7812006859192042,0.07758459842574153,0.3838477777068313,0.3780226930841427,-2.277439007754492,2.277439007754492,9.024902653933932,4.47057099337551e-05,0.0,1.9460670075410746e-08,0.1
feature_informed,0,133,0.7196647107042896,0.14210705918679636,0.7812184574992627,0.07757989436880916,0.38382450450781586,0.377947414528886,-2.2774385887590496,2.2774385887590496,9.025011633205105,4.2356619293908356e-05,2.7755575615628914e-17,1.7470235591510175e-08,0.1
feature_informed,0,134,0.7196646950174365,0.14211012018063643,0.7812352849876354,0.07757543736254865,0.38380245358555765,0.3778761788032046,-2.277438000075355,2.277438000075355,9.02511495020418,4.0135501171117947e-05,2.7755575615628914e-17,1.5686853149787794e-08,0.1
feature_informed,0,135,0.7196646809290702,0.14211301887963107,0.781251220277341,0.07757121411062746,0.3837815591567981,0.3778087593186495,-2.2774372699435963,2.2774372699435963,9.025212903741284,3.803478134100517e-05,4.163336342344337e-17,1.4088366251385764e-08,0.1
feature_informed,0,136,0.7196646682739702,0.14211576417193755,0.7812663122300795,0.07756721206596146,0.38376175914516564,0.37774494315119306,-2.277436423145383,2.277436423145383,9.02530577633402,3.604741339361007e-05,1.3877787807814457e-17,1.2655099967950889e-08,0.1
feature_informed,0,137,0.7196646569044073,0.14211836442983977,0.7812806068715921,0.07756341938496329,0.3837429949548207,0.37768453012008063,-2.2774354813902535,2.2774354813902535,9.025393835157773,3.416683204628783e-05,0.0,1.1369562957774804e-08,0.1
feature_informed,0,138,0.7196646466882173,0.1421208275426613,0.7812941475725966,0.07755982488495375,0.38372521125974945,0.3776273319383246,-2.2774344636602075,2.2774344636602075,9.025477332932951,3.238691165719412e-05,1.3877787807814457e-17,1.0216190005074566e-08,0.1
feature_informed,0,139,0.7196646375071019,0.14212316094728067,0.7813069752165426,0.07755641800447935,0.3837083558074361,0.3775731714283576,-2.2774333865168224,2.2774333865168224,9.025556508754363,3.07019292671739e-05,1.3877787807814457e-17,9.18111542347333e-09,0.1
feature_informed,0,140,0.7196646292551241,0.14212537165645278,0.781319128355305,0.07755318876630442,0.3836923792357675,0.37752188179703333,-2.2774322643750224,2.2774322643750224,9.025631588867245,2.91065315915172e-05,1.3877787807814457e-17,8.251977767770313e-09,0.1
feature_informed,0,141,0.7196646218373759,0.14212746628511955,0.7813306433538241,0.07755012774286714,0.3836772349021272,0.37747330596476,-2.2774311097471114,2.2774311097471114,9.025702787394144,2.7595705462545388e-05,1.3877787807814457e-17,7.417748193461193e-09,0.1
feature_informed,0,142,0.7196646151687974,0.14212945107487612,0.7813415545246059,0.07754722602400965,0.38366287872374155,0.37742729594407703,-2.2774299334602772,2.2774299334602772,9.025770307016328,2.616475129269544e-05,2.7755575615628914e-17,6.668578467206032e-09,0.1
feature_informed,0,143,0.7196646091731282,0.1421313319167423,0.7813518942529057,0.07754447518680826,0.3836492690284153,0.3773837122634511,-2.277428744850428,2.277428744850428,9.025834339613146,2.480925918641969e-05,0.0,5.995669183356256e-09,0.1
feature_informed,0,144,0.7196646037819736,0.14213311437237475,0.7813616931133405,0.07754186726734635,0.3836363664148785,0.3773424234324862,-2.277427551934905,2.277427551934905,9.025895066862358,2.3525087379985777e-05,0.0,5.391154633827e-09,0.1
feature_informed,0,145,0.7196645989339757,0.14213480369384388,0.7813709799786086,0.07753939473428643,0.3836241336220354,0.3773033054451034,-2.2774263615663464,2.2774263615663464,9.025952660804219,2.2308342731189394e-05,1.3877787807814457e-17,4.847997892021283e-09,0.1
feature_informed,0,146,0.7196645945740755,0.14213640484208687,0.7813797821209355,0.07753705046410958,0.38361253540646184,0.3772662413175839,-2.2774251795697125,2.2774251795697125,9.026007284371861,2.1155363018818158e-05,2.7755575615628914e-17,4.359900218631196e-09,0.1
feature_informed,0,147,0.7196645906528525,0.14213792250413843,0.7813881253067964,0.07753482771790239,0.3836015384275595,0.3772311206586527,-2.2774240108642942,2.2774240108642942,9.026059091890296,2.006270084286368e-05,0.0,3.921223012959274e-09,0.1
feature_informed,0,148,0.7196645871259372,0.14213936110923275,0.7813960338854353,0.07753272011958173,0.3835911111398233,0.37719783926904843,-2.2774228595722983,2.2774228595722983,9.026108229546116,1.9027108944840927e-05,1.3877787807814457e-17,3.5269153153549837e-09,0.1
feature_informed,0,149,0.7196645839534884,0.14214072484386103,0.781403530871643,0.07753072163545612,0.38358122369172193,0.3771662987682569,-2.277421729115459,2.277421729115459,9.02615483582989,1.8045526790381808e-05,2.7755575615628914e-17,3.1724487481454844e-09,0.1
feature_informed,0,150,0.7196645810997224,0.14214201766586115,0.7814106380232128,0.07752882655503113,0.38357184783073317,0.37713640624629513,-2.2774206223009523,2.2774206223009523,9.026199041953012,1.7115068277144976e-05,0.0,2.8537660012872834e-09,0.1
feature_informed,0,151,0.7196645785324943,0.14214324331761133,0.7814173759134708,0.0775270294729741,0.3835629568141146,0.37710807393862544,-2.277419541397764,2.277419541397764,9.026240972240654,1.6233010448315385e-05,0.0,2.567228096772567e-09,0.1
feature_informed,0,152,0.7196645762229246,0.14214440533839173,0.7814237639992341,0.07752532527215902,0.38355452532501877,0.3770812189224422,-2.27741848820453,2.27741848820453,9.026280744502353,1.5396783107110157e-05,0.0,2.30956975766361e-09,0.1
feature_informed,0,153,0.7196645741450621,0.14214550707597354,0.7814298206845187,0.07752370910772026,0.3835465293935992,0.37705576283273307,-2.27741746410977,2.27741746410977,9.026318470381637,1.4603959240541091e-05,1.3877787807814457e-17,2.077862437666056e-09,0.1
feature_informed,0,154,0.7196645722755857,0.14214655169748988,0.7814355633803027,0.07752217639204753,0.38353894632277363,0.37703163159665093,-2.2774164701453303,2.2774164701453303,9.026354255685984,1.3852246172218351e-05,0.0,1.869476462523778e-09,0.1
feature_informed,0,155,0.7196645705935327,0.14214754219963885,0.7814410085606154,0.07752072278066115,0.38353175461834216,0.3770087551848564,-2.2774155070337656,2.2774155070337656,9.026388200698321,1.313947737364357e-05,2.7755575615628914e-17,1.6820529413763552e-09,0.1
feature_informed,0,156,0.719664569080061,0.14214848141826456,0.7814461718152083,0.07751934415891025,0.38352493392317694,0.37698706737860527,-2.2774145752303108,2.2774145752303108,9.026420400471215,1.2463604871066382e-05,0.0,1.5134716813136606e-09,0.1
feature_informed,0,157,0.7196645677182306,0.1421493720373584,0.781451067899039,0.07751803662944134,0.3835184649552231,0.37696650555145617,-2.2774136749600347,2.2774136749600347,9.026450945104749,1.1822692193541082e-05,1.3877787807814457e-17,1.3618304262053016e-09,0.1
feature_informed,0,158,0.7196645664928114,0.14215021659751995,0.7814557107787836,0.07751679650038822,0.3835123294490689,0.37694701046456397,-2.2774128062506906,2.2774128062506906,9.026479920009104,1.1214907813197334e-05,2.7755575615628914e-17,1.2254192105487505e-09,0.1
feature_informed,0,159,0.7196645653901086,0.14215101750391335,0.7814601136765765,0.07751562027423786,0.3835065101008599,0.37692852607461225,-2.277411968961733,2.277411968961733,9.026507406152707,1.0638519034145023e-05,0.0,1.1027028179455556e-09,0.1
feature_informed,0,160,0.7196645643978075,0.1421517770337525,0.7814642891111592,0.07751450463733028,0.38350099051634967,0.3769109993535067,-2.2774111628099147,2.2774111628099147,9.026533480296836,1.0091886292157732e-05,1.3877787807814457e-17,9.923011301538054e-10,0.1
feature_informed,0,161,0.7196645635048337,0.14215249734334623,0.7814682489366102,0.07751344644995287,0.38349575516189194,0.37689438011903037,-2.277410387391849,2.277410387391849,9.026558215217445,9.573457830169238e-06,1.3877787807814457e-17,8.929738060103887e-10,0.1
feature_informed,0,162,0.7196645627012261,0.14215318047473097,0.7814720043788078,0.07751244273699312,0.38349078931819525,0.37687862087571433,-2.2774096422038514,2.2774096422038514,9.026581679914921,9.081764719287216e-06,1.3877787807814457e-17,8.036075138662113e-10,0.1
feature_informed,0,163,0.7196645619780266,0.14215382836191906,0.7814755660697795,0.07751149067911572,0.3834860790366716,0.3768636766652417,-2.2774089266593736,2.2774089266593736,9.026603939812546,8.615416197558959e-06,2.7755575615628914e-17,7.231995002854319e-10,0.1
feature_informed,0,164,0.719664561327177,0.14215444283678524,0.7814789440800619,0.07751058760443205,0.3834816110982216,0.3768495049257524,-2.277408240104296,2.277408240104296,9.026625056944209,8.173095301827978e-06,1.3877787807814457e-17,6.508495964396843e-10,0.1
feature_informed,0,165,0.7196645607414287,0.14215502563461563,0.781482147949206,0.07750973098063307,0.3834773729743125,0.3768360653594614,-2.2774075818303015,2.2774075818303015,9.026645090132051,7.753554770376863e-06,2.7755575615628914e-17,5.857483387217144e-10,0.1
feature_informed,0,166,0.7196645602142608,0.14215557839933934,0.7814851867145375,0.07750891840755773,0.38347335279020994,0.37682331980805334,-2.277406951086569,2.277406951086569,9.026664095154588,7.355613196235682e-06,0.0,5.271678649165779e-10,0.1
feature_informed,0,167,0.7196645597398078,0.14215610268846315,0.7814880689382844,0.0775081476101713,0.38346953929023897,0.3768112321353476,-2.2774063470899453,2.2774063470899453,9.026682124905815,6.978151412696598e-06,2.7755575615628914e-17,4.744530324174434e-10,0.1
feature_informed,0,168,0.7196645593127914,0.14215659997772656,0.7814908027331677,0.07750741643192952,0.3834659218049531,0.3767997681167735,-2.2774057690337948,2.2774057690337948,9.026699229545848,6.62010909480776e-06,0.0,4.270164222219819e-10,0.1
feature_informed,0,169,0.7196645589284639,0.1421570716654954,0.7814933957865551,0.07750672282850625,0.38346249022010204,0.37678889533522025,-2.2774052160956595,2.2774052160956595,9.026715456643538,6.28048156131076e-06,1.3877787807814457e-17,3.843274587467249e-10,0.1
feature_informed,0,170,0.7196645585825531,0.14215751907690888,0.7814958553832585,0.07750606486186318,0.38345923494729184,0.3767785830828633,-2.2774046874438674,2.2774046874438674,9.026730851311507,5.958316763739649e-06,0.0,3.4591085551483047e-10,0.1
feature_informed,0,171,0.7196645582712152,0.14215794346779526,0.7814981884270603,0.0775054406946424,0.383456146896242,0.3767688022685948,-2.2774041822432185,2.2774041822432185,9.026745456334021,5.652712449730427e-06,1.3877787807814457e-17,3.113378443941883e-10,0.1
feature_informed,0,172,0.7196645579909917,0.1421583460283703,0.7815004014610453,0.07750484858486285,0.38345321744854693,0.37675952533071033,-2.277403699659846,2.277403699659846,9.026759312288107,5.362813489142637e-06,5.551115123125783e-17,2.802235110621609e-10,0.1
feature_informed,0,173,0.7196645577387701,0.14215872788673053,0.7815025006868042,0.07750428688090383,0.383450438432856,0.37675072615453054,-2.2774032388653542,2.2774032388653542,9.02677245765827,5.087809352335333e-06,0.0,2.522215769573677e-10,0.1
feature_informed,0,174,0.7196645575117505,0.14215909011215452,0.7815044919825823,0.07750375401675862,0.3834478021013919,0.37674237999465765,-2.277402799040317,2.277402799040317,9.026784928945148,4.826931730998475e-06,2.7755575615628914e-17,2.270196253206791e-10,0.1
feature_informed,0,175,0.7196645573074124,0.14215943371822218,0.7815063809204275,0.07750324850754386,0.38344530110773295,0.37673446340158545,-2.277402379377212,2.277402379377212,9.026796760768466,4.579452292331516e-06,1.3877787807814457e-17,2.0433810199449454e-10,0.1
feature_informed,0,176,0.719664557123488,0.14215975966576372,0.7815081727824017,0.07750276894524949,0.38344292848578604,0.37672695415240226,-2.277401979082864,2.277401979082864,9.026807985964576,4.344680558500095e-06,1.3877787807814457e-17,1.8392443124071178e-10,0.1
feature_informed,0,177,0.719664556957937,0.14216006886564772,0.7815098725759082,0.07750231399471633,0.383440677629886,0.37671983118534336,-2.2774015973804467,2.2774015973804467,9.026818635678849,4.121961903337391e-06,2.7755575615628914e-17,1.6555101733928268e-10,0.1
feature_informed,0,178,0.7196645568089225,0.14216036218141712,0.7815114850481826,0.07750188238982837,0.3834385422759568,0.3767130745379635,-2.277401233511111,2.277401233511111,9.026828739453265,3.910675659657678e-06,4.163336342344337e-17,1.490144674320959e-10,0.1
feature_informed,0,179,0.719664556674792,0.14216064043178278,0.7815130147000008,0.07750147292990812,0.383436516483678,0.37670666528871805,-2.2774008867352746,2.2774008867352746,9.026838325309384,3.7102333300146054e-06,0.0,1.3413048449706366e-10,0.1
feature_informed,0,180,0.7196645565540576,0.14216090439298182,0.7815144657986438,0.0775010844763034,0.38343459461959745,0.37670058550175317,-2.277400556333623,2.277400556333623,9.026847419827003,3.520076895253975e-06,1.3877787807814457e-17,1.2073442245963406e-10,0.1
feature_informed,0,181,0.7196645564453809,0.14216115480100902,0.7815158423901648,0.07750071594915553,0.3834327713411427,0.37669481817471673,-2.2774002416078574,2.2774002416078574,9.02685604821867,3.3396772147511506e-06,1.3877787807814457e-17,1.0867673427839009e-10,0.1
feature_informed,0,182,0.7196645563475573,0.14216139235372802,0.781517148310995,0.07750036632433863,0.38343104158147745,0.3766893471894177,-2.2773999418812245,2.2773999418812245,9.026864234400357,3.168532513184916e-06,0.0,9.782352705656194e-11,0.1
feature_informed,0,183,0.7196645562595024,0.1421616177128693,0.7815183871989274,0.07750003463056064,0.3834294005351597,0.3766841572651693,-2.277399656498853,2.277399656498853,9.026872001058406,3.0061669488806602e-06,2.7755575615628914e-17,8.805489670749012e-11,0.1
feature_informed,0,184,0.71966455618024,0.14216183150592124,0.7815195625035126,0.07749971994661767,0.3834278436445572,0.3766792339146615,-2.2773993848279295,2.2773993848279295,9.026879369713015,2.8521292589073373e-06,1.3877787807814457e-17,7.926248546397119e-11,0.1
feature_informed,0,185,0.7196645561088919,0.14216203432792024,0.7815206774959002,0.07749942139879297,0.3834263665869791,0.3766745634022209,-2.277399126257732,2.277399126257732,9.026886360778404,2.705991476664014e-06,2.7755575615628914e-17,7.134803858832584e-11,0.1
feature_informed,0,186,0.7196645560446675,0.14216222674314513,0.7815217352781528,0.07749913815839259,0.3834249652624836,0.37667013270432026,-2.277398880199547,2.277398880199547,9.026892993619871,2.5673477179613457e-06,1.3877787807814457e-17,6.422440357312098e-11,0.1
feature_informed,0,187,0.7196645559868556,0.142162409286722,0.7815227387920695,0.07749886943941092,0.38342363578232863,0.3766659294722141,-2.2773986460864797,2.2773986460864797,9.026899286607865,2.435813031610258e-06,2.7755575615628914e-17,5.781186640518854e-11,0.1
feature_informed,0,188,0.7196645559348154,0.14216258246614308,0.7815236908275347,0.0774986144963185,0.38342237445802646,0.3766619419965772,-2.2773984233731808,2.2773984233731808,9.026905257169263,2.311022310990029e-06,1.3877787807814457e-17,5.20402609893722e-11,0.1
feature_informed,0,189,0.7196645558879705,0.142162746762706,0.7815245940304311,0.07749837262196592,0.3834211777909739,0.3766581591740383,-2.2773982115355063,2.2773982115355063,9.026910921835984,2.192629263183966e-06,1.3877787807814457e-17,4.684486132333632e-11,0.1
feature_informed,0,190,0.7196645558458025,0.14216290263287612,0.7815254509101286,0.07749814314559736,0.383420042462624,0.3766545704754997,-2.2773980100701063,2.2773980100701063,9.0269162962911,2.0803054326993176e-06,2.7755575615628914e-17,4.2168046832102846e-11,0.1
feature_informed,0,191,0.7196645558078436,0.14216305050957753,0.7815262638465811,0.07749792543096812,0.3834189653251727,0.37665116591614656,-2.2773978184939807,2.2773978184939807,9.026921395412515,1.9737392764895368e-06,2.7755575615628914e-17,3.795885827884149e-11,0.1
feature_informed,0,192,0.7196645557736742,0.1421631908034156,0.7815270350970482,0.07749771887456046,0.3834179433927317,0.3766479360270509,-2.2773976363439816,2.2773976363439816,9.026926233314436,1.8726352876462822e-06,2.7755575615628914e-17,3.4169445051190905e-11,0.1
feature_informed,0,193,0.7196645557429155,0.14216332390383535,0.7815277668024624,0.07749752290389245,0.38341697383296164,0.3766448718282835,-2.2773974631762943,2.2773974631762943,9.026930823386655,1.776713165276333e-06,0.0,3.07586178749375e-11,0.1
feature_informed,0,194,0.7196645557152272,0.1421634501802188,0.7815284609934623,0.0774973369759151,0.38341605395914174,0.3766419648034508,-2.2773972985658912,2.2773972985658912,9.026935178331833,1.6857070276213654e-06,0.0,2.768829610033663e-11,0.1
feature_informed,0,195,0.7196645556903024,0.14216356998292487,0.7815291195961085,0.07749716057549298,0.38341518122265295,0.37663920687557884,-2.2773971421059693,2.2773971421059693,9.026939310200827,1.599364666632124e-06,2.7755575615628914e-17,2.4924839969742152e-11,0.1
feature_informed,0,196,0.7196645556678659,0.1421636836442747,0.7815297444373015,0.07749699321396371,0.38341435320585077,0.3766365903842706,-2.277396993407376,2.277396993407376,9.026943230426221,1.5174468413740727e-06,0.0,2.243649710464979e-11,0.1
feature_informed,0,197,0.7196645556476686,0.14216379147948513,0.7815303372499122,0.0774968344277726,0.3834135676153106,0.37663410806406816,-2.2773968520980263,2.2773968520980263,9.0269469498541,1.439726608239508e-06,0.0,2.019728828628331e-11,0.1
feature_informed,0,198,0.7196645556294873,0.14216389378755376,0.7815308996776482,0.0774966837771781,0.3834128222754225,0.37663175302395424,-2.2773967178223216,2.2773967178223216,9.0269504787742,1.365988686292069e-06,0.0,1.818134531816895e-11,0.1
feature_informed,0,199,0.7196645556131203,0.14216399085209752,0.7815314332796633,0.0774965408450244,0.383412115122319,0.3766295187279306,-2.277396590240563,2.277396590240563,9.026953826948498,1.2960288554859893e-06,2.7755575615628914e-17,1.636701885132652e-11,0.1
feature_informed,0,200,0.719664555598387,0.1421640829421475,0.7815319395349276,0.0774964052355778,0.3834114441981179,0.37662739897661823,-2.277396469028373,2.277396469028373,9.026957003638328,1.229653386357641e-06,0.0,1.473321464828814e-11,0.1
feature_informed,0,201,0.7196645555851242,0.14216417031290235,0.7815324198463683,0.0774962765734234,0.38341080764546387,0.37662538788981975,-2.2773963538761195,2.2773963538761195,9.026960017630095,1.1666784990338748e-06,0.0,1.3262835274474583e-11,0.1
feature_informed,0,202,0.7196645555731851,0.14216425320644244,0.7815328755447967,0.07749615450241874,0.38341020370235135,0.37662347988999745,-2.2773962444883518,2.2773962444883518,9.026962877259672,1.1069298508457232e-06,0.0,1.1939116362214008e-11,0.1
feature_informed,0,203,0.7196645555624372,0.1421643318524068,0.7815333078926286,0.07749603868470203,0.38340963069721784,0.3766216696866135,-2.2773961405832432,2.2773961405832432,9.026965590435534,1.050242050001377e-06,1.3877787807814457e-17,1.0747847056791215e-11,0.1
feature_informed,0,204,0.7196645555527623,0.14216440646863504,0.7815337180874148,0.07749592879975123,0.38340908704428894,0.3766199522612905,-2.2773960418920454,2.2773960418920454,9.026968164660701,9.964581948184855e-07,0.0,9.674927525793464e-12,0.1
feature_informed,0,205,0.7196645555440528,0.1421644772617756,0.7815341072651825,0.07749582454349214,0.3834085712391656,0.3766183228537456,-2.2773959481585564,2.2773959481585564,9.026970607053554,9.454294366465411e-07,0.0,8.709477583579428e-12,0.1
feature_informed,0,206,0.7196645555362126,0.14216454442786278,0.7815344765036096,0.07749572562745236,0.383408081854638,0.37661677694845835,-2.2773958591386005,2.2773958591386005,9.02697292436758,8.970145655792637e-07,2.7755575615628914e-17,7.840283977600393e-12,0.1
feature_informed,0,207,0.7196645555291546,0.1421646081528635,0.7815348268250296,0.07749563177795904,0.38340761753671687,0.37661531026203177,-2.2773957745995257,2.2773957745995257,9.026975123010095,8.51079617374989e-07,0.0,7.057909812147045e-12,0.1
feature_informed,0,208,0.719664555522801,0.14216466861319593,0.7815351591992826,0.07749554273537823,0.3834071770008701,0.37661391873121475,-2.2773956943197096,2.2773956943197096,9.026977209060009,8.074975009016846e-07,2.7755575615628914e-17,6.353695347627308e-12,0.1
feature_informed,0,209,0.7196645555170814,0.14216472597622123,0.7815354745464188,0.07749545825339318,0.38340675902845195,0.3766125985015435,-2.2773956180880877,2.2773956180880877,9.02697918828468,7.661476447154222e-07,2.7755575615628914e-17,5.719535955961419e-12,0.1
feature_informed,0,210,0.7196645555119328,0.14216478040070973,0.7815357737392611,0.07749537809832,0.3834063624633174,0.3766113459165755,-2.2773955457036887,2.2773955457036887,9.026981066155898,7.269156619507941e-07,4.163336342344337e-17,5.1486592766991635e-12,0.1
feature_informed,0,211,0.7196645555072977,0.14216483203728295,0.7815360576058354,0.07749530204845873,0.3834059862086117,0.37661015750768223,-2.277395476975194,2.277395476975194,9.026982847865039,6.89693032441653e-07,0.0,4.635070105507566e-12,0.1
feature_informed,0,212,0.7196645555031252,0.142164881028833,0.7815363269316761,0.07749522989347768,0.38340562922372445,0.3766090299843705,-2.277395411720505,2.277395411720505,9.02698453833746,6.54376801376596e-07,1.3877787807814457e-17,4.172440171146263e-12,0.1
feature_informed,0,213,0.7196645554993691,0.14216492751092014,0.7815365824620107,0.07749516143382973,0.38340529052140127,0.3766079602251075,-2.277395349766333,2.277395349766333,9.02698614224613,6.208692932761895e-07,1.3877787807814457e-17,3.75610653691183e-12,0.1
feature_informed,0,214,0.7196645554959878,0.1421649716121496,0.7815368249038336,0.07749509648019828,0.38340496916500333,0.3766069452686187,-2.2773952909477972,2.2773952909477972,9.02698766402459,5.890778409367209e-07,2.7755575615628914e-17,3.3812952437983768e-12,0.1
feature_informed,0,215,0.7196645554929441,0.1421650134545294,0.7815370549278703,0.07749503485297231,0.38340466426590974,0.37660598230563896,-2.277395235108041,2.277395235108041,9.026989107879213,5.589145282295179e-07,0.0,3.043787444312329e-12,0.1
feature_informed,0,216,0.7196645554902037,0.14216505315380923,0.7815372731704426,0.07749497638174792,0.38340437498105173,0.3766050686710889,-2.277395182097867,2.277395182097867,9.026990477800862,5.302959460730157e-07,0.0,2.740363491682274e-12,0.1
feature_informed,0,217,0.7196645554877371,0.14216509081980225,0.781537480235237,0.07749492090485592,0.3834041005105751,0.37660420183665644,-2.2773951317753784,2.2773951317753784,9.026991777575937,5.031429612356719e-07,2.7755575615628914e-17,2.4665824938097103e-12,0.1
feature_informed,0,218,0.7196645554855166,0.14216512655668997,0.7815376766949798,0.0774948682689135,0.38340384009562245,0.37660337940376204,-2.2773950840056436,2.2773950840056436,9.02699301079686,4.773804967035971e-07,1.3877787807814457e-17,2.2205570715527756e-12,0.1
feature_informed,0,219,0.7196645554835176,0.14216516046331154,0.7815378630930289,0.07749481832839897,0.383403593016229,0.3766025990968871,-2.277395038660366,2.277395038660366,9.026994180872013,4.5293732360399723e-07,0.0,1.9989565558375944e-12,0.1
feature_informed,0,220,0.719664555481718,0.1421651926334382,0.7815380399448817,0.07749477094524859,0.383403358589328,0.37660185875724717,-2.2773949956175756,2.2773949956175756,9.02699529103518,4.297458636945076e-07,2.7755575615628914e-17,1.7995605006149162e-12,0.1
feature_informed,0,221,0.7196645554800982,0.14216522315603353,0.7815382077396062,0.07749472598847386,0.3834031361668573,0.37660115633679175,-2.277394954761327,2.277394954761327,9.026996344354488,4.0774200209210115e-07,5.551115123125783e-17,1.6198153929281034e-12,0.1
feature_informed,0,222,0.7196645554786398,0.14216525211550016,0.7815383669411968,0.07749468333379857,0.38340292513396346,0.3766004898925135,-2.277394915981414,2.277394915981414,9.026997343740904,3.868649095716637e-07,0.0,1.4583889651476056e-12,0.1
feature_informed,0,223,0.719664555477327,0.1421652795919141,0.7815385179898628,0.07749464286331458,0.38340272490729915,0.3765998575810506,-2.2773948791730976,2.2773948791730976,9.026998291956284,3.670568740575301e-07,1.3877787807814457e-17,1.3128387266192476e-12,0.1
feature_informed,0,224,0.7196645554761452,0.1421653056612467,0.7815386613032486,0.07749460446515527,0.38340253493340726,0.3765992576535691,-2.277394844236841,2.277394844236841,9.02699919162102,3.482631406937646e-07,5.551115123125783e-17,1.1818324097134791e-12,0.1
feature_informed,0,225,0.7196645554750811,0.14216533039557525,0.7815387972775915,0.07749456803318563,0.3834023546871874,0.3765986884509066,-2.2773948110780613,2.2773948110780613,9.027000045221287,3.3043176019743216e-07,0.0,1.06403774680075e-12,0.1
feature_informed,0,226,0.7196645554741236,0.14216535386328302,0.7815389262888213,0.07749453346670843,0.38340218367044276,0.37659814839896844,-2.2773947796068903,2.2773947796068903,9.02700085511592,3.135134450531784e-07,2.7755575615628914e-17,9.575673587391975e-13,0.1
feature_informed,0,227,0.7196645554732614,0.1421653761292485,0.7815390486936006,0.07749450067018537,0.3834020214105001,0.3765976360043589,-2.2773947497379448,2.2773947497379448,9.02700162354294,2.974614328991041e-07,0.0,8.621992009238966e-13,0.1
feature_informed,0,228,0.7196645554724851,0.14216539725502542,0.7815391648303143,0.07749446955297269,0.38340186745890176,0.37659714985023923,-2.2773947213901096,2.2773947213901096,9.027002352625743,2.822313572166452e-07,1.3877787807814457e-17,7.762679388179095e-13,0.1
feature_informed,0,229,0.7196645554717864,0.14216541729901327,0.7815392750200076,0.07749444002907013,0.38340172139016365,0.37659668859239764,-2.277394694486331,2.277394694486331,9.027003044378976,2.677811243343344e-07,0.0,6.98663349396611e-13,0.1
feature_informed,0,230,0.7196645554711575,0.14216543631661901,0.7815393795672744,0.07749441201688295,0.383401582800598,0.37659625095552196,-2.2773946689534155,2.2773946689534155,9.027003700714104,2.540707970323546e-07,0.0,6.289413434501512e-13,0.1
feature_informed,0,231,0.7196645554705913,0.14216545436041056,0.7815394787611011,0.07749438543899617,0.38340145130719616,0.37659583572966393,-2.2773946447218414,2.2773946447218414,9.0270043234447,2.410624839343792e-07,1.3877787807814457e-17,5.662137425588298e-13,0.1
feature_informed,0,232,0.7196645554700815,0.14216547148026246,0.7815395728756677,0.07749436022196027,0.38340132654656855,0.37659544176688575,-2.2773946217255805,2.2773946217255805,9.02700491429146,2.287202347235652e-07,0.0,5.098144129078719e-13,0.1
feature_informed,0,233,0.7196645554696225,0.1421654877234939,0.7815396621711066,0.07749433629608797,0.38340120817393925,0.3765950679780786,-2.277394599901923,2.277394599901923,9.027005474886955,2.1700994053827118e-07,2.7755575615628914e-17,4.589661983800397e-13,0.1
feature_informed,0,234,0.7196645554692096,0.14216550313499982,0.7815397468942227,0.07749431359526149,0.3834010958621921,0.37659471332994465,-2.277394579191317,2.277394579191317,9.027006006780159,2.0589923969115258e-07,5.551115123125783e-17,4.128919428580957e-13,0.1
feature_informed,0,235,0.7196645554688376,0.1421655177573751,0.781539827279177,0.07749429205674946,0.3834009893009655,0.37659437684213415,-2.277394559537208,2.277394559537208,9.027006511440714,1.953574280819691e-07,2.7755575615628914e-17,3.7203573555188996e-13,0.1
feature_informed,0,236,0.7196645554685028,0.14216553163103257,0.7815399035481347,0.07749427162103369,0.38340088819579454,0.37659405758453096,-2.2773945408858958,2.2773945408858958,9.027006990263002,1.8535537430935116e-07,0.0,3.347322419244847e-13,0.1
feature_informed,0,237,0.7196645554682013,0.1421655447943148,0.7815399759118801,0.07749425223164413,0.38340079226729534,0.37659375467467504,-2.2773945231863886,2.2773945231863886,9.027007444570012,1.7586543899135362e-07,1.3877787807814457e-17,3.015365734881925e-13,0.1
feature_informed,0,238,0.7196645554679302,0.14216555728360025,0.7815400445703997,0.07749423383500309,0.38340070125039344,0.3765934672753198,-2.27739450639027,2.27739450639027,9.027007875616968,1.6686139838026807e-07,0.0,2.7111646261346323e-13,0.1
feature_informed,0,239,0.7196645554676857,0.1421655691334039,0.781540109713436,0.07749421638027673,0.3834006148935899,0.3765931945921134,-2.2773944904515706,2.2773944904515706,9.02700828459483,1.583183718370634e-07,2.7755575615628914e-17,2.4447111002245947e-13,0.1
feature_informed,0,240,0.7196645554674661,0.1421655803764728,0.7815401715210127,0.0774941998192347,0.38340053295826626,0.3765929358713996,-2.277394475326646,2.277394475326646,9.027008672633565,1.5021275295474234e-07,1.3877787807814457e-17,2.1960211427085596e-13,0.1
feature_informed,0,241,0.719664555467268,0.14216559104387666,0.7815402301639318,0.07749418410611662,0.3834004552180243,0.3765926903981314,-2.277394460974061,2.277394460974061,9.027009040805282,1.425221443511555e-07,0.0,1.9806378759312793e-13,0.1
feature_informed,0,242,0.71966455546709,0.1421656011650938,0.7815402858042476,0.07749416919750562,0.38340038145806016,0.3765924574938921,-2.2773944473544776,2.2773944473544776,9.02700939012719,1.3522529563174968e-07,1.3877787807814457e-17,1.780797731498751e-13,0.1
feature_informed,0,243,0.7196645554669294,0.1421656107680927,0.7815403385957136,0.07749415505220825,0.3834003114745702,0.3765922365150175,-2.277394434430552,2.277394434430552,9.027009721564413,1.2830204475740636e-07,1.3877787807814457e-17,1.6053824936079764e-13,0.1
feature_informed,0,244,0.7196645554667853,0.1421656198794094,0.781540388684209,0.07749414163114061,0.383400245074188,0.3765920268508145,-2.277394422166833,2.277394422166833,9.027010036032653,1.2173326216690426e-07,1.3877787807814457e-17,1.4410694859634532e-13,0.1
feature_informed,0,245,0.7196645554666552,0.14216562852422077,0.781540436208141,0.07749412889722027,0.38340018207344917,0.3765918279218719,-2.277394410529669,2.277394410529669,9.027010334400726,1.1550079795562403e-07,0.0,1.3011813848606835e-13,0.1
feature_informed,0,246,0.7196645554665382,0.14216563672641436,0.7815404812988286,0.07749411681526376,0.3834001222982844,0.37659163917845606,-2.2773943994871138,2.2773943994871138,9.027010617492962,1.0958743167995526e-07,0.0,1.170175067954915e-13,0.1
feature_informed,0,247,0.7196645554664327,0.14216564450865424,0.7815405240808654,0.0774941053518893,0.3834000655835382,0.3765914600989915,-2.2773943890088457,2.2773943890088457,9.027010886091478,1.039768247281077e-07,0.0,1.0547118733938987e-13,0.1
feature_informed,0,248,0.719664555466338,0.14216565189244387,0.7815405646724644,0.0774940944754245,0.38340001177251215,0.37659129018861687,-2.2773943790660818,2.2773943790660818,9.027011140938349,9.865347518920956e-08,2.7755575615628914e-17,9.470202400052585e-14,0.1
feature_informed,0,249,0.7196645554662527,0.1421656588981854,0.7815406031857839,0.07749408415581883,0.3833999607165322,0.3765911289778165,-2.2773943696315024,2.2773943696315024,9.02701138273765,9.36026749612269e-08,2.7755575615628914e-17,8.526512829121202e-14,0.1
feature_informed,0,250,0.7196645554661758,0.14216566554523616,0.7815406397272392,0.07749407436456052,0.38339991227453696,0.37659097602112146,-2.2773943606791764,2.2773943606791764,9.027011612157406,8.881046909575139e-08,1.3877787807814457e-17,7.693845560652335e-14,0.1
feature_informed,0,251,0.7196645554661065,0.1421656718519622,0.7815406743977954,0.0774940650745978,0.3833998663126887,0.37659083089587814,-2.2773943521844924,2.2773943521844924,9.02701182983144,8.426361724321931e-08,2.7755575615628914e-17,6.927791673660977e-14,0.1
feature_informed,0,252,0.7196645554660444,0.14216567783578907,0.7815407072932478,0.07749405626026407,0.38339982270400236,0.37659069320107846,-2.27739434412409,2.27739434412409,9.027012036361121,7.994955703712856e-08,2.7755575615628914e-17,6.217248937900877e-14,0.1
feature_informed,0,253,0.7196645554659883,0.14216568351324993,0.7815407385044856,0.07749404789720703,0.38339978132799574,0.37659056255625145,-2.2773943364757976,2.2773943364757976,9.027012232317023,7.585636939990302e-08,1.3877787807814457e-17,5.6066262743570405e-14,0.1
feature_informed,0,254,0.7196645554659377,0.14216568890003128,0.7815407681177436,0.07749403996232128,0.3833997420703554,0.3765904386004112,-2.2773943292185734,2.2773943292185734,9.027012418240512,7.197274550779843e-08,0.0,5.062616992290714e-14,0.1
feature_informed,0,255,0.7196645554658924,0.14216569401101647,0.7815407962148416,0.0774940324336845,0.3833997048226212,0.3765903209910582,-2.2773943223324475,2.2773943223324475,9.027012594645232,6.828795568884808e-08,0.0,4.529709940470639e-14,0.1
feature_informed,0,256,0.7196645554658514,0.14216569886032654,0.7815408228734084,0.07749402529049693,0.383399669481887,0.37659020940323273,-2.277394315798465,2.277394315798465,9.02701276201853,6.479181962024871e-08,0.0,4.0967229608668276e-14,0.1
feature_informed,0,257,0.7196645554658145,0.1421657034613596,0.7815408481670988,0.07749401851302377,0.38339963595051524,0.3765901035286162,-2.2773943095986384,2.2773943095986384,9.027012920822795,6.147467825247271e-08,0.0,3.68594044175552e-14,0.1
feature_informed,0,258,0.7196645554657813,0.1421657078268276,0.7815408721657953,0.07749401208254071,0.383399604135868,0.3765900030746791,-2.277394303715897,2.277394303715897,9.02701307149675,5.832736713402837e-08,1.3877787807814457e-17,3.319566843629218e-14,0.1
feature_informed,0,259,0.7196645554657515,0.14216571196879163,0.7815408949358024,0.07749400598128221,0.38339957395005064,0.3765899077638715,-2.2773942981340403,2.2773942981340403,9.027013214456646,5.5341191069616484e-08,0.0,2.986499936241671e-14,0.1
feature_informed,0,260,0.7196645554657247,0.14216571589869512,0.7815409165400292,0.07749400019239228,0.38339954530966863,0.3765898173328564,-2.277394292837693,2.277394292837693,9.027013350097434,5.250789999755213e-08,1.3877787807814457e-17,2.6756374893466273e-14,0.1
feature_informed,0,261,0.7196645554657004,0.1421657196273956,0.7815409370381639,0.07749399469987807,0.3833995181355978,0.37658973153178166,-2.2773942878122653,2.2773942878122653,9.027013478793831,4.981966643084983e-08,1.3877787807814457e-17,2.4313884239290928e-14,0.1
feature_informed,0,262,0.7196645554656788,0.14216572316519463,0.7815409564868381,0.07749398948856552,0.3833994923527649,0.376589650123589,-2.2773942830439102,2.2773942830439102,9.027013600901377,4.726906350856234e-08,1.3877787807814457e-17,2.1649348980190553e-14,0.1
feature_informed,0,263,0.7196645554656591,0.14216572652186632,0.781540974939784,0.07749398454405758,0.3833994678899407,0.37658957288335954,-2.2773942785194885,2.2773942785194885,9.027013716757402,4.484904475837928e-08,1.3877787807814457e-17,1.965094753586527e-14,0.1
feature_informed,0,264,0.7196645554656416,0.14216572970668429,0.7815409924479824,0.07749397985269425,0.383399444679543,0.3765894995976906,-2.277394274226531,2.277394274226531,9.027013826681975,4.255292442480821e-08,0.0,1.7541523789077473e-14,0.1
feature_informed,0,265,0.7196645554656257,0.14216573272844726,0.7815410090598033,0.07749397540151498,0.38339942265744964,0.37658943006410767,-2.277394270153204,2.277394270153204,9.027013930978764,4.0374359076896675e-08,0.0,1.587618925213974e-14,0.1
feature_informed,0,266,0.7196645554656115,0.14216573559550358,0.7815410248211407,0.07749397117822282,0.3833994017628218,0.3765893640905034,-2.277394266288279,2.277394266288279,9.027014029935904,3.8307330103726496e-08,0.0,1.4210854715202004e-14,0.1
feature_informed,0,267,0.7196645554655985,0.14216573831577406,0.7815410397755386,0.07749396717115038,0.3833993819379354,0.37658930149460723,-2.2773942626211015,2.2773942626211015,9.027014123826765,3.6346127055890725e-08,1.3877787807814457e-17,1.2989609388114332e-14,0.1
feature_informed,0,268,0.7196645554655868,0.1421657408967739,0.781541053964311,0.07749396336922769,0.383399363128022,0.37658924210348144,-2.277394259141559,2.277394259141559,9.02701421291073,3.4485331797366486e-08,1.3877787807814457e-17,1.1657341758564144e-14,0.1
feature_informed,0,269,0.7196645554655765,0.14216574334563362,0.7815410674266571,0.07749395976195154,0.38339934528111735,0.37658918575304345,-2.277394255840057,2.277394255840057,9.027014297433901,3.271980370651679e-08,0.0,1.0325074129013956e-14,0.1
feature_informed,0,270,0.719664555465567,0.14216574566911855,0.7815410801997685,0.07749395633935645,0.38339932834791735,0.37658913228761226,-2.27739425270749,2.27739425270749,9.027014377629772,3.1044665252942005e-08,0.0,9.547918011776346e-15,0.1
feature_informed,0,271,0.7196645554655584,0.14216574787364772,0.7815410923189334,0.0774939530919872,0.38339931228164265,0.3765890815594777,-2.2773942497352193,2.2773942497352193,9.027014453719893,2.945528871015232e-08,0.0,8.548717289613705e-15,0.1
feature_informed,0,272,0.719664555465551,0.14216574996531145,0.7815411038176325,0.07749395001087266,0.38339929703790876,0.3765890334284933,-2.2773942469150454,2.2773942469150454,9.027014525914465,2.7947283221949118e-08,1.3877787807814457e-17,7.438494264988549e-15,0.1
feature_informed,0,273,0.7196645554655441,0.14216575194988823,0.7815411147276325,0.077493947087501,0.38339928257460376,0.3765889877616879,-2.2773942442391895,2.2773942442391895,9.027014594412925,2.6516482843173305e-08,1.3877787807814457e-17,6.8833827526759706e-15,0.1
feature_informed,0,274,0.719664555465538,0.1421657538328607,0.7815411250790736,0.07749394431379623,0.3833992688517717,0.3765889444328988,-2.2773942417002693,2.2773942417002693,9.027014659404507,2.5158934789688704e-08,2.7755575615628914e-17,6.106226635438361e-15,0.1
feature_informed,0,275,0.7196645554655324,0.14216575561943076,0.7815411349005527,0.0774939416820958,0.3833992558315024,0.3765889033224231,-2.2773942392912803,2.2773942392912803,9.02701472106875,2.3870888784427435e-08,0.0,5.551115123125783e-15,0.1
feature_informed,0,276,0.7196645554655275,0.14216575731453404,0.7815411442192028,0.07749393918512945,0.38339924347782656,0.3765888643166866,-2.2773942370055753,2.2773942370055753,9.027014779576007,2.2648786476746398e-08,0.0,4.884981308350689e-15,0.1
feature_informed,0,277,0.719664555465523,0.1421657589228534,0.7815411530607677,0.07749393681599921,0.3833992317566165,0.3765888273079304,-2.277394234836848,2.277394234836848,9.0270148350879,2.14892517177207e-08,1.3877787807814457e-17,4.551914400963142e-15,0.1
feature_informed,0,278,0.7196645554655188,0.142165760448832,0.7815411614496728,0.07749393456816024,0.38339922063549176,0.37658879219391284,-2.2773942327791135,2.2773942327791135,9.027014887757787,2.0389081254415257e-08,1.3877787807814457e-17,4.218847493575595e-15,0.1
feature_informed,0,279,0.7196645554655151,0.14216576189668548,0.7815411694090935,0.07749393243540277,0.3833992100837298,0.37658875887762655,-2.277394230826693,2.277394230826693,9.027014937731163,1.9345235761771055e-08,1.3877787807814457e-17,3.6637359812630166e-15,0.1
feature_informed,0,280,0.7196645554655119,0.14216576327041364,0.781541176961018,0.07749393041183499,0.3833992000721809,0.3765887272670322,-2.277394228974199,2.277394228974199,9.027014985146089,1.8354831564229637e-08,1.3877787807814457e-17,3.219646771412954e-15,0.1
feature_informed,0,281,0.7196645554655089,0.14216576457381147,0.7815411841263091,0.0774939284918667,0.38339919057318794,0.37658869727480143,-2.2773942272165177,2.2773942272165177,9.027015030133542,1.7415132665650245e-08,0.0,2.9976021664879227e-15,0.1
feature_informed,0,282,0.7196645554655063,0.14216576581047977,0.7815411909247616,0.07749392667019395,0.38339918156050945,0.3765886688180779,-2.2773942255487993,2.2773942255487993,9.027015072817806,1.6523543030738435e-08,1.3877787807814457e-17,2.55351295663786e-15,0.1
feature_informed,0,283,0.7196645554655039,0.14216576698383482,0.7815411973751564,0.07749392494178428,0.3833991730092477,0.3765886418182474,-2.2773942239664393,2.2773942239664393,9.027015113316791,1.567759968300778e-08,2.7755575615628914e-17,2.4424906541753444e-15,0.1
