initialization_kind,initialization_seed,iteration,total_objective,feature_raw,feature_normalized,gw_raw,gw_normalized,coverage_loss,entropy_loss,shannon_plan_entropy,gradient_norm,step_norm,source_marginal_feasibility_error,objective_improvement,learning_rate
uniform,0,0,0.9710345884475782,0.16273564111570366,0.8946218946481151,0.2014170264363144,0.9965054863807326,0.10132063763597501,-3.7661088220473453,3.7661088220473453,12.253925153777345,0.06828047413067828,5.551115123125783e-17,0.028965411547337006,0.05
uniform,0,1,0.9606987671985578,0.16881140638688846,0.9280227686120428,0.1963811798547813,0.9715907667273962,0.03816898443454005,-3.817676417626854,3.817676417626854,11.735964354980293,0.03698683730479241,1.1102230246251565e-16,0.010335821249020327,0.052500000000000005
uniform,0,2,0.9395164514892015,0.16332468563746858,0.8978601043142985,0.19270478530375065,0.9534019005475024,0.07982198695037829,-3.7195670278922366,3.7195670278922366,11.938875692752154,0.034440932045881466,1.1102230246251565e-16,0.02118231570935636,0.05512500000000001
uniform,0,3,0.8657289470342622,0.16521812815874648,0.9082691033767017,0.17211791467689758,0.8515488949201157,0.050750999035998307,-3.5565163659048338,3.5565163659048338,11.827987894462956,0.050837706025442304,6.938893903907228e-17,0.07378750445493931,0.05788125000000001
uniform,0,4,0.7621548808671961,0.1676135377324638,0.9214376129705748,0.1433177107259031,0.7090606368327365,0.052582655865128995,-3.364157680752287,3.364157680752287,12.10274004484198,0.06239833629035397,8.326672684688674e-17,0.1035740661670661,0.06077531250000001
uniform,0,5,0.6476794855252881,0.17143933157900887,0.9424695081108396,0.11104983128204601,0.5494161446634376,0.11238859365307974,-3.0665092979920963,3.0665092979920963,12.509876239350332,0.06970996028582853,2.7755575615628914e-17,0.11447539534190798,0.06381407812500002
uniform,0,6,0.6156579457768644,0.16806101816593028,0.9238975891040213,0.10367136962376203,0.5129113980011454,0.1425923862289197,-2.9798098927970376,2.9798098927970376,13.140340212939847,0.04069022524395114,2.7755575615628914e-17,0.0320215397484237,0.06700478203125003
uniform,0,7,0.5968212939793903,0.16536813561592312,0.9090937534326492,0.09959233370670495,0.49273047416163734,0.15276019223099216,-2.9002716416081906,2.9002716416081906,13.15538596156254,0.03606018354967297,2.7755575615628914e-17,0.01883665179747407,0.07035502113281253
uniform,0,8,0.5764575145965742,0.16518497912304167,0.9080868700753507,0.09417217819633124,0.46591439610364876,0.13600910047995282,-2.8110430264353155,2.8110430264353155,13.121428667544524,0.035741476421619914,1.3877787807814457e-17,0.020363779382816083,0.07387277218945316
uniform,0,9,0.551305777364859,0.16522615936121104,0.9083132540588504,0.08737858787560913,0.43230328513352845,0.12835478500002037,-2.6797967526502493,2.6797967526502493,13.109625922640939,0.03992675315252593,2.7755575615628914e-17,0.025151737231715265,0.07756641079892583
uniform,0,10,0.5218151020363266,0.16530777216609857,0.9087619117814947,0.07940068771702859,0.3928328321212707,0.11674461618393359,-2.5624668292130552,2.5624668292130552,13.134737371963247,0.04401521233784505,1.3877787807814457e-17,0.029490675328532334,0.08144473133887213
uniform,0,11,0.5001741630495118,0.16514793539001002,0.9078832260892982,0.07362770325728969,0.36427114203624955,0.1210371036858385,-2.4500085018579223,2.4500085018579223,13.175528632834082,0.0333893759294982,0.0,0.02164093898681485,0.08551696790581574
uniform,0,12,0.4917275741612296,0.1650553526547756,0.9073742623402432,0.07138565729556386,0.35317867810155834,0.1324790020208348,-2.3823908827103724,2.3823908827103724,13.191046023175879,0.025354315677470648,0.0,0.008446588888282203,0.08979281630110653
uniform,0,13,0.48721301292652763,0.16494266658221993,0.9067547826304571,0.07021073008403804,0.3473657563585512,0.13055070149249734,-2.3327507258654014,2.3327507258654014,13.212002016029697,0.019342362629556797,1.3877787807814457e-17,0.004514561234701953,0.09428245711616186
uniform,0,14,0.4819599316160583,0.16443939229783866,0.9039880857302941,0.06898144091427554,0.3412838802446464,0.12770585794464134,-2.279841045726734,2.279841045726734,13.212440839758154,0.02105829494496686,1.3877787807814457e-17,0.00525308131046931,0.09899657997196995
uniform,0,15,0.47895805237323746,0.16374002020160294,0.9001433619469308,0.06843147721486267,0.33856294918200636,0.12670496928867442,-2.2461830326420404,2.2461830326420404,13.204599380348503,0.013239507286063544,0.0,0.0030018792428208596,0.1
uniform,0,16,0.4788259554074168,0.16393136161590482,0.9011952410400036,0.06832500759822908,0.3380361935298879,0.12344395064516786,-2.244980627159816,2.244980627159816,13.196360197160196,0.003619541142638567,0.0,0.00013209696582067165,0.1
uniform,0,17,0.47868929752982364,0.1641274278768798,0.9022730944755968,0.06821555881887668,0.33749469854789926,0.12029060310155783,-2.2435562931119644,2.2435562931119644,13.196023217977713,0.0036805171462765125,0.0,0.0001366578775931493,0.1
uniform,0,18,0.47854761446104294,0.16432847146373314,0.9033783102313124,0.06810291224029782,0.33693738253761973,0.11724895432422418,-2.2418923809737503,2.2418923809737503,13.195760434591788,0.0037465258321174194,0.0,0.0001416830687807069,0.1
uniform,0,19,0.4784003865348677,0.1645347595664091,0.9045123571554777,0.06798682885074575,0.33636306299466445,0.11432374965751271,-2.2399678614241774,2.2399678614241774,13.195576119428669,0.003818010891735327,1.3877787807814457e-17,0.00014722792617521963,0.1
uniform,0,20,0.47824703201787444,0.1647465749477715,0.9056767897068899,0.06786704714353703,0.3357704461215359,0.1115205370864975,-2.2377575944388948,2.2377575944388948,13.195474897334298,0.003895444852991933,1.3877787807814457e-17,0.00015335451699327596,0.1
uniform,0,21,0.47808689962268636,0.16496421685633567,0.9068732529724635,0.06774328076133157,0.3351581151727607,0.1088457654803556,-2.2352313719548613,2.2352313719548613,13.195461781616407,0.003979329532027868,0.0,0.00016013239518808398,0.1
uniform,0,22,0.47791926011760016,0.1651880019925141,0.9081034879790635,0.0676152158770633,0.3345245174971124,0.10630689810722889,-2.2323526331637566,2.2323526331637566,13.195542214167967,0.004070196369936188,0.0,0.0001676395050861923,0.1
uniform,0,23,0.4777432969235045,0.16541826553151556,0.9093693373167842,0.06748250828096536,0.3338679501257446,0.1039125438095197,-2.2290766888562885,2.2290766888562885,13.19572211015298,0.0041686066715050304,0.0,0.00017596319409568517,0.1
uniform,0,24,0.47755809557585194,0.16565536220621718,0.9106727510919235,0.06734478013951618,0.33318654373716144,0.10167260871961509,-2.2253481770477954,2.2253481770477954,13.196007907792348,0.004275151771905883,0.0,0.0001852013476525416,0.1
uniform,0,25,0.4773626319146954,0.16589966745352797,0.9120157932289945,0.06720161638808585,0.33247824480992905,0.09959847200875302,-2.221097250825201,2.221097250825201,13.196406623851622,0.004390453165312996,0.0,0.00019546366115652525,0.1
uniform,0,26,0.47715575884925926,0.16615157862796476,0.9134006481422303,0.06705256071452813,0.33174079575160226,0.09770318993518731,-2.216233536994656,2.216233536994656,13.196925915503439,0.004515162636563387,1.3877787807814457e-17,0.0002068730654361528,0.1
uniform,0,27,0.4769361915249905,0.16641151628638262,0.9148296277982533,0.06689711108588997,0.33097171276723625,0.09600173344593961,-2.210635841091861,2.210635841091861,13.197574149317047,0.0046499624425148794,0.0,0.00021956732426875458,0.1
uniform,0,28,0.47670249070026005,0.16667992554803107,0.9163051791928387,0.06673471476472626,0.3301682612027338,0.09451126586480837,-2.2041328002848966,2.2041328002848966,13.19836047821607,0.004795565593240404,1.3877787807814457e-17,0.00023370082473045395,0.1
uniform,0,29,0.476453044116617,0.16695727753435258,0.9178298922660552,0.06656476275514611,0.32932742806680426,0.09325146887540199,-2.1964610326492346,2.1964610326492346,13.19929492734461,0.00495271628427794,1.3877787807814457e-17,0.0002494465836430648,0.1
uniform,0,30,0.4761860456204092,0.16724407089319954,0.9194065082814844,0.06638658361159024,0.32844589140005087,0.09224492723706107,-2.187151640241571,2.187151640241571,13.200388489892134,0.005122190529711984,0.0,0.00026699849620775984,0.1
uniform,0,31,0.47589947176435254,0.16754083341241865,0.9210379286967306,0.06619943653535963,0.3275199861202265,0.09151758568201346,-2.1750377912731977,2.1750377912731977,13.201653234050607,0.005304797041997944,0.0,0.0002865738560566822,0.1
uniform,0,32,0.4757143516064606,0.16772088005849867,0.9220277160016924,0.06608286068522569,0.32694323014138327,0.09229521330299632,-2.166078510223322,2.166078510223322,13.203102422414135,0.0034995622335783566,0.0,0.00018512015789196035,0.1
uniform,0,33,0.4756383205287589,0.1677816899071914,0.9223620116831902,0.06603984748953838,0.3267304234772817,0.09447770208149928,-2.1659800401635483,2.1659800401635483,13.204908193633907,0.002724151253116979,0.0,7.603107770171036e-05,0.1
uniform,0,34,0.47555464324895586,0.16784548424391632,0.9227127142705116,0.06599366825296238,0.32650195290843725,0.09685486828669718,-2.1657488758557975,2.1657488758557975,13.20703334450776,0.0028578499382413114,0.0,8.367727980301831e-05,0.1
uniform,0,35,0.4754625508129824,0.16791240954443365,0.9230806289985836,0.0659440614918084,0.32625652475111533,0.09944739196807995,-2.165365115469791,2.165365115469791,13.209292954358434,0.002998110424360901,0.0,9.209243597346761e-05,0.1
uniform,0,36,0.47536119693552015,0.16798261947339088,0.9234666006224773,0.06589074221913775,0.3259927290398678,0.10227867189306436,-2.164806091094994,2.164806091094994,13.211696638210762,0.00314525475826525,1.3877787807814457e-17,0.00010135387746224023,0.1
uniform,0,37,0.47524965022304566,0.1680562752371466,0.9238715153570195,0.06583339971820956,0.32570902851172107,0.10537530019133129,-2.164045891663518,2.164045891663518,13.214254783388938,0.003299620792485967,0.0,0.00011154671247448622,0.1
uniform,0,38,0.4751268856147698,0.16813354595391009,0.9242963029115946,0.06577169509873917,0.3254037465158282,0.1087676531521651,-2.1630547698376796,2.1630547698376796,13.2169786171286,0.00346156296102727,0.0,0.00012276460827587155,0.1
uniform,0,39,0.47499177496282147,0.16821460904204721,0.9247419386248168,0.06570525861445593,0.32507505374215634,0.11249063771496182,-2.161798393336698,2.161798393336698,13.219880280406121,0.0036314530931683764,1.3877787807814457e-17,0.0001351106519483225,0.1
uniform,0,40,0.4748430766651095,0.16829965062744423,0.9252094457039677,0.06563368671830151,0.32472095365215675,0.11658465114140745,-2.1602368832283245,2.1602368832283245,13.222972908565641,0.00380968126720671,0.0,0.00014869829771196885,0.1
uniform,0,41,0.47467942425559484,0.16838886597086422,0.925699897574344,0.06555653882924731,0.32433926648267847,0.12109683979268429,-2.1583235532757854,2.1583235532757854,13.2262707193778,0.003996656706101856,1.3877787807814457e-17,0.00016365240951465854,0.1
uniform,0,42,0.47449931384712307,0.16848245991627797,0.9262144203439081,0.06547333378211095,0.32392761168152806,0.12608278958637092,-2.156003217778441,2.156003217778441,13.229789109221814,0.004192808717076916,0.0,0.00018011040847176751,0.1
uniform,0,43,0.4743010903114228,0.1685806473611984,0.9267541953889022,0.06538354592889203,0.32348338861892967,0.13160886042554923,-2.153209855625913,2.153209855625913,13.233544758145344,0.004398587677334571,1.3877787807814457e-17,0.0001982235357002593,0.1
uniform,0,44,0.47408293206927066,0.16868365375009878,0.9273204620663622,0.06528660085700086,0.3230037554035735,0.1377555198214669,-2.1498632753556484,2.1498632753556484,13.23755574462439,0.00461446606815108,0.0,0.0002181582421521555,0.1
uniform,0,45,0.4738428343510517,0.16879171559204698,0.9279145205597572,0.06518187068629294,0.32248560561481654,0.14462230242018229,-2.145864154513735,2.145864154513735,13.241841670918953,0.004840939559722704,1.3877787807814457e-17,0.00024009771821897896,0.1
uniform,0,46,0.47357859077388853,0.16890508100374527,0.9285377348642928,0.06506866890301269,0.32192554274375373,0.1523355756750025,-2.1410862730862013,2.1410862730862013,13.246423799999397,0.0050785281492552025,0.0,0.00026424357716314795,0.1
uniform,0,47,0.4732877730660402,0.16902401027922137,0.9291915359187276,0.06494624468455913,0.32131985211514436,0.1610615259428201,-2.1353635267303948,2.1353635267303948,13.2513252051039,0.005327777354909769,0.0,0.00029081770784833427,0.1
uniform,0,48,0.47296770875225025,0.16914877648748006,0.9298774248908986,0.06481377666437584,0.32066447003936743,0.17102987186986107,-2.1284662129472323,2.1284662129472323,13.256570933079233,0.0055892594683465925,0.0,0.00032006431378994726,0.1
uniform,0,49,0.4726154565949806,0.16927966609948625,0.9305969766244951,0.06467036608119302,0.31995494991847573,0.18258292379721638,-2.1200519714686967,2.1200519714686967,13.262188182755681,0.005863574868742067,0.0,0.0003522521572696391,0.1
uniform,0,50,0.4722277795658489,0.16941697964592034,0.9313518432549979,0.06451502925126748,0.3191864250027992,0.19629890901079808,-2.1095424590390914,2.1095424590390914,13.268206499712463,0.006151353401296695,0.0,0.00038767702913172775,0.1
uniform,0,51,0.47180111509889044,0.16956103240721518,0.9321437580030846,0.06434668929612361,0.3183535674641591,0.2134406168295989,-2.095674704597664,2.095674704597664,13.274657988902558,0.006453255823398761,0.0,0.0004266644669584374,0.1
uniform,0,52,0.4714524811599409,0.16967391749116673,0.9327643317568725,0.06421092240174069,0.31768186429429707,0.232178312973178,-2.079441541671836,2.079441541671836,13.281577546725712,0.0050570104928012215,0.0,0.00034863393894957184,0.1
uniform,0,53,0.4714524811599409,0.16967391749116673,0.9327643317568725,0.06421092240174069,0.31768186429429707,0.232178312973178,-2.079441541671836,2.079441541671836,13.287108182087707,0.0,0.0,0.0,0.1
uniform,0,54,0.4714524811599409,0.16967391749116673,0.9327643317568725,0.06421092240174069,0.31768186429429707,0.232178312973178,-2.079441541671836,2.079441541671836,13.287108182087707,0.0,0.0,0.0,0.1
uniform,0,55,0.4714524811599409,0.16967391749116673,0.9327643317568725,0.06421092240174069,0.31768186429429707,0.232178312973178,-2.079441541671836,2.079441541671836,13.287108182087707,0.0,0.0,0.0,0.1
uniform,0,56,0.4714524811599409,0.16967391749116673,0.9327643317568725,0.06421092240174069,0.31768186429429707,0.232178312973178,-2.079441541671836,2.079441541671836,13.287108182087707,0.0,0.0,0.0,0.1
uniform,0,57,0.4714524811599409,0.16967391749116673,0.9327643317568725,0.06421092240174069,0.31768186429429707,0.232178312973178,-2.079441541671836,2.079441541671836,13.287108182087707,0.0,0.0,0.0,0.1
uniform,0,58,0.4714524811599409,0.16967391749116673,0.9327643317568725,0.06421092240174069,0.31768186429429707,0.232178312973178,-2.079441541671836,2.079441541671836,13.287108182087707,0.0,0.0,0.0,0.1
uniform,0,59,0.4714524811599409,0.16967391749116673,0.9327643317568725,0.06421092240174069,0.31768186429429707,0.232178312973178,-2.079441541671836,2.079441541671836,13.287108182087707,0.0,0.0,0.0,0.1
uniform,0,60,0.4714524811599409,0.16967391749116673,0.9327643317568725,0.06421092240174069,0.31768186429429707,0.232178312973178,-2.079441541671836,2.079441541671836,13.287108182087707,0.0,0.0,0.0,0.1
uniform,0,61,0.4714524811599409,0.16967391749116673,0.9327643317568725,0.06421092240174069,0.31768186429429707,0.232178312973178,-2.079441541671836,2.079441541671836,13.287108182087707,0.0,0.0,0.0,0.1
uniform,0,62,0.4714524811599409,0.16967391749116673,0.9327643317568725,0.06421092240174069,0.31768186429429707,0.232178312973178,-2.079441541671836,2.079441541671836,13.287108182087707,0.0,0.0,0.0,0.1
uniform,0,63,0.4714524811599409,0.16967391749116673,0.9327643317568725,0.06421092240174069,0.31768186429429707,0.232178312973178,-2.079441541671836,2.079441541671836,13.287108182087707,0.0,0.0,0.0,0.1
uniform,0,64,0.4714524811599409,0.16967391749116673,0.9327643317568725,0.06421092240174069,0.31768186429429707,0.232178312973178,-2.079441541671836,2.079441541671836,13.287108182087707,0.0,0.0,0.0,0.1
uniform,0,65,0.4714524811599409,0.16967391749116673,0.9327643317568725,0.06421092240174069,0.31768186429429707,0.232178312973178,-2.079441541671836,2.079441541671836,13.287108182087707,0.0,0.0,0.0,0.1
uniform,0,66,0.4714524811599409,0.16967391749116673,0.9327643317568725,0.06421092240174069,0.31768186429429707,0.232178312973178,-2.079441541671836,2.079441541671836,13.287108182087707,0.0,0.0,0.0,0.1
uniform,0,67,0.4714524811599409,0.16967391749116673,0.9327643317568725,0.06421092240174069,0.31768186429429707,0.232178312973178,-2.079441541671836,2.079441541671836,13.287108182087707,0.0,0.0,0.0,0.1
uniform,0,68,0.4714524811599409,0.16967391749116673,0.9327643317568725,0.06421092240174069,0.31768186429429707,0.232178312973178,-2.079441541671836,2.079441541671836,13.287108182087707,0.0,0.0,0.0,0.1
uniform,0,69,0.4714524811599409,0.16967391749116673,0.9327643317568725,0.06421092240174069,0.31768186429429707,0.232178312973178,-2.079441541671836,2.079441541671836,13.287108182087707,0.0,0.0,0.0,0.1
uniform,0,70,0.4714524811599409,0.16967391749116673,0.9327643317568725,0.06421092240174069,0.31768186429429707,0.232178312973178,-2.079441541671836,2.079441541671836,13.287108182087707,0.0,0.0,0.0,0.1
uniform,0,71,0.4714524811599409,0.16967391749116673,0.9327643317568725,0.06421092240174069,0.31768186429429707,0.232178312973178,-2.079441541671836,2.079441541671836,13.287108182087707,0.0,0.0,0.0,0.1
uniform,0,72,0.4714524811599409,0.16967391749116673,0.9327643317568725,0.06421092240174069,0.31768186429429707,0.232178312973178,-2.079441541671836,2.079441541671836,13.287108182087707,0.0,0.0,0.0,0.1
uniform,0,73,0.4714524811599409,0.16967391749116673,0.9327643317568725,0.06421092240174069,0.31768186429429707,0.232178312973178,-2.079441541671836,2.079441541671836,13.287108182087707,0.0,0.0,0.0,0.1
uniform,0,74,0.4714524811599409,0.16967391749116673,0.9327643317568725,0.06421092240174069,0.31768186429429707,0.232178312973178,-2.079441541671836,2.079441541671836,13.287108182087707,0.0,0.0,0.0,0.1
uniform,0,75,0.4714524811599409,0.16967391749116673,0.9327643317568725,0.06421092240174069,0.31768186429429707,0.232178312973178,-2.079441541671836,2.079441541671836,13.287108182087707,0.0,0.0,0.0,0.1
uniform,0,76,0.4714524811599409,0.16967391749116673,0.9327643317568725,0.06421092240174069,0.31768186429429707,0.232178312973178,-2.079441541671836,2.079441541671836,13.287108182087707,0.0,0.0,0.0,0.1
uniform,0,77,0.4714524811599409,0.16967391749116673,0.9327643317568725,0.06421092240174069,0.31768186429429707,0.232178312973178,-2.079441541671836,2.079441541671836,13.287108182087707,0.0,0.0,0.0,0.1
uniform,0,78,0.4714524811599409,0.16967391749116673,0.9327643317568725,0.06421092240174069,0.31768186429429707,0.232178312973178,-2.079441541671836,2.079441541671836,13.287108182087707,0.0,0.0,0.0,0.1
uniform,0,79,0.4714524811599409,0.16967391749116673,0.9327643317568725,0.06421092240174069,0.31768186429429707,0.232178312973178,-2.079441541671836,2.079441541671836,13.287108182087707,0.0,0.0,0.0,0.1
uniform,0,80,0.4714524811599409,0.16967391749116673,0.9327643317568725,0.06421092240174069,0.31768186429429707,0.232178312973178,-2.079441541671836,2.079441541671836,13.287108182087707,0.0,0.0,0.0,0.1
uniform,0,81,0.4714524811599409,0.16967391749116673,0.9327643317568725,0.06421092240174069,0.31768186429429707,0.232178312973178,-2.079441541671836,2.079441541671836,13.287108182087707,0.0,0.0,0.0,0.1
uniform,0,82,0.4714524811599409,0.16967391749116673,0.9327643317568725,0.06421092240174069,0.31768186429429707,0.232178312973178,-2.079441541671836,2.079441541671836,13.287108182087707,0.0,0.0,0.0,0.1
uniform,0,83,0.4714524811599409,0.16967391749116673,0.9327643317568725,0.06421092240174069,0.31768186429429707,0.232178312973178,-2.079441541671836,2.079441541671836,13.287108182087707,0.0,0.0,0.0,0.1
uniform,0,84,0.4714524811599409,0.16967391749116673,0.9327643317568725,0.06421092240174069,0.31768186429429707,0.232178312973178,-2.079441541671836,2.079441541671836,13.287108182087707,0.0,0.0,0.0,0.1
uniform,0,85,0.4714524811599409,0.16967391749116673,0.9327643317568725,0.06421092240174069,0.31768186429429707,0.232178312973178,-2.079441541671836,2.079441541671836,13.287108182087707,0.0,0.0,0.0,0.1
uniform,0,86,0.4714524811599409,0.16967391749116673,0.9327643317568725,0.06421092240174069,0.31768186429429707,0.232178312973178,-2.079441541671836,2.079441541671836,13.287108182087707,0.0,0.0,0.0,0.1
uniform,0,87,0.4714524811599409,0.16967391749116673,0.9327643317568725,0.06421092240174069,0.31768186429429707,0.232178312973178,-2.079441541671836,2.079441541671836,13.287108182087707,0.0,0.0,0.0,0.1
uniform,0,88,0.4714524811599409,0.16967391749116673,0.9327643317568725,0.06421092240174069,0.31768186429429707,0.232178312973178,-2.079441541671836,2.079441541671836,13.287108182087707,0.0,0.0,0.0,0.1
uniform,0,89,0.4714524811599409,0.16967391749116673,0.9327643317568725,0.06421092240174069,0.31768186429429707,0.232178312973178,-2.079441541671836,2.079441541671836,13.287108182087707,0.0,0.0,0.0,0.1
uniform,0,90,0.4714524811599409,0.16967391749116673,0.9327643317568725,0.06421092240174069,0.31768186429429707,0.232178312973178,-2.079441541671836,2.079441541671836,13.287108182087707,0.0,0.0,0.0,0.1
uniform,0,91,0.4714524811599409,0.16967391749116673,0.9327643317568725,0.06421092240174069,0.31768186429429707,0.232178312973178,-2.079441541671836,2.079441541671836,13.287108182087707,0.0,0.0,0.0,0.1
uniform,0,92,0.4714524811599409,0.16967391749116673,0.9327643317568725,0.06421092240174069,0.31768186429429707,0.232178312973178,-2.079441541671836,2.079441541671836,13.287108182087707,0.0,0.0,0.0,0.1
uniform,0,93,0.4714524811599409,0.16967391749116673,0.9327643317568725,0.06421092240174069,0.31768186429429707,0.232178312973178,-2.079441541671836,2.079441541671836,13.287108182087707,0.0,0.0,0.0,0.1
uniform,0,94,0.4714524811599409,0.16967391749116673,0.9327643317568725,0.06421092240174069,0.31768186429429707,0.232178312973178,-2.079441541671836,2.079441541671836,13.287108182087707,0.0,0.0,0.0,0.1
uniform,0,95,0.4714524811599409,0.16967391749116673,0.9327643317568725,0.06421092240174069,0.31768186429429707,0.232178312973178,-2.079441541671836,2.079441541671836,13.287108182087707,0.0,0.0,0.0,0.1
uniform,0,96,0.4714524811599409,0.16967391749116673,0.9327643317568725,0.06421092240174069,0.31768186429429707,0.232178312973178,-2.079441541671836,2.079441541671836,13.287108182087707,0.0,0.0,0.0,0.1
uniform,0,97,0.4714524811599409,0.16967391749116673,0.9327643317568725,0.06421092240174069,0.31768186429429707,0.232178312973178,-2.079441541671836,2.079441541671836,13.287108182087707,0.0,0.0,0.0,0.1
uniform,0,98,0.4714524811599409,0.16967391749116673,0.9327643317568725,0.06421092240174069,0.31768186429429707,0.232178312973178,-2.079441541671836,2.079441541671836,13.287108182087707,0.0,0.0,0.0,0.1
uniform,0,99,0.4714524811599409,0.16967391749116673,0.9327643317568725,0.06421092240174069,0.31768186429429707,0.232178312973178,-2.079441541671836,2.079441541671836,13.287108182087707,0.0,0.0,0.0,0.1
uniform,0,100,0.4714524811599409,0.16967391749116673,0.9327643317568725,0.06421092240174069,0.31768186429429707,0.232178312973178,-2.079441541671836,2.079441541671836,13.287108182087707,0.0,0.0,0.0,0.1
uniform,0,101,0.4714524811599409,0.16967391749116673,0.9327643317568725,0.06421092240174069,0.31768186429429707,0.232178312973178,-2.079441541671836,2.079441541671836,13.287108182087707,0.0,0.0,0.0,0.1
uniform,0,102,0.4714524811599409,0.16967391749116673,0.9327643317568725,0.06421092240174069,0.31768186429429707,0.232178312973178,-2.079441541671836,2.079441541671836,13.287108182087707,0.0,0.0,0.0,0.1
uniform,0,103,0.4714524811599409,0.16967391749116673,0.9327643317568725,0.06421092240174069,0.31768186429429707,0.232178312973178,-2.079441541671836,2.079441541671836,13.287108182087707,0.0,0.0,0.0,0.1
uniform,0,104,0.4714524811599409,0.16967391749116673,0.9327643317568725,0.06421092240174069,0.31768186429429707,0.232178312973178,-2.079441541671836,2.079441541671836,13.287108182087707,0.0,0.0,0.0,0.1
uniform,0,105,0.4714524811599409,0.16967391749116673,0.9327643317568725,0.06421092240174069,0.31768186429429707,0.232178312973178,-2.079441541671836,2.079441541671836,13.287108182087707,0.0,0.0,0.0,0.1
uniform,0,106,0.4714524811599409,0.16967391749116673,0.9327643317568725,0.06421092240174069,0.31768186429429707,0.232178312973178,-2.079441541671836,2.079441541671836,13.287108182087707,0.0,0.0,0.0,0.1
uniform,0,107,0.4714524811599409,0.16967391749116673,0.9327643317568725,0.06421092240174069,0.31768186429429707,0.232178312973178,-2.079441541671836,2.079441541671836,13.287108182087707,0.0,0.0,0.0,0.1
uniform,0,108,0.4714524811599409,0.16967391749116673,0.9327643317568725,0.06421092240174069,0.31768186429429707,0.232178312973178,-2.079441541671836,2.079441541671836,13.287108182087707,0.0,0.0,0.0,0.1
uniform,0,109,0.4714524811599409,0.16967391749116673,0.9327643317568725,0.06421092240174069,0.31768186429429707,0.232178312973178,-2.079441541671836,2.079441541671836,13.287108182087707,0.0,0.0,0.0,0.1
uniform,0,110,0.4714524811599409,0.16967391749116673,0.9327643317568725,0.06421092240174069,0.31768186429429707,0.232178312973178,-2.079441541671836,2.079441541671836,13.287108182087707,0.0,0.0,0.0,0.1
uniform,0,111,0.4714524811599409,0.16967391749116673,0.9327643317568725,0.06421092240174069,0.31768186429429707,0.232178312973178,-2.079441541671836,2.079441541671836,13.287108182087707,0.0,0.0,0.0,0.1
uniform,0,112,0.4714524811599409,0.16967391749116673,0.9327643317568725,0.06421092240174069,0.31768186429429707,0.232178312973178,-2.079441541671836,2.079441541671836,13.287108182087707,0.0,0.0,0.0,0.1
uniform,0,113,0.4714524811599409,0.16967391749116673,0.9327643317568725,0.06421092240174069,0.31768186429429707,0.232178312973178,-2.079441541671836,2.079441541671836,13.287108182087707,0.0,0.0,0.0,0.1
uniform,0,114,0.4714524811599409,0.16967391749116673,0.9327643317568725,0.06421092240174069,0.31768186429429707,0.232178312973178,-2.079441541671836,2.079441541671836,13.287108182087707,0.0,0.0,0.0,0.1
uniform,0,115,0.4714524811599409,0.16967391749116673,0.9327643317568725,0.06421092240174069,0.31768186429429707,0.232178312973178,-2.079441541671836,2.079441541671836,13.287108182087707,0.0,0.0,0.0,0.1
uniform,0,116,0.4714524811599409,0.16967391749116673,0.9327643317568725,0.06421092240174069,0.31768186429429707,0.232178312973178,-2.079441541671836,2.079441541671836,13.287108182087707,0.0,0.0,0.0,0.1
uniform,0,117,0.4714524811599409,0.16967391749116673,0.9327643317568725,0.06421092240174069,0.31768186429429707,0.232178312973178,-2.079441541671836,2.079441541671836,13.287108182087707,0.0,0.0,0.0,0.1
uniform,0,118,0.4714524811599409,0.16967391749116673,0.9327643317568725,0.06421092240174069,0.31768186429429707,0.232178312973178,-2.079441541671836,2.079441541671836,13.287108182087707,0.0,0.0,0.0,0.1
uniform,0,119,0.4714524811599409,0.16967391749116673,0.9327643317568725,0.06421092240174069,0.31768186429429707,0.232178312973178,-2.079441541671836,2.079441541671836,13.287108182087707,0.0,0.0,0.0,0.1
uniform,0,120,0.4714524811599409,0.16967391749116673,0.9327643317568725,0.06421092240174069,0.31768186429429707,0.232178312973178,-2.079441541671836,2.079441541671836,13.287108182087707,0.0,0.0,0.0,0.1
uniform,0,121,0.4714524811599409,0.16967391749116673,0.9327643317568725,0.06421092240174069,0.31768186429429707,0.232178312973178,-2.079441541671836,2.079441541671836,13.287108182087707,0.0,0.0,0.0,0.1
uniform,0,122,0.4714524811599409,0.16967391749116673,0.9327643317568725,0.06421092240174069,0.31768186429429707,0.232178312973178,-2.079441541671836,2.079441541671836,13.287108182087707,0.0,0.0,0.0,0.1
uniform,0,123,0.4714524811599409,0.16967391749116673,0.9327643317568725,0.06421092240174069,0.31768186429429707,0.232178312973178,-2.079441541671836,2.079441541671836,13.287108182087707,0.0,0.0,0.0,0.1
uniform,0,124,0.4714524811599409,0.16967391749116673,0.9327643317568725,0.06421092240174069,0.31768186429429707,0.232178312973178,-2.079441541671836,2.079441541671836,13.287108182087707,0.0,0.0,0.0,0.1
uniform,0,125,0.4714524811599409,0.16967391749116673,0.9327643317568725,0.06421092240174069,0.31768186429429707,0.232178312973178,-2.079441541671836,2.079441541671836,13.287108182087707,0.0,0.0,0.0,0.1
uniform,0,126,0.4714524811599409,0.16967391749116673,0.9327643317568725,0.06421092240174069,0.31768186429429707,0.232178312973178,-2.079441541671836,2.079441541671836,13.287108182087707,0.0,0.0,0.0,0.1
uniform,0,127,0.4714524811599409,0.16967391749116673,0.9327643317568725,0.06421092240174069,0.31768186429429707,0.232178312973178,-2.079441541671836,2.079441541671836,13.287108182087707,0.0,0.0,0.0,0.1
uniform,0,128,0.4714524811599409,0.16967391749116673,0.9327643317568725,0.06421092240174069,0.31768186429429707,0.232178312973178,-2.079441541671836,2.079441541671836,13.287108182087707,0.0,0.0,0.0,0.1
uniform,0,129,0.4714524811599409,0.16967391749116673,0.9327643317568725,0.06421092240174069,0.31768186429429707,0.232178312973178,-2.079441541671836,2.079441541671836,13.287108182087707,0.0,0.0,0.0,0.1
uniform,0,130,0.4714524811599409,0.16967391749116673,0.9327643317568725,0.06421092240174069,0.31768186429429707,0.232178312973178,-2.079441541671836,2.079441541671836,13.287108182087707,0.0,0.0,0.0,0.1
uniform,0,131,0.4714524811599409,0.16967391749116673,0.9327643317568725,0.06421092240174069,0.31768186429429707,0.232178312973178,-2.079441541671836,2.079441541671836,13.287108182087707,0.0,0.0,0.0,0.1
uniform,0,132,0.4714524811599409,0.16967391749116673,0.9327643317568725,0.06421092240174069,0.31768186429429707,0.232178312973178,-2.079441541671836,2.079441541671836,13.287108182087707,0.0,0.0,0.0,0.1
random,11,0,0.7091049839612804,0.16648974976616693,0.9152597080402316,0.12943711321904036,0.64038674260163,0.07714762221896618,-3.094755291914571,3.094755291914571,12.220821442544741,0.09927291811520896,5.551115123125783e-17,0.2113306728332971,0.1
random,11,1,0.6228415528624456,0.1660305546546097,0.9127353317087898,0.1063593868719522,0.5262102932469974,0.10447834184753642,-2.906730716316232,2.906730716316232,12.467347816598112,0.05992123721076193,8.326672684688674e-17,0.08626343109883483,0.1
random,11,2,0.5634288657016453,0.16550564327662726,0.9098496871857249,0.09054221716268841,0.44795525854028545,0.08967034679461437,-2.757982989657696,2.757982989657696,12.776162694853952,0.0643635636678585,5.551115123125783e-17,0.05941268716080028,0.1
random,11,3,0.5448529115726541,0.1656154531901316,0.9104533555167487,0.08549536658939107,0.4229860969246227,0.09332096240764651,-2.6994523290899703,2.6994523290899703,12.76953577065633,0.03353650471644475,2.7755575615628914e-17,0.018575954128991157,0.1
random,11,4,0.5406041114516517,0.16537903064888532,0.9091536477186463,0.08443789140621193,0.41775426602932014,0.10748318270437246,-2.700746277966762,2.700746277966762,12.818025535433469,0.021226820899399937,5.551115123125783e-17,0.004248800121002483,0.1
random,11,5,0.5365590961276181,0.16539560735508707,0.9092447763995398,0.08334162893482425,0.41233053603697745,0.11872202217130547,-2.696022145194984,2.696022145194984,12.854274700757841,0.01975747619473493,5.551115123125783e-17,0.004045015324033563,0.1
random,11,6,0.5311221625650863,0.16555128784053688,0.9101006133255997,0.08181872576457191,0.40479601231158174,0.1262517339109616,-2.680880280675395,2.680880280675395,12.88283035043567,0.022043731537656888,1.3877787807814457e-17,0.005436933562531832,0.1
random,11,7,0.5218947755206425,0.1657596190470657,0.9112458919960947,0.07925480274555408,0.39211107002882506,0.12955461265422194,-2.6410805431689086,2.6410805431689086,12.902546309560872,0.02798939157387623,1.3877787807814457e-17,0.009227387044443813,0.1
random,11,8,0.5087999522527787,0.1659600416304772,0.9123476938513772,0.07565154340314102,0.37428403838657925,0.12670444633978686,-2.5671327495638567,2.5671327495638567,12.913075792509737,0.031583102788367796,2.7755575615628914e-17,0.013094823267863709,0.1
random,11,9,0.5018803920591948,0.16562688219113827,0.9105161852353304,0.07391013404628731,0.36566846100048295,0.14367718450681297,-2.49828545975629,2.49828545975629,12.890271840366774,0.021177750227531822,0.0,0.0069195601935839735,0.1
random,11,10,0.4996662039987576,0.16597011682546542,0.9124030811652287,0.07318628666247594,0.3620872449432672,0.15291679246156414,-2.4806615560414382,2.4806615560414382,12.882482565354865,0.01446907158408104,1.3877787807814457e-17,0.002214188060437161,0.1
random,11,11,0.4968580831492356,0.16626316999085422,0.914014109801951,0.07232096210634595,0.3578060742649971,0.16534496599839643,-2.4528815691150823,2.4528815691150823,12.885551907870427,0.016213172162535913,1.3877787807814457e-17,0.0028081208495220333,0.1
random,11,12,0.49350024042898655,0.1664275350308589,0.9149176891438503,0.07135515272296605,0.353027757524032,0.17845343303765412,-2.413295575595054,2.413295575595054,12.88692525981954,0.017083573829018855,1.3877787807814457e-17,0.003357842720249027,0.1
random,11,13,0.4899815087367484,0.16634637852462958,0.914471539874593,0.07043692133823622,0.3484848316908002,0.18605342826636267,-2.3763858066857555,2.3763858066857555,12.88530324234357,0.018121206526522715,2.7755575615628914e-17,0.003518731692238153,0.1
random,11,14,0.48808190786788447,0.16559255349427612,0.9103274668721184,0.07020418772338405,0.34733338819980647,0.2063441800757244,-2.351417654357622,2.351417654357622,12.879157907123531,0.01262228810373754,1.3877787807814457e-17,0.0018996008688639265,0.1
random,11,15,0.4863900114760603,0.1647047777685692,0.9054470141556182,0.0700770431859672,0.34670434391620775,0.23247699161349789,-2.327952572337664,2.327952572337664,12.876305057492177,0.012933340349544862,0.0,0.0016918963918241547,0.1
random,11,16,0.48461325726905713,0.1637643449513158,0.900277084673715,0.06994653299191636,0.34605864813417114,0.2648867879573985,-2.297300879384181,2.297300879384181,12.873963357956212,0.013241472107474625,0.0,0.0017767542070031839,0.1
random,11,17,0.4830006772485764,0.1628864927371431,0.895451185407396,0.06983708853331182,0.34551717452896985,0.30160023751575343,-2.259628711584583,2.259628711584583,12.871735001252768,0.011769265248286802,0.0,0.0016125800204807028,0.1
random,11,18,0.4820456042048442,0.1622983673063887,0.8922180283463798,0.0697975306280864,0.34532146282433235,0.3297407866040878,-2.2362010910039576,2.2362010910039576,12.869419190238343,0.009554817864345937,1.3877787807814457e-17,0.000955073043732213,0.1
random,11,19,0.4814855264042932,0.16181152895961695,0.8895416862667327,0.06982690796852566,0.3454668064501467,0.3341495647982528,-2.232945880179564,2.232945880179564,12.866492560987158,0.007293977342818853,1.3877787807814457e-17,0.0005600778005510065,0.1
random,11,20,0.48079589606308193,0.16125331298870232,0.8864729532829888,0.06984780830565325,0.3455702103231129,0.33868334542080936,-2.2285815068065142,2.2285815068065142,12.868970716476692,0.00807836793288937,0.0,0.0006896303412112781,0.1
random,11,21,0.47993528350769377,0.16061310392869677,0.8829534720046015,0.06985299823072072,0.3455958873420579,0.34341572418456023,-2.222620000945095,2.222620000945095,12.871394057323881,0.009009671144370313,1.3877787807814457e-17,0.0008606125553881627,0.1
random,11,22,0.4788490200933878,0.15987870760268966,0.8789162062397654,0.06983226119083312,0.34549329137792856,0.34846607064577995,-2.2142706511856174,2.2142706511856174,12.873821232739138,0.010108254517882241,0.0,0.0010862634143059546,0.1
random,11,23,0.4774649676467822,0.15903611633872175,0.8742841503003478,0.06977134432290696,0.34519190676226036,0.35401983414471017,-2.2021350519776135,2.2021350519776135,12.876343315624862,0.01139710385032915,1.3877787807814457e-17,0.0013840524466056103,0.1
random,11,24,0.47568793601971004,0.1580692392701989,0.8689688463570725,0.06965055388909996,0.34459429924058915,0.360356871025635,-2.183173488483846,2.183173488483846,12.879096027212803,0.01290237666039569,1.3877787807814457e-17,0.0017770316270721564,0.1
random,11,25,0.47394569279803445,0.15720351425713328,0.8642096150901961,0.06950167376338706,0.34385771870064724,0.36518672601213387,-2.155803061097082,2.155803061097082,12.882276105203916,0.011289679969108419,0.0,0.001742243221675599,0.1
random,11,26,0.4738268051069534,0.15709107720239318,0.8635915043293904,0.06951127866470558,0.3439052386994745,0.36107817057085073,-2.157743558622988,2.157743558622988,12.8841772782134,0.003423602074704702,0.0,0.0001188876910810377,0.1
random,11,27,0.47370101533286013,0.15697542239675735,0.8629557043249555,0.06952021527289981,0.343949452335495,0.3570343034642724,-2.1595145305668275,2.1595145305668275,12.879165626636393,0.003521579549018536,0.0,0.00012578977409327674,0.1
random,11,28,0.47356792277195164,0.15685645775385038,0.8623017088418277,0.06952840970648573,0.34398999408199293,0.3530584103665142,-2.1611052799294406,2.1611052799294406,12.874052995539149,0.003622360966449459,0.0,0.00013309256090848764,0.1
random,11,29,0.47342710345737005,0.15673408855194665,0.8616289971573857,0.06953578279072835,0.34402647222403143,0.34915432000654534,-2.1625037801339606,2.1625037801339606,12.868839012772211,0.0037260265709214337,0.0,0.00014081931458159724,0.1
random,11,30,0.4732781088086544,0.1566082173585513,0.8609370336468422,0.06954224972160612,0.3440584671959252,0.34532640829451,-2.1636965520274254,2.1636965520274254,12.863523446025814,0.003832658902798576,0.0,0.00014899464871565016,0.1
random,11,31,0.473120464202786,0.15647874395282263,0.8602252673567695,0.06954771970944414,0.3440855298181248,0.34157960855576563,-2.164668510629091,2.164668510629091,12.858106215898868,0.003942342864605114,1.3877787807814457e-17,0.00015764460586842333,0.1
random,11,32,0.4729536674622745,0.15634556524577473,0.8594931315664218,0.06955209560101251,0.34410717942755875,0.33791942745303166,-2.16540277571222,2.16540277571222,12.85258740989087,0.0040551657886263096,0.0,0.00016679674051145454,0.1
random,11,33,0.4727771872554701,0.1562085751981959,0.8587400433365007,0.06955527347881553,0.34412290189512657,0.3343519663749296,-2.1658804380214316,2.1658804380214316,12.84696729737614,0.004171217506443951,0.0,0.00017648020680444132,0.1
random,11,34,0.4725904614040044,0.15606766473621875,0.8579654030450103,0.0695571422362223,0.34413214752366905,0.3308839482365926,-2.1660802698265202,2.1660802698265202,12.841246345623448,0.004290590420461804,0.0,0.00018672585146567444,0.1
random,11,35,0.4723928950919689,0.15592272166447338,0.8571685939098267,0.06955758312701092,0.34413432881934963,0.3275227497870842,-2.1659783641664463,2.1659783641664463,12.835425236927787,0.004413379577478044,1.3877787807814457e-17,0.0001975663120354909,0.1
random,11,36,0.4721838589711269,0.15577363057675564,0.8563489814976056,0.06955646928781428,0.3441288181289674,0.32427643965857045,-2.16554768087014,2.16554768087014,12.829504886925154,0.0045396827443631585,0.0,0.00020903612084199885,0.1
random,11,37,0.4719626871561223,0.15562027276413865,0.8555059132186356,0.0695536652318672,0.3441149451352845,0.3211538225315339,-2.1647574681603405,2.1647574681603405,12.823486464165365,0.004669600485903613,0.0,0.00022117181500463934,0.1
random,11,38,0.471728675103299,0.15546252612045464,0.8546387178072343,0.06954902631236115,0.3440919942019873,0.3181644899360103,-2.1635725145186964,2.1635725145186964,12.817371411022402,0.004803236244873357,0.0,0.00023401205282325144,0.1
random,11,39,0.471481077366375,0.155300265045072,0.8537467047872761,0.06954239815361282,0.344059201559408,0.3153188783681138,-2.161952163328897,2.161952163328897,12.811161466026418,0.0049406964243967144,0.0,0.0002475977369240101,0.1
random,11,40,0.4712191052218195,0.1551333603428897,0.8528291639224213,0.06953361604814927,0.3440157523216189,0.31262833558172043,-2.1598489868665056,2.1598489868665056,12.804858687706494,0.005082090472668395,0.0,0.0002619721445555334,0.1
random,11,41,0.4709419241563719,0.15496167912147002,0.8518853646506147,0.06952250431770005,0.3439607773249577,0.3101051961260883,-2.1572069556093845,2.1572069556093845,12.798465480038313,0.005227530970098137,0.0,0.0002771810654475515,0.1
random,11,42,0.4706486512086966,0.15478508468522723,0.8509145555023991,0.06950887563596973,0.34389334977746244,0.30776286745227727,-2.1539588320173957,2.1539588320173957,12.791984619596354,0.005377133718949091,0.0,0.0002932729476753382,0.1
random,11,43,0.4703383521567059,0.15460343642658825,0.8499159635025828,0.0694925303109402,0.34381248170808026,0.3056159282182514,-2.150022319280721,2.150022319280721,12.785419284515816,0.0055310178355416715,0.0,0.0003102990519907034,0.1
random,11,44,0.47001003854159207,0.15441658971403824,0.8488887935547813,0.06947325552431977,0.3437171202038623,0.303680240802363,-2.1452941013987177,2.1452941013987177,12.778773085375397,0.005689305845096036,0.0,0.00032831361511381774,0.1
random,11,45,0.4696626645190882,0.1542243957769627,0.84783222780835,0.06945082452561763,0.3436061434226677,0.30197308051120303,-2.1396400631960235,2.1396400631960235,12.772050098118157,0.005852123779288802,0.0,0.0003473740225038435,0.1
random,11,46,0.46929512352792774,0.15402670158719362,0.846745425007196,0.06942499577817426,0.34347835636817164,0.30051328457253174,-2.1328779556920976,2.1328779556920976,12.76525489913407,0.006019601276601698,0.0,0.00036754099116048655,0.1
random,11,47,0.4689062447648884,0.15382334973716566,0.8456275198199551,0.06939551205432282,0.34333248641319947,0.2993214247809722,-2.124743217194765,2.124743217194765,12.758392602634599,0.006191871685541892,0.0,0.00038887876303933533,0.1
random,11,48,0.46849478945519485,0.1536141783145858,0.8444776221510013,0.06936209947669095,0.34316717855659273,0.2984200086742939,-2.114809972044289,2.114809972044289,12.751468900456286,0.0063690721708164815,0.0,0.0004114553096935536,0.1
random,11,49,0.468059446906397,0.15339902077351555,0.8432948164317352,0.06932446650247873,0.3429809903979509,0.29783371544739123,-2.102251233943187,2.102251233943187,12.744490104437736,0.006551343822545471,0.0,0.00043534254879784573,0.1
random,11,50,0.4675988303331532,0.15317770580176449,0.8420781608915935,0.0692823028473625,0.3427723868136731,0.29758967458267643,-2.084367144544093,2.084367144544093,12.73746319152136,0.006738831768600067,0.0,0.00046061657324381056,0.1
random,11,51,0.4675185219621217,0.15313974693925378,0.8418694860784721,0.0692747192688396,0.3427348672566715,0.29758433094374653,-2.079441541671836,2.079441541671836,12.730395851739017,0.0011558114960015403,0.0,8.030837103151223e-05,0.1
random,11,52,0.4675185219621217,0.15313974693925378,0.8418694860784721,0.0692747192688396,0.3427348672566715,0.29758433094374653,-2.079441541671836,2.079441541671836,12.729200085466326,0.0,0.0,0.0,0.1
random,11,53,0.4675185219621217,0.15313974693925378,0.8418694860784721,0.0692747192688396,0.3427348672566715,0.29758433094374653,-2.079441541671836,2.079441541671836,12.729200085466326,0.0,0.0,0.0,0.1
random,11,54,0.4675185219621217,0.15313974693925378,0.8418694860784721,0.0692747192688396,0.3427348672566715,0.29758433094374653,-2.079441541671836,2.079441541671836,12.729200085466326,0.0,0.0,0.0,0.1
random,11,55,0.4675185219621217,0.15313974693925378,0.8418694860784721,0.0692747192688396,0.3427348672566715,0.29758433094374653,-2.079441541671836,2.079441541671836,12.729200085466326,0.0,0.0,0.0,0.1
random,11,56,0.4675185219621217,0.15313974693925378,0.8418694860784721,0.0692747192688396,0.3427348672566715,0.29758433094374653,-2.079441541671836,2.079441541671836,12.729200085466326,0.0,0.0,0.0,0.1
random,11,57,0.4675185219621217,0.15313974693925378,0.8418694860784721,0.0692747192688396,0.3427348672566715,0.29758433094374653,-2.079441541671836,2.079441541671836,12.729200085466326,0.0,0.0,0.0,0.1
random,11,58,0.4675185219621217,0.15313974693925378,0.8418694860784721,0.0692747192688396,0.3427348672566715,0.29758433094374653,-2.079441541671836,2.079441541671836,12.729200085466326,0.0,0.0,0.0,0.1
random,11,59,0.4675185219621217,0.15313974693925378,0.8418694860784721,0.0692747192688396,0.3427348672566715,0.29758433094374653,-2.079441541671836,2.079441541671836,12.729200085466326,0.0,0.0,0.0,0.1
random,11,60,0.4675185219621217,0.15313974693925378,0.8418694860784721,0.0692747192688396,0.3427348672566715,0.29758433094374653,-2.079441541671836,2.079441541671836,12.729200085466326,0.0,0.0,0.0,0.1
random,11,61,0.4675185219621217,0.15313974693925378,0.8418694860784721,0.0692747192688396,0.3427348672566715,0.29758433094374653,-2.079441541671836,2.079441541671836,12.729200085466326,0.0,0.0,0.0,0.1
random,11,62,0.4675185219621217,0.15313974693925378,0.8418694860784721,0.0692747192688396,0.3427348672566715,0.29758433094374653,-2.079441541671836,2.079441541671836,12.729200085466326,0.0,0.0,0.0,0.1
random,11,63,0.4675185219621217,0.15313974693925378,0.8418694860784721,0.0692747192688396,0.3427348672566715,0.29758433094374653,-2.079441541671836,2.079441541671836,12.729200085466326,0.0,0.0,0.0,0.1
random,11,64,0.4675185219621217,0.15313974693925378,0.8418694860784721,0.0692747192688396,0.3427348672566715,0.29758433094374653,-2.079441541671836,2.079441541671836,12.729200085466326,0.0,0.0,0.0,0.1
random,11,65,0.4675185219621217,0.15313974693925378,0.8418694860784721,0.0692747192688396,0.3427348672566715,0.29758433094374653,-2.079441541671836,2.079441541671836,12.729200085466326,0.0,0.0,0.0,0.1
random,11,66,0.4675185219621217,0.15313974693925378,0.8418694860784721,0.0692747192688396,0.3427348672566715,0.29758433094374653,-2.079441541671836,2.079441541671836,12.729200085466326,0.0,0.0,0.0,0.1
random,11,67,0.4675185219621217,0.15313974693925378,0.8418694860784721,0.0692747192688396,0.3427348672566715,0.29758433094374653,-2.079441541671836,2.079441541671836,12.729200085466326,0.0,0.0,0.0,0.1
random,11,68,0.4675185219621217,0.15313974693925378,0.8418694860784721,0.0692747192688396,0.3427348672566715,0.29758433094374653,-2.079441541671836,2.079441541671836,12.729200085466326,0.0,0.0,0.0,0.1
random,11,69,0.4675185219621217,0.15313974693925378,0.8418694860784721,0.0692747192688396,0.3427348672566715,0.29758433094374653,-2.079441541671836,2.079441541671836,12.729200085466326,0.0,0.0,0.0,0.1
random,11,70,0.4675185219621217,0.15313974693925378,0.8418694860784721,0.0692747192688396,0.3427348672566715,0.29758433094374653,-2.079441541671836,2.079441541671836,12.729200085466326,0.0,0.0,0.0,0.1
random,11,71,0.4675185219621217,0.15313974693925378,0.8418694860784721,0.0692747192688396,0.3427348672566715,0.29758433094374653,-2.079441541671836,2.079441541671836,12.729200085466326,0.0,0.0,0.0,0.1
random,11,72,0.4675185219621217,0.15313974693925378,0.8418694860784721,0.0692747192688396,0.3427348672566715,0.29758433094374653,-2.079441541671836,2.079441541671836,12.729200085466326,0.0,0.0,0.0,0.1
random,11,73,0.4675185219621217,0.15313974693925378,0.8418694860784721,0.0692747192688396,0.3427348672566715,0.29758433094374653,-2.079441541671836,2.079441541671836,12.729200085466326,0.0,0.0,0.0,0.1
random,11,74,0.4675185219621217,0.15313974693925378,0.8418694860784721,0.0692747192688396,0.3427348672566715,0.29758433094374653,-2.079441541671836,2.079441541671836,12.729200085466326,0.0,0.0,0.0,0.1
random,11,75,0.4675185219621217,0.15313974693925378,0.8418694860784721,0.0692747192688396,0.3427348672566715,0.29758433094374653,-2.079441541671836,2.079441541671836,12.729200085466326,0.0,0.0,0.0,0.1
random,11,76,0.4675185219621217,0.15313974693925378,0.8418694860784721,0.0692747192688396,0.3427348672566715,0.29758433094374653,-2.079441541671836,2.079441541671836,12.729200085466326,0.0,0.0,0.0,0.1
random,11,77,0.4675185219621217,0.15313974693925378,0.8418694860784721,0.0692747192688396,0.3427348672566715,0.29758433094374653,-2.079441541671836,2.079441541671836,12.729200085466326,0.0,0.0,0.0,0.1
random,11,78,0.4675185219621217,0.15313974693925378,0.8418694860784721,0.0692747192688396,0.3427348672566715,0.29758433094374653,-2.079441541671836,2.079441541671836,12.729200085466326,0.0,0.0,0.0,0.1
random,11,79,0.4675185219621217,0.15313974693925378,0.8418694860784721,0.0692747192688396,0.3427348672566715,0.29758433094374653,-2.079441541671836,2.079441541671836,12.729200085466326,0.0,0.0,0.0,0.1
random,11,80,0.4675185219621217,0.15313974693925378,0.8418694860784721,0.0692747192688396,0.3427348672566715,0.29758433094374653,-2.079441541671836,2.079441541671836,12.729200085466326,0.0,0.0,0.0,0.1
random,11,81,0.4675185219621217,0.15313974693925378,0.8418694860784721,0.0692747192688396,0.3427348672566715,0.29758433094374653,-2.079441541671836,2.079441541671836,12.729200085466326,0.0,0.0,0.0,0.1
random,11,82,0.4675185219621217,0.15313974693925378,0.8418694860784721,0.0692747192688396,0.3427348672566715,0.29758433094374653,-2.079441541671836,2.079441541671836,12.729200085466326,0.0,0.0,0.0,0.1
random,11,83,0.4675185219621217,0.15313974693925378,0.8418694860784721,0.0692747192688396,0.3427348672566715,0.29758433094374653,-2.079441541671836,2.079441541671836,12.729200085466326,0.0,0.0,0.0,0.1
random,11,84,0.4675185219621217,0.15313974693925378,0.8418694860784721,0.0692747192688396,0.3427348672566715,0.29758433094374653,-2.079441541671836,2.079441541671836,12.729200085466326,0.0,0.0,0.0,0.1
random,11,85,0.4675185219621217,0.15313974693925378,0.8418694860784721,0.0692747192688396,0.3427348672566715,0.29758433094374653,-2.079441541671836,2.079441541671836,12.729200085466326,0.0,0.0,0.0,0.1
random,11,86,0.4675185219621217,0.15313974693925378,0.8418694860784721,0.0692747192688396,0.3427348672566715,0.29758433094374653,-2.079441541671836,2.079441541671836,12.729200085466326,0.0,0.0,0.0,0.1
random,11,87,0.4675185219621217,0.15313974693925378,0.8418694860784721,0.0692747192688396,0.3427348672566715,0.29758433094374653,-2.079441541671836,2.079441541671836,12.729200085466326,0.0,0.0,0.0,0.1
random,11,88,0.4675185219621217,0.15313974693925378,0.8418694860784721,0.0692747192688396,0.3427348672566715,0.29758433094374653,-2.079441541671836,2.079441541671836,12.729200085466326,0.0,0.0,0.0,0.1
random,11,89,0.4675185219621217,0.15313974693925378,0.8418694860784721,0.0692747192688396,0.3427348672566715,0.29758433094374653,-2.079441541671836,2.079441541671836,12.729200085466326,0.0,0.0,0.0,0.1
random,11,90,0.4675185219621217,0.15313974693925378,0.8418694860784721,0.0692747192688396,0.3427348672566715,0.29758433094374653,-2.079441541671836,2.079441541671836,12.729200085466326,0.0,0.0,0.0,0.1
random,11,91,0.4675185219621217,0.15313974693925378,0.8418694860784721,0.0692747192688396,0.3427348672566715,0.29758433094374653,-2.079441541671836,2.079441541671836,12.729200085466326,0.0,0.0,0.0,0.1
random,11,92,0.4675185219621217,0.15313974693925378,0.8418694860784721,0.0692747192688396,0.3427348672566715,0.29758433094374653,-2.079441541671836,2.079441541671836,12.729200085466326,0.0,0.0,0.0,0.1
random,11,93,0.4675185219621217,0.15313974693925378,0.8418694860784721,0.0692747192688396,0.3427348672566715,0.29758433094374653,-2.079441541671836,2.079441541671836,12.729200085466326,0.0,0.0,0.0,0.1
random,11,94,0.4675185219621217,0.15313974693925378,0.8418694860784721,0.0692747192688396,0.3427348672566715,0.29758433094374653,-2.079441541671836,2.079441541671836,12.729200085466326,0.0,0.0,0.0,0.1
random,11,95,0.4675185219621217,0.15313974693925378,0.8418694860784721,0.0692747192688396,0.3427348672566715,0.29758433094374653,-2.079441541671836,2.079441541671836,12.729200085466326,0.0,0.0,0.0,0.1
random,11,96,0.4675185219621217,0.15313974693925378,0.8418694860784721,0.0692747192688396,0.3427348672566715,0.29758433094374653,-2.079441541671836,2.079441541671836,12.729200085466326,0.0,0.0,0.0,0.1
random,11,97,0.4675185219621217,0.15313974693925378,0.8418694860784721,0.0692747192688396,0.3427348672566715,0.29758433094374653,-2.079441541671836,2.079441541671836,12.729200085466326,0.0,0.0,0.0,0.1
random,11,98,0.4675185219621217,0.15313974693925378,0.8418694860784721,0.0692747192688396,0.3427348672566715,0.29758433094374653,-2.079441541671836,2.079441541671836,12.729200085466326,0.0,0.0,0.0,0.1
random,11,99,0.4675185219621217,0.15313974693925378,0.8418694860784721,0.0692747192688396,0.3427348672566715,0.29758433094374653,-2.079441541671836,2.079441541671836,12.729200085466326,0.0,0.0,0.0,0.1
random,11,100,0.4675185219621217,0.15313974693925378,0.8418694860784721,0.0692747192688396,0.3427348672566715,0.29758433094374653,-2.079441541671836,2.079441541671836,12.729200085466326,0.0,0.0,0.0,0.1
random,11,101,0.4675185219621217,0.15313974693925378,0.8418694860784721,0.0692747192688396,0.3427348672566715,0.29758433094374653,-2.079441541671836,2.079441541671836,12.729200085466326,0.0,0.0,0.0,0.1
random,11,102,0.4675185219621217,0.15313974693925378,0.8418694860784721,0.0692747192688396,0.3427348672566715,0.29758433094374653,-2.079441541671836,2.079441541671836,12.729200085466326,0.0,0.0,0.0,0.1
random,11,103,0.4675185219621217,0.15313974693925378,0.8418694860784721,0.0692747192688396,0.3427348672566715,0.29758433094374653,-2.079441541671836,2.079441541671836,12.729200085466326,0.0,0.0,0.0,0.1
random,11,104,0.4675185219621217,0.15313974693925378,0.8418694860784721,0.0692747192688396,0.3427348672566715,0.29758433094374653,-2.079441541671836,2.079441541671836,12.729200085466326,0.0,0.0,0.0,0.1
random,11,105,0.4675185219621217,0.15313974693925378,0.8418694860784721,0.0692747192688396,0.3427348672566715,0.29758433094374653,-2.079441541671836,2.079441541671836,12.729200085466326,0.0,0.0,0.0,0.1
random,11,106,0.4675185219621217,0.15313974693925378,0.8418694860784721,0.0692747192688396,0.3427348672566715,0.29758433094374653,-2.079441541671836,2.079441541671836,12.729200085466326,0.0,0.0,0.0,0.1
random,11,107,0.4675185219621217,0.15313974693925378,0.8418694860784721,0.0692747192688396,0.3427348672566715,0.29758433094374653,-2.079441541671836,2.079441541671836,12.729200085466326,0.0,0.0,0.0,0.1
random,11,108,0.4675185219621217,0.15313974693925378,0.8418694860784721,0.0692747192688396,0.3427348672566715,0.29758433094374653,-2.079441541671836,2.079441541671836,12.729200085466326,0.0,0.0,0.0,0.1
random,11,109,0.4675185219621217,0.15313974693925378,0.8418694860784721,0.0692747192688396,0.3427348672566715,0.29758433094374653,-2.079441541671836,2.079441541671836,12.729200085466326,0.0,0.0,0.0,0.1
random,11,110,0.4675185219621217,0.15313974693925378,0.8418694860784721,0.0692747192688396,0.3427348672566715,0.29758433094374653,-2.079441541671836,2.079441541671836,12.729200085466326,0.0,0.0,0.0,0.1
random,11,111,0.4675185219621217,0.15313974693925378,0.8418694860784721,0.0692747192688396,0.3427348672566715,0.29758433094374653,-2.079441541671836,2.079441541671836,12.729200085466326,0.0,0.0,0.0,0.1
random,11,112,0.4675185219621217,0.15313974693925378,0.8418694860784721,0.0692747192688396,0.3427348672566715,0.29758433094374653,-2.079441541671836,2.079441541671836,12.729200085466326,0.0,0.0,0.0,0.1
random,11,113,0.4675185219621217,0.15313974693925378,0.8418694860784721,0.0692747192688396,0.3427348672566715,0.29758433094374653,-2.079441541671836,2.079441541671836,12.729200085466326,0.0,0.0,0.0,0.1
random,11,114,0.4675185219621217,0.15313974693925378,0.8418694860784721,0.0692747192688396,0.3427348672566715,0.29758433094374653,-2.079441541671836,2.079441541671836,12.729200085466326,0.0,0.0,0.0,0.1
random,11,115,0.4675185219621217,0.15313974693925378,0.8418694860784721,0.0692747192688396,0.3427348672566715,0.29758433094374653,-2.079441541671836,2.079441541671836,12.729200085466326,0.0,0.0,0.0,0.1
random,11,116,0.4675185219621217,0.15313974693925378,0.8418694860784721,0.0692747192688396,0.3427348672566715,0.29758433094374653,-2.079441541671836,2.079441541671836,12.729200085466326,0.0,0.0,0.0,0.1
random,11,117,0.4675185219621217,0.15313974693925378,0.8418694860784721,0.0692747192688396,0.3427348672566715,0.29758433094374653,-2.079441541671836,2.079441541671836,12.729200085466326,0.0,0.0,0.0,0.1
random,11,118,0.4675185219621217,0.15313974693925378,0.8418694860784721,0.0692747192688396,0.3427348672566715,0.29758433094374653,-2.079441541671836,2.079441541671836,12.729200085466326,0.0,0.0,0.0,0.1
random,11,119,0.4675185219621217,0.15313974693925378,0.8418694860784721,0.0692747192688396,0.3427348672566715,0.29758433094374653,-2.079441541671836,2.079441541671836,12.729200085466326,0.0,0.0,0.0,0.1
random,11,120,0.4675185219621217,0.15313974693925378,0.8418694860784721,0.0692747192688396,0.3427348672566715,0.29758433094374653,-2.079441541671836,2.079441541671836,12.729200085466326,0.0,0.0,0.0,0.1
random,11,121,0.4675185219621217,0.15313974693925378,0.8418694860784721,0.0692747192688396,0.3427348672566715,0.29758433094374653,-2.079441541671836,2.079441541671836,12.729200085466326,0.0,0.0,0.0,0.1
random,11,122,0.4675185219621217,0.15313974693925378,0.8418694860784721,0.0692747192688396,0.3427348672566715,0.29758433094374653,-2.079441541671836,2.079441541671836,12.729200085466326,0.0,0.0,0.0,0.1
random,11,123,0.4675185219621217,0.15313974693925378,0.8418694860784721,0.0692747192688396,0.3427348672566715,0.29758433094374653,-2.079441541671836,2.079441541671836,12.729200085466326,0.0,0.0,0.0,0.1
random,11,124,0.4675185219621217,0.15313974693925378,0.8418694860784721,0.0692747192688396,0.3427348672566715,0.29758433094374653,-2.079441541671836,2.079441541671836,12.729200085466326,0.0,0.0,0.0,0.1
random,11,125,0.4675185219621217,0.15313974693925378,0.8418694860784721,0.0692747192688396,0.3427348672566715,0.29758433094374653,-2.079441541671836,2.079441541671836,12.729200085466326,0.0,0.0,0.0,0.1
random,11,126,0.4675185219621217,0.15313974693925378,0.8418694860784721,0.0692747192688396,0.3427348672566715,0.29758433094374653,-2.079441541671836,2.079441541671836,12.729200085466326,0.0,0.0,0.0,0.1
random,11,127,0.4675185219621217,0.15313974693925378,0.8418694860784721,0.0692747192688396,0.3427348672566715,0.29758433094374653,-2.079441541671836,2.079441541671836,12.729200085466326,0.0,0.0,0.0,0.1
random,11,128,0.4675185219621217,0.15313974693925378,0.8418694860784721,0.0692747192688396,0.3427348672566715,0.29758433094374653,-2.079441541671836,2.079441541671836,12.729200085466326,0.0,0.0,0.0,0.1
random,11,129,0.4675185219621217,0.15313974693925378,0.8418694860784721,0.0692747192688396,0.3427348672566715,0.29758433094374653,-2.079441541671836,2.079441541671836,12.729200085466326,0.0,0.0,0.0,0.1
random,11,130,0.4675185219621217,0.15313974693925378,0.8418694860784721,0.0692747192688396,0.3427348672566715,0.29758433094374653,-2.079441541671836,2.079441541671836,12.729200085466326,0.0,0.0,0.0,0.1
random,11,131,0.4675185219621217,0.15313974693925378,0.8418694860784721,0.0692747192688396,0.3427348672566715,0.29758433094374653,-2.079441541671836,2.079441541671836,12.729200085466326,0.0,0.0,0.0,0.1
random,23,0,0.7793339856790051,0.1638713228772843,0.9008651844541891,0.14933349771228216,0.7388235860872773,0.11165536607538709,-3.1149329585113157,3.1149329585113157,12.113975628954147,0.1096122410919881,5.551115123125783e-17,0.13837615702945305,0.1
random,23,1,0.6160875944868549,0.17338225177708722,0.9531505054439261,0.10181625986361999,0.5037332908344978,0.03937608453229451,-2.976686268395059,2.976686268395059,12.295177270133058,0.09661431622083153,1.1102230246251565e-16,0.16324639119215023,0.1
random,23,2,0.5644296478732809,0.17106506219247708,0.9404120019284675,0.0887528066164947,0.43910219652155197,0.15472610637113596,-2.760317888914475,2.760317888914475,12.778793224744467,0.06808128247151432,2.7755575615628914e-17,0.051657946613574035,0.1
random,23,3,0.554704015284479,0.1696438724467565,0.9325991623178315,0.08665815580985792,0.42873896627336155,0.18543469492284542,-2.702302928931908,2.702302928931908,13.104963556049364,0.03042868368281734,4.163336342344337e-17,0.00972563258880188,0.1
random,23,4,0.5415120505600867,0.16840886613010655,0.92580984632455,0.0835603767816356,0.4134127853052656,0.18949031945862838,-2.646664812130379,2.646664812130379,13.15477002333955,0.03340008449570031,4.163336342344337e-17,0.013191964724392324,0.1
random,23,5,0.5206783115095505,0.16752114727942402,0.9209297062724527,0.07827452671373379,0.38726117992191633,0.18189903613010724,-2.5378029584720565,2.5378029584720565,13.15704659840951,0.041327053997998985,1.3877787807814457e-17,0.020833739050536204,0.1
random,23,6,0.501187374078838,0.16972094031187177,0.9330228347170257,0.07220699410151177,0.3572422205327753,0.15521384906865876,-2.4642096627203816,2.4642096627203816,13.132278184591033,0.041910073670567746,2.7755575615628914e-17,0.019490937430712507,0.1
random,23,7,0.4782201976800232,0.17252941376104064,0.948462119073782,0.06497717732532497,0.32147289054877026,0.13186805740147528,-2.327719176644584,2.327719176644584,13.107737659732349,0.04624591619995163,0.0,0.022967176398814737,0.1
random,23,8,0.47134361596628627,0.1727221879773386,0.9495218748435778,0.0630525532271319,0.3119508630071891,0.12469940810807298,-2.250645155507111,2.250645155507111,13.109152535595875,0.018403140652738396,0.0,0.006876581713736951,0.1
random,23,9,0.47058829979700517,0.17285011289301525,0.950225128474133,0.06280161585558931,0.31070935690462925,0.11576612991655498,-2.2385699891196174,2.2385699891196174,13.112208019230847,0.007472267960854099,0.0,0.000755316169281095,0.1
random,23,10,0.47004994072115147,0.17284155800039339,0.9501780988609922,0.06265969786389433,0.31000722134120456,0.10893859958416449,-2.2364025487839676,2.2364025487839676,13.114315310876563,0.007148309189635478,0.0,0.0005383590758537005,0.1
random,23,11,0.4693900160256207,0.17283290822407593,0.9501305476348173,0.06248505334865621,0.30914317215588843,0.10200137387494487,-2.2328907493987034,2.2328907493987034,13.118868051741433,0.007914292261808143,1.3877787807814457e-17,0.000659924695530778,0.1
random,23,12,0.46858104481465424,0.17282413966922094,0.9500823434362539,0.062270285119218324,0.3080806119407877,0.09505198210529839,-2.2275883908389345,2.2275883908389345,13.12409894438914,0.008762530062491468,1.3877787807814457e-17,0.0008089712109664582,0.1
random,23,13,0.4675893349205099,0.172815226106729,0.9500333420736149,0.06200632292536694,0.30677466586947494,0.08821940950194104,-2.219871773320342,2.219871773320342,13.130116877290895,0.00970183327789938,1.3877787807814457e-17,0.0009917098941443214,0.1
random,23,14,0.46637357898942466,0.17280613871905576,0.9499833851255124,0.06168204519973516,0.3051703102773954,0.0816721851717491,-2.208816143938887,2.208816143938887,13.137050607866597,0.010741959150713404,0.0,0.0012157559310852495,0.1
random,23,15,0.46488313324645825,0.1727968458188237,0.9499322983939558,0.06128381529293848,0.3032000781972924,0.07562874793493915,-2.1928825338411064,2.1928825338411064,13.145052701573338,0.011893712817798332,1.3877787807814457e-17,0.0014904457429664175,0.1
random,23,16,0.4630559072163476,0.17278731253731475,0.9498798901918724,0.06079491287336708,0.300781246224506,0.07037091645852783,-2.1685761208296355,2.1685761208296355,13.154304284994973,0.013169059541096779,0.0,0.0018272260301106513,0.1
random,23,17,0.46147706048830095,0.17264021328045145,0.9490712276581205,0.06042390034847636,0.2989456714316944,0.06611164582503853,-2.148206857200487,2.148206857200487,13.165020781352192,0.011377919048020815,0.0,0.0015788467280466456,0.1
random,23,18,0.4601201524657855,0.17239329681306825,0.9477138306161712,0.06014967050177971,0.29758892641565693,0.06269844045522735,-2.1372267767862643,2.1372267767862643,13.16938857595719,0.011508291374841216,1.3877787807814457e-17,0.001356908022515424,0.1
random,23,19,0.45862678454704475,0.17213426192642076,0.9462898138520268,0.05984315348052669,0.2960724414453841,0.06029266833939364,-2.12164012943266,2.12164012943266,13.169341444019434,0.012073107085086148,0.0,0.0014933679187407733,0.1
random,23,20,0.4569832333971371,0.17186251386031728,0.9447959077347332,0.05950087116574229,0.2943790086179384,0.059037126025086935,-2.0980424079900284,2.0980424079900284,13.16986088406036,0.012665643399211233,1.3877787807814457e-17,0.0016435511499076627,0.1
random,23,21,0.4561727050273032,0.17173307641049324,0.9440843391084254,0.05933037709871621,0.2935354936669292,0.05889151783419177,-2.079441541671836,2.079441541671836,13.171031837714992,0.006032825202702707,0.0,0.0008105283698338628,0.1
random,23,22,0.4561727050273032,0.17173307641049324,0.9440843391084254,0.05933037709871621,0.2935354936669292,0.05889151783419177,-2.079441541671836,2.079441541671836,13.171814911210586,0.0,0.0,0.0,0.1
random,23,23,0.4561727050273032,0.17173307641049324,0.9440843391084254,0.05933037709871621,0.2935354936669292,0.05889151783419177,-2.079441541671836,2.079441541671836,13.171814911210586,0.0,0.0,0.0,0.1
random,23,24,0.4561727050273032,0.17173307641049324,0.9440843391084254,0.05933037709871621,0.2935354936669292,0.05889151783419177,-2.079441541671836,2.079441541671836,13.171814911210586,0.0,0.0,0.0,0.1
random,23,25,0.4561727050273032,0.17173307641049324,0.9440843391084254,0.05933037709871621,0.2935354936669292,0.05889151783419177,-2.079441541671836,2.079441541671836,13.171814911210586,0.0,0.0,0.0,0.1
random,23,26,0.4561727050273032,0.17173307641049324,0.9440843391084254,0.05933037709871621,0.2935354936669292,0.05889151783419177,-2.079441541671836,2.079441541671836,13.171814911210586,0.0,0.0,0.0,0.1
random,23,27,0.4561727050273032,0.17173307641049324,0.9440843391084254,0.05933037709871621,0.2935354936669292,0.05889151783419177,-2.079441541671836,2.079441541671836,13.171814911210586,0.0,0.0,0.0,0.1
random,23,28,0.4561727050273032,0.17173307641049324,0.9440843391084254,0.05933037709871621,0.2935354936669292,0.05889151783419177,-2.079441541671836,2.079441541671836,13.171814911210586,0.0,0.0,0.0,0.1
random,23,29,0.4561727050273032,0.17173307641049324,0.9440843391084254,0.05933037709871621,0.2935354936669292,0.05889151783419177,-2.079441541671836,2.079441541671836,13.171814911210586,0.0,0.0,0.0,0.1
random,23,30,0.4561727050273032,0.17173307641049324,0.9440843391084254,0.05933037709871621,0.2935354936669292,0.05889151783419177,-2.079441541671836,2.079441541671836,13.171814911210586,0.0,0.0,0.0,0.1
random,23,31,0.4561727050273032,0.17173307641049324,0.9440843391084254,0.05933037709871621,0.2935354936669292,0.05889151783419177,-2.079441541671836,2.079441541671836,13.171814911210586,0.0,0.0,0.0,0.1
random,23,32,0.4561727050273032,0.17173307641049324,0.9440843391084254,0.05933037709871621,0.2935354936669292,0.05889151783419177,-2.079441541671836,2.079441541671836,13.171814911210586,0.0,0.0,0.0,0.1
random,23,33,0.4561727050273032,0.17173307641049324,0.9440843391084254,0.05933037709871621,0.2935354936669292,0.05889151783419177,-2.079441541671836,2.079441541671836,13.171814911210586,0.0,0.0,0.0,0.1
random,23,34,0.4561727050273032,0.17173307641049324,0.9440843391084254,0.05933037709871621,0.2935354936669292,0.05889151783419177,-2.079441541671836,2.079441541671836,13.171814911210586,0.0,0.0,0.0,0.1
random,23,35,0.4561727050273032,0.17173307641049324,0.9440843391084254,0.05933037709871621,0.2935354936669292,0.05889151783419177,-2.079441541671836,2.079441541671836,13.171814911210586,0.0,0.0,0.0,0.1
random,23,36,0.4561727050273032,0.17173307641049324,0.9440843391084254,0.05933037709871621,0.2935354936669292,0.05889151783419177,-2.079441541671836,2.079441541671836,13.171814911210586,0.0,0.0,0.0,0.1
random,23,37,0.4561727050273032,0.17173307641049324,0.9440843391084254,0.05933037709871621,0.2935354936669292,0.05889151783419177,-2.079441541671836,2.079441541671836,13.171814911210586,0.0,0.0,0.0,0.1
random,23,38,0.4561727050273032,0.17173307641049324,0.9440843391084254,0.05933037709871621,0.2935354936669292,0.05889151783419177,-2.079441541671836,2.079441541671836,13.171814911210586,0.0,0.0,0.0,0.1
random,23,39,0.4561727050273032,0.17173307641049324,0.9440843391084254,0.05933037709871621,0.2935354936669292,0.05889151783419177,-2.079441541671836,2.079441541671836,13.171814911210586,0.0,0.0,0.0,0.1
random,23,40,0.4561727050273032,0.17173307641049324,0.9440843391084254,0.05933037709871621,0.2935354936669292,0.05889151783419177,-2.079441541671836,2.079441541671836,13.171814911210586,0.0,0.0,0.0,0.1
random,23,41,0.4561727050273032,0.17173307641049324,0.9440843391084254,0.05933037709871621,0.2935354936669292,0.05889151783419177,-2.079441541671836,2.079441541671836,13.171814911210586,0.0,0.0,0.0,0.1
random,23,42,0.4561727050273032,0.17173307641049324,0.9440843391084254,0.05933037709871621,0.2935354936669292,0.05889151783419177,-2.079441541671836,2.079441541671836,13.171814911210586,0.0,0.0,0.0,0.1
random,23,43,0.4561727050273032,0.17173307641049324,0.9440843391084254,0.05933037709871621,0.2935354936669292,0.05889151783419177,-2.079441541671836,2.079441541671836,13.171814911210586,0.0,0.0,0.0,0.1
random,23,44,0.4561727050273032,0.17173307641049324,0.9440843391084254,0.05933037709871621,0.2935354936669292,0.05889151783419177,-2.079441541671836,2.079441541671836,13.171814911210586,0.0,0.0,0.0,0.1
random,23,45,0.4561727050273032,0.17173307641049324,0.9440843391084254,0.05933037709871621,0.2935354936669292,0.05889151783419177,-2.079441541671836,2.079441541671836,13.171814911210586,0.0,0.0,0.0,0.1
random,23,46,0.4561727050273032,0.17173307641049324,0.9440843391084254,0.05933037709871621,0.2935354936669292,0.05889151783419177,-2.079441541671836,2.079441541671836,13.171814911210586,0.0,0.0,0.0,0.1
random,23,47,0.4561727050273032,0.17173307641049324,0.9440843391084254,0.05933037709871621,0.2935354936669292,0.05889151783419177,-2.079441541671836,2.079441541671836,13.171814911210586,0.0,0.0,0.0,0.1
random,23,48,0.4561727050273032,0.17173307641049324,0.9440843391084254,0.05933037709871621,0.2935354936669292,0.05889151783419177,-2.079441541671836,2.079441541671836,13.171814911210586,0.0,0.0,0.0,0.1
random,23,49,0.4561727050273032,0.17173307641049324,0.9440843391084254,0.05933037709871621,0.2935354936669292,0.05889151783419177,-2.079441541671836,2.079441541671836,13.171814911210586,0.0,0.0,0.0,0.1
random,23,50,0.4561727050273032,0.17173307641049324,0.9440843391084254,0.05933037709871621,0.2935354936669292,0.05889151783419177,-2.079441541671836,2.079441541671836,13.171814911210586,0.0,0.0,0.0,0.1
random,23,51,0.4561727050273032,0.17173307641049324,0.9440843391084254,0.05933037709871621,0.2935354936669292,0.05889151783419177,-2.079441541671836,2.079441541671836,13.171814911210586,0.0,0.0,0.0,0.1
random,23,52,0.4561727050273032,0.17173307641049324,0.9440843391084254,0.05933037709871621,0.2935354936669292,0.05889151783419177,-2.079441541671836,2.079441541671836,13.171814911210586,0.0,0.0,0.0,0.1
random,23,53,0.4561727050273032,0.17173307641049324,0.9440843391084254,0.05933037709871621,0.2935354936669292,0.05889151783419177,-2.079441541671836,2.079441541671836,13.171814911210586,0.0,0.0,0.0,0.1
random,23,54,0.4561727050273032,0.17173307641049324,0.9440843391084254,0.05933037709871621,0.2935354936669292,0.05889151783419177,-2.079441541671836,2.079441541671836,13.171814911210586,0.0,0.0,0.0,0.1
random,23,55,0.4561727050273032,0.17173307641049324,0.9440843391084254,0.05933037709871621,0.2935354936669292,0.05889151783419177,-2.079441541671836,2.079441541671836,13.171814911210586,0.0,0.0,0.0,0.1
random,23,56,0.4561727050273032,0.17173307641049324,0.9440843391084254,0.05933037709871621,0.2935354936669292,0.05889151783419177,-2.079441541671836,2.079441541671836,13.171814911210586,0.0,0.0,0.0,0.1
random,23,57,0.4561727050273032,0.17173307641049324,0.9440843391084254,0.05933037709871621,0.2935354936669292,0.05889151783419177,-2.079441541671836,2.079441541671836,13.171814911210586,0.0,0.0,0.0,0.1
random,23,58,0.4561727050273032,0.17173307641049324,0.9440843391084254,0.05933037709871621,0.2935354936669292,0.05889151783419177,-2.079441541671836,2.079441541671836,13.171814911210586,0.0,0.0,0.0,0.1
random,23,59,0.4561727050273032,0.17173307641049324,0.9440843391084254,0.05933037709871621,0.2935354936669292,0.05889151783419177,-2.079441541671836,2.079441541671836,13.171814911210586,0.0,0.0,0.0,0.1
random,23,60,0.4561727050273032,0.17173307641049324,0.9440843391084254,0.05933037709871621,0.2935354936669292,0.05889151783419177,-2.079441541671836,2.079441541671836,13.171814911210586,0.0,0.0,0.0,0.1
random,23,61,0.4561727050273032,0.17173307641049324,0.9440843391084254,0.05933037709871621,0.2935354936669292,0.05889151783419177,-2.079441541671836,2.079441541671836,13.171814911210586,0.0,0.0,0.0,0.1
random,23,62,0.4561727050273032,0.17173307641049324,0.9440843391084254,0.05933037709871621,0.2935354936669292,0.05889151783419177,-2.079441541671836,2.079441541671836,13.171814911210586,0.0,0.0,0.0,0.1
random,23,63,0.4561727050273032,0.17173307641049324,0.9440843391084254,0.05933037709871621,0.2935354936669292,0.05889151783419177,-2.079441541671836,2.079441541671836,13.171814911210586,0.0,0.0,0.0,0.1
random,23,64,0.4561727050273032,0.17173307641049324,0.9440843391084254,0.05933037709871621,0.2935354936669292,0.05889151783419177,-2.079441541671836,2.079441541671836,13.171814911210586,0.0,0.0,0.0,0.1
random,23,65,0.4561727050273032,0.17173307641049324,0.9440843391084254,0.05933037709871621,0.2935354936669292,0.05889151783419177,-2.079441541671836,2.079441541671836,13.171814911210586,0.0,0.0,0.0,0.1
random,23,66,0.4561727050273032,0.17173307641049324,0.9440843391084254,0.05933037709871621,0.2935354936669292,0.05889151783419177,-2.079441541671836,2.079441541671836,13.171814911210586,0.0,0.0,0.0,0.1
random,23,67,0.4561727050273032,0.17173307641049324,0.9440843391084254,0.05933037709871621,0.2935354936669292,0.05889151783419177,-2.079441541671836,2.079441541671836,13.171814911210586,0.0,0.0,0.0,0.1
random,23,68,0.4561727050273032,0.17173307641049324,0.9440843391084254,0.05933037709871621,0.2935354936669292,0.05889151783419177,-2.079441541671836,2.079441541671836,13.171814911210586,0.0,0.0,0.0,0.1
random,23,69,0.4561727050273032,0.17173307641049324,0.9440843391084254,0.05933037709871621,0.2935354936669292,0.05889151783419177,-2.079441541671836,2.079441541671836,13.171814911210586,0.0,0.0,0.0,0.1
random,23,70,0.4561727050273032,0.17173307641049324,0.9440843391084254,0.05933037709871621,0.2935354936669292,0.05889151783419177,-2.079441541671836,2.079441541671836,13.171814911210586,0.0,0.0,0.0,0.1
random,23,71,0.4561727050273032,0.17173307641049324,0.9440843391084254,0.05933037709871621,0.2935354936669292,0.05889151783419177,-2.079441541671836,2.079441541671836,13.171814911210586,0.0,0.0,0.0,0.1
random,23,72,0.4561727050273032,0.17173307641049324,0.9440843391084254,0.05933037709871621,0.2935354936669292,0.05889151783419177,-2.079441541671836,2.079441541671836,13.171814911210586,0.0,0.0,0.0,0.1
random,23,73,0.4561727050273032,0.17173307641049324,0.9440843391084254,0.05933037709871621,0.2935354936669292,0.05889151783419177,-2.079441541671836,2.079441541671836,13.171814911210586,0.0,0.0,0.0,0.1
random,23,74,0.4561727050273032,0.17173307641049324,0.9440843391084254,0.05933037709871621,0.2935354936669292,0.05889151783419177,-2.079441541671836,2.079441541671836,13.171814911210586,0.0,0.0,0.0,0.1
random,23,75,0.4561727050273032,0.17173307641049324,0.9440843391084254,0.05933037709871621,0.2935354936669292,0.05889151783419177,-2.079441541671836,2.079441541671836,13.171814911210586,0.0,0.0,0.0,0.1
random,23,76,0.4561727050273032,0.17173307641049324,0.9440843391084254,0.05933037709871621,0.2935354936669292,0.05889151783419177,-2.079441541671836,2.079441541671836,13.171814911210586,0.0,0.0,0.0,0.1
random,23,77,0.4561727050273032,0.17173307641049324,0.9440843391084254,0.05933037709871621,0.2935354936669292,0.05889151783419177,-2.079441541671836,2.079441541671836,13.171814911210586,0.0,0.0,0.0,0.1
random,23,78,0.4561727050273032,0.17173307641049324,0.9440843391084254,0.05933037709871621,0.2935354936669292,0.05889151783419177,-2.079441541671836,2.079441541671836,13.171814911210586,0.0,0.0,0.0,0.1
random,23,79,0.4561727050273032,0.17173307641049324,0.9440843391084254,0.05933037709871621,0.2935354936669292,0.05889151783419177,-2.079441541671836,2.079441541671836,13.171814911210586,0.0,0.0,0.0,0.1
random,23,80,0.4561727050273032,0.17173307641049324,0.9440843391084254,0.05933037709871621,0.2935354936669292,0.05889151783419177,-2.079441541671836,2.079441541671836,13.171814911210586,0.0,0.0,0.0,0.1
random,23,81,0.4561727050273032,0.17173307641049324,0.9440843391084254,0.05933037709871621,0.2935354936669292,0.05889151783419177,-2.079441541671836,2.079441541671836,13.171814911210586,0.0,0.0,0.0,0.1
random,23,82,0.4561727050273032,0.17173307641049324,0.9440843391084254,0.05933037709871621,0.2935354936669292,0.05889151783419177,-2.079441541671836,2.079441541671836,13.171814911210586,0.0,0.0,0.0,0.1
random,23,83,0.4561727050273032,0.17173307641049324,0.9440843391084254,0.05933037709871621,0.2935354936669292,0.05889151783419177,-2.079441541671836,2.079441541671836,13.171814911210586,0.0,0.0,0.0,0.1
random,23,84,0.4561727050273032,0.17173307641049324,0.9440843391084254,0.05933037709871621,0.2935354936669292,0.05889151783419177,-2.079441541671836,2.079441541671836,13.171814911210586,0.0,0.0,0.0,0.1
random,23,85,0.4561727050273032,0.17173307641049324,0.9440843391084254,0.05933037709871621,0.2935354936669292,0.05889151783419177,-2.079441541671836,2.079441541671836,13.171814911210586,0.0,0.0,0.0,0.1
random,23,86,0.4561727050273032,0.17173307641049324,0.9440843391084254,0.05933037709871621,0.2935354936669292,0.05889151783419177,-2.079441541671836,2.079441541671836,13.171814911210586,0.0,0.0,0.0,0.1
random,23,87,0.4561727050273032,0.17173307641049324,0.9440843391084254,0.05933037709871621,0.2935354936669292,0.05889151783419177,-2.079441541671836,2.079441541671836,13.171814911210586,0.0,0.0,0.0,0.1
random,23,88,0.4561727050273032,0.17173307641049324,0.9440843391084254,0.05933037709871621,0.2935354936669292,0.05889151783419177,-2.079441541671836,2.079441541671836,13.171814911210586,0.0,0.0,0.0,0.1
random,23,89,0.4561727050273032,0.17173307641049324,0.9440843391084254,0.05933037709871621,0.2935354936669292,0.05889151783419177,-2.079441541671836,2.079441541671836,13.171814911210586,0.0,0.0,0.0,0.1
random,23,90,0.4561727050273032,0.17173307641049324,0.9440843391084254,0.05933037709871621,0.2935354936669292,0.05889151783419177,-2.079441541671836,2.079441541671836,13.171814911210586,0.0,0.0,0.0,0.1
random,23,91,0.4561727050273032,0.17173307641049324,0.9440843391084254,0.05933037709871621,0.2935354936669292,0.05889151783419177,-2.079441541671836,2.079441541671836,13.171814911210586,0.0,0.0,0.0,0.1
random,23,92,0.4561727050273032,0.17173307641049324,0.9440843391084254,0.05933037709871621,0.2935354936669292,0.05889151783419177,-2.079441541671836,2.079441541671836,13.171814911210586,0.0,0.0,0.0,0.1
random,23,93,0.4561727050273032,0.17173307641049324,0.9440843391084254,0.05933037709871621,0.2935354936669292,0.05889151783419177,-2.079441541671836,2.079441541671836,13.171814911210586,0.0,0.0,0.0,0.1
random,23,94,0.4561727050273032,0.17173307641049324,0.9440843391084254,0.05933037709871621,0.2935354936669292,0.05889151783419177,-2.079441541671836,2.079441541671836,13.171814911210586,0.0,0.0,0.0,0.1
random,23,95,0.4561727050273032,0.17173307641049324,0.9440843391084254,0.05933037709871621,0.2935354936669292,0.05889151783419177,-2.079441541671836,2.079441541671836,13.171814911210586,0.0,0.0,0.0,0.1
random,23,96,0.4561727050273032,0.17173307641049324,0.9440843391084254,0.05933037709871621,0.2935354936669292,0.05889151783419177,-2.079441541671836,2.079441541671836,13.171814911210586,0.0,0.0,0.0,0.1
random,23,97,0.4561727050273032,0.17173307641049324,0.9440843391084254,0.05933037709871621,0.2935354936669292,0.05889151783419177,-2.079441541671836,2.079441541671836,13.171814911210586,0.0,0.0,0.0,0.1
random,23,98,0.4561727050273032,0.17173307641049324,0.9440843391084254,0.05933037709871621,0.2935354936669292,0.05889151783419177,-2.079441541671836,2.079441541671836,13.171814911210586,0.0,0.0,0.0,0.1
random,23,99,0.4561727050273032,0.17173307641049324,0.9440843391084254,0.05933037709871621,0.2935354936669292,0.05889151783419177,-2.079441541671836,2.079441541671836,13.171814911210586,0.0,0.0,0.0,0.1
random,23,100,0.4561727050273032,0.17173307641049324,0.9440843391084254,0.05933037709871621,0.2935354936669292,0.05889151783419177,-2.079441541671836,2.079441541671836,13.171814911210586,0.0,0.0,0.0,0.1
random,23,101,0.4561727050273032,0.17173307641049324,0.9440843391084254,0.05933037709871621,0.2935354936669292,0.05889151783419177,-2.079441541671836,2.079441541671836,13.171814911210586,0.0,0.0,0.0,0.1
random,37,0,0.9317071631464058,0.1507075897231499,0.8284989602254051,0.19527336820041424,0.966109897453406,0.23499261630115628,-3.0936845982197196,3.0936845982197196,12.260568930089839,0.12793756611842427,8.326672684688674e-17,0.039602330205347425,0.1
random,37,1,0.8064537016509417,0.1694949765890991,0.9317806231621217,0.15455929080405734,0.764678061147215,0.062164602814615846,-3.0907858257089016,3.0907858257089016,11.690877938067725,0.12552143805611204,1.249000902703301e-16,0.12525346149546412,0.1
random,37,2,0.6290374895889477,0.14947367105369758,0.8217156234570185,0.11416158094169945,0.5648114449662573,0.26452877181351603,-2.6170891420654177,2.6170891420654177,12.423582154309514,0.1290678115832174,5.551115123125783e-17,0.17741621206199398,0.1
random,37,3,0.583017413235691,0.15059510335579346,0.8278805783737311,0.10134391121051706,0.5013963581896776,0.29037460186412944,-2.5251608294938133,2.5251608294938133,12.446937256608361,0.06015564271440838,5.551115123125783e-17,0.04602007635325667,0.1
random,37,4,0.5533182289205191,0.15040041679109928,0.8268103096718343,0.09341215517102569,0.46215420200341395,0.27691084831578094,-2.451706677599012,2.451706677599012,12.548767617860111,0.045829176213748025,1.3877787807814457e-17,0.029699184315171934,0.1
random,37,5,0.5203292231498322,0.154108175099051,0.8471933169812084,0.08314839682377222,0.41137452520604023,0.24468536681692196,-2.4045474461362404,2.4045474461362404,12.60661776400303,0.05179480132368315,2.7755575615628914e-17,0.03298900577068686,0.1
random,37,6,0.4789982681702705,0.15998358387198436,0.8794927523859986,0.06983363873969994,0.34550010676502785,0.22221024635464684,-2.3224960493165048,2.3224960493165048,12.697634255410026,0.060977644694633425,6.938893903907228e-17,0.041330954979561685,0.1
random,37,7,0.45784982240497785,0.1626689868585275,0.89425546995201,0.06313954918142166,0.31238127322263376,0.23511727636769725,-2.221619219684473,2.221619219684473,12.854533672939292,0.030254177360064242,0.0,0.02114844576529268,0.1
random,37,8,0.4553419083748463,0.16334386969816123,0.8979655666494468,0.062213706146788846,0.3078006889499794,0.24224288126462892,-2.209591824290513,2.209591824290513,12.94147201219394,0.016267300627811825,0.0,0.002507914030131564,0.1
random,37,9,0.45332291076010767,0.16394457173720955,0.901267862278161,0.06144710038259864,0.3040079269207565,0.252373268971677,-2.190984445820555,2.190984445820555,12.96264166440937,0.0145805475507168,1.3877787807814457e-17,0.0020189976147386157,0.1
random,37,10,0.4518967490017667,0.16441799460237064,0.9038704541731905,0.06088740473090348,0.30123884727795874,0.26309483331471933,-2.166041242478364,2.166041242478364,12.982503430152939,0.01142341196866627,0.0,0.0014261617583409825,0.1
random,37,11,0.4515688718402442,0.16458497207427847,0.9047883950818788,0.06073719679391755,0.30049569742636595,0.2675429103589754,-2.1659952156599265,2.1659952156599265,12.998998849615298,0.0056855229624262656,1.3877787807814457e-17,0.000327877161522494,0.1
random,37,12,0.4512219596098584,0.1647567281479653,0.9057326058460702,0.06058008903071021,0.29971841086445444,0.2724879141807508,-2.1654070670123815,2.1654070670123815,13.005879719749803,0.005848232637165541,0.0,0.00034691223038579855,0.1
random,37,13,0.4508549072203829,0.16493339957861558,0.9067038382628595,0.060415732969982185,0.29890526353955743,0.27798554051624264,-2.1642243578439464,2.1642243578439464,13.013053526137227,0.006015598776829641,0.0,0.00036705238947548624,0.1
random,37,14,0.4504665454250384,0.16511512703510672,0.9077028656444526,0.060243761400815596,0.2980544386852336,0.28410125486947485,-2.16238455282524,2.16238455282524,13.020534058464325,0.006187754641260826,0.0,0.0003883617953445162,0.1
random,37,15,0.45005563709585183,0.16530205521201222,0.9087304834338918,0.060063787327407435,0.2971640216498385,0.2909132170046551,-2.159812138865021,2.159812138865021,13.02833579798745,0.006364837303963927,0.0,0.0004109083291865545,0.1
random,37,16,0.44962087328278144,0.16549433294480992,0.9097875098384016,0.05987540286434091,0.29623199443090803,0.29851657135640136,-2.156414370900891,2.156414370900891,13.03647395283899,0.0065469877612464745,0.0,0.00043476381307039347,0.1
random,37,17,0.4491587737306677,0.16570068652478237,0.9109219167170467,0.05967443801290295,0.2952377260685413,0.3056057750830306,-2.153411857468404,2.153411857468404,13.04496449506913,0.006738905686852193,0.0,0.0004620995521137372,0.1
random,37,18,0.4486558858343187,0.16593464933034843,0.91220810237962,0.05945225478041966,0.29413848031921824,0.3116742883963869,-2.1512092100954723,2.1512092100954723,13.054276021573202,0.007001905683872003,1.3877787807814457e-17,0.0005028878963490024,0.1
random,37,19,0.4480899732470892,0.1662016957767514,0.913676161842207,0.05920083288526402,0.29289457704871663,0.3177540707954056,-2.148789912101194,2.148789912101194,13.065153554951817,0.007394189216117453,0.0,0.000565912587229489,0.1
random,37,20,0.44742967036324094,0.16650834233473955,0.9153619187103023,0.0589093057700179,0.29145225424755383,0.3249497611700579,-2.145062287125453,2.145062287125453,13.07794672692755,0.00794909596614679,0.0,0.0006603028838482738,0.1
random,37,21,0.44663065641060984,0.1668623466005619,0.917308019544958,0.058562855795549755,0.28973820203249384,0.33516495836732885,-2.138133494934876,2.138133494934876,13.093096068062305,0.00870352978407992,2.7755575615628914e-17,0.0007990139526311002,0.1
random,37,22,0.4456302288625503,0.16727294438322626,0.9195652372247921,0.058141163974179455,0.2876518927418031,0.3543160618254938,-2.1220958870348,2.1220958870348,13.111160105702687,0.009697513989947377,0.0,0.0010004275480595126,0.1
random,37,23,0.44546375101911245,0.16729598907092322,0.919691922946664,0.05808776318099288,0.2873876937099286,0.35166427255060373,-2.1241590739718443,2.1241590739718443,13.132851578683741,0.001981969149179993,1.3877787807814457e-17,0.0001664778434378733,0.1
random,37,24,0.44543289409583586,0.1672604542672768,0.919496574139567,0.058092608826472984,0.2874116674145921,0.34441085910262054,-2.130290112872254,2.130290112872254,13.134862373806767,0.001752843408717341,0.0,3.085692327658984e-05,0.1
random,37,25,0.4454014928900806,0.16722400961786532,0.9192962235520575,0.058097644781226115,0.28743658266942157,0.3377790104757484,-2.135794875840898,2.135794875840898,13.133846030130734,0.0017680860312617873,0.0,3.140120575528815e-05,0.1
random,37,26,0.44536951523031126,0.16718660423628517,0.9190905914415386,0.05810288122259781,0.2874624898265688,0.33154949087655844,-2.1408925452728886,2.1408925452728886,13.13279714568745,0.001784075026256259,1.3877787807814457e-17,3.1977659769311106e-05,0.1
random,37,27,0.4453369251172886,0.16714818399840364,0.9188793802663421,0.05810832849557851,0.28748944006760413,0.3256233576727035,-2.145681990153228,2.145681990153228,13.1317134337475,0.0018008935019465254,0.0,3.2590113022645806e-05,0.1
random,37,28,0.4453036822196078,0.16710869133380696,0.9186622735392357,0.058113997054096506,0.28751748511306524,0.31994414791333015,-2.150219575559379,2.150219575559379,13.13059246513764,0.0018186338657223688,0.0,3.324289768080746e-05,0.1
random,37,29,0.4452697413021325,0.1670680650038005,0.9184389346070031,0.058119897389207274,0.2875466768671756,0.31447556181883957,-2.1545414745528864,2.1545414745528864,13.129431660610795,0.001837398724821901,0.0,3.3940917475328014e-05,0.1
random,37,30,0.4452350515783893,0.16702623986509368,0.9182090053513263,0.0581260399420927,0.28757706698741026,0.3091925261874222,-2.1586725994150724,2.1586725994150724,13.128228282950335,0.0018573018418103324,1.3877787807814457e-17,3.468972374320867e-05,0.1
random,37,31,0.44519955597680316,0.16698314661824645,0.9179721048058975,0.05813243499948426,0.28760870636710506,0.30407690267550747,-2.1626308871574698,2.1626308871574698,13.126979428822374,0.0018784691408793186,0.0,3.549560158611076e-05,0.1
random,37,32,0.4451631903092993,0.16693871153989454,0.9177278276843556,0.058139092568782635,0.2876416445176138,0.29911517033023205,-2.1664296097997866,2.1664296097997866,13.125682020395008,0.0019010397591402355,0.0,3.636566750386816e-05,0.1
random,37,33,0.4451258823292764,0.16689285619770783,0.9174757428132999,0.058146022229758426,0.28767592883460186,0.29429706720422727,-2.1700787244364945,2.1700787244364945,13.124332796749314,0.001925167135023594,0.0,3.73079800228826e-05,0.1
random,37,34,0.44508755066422223,0.16684549714696753,0.9172153914642559,0.05815323295927723,0.2877116037308777,0.28961474511354973,-2.173585708860084,2.173585708860084,13.12292830511397,0.0019510201237143976,0.0,3.833166505418095e-05,0.1
random,37,35,0.4450481036062818,0.16679654560757753,0.9169462855780789,0.058160732924990285,0.2877487096156828,0.2850622200927128,-2.1769560999898223,2.1769560999898223,13.121464891963587,0.001978784127353478,1.3877787807814457e-17,3.9447057940456e-05,0.1
random,37,36,0.4450074377418677,0.16674590712024787,0.9166679058748597,0.058168529243361564,0.28778728169753703,0.2806350037836491,-2.1801938496417876,2.1801938496417876,13.119938694030317,0.0020086622256613148,0.0,4.0665864414091146e-05,0.1
random,37,37,0.44496543639888386,0.16669348118050673,0.9163796998419441,0.058176627696753996,0.2878273485845304,0.2763298513320988,-2.183301561804222,2.183301561804222,13.118345629289532,0.0020408762908746456,1.3877787807814457e-17,4.200134298382174e-05,0.1
random,37,38,0.44492196788727967,0.1666391608491122,0.9160810795922133,0.05818503240355999,0.2878689306523018,0.27214458782258205,-2.1862806490838276,2.1862806490838276,13.116681387993175,0.002075668069644564,1.3877787807814457e-17,4.3468511604194404e-05,0.1
random,37,39,0.44487688350542187,0.1665828323373406,0.9157714195842498,0.05819374543452543,0.2879120381458126,0.2680779900202335,-2.1891314312039643,2.1891314312039643,13.114941423839484,0.0021133002140724744,0.0,4.5084381857796174e-05,0.1
random,37,40,0.4448300152811035,0.16652437456553185,0.9154500541954886,0.0582027663674643,0.28795666897630845,0.26412970882019365,-2.191853189747732,2.191853189747732,13.113120945385024,0.002154057244602943,0.0,4.6868224318374896e-05,0.1
random,37,41,0.4447811734118638,0.16646365869316768,0.9151162751388711,0.05821209177148205,0.28800280616952806,0.26030022310094814,-2.1944441879780388,2.1944441879780388,13.111214907825088,0.002198246429283861,0.0,4.884186923970191e-05,0.1
random,37,42,0.4447301433645849,0.16640054761864553,0.9147693287129057,0.05822171461059886,0.2880504149151446,0.25659081907952563,-2.196901661088522,2.196901661088522,13.109218005291625,0.0022461985671194157,1.3877787807814457e-17,5.103004727891047e-05,0.1
random,37,43,0.44467668258900317,0.16633489544679547,0.9144084128743987,0.05823162355527138,0.288099439160538,0.2530035915643631,-2.1992217798506153,2.1992217798506153,13.107124663844557,0.0022982686679677896,1.3877787807814457e-17,5.3460775581715136e-05,0.1
random,37,44,0.4446205167937337,0.16626654692205836,0.9140326741224111,0.058241802188731234,0.28814979768417454,0.24954146515112052,-2.2013995888648985,2.2013995888648985,13.104929035363108,0.0023548365276346945,1.3877787807814457e-17,5.616579526945831e-05,0.1
random,37,45,0.44456133572656337,0.16619533682511214,0.9136412041812763,0.05825222809326311,0.2882013795749924,0.24620823468500344,-2.203428919218059,2.203428919218059,13.102624992579155,0.0024163072042889706,0.0,5.9181067170344104e-05,0.1
random,37,46,0.4444987883930111,0.16612108933058803,0.9132330364697125,0.058262871799508884,0.2882540390341106,0.24300862540199758,-2.2053022741036035,2.2053022741036035,13.100206125535252,0.002483111410712753,0.0,6.254733355226527e-05,0.1
random,37,47,0.4444324776383696,0.16604361732336778,0.9128071423422406,0.05827369557957224,0.28830758940374596,0.23994837419368203,-2.207010684745641,2.207010684745641,13.09766573979687,0.0025557058456720304,0.0,6.631075464147429e-05,0.1
random,37,48,0.44436195400848433,0.16596272167079115,0.9123624270882205,0.05828465206207478,0.28836179631523895,0.2370343345287909,-2.2085435326494856,2.2085435326494856,13.094996856801954,0.002634573496201914,0.0,7.052362988529959e-05,0.1
random,37,49,0.44428670879324267,0.16587819044792967,0.9118977256728772,0.05829568264433774,0.2884163698333645,0.23427460882391277,-2.2098883326649,2.2098883326649,13.092192216792645,0.0027202239501340456,0.0,7.524521524165939e-05,0.1
random,37,50,0.4442061661439629,0.16578979811290043,0.9114117982036757,0.05830671567348615,0.288470955457392,0.23167871362234108,-2.2110304694362624,2.2110304694362624,13.089244284844627,0.002813193764061902,1.3877787807814457e-17,8.054264927975785e-05,0.1
random,37,51,0.44411967414138476,0.16569730462899804,0.9109033251043346,0.058317664364440094,0.28852512382040146,0.2292577849985005,-2.2119528773244754,2.2119528773244754,13.086145260590646,0.0029140469355676745,1.3877787807814457e-17,8.649200257815348e-05,0.1
random,37,52,0.4440264946745459,0.16560045453021457,0.9103709019776213,0.058328424418410615,0.2885783589068541,0.22702483442500937,-2.2126356505216553,2.2126356505216553,13.082887092327548,0.0030233755295463126,1.3877787807814457e-17,9.317946683884415e-05,0.1
random,37,53,0.4439257919722329,0.1654989759264975,0.9098130341368632,0.05833887130058732,0.2886300445840228,0.22499506933594426,-2.2130555653885593,2.2130555653885593,13.079461496302548,0.0031418005067433796,1.3877787807814457e-17,0.00010070270231299361,0.1
random,37,54,0.4438166196076107,0.16539257944485866,0.9092281307848067,0.05834885713011091,0.28867944921521205,0.2231862984614784,-2.2131854903058943,2.2131854903058943,13.07585998209616,0.0032699727983449365,0.0,0.00010917236462221203,0.1
random,37,55,0.44369790577275575,0.16528095710219712,0.908614498817081,0.05835820712908038,0.288725708091314,0.2216194508104787,-2.2129936483554538,2.2129936483554538,13.072073885158503,0.0034085746640569146,1.3877787807814457e-17,0.00011871383485495546,0.1
random,37,56,0.4435684365927523,0.16516378110543353,0.9079703362260638,0.058366715570149726,0.2887678033816485,0.22031925086921578,-2.21244268289851,2.21244268289851,13.068094407715066,0.003558321363232062,0.0,0.00012946918000344976,0.1
random,37,57,0.44342683721834397,0.16504070257426653,0.9072937250793708,0.058374141154109424,0.2888045412646683,0.2193151146473256,-2.2114884519600313,2.2114884519600313,13.063912669440155,0.003719963160011801,1.3877787807814457e-17,0.00014159937440832993,0.1
random,37,58,0.4432715504013838,0.16491135018156275,0.9065826240455435,0.05838020173959521,0.2888345258533305,0.2186423682102304,-2.2100784374523905,2.2100784374523905,13.059519769504558,0.0038942876749250943,1.3877787807814457e-17,0.00015528681696019841,0.1
random,37,59,0.4431008122179487,0.1647753287060674,0.9058348604377302,0.058384568336573336,0.2888561294780216,0.21834395538356988,-2.208149586235797,2.208149586235797,13.05490686184185,0.00408212258763782,1.3877787807814457e-17,0.00017073818343504854,0.1
random,37,60,0.44291262455936664,0.1646322174917823,0.9050481217442802,0.05838685826335453,0.28886745883106213,0.21847292218027226,-2.2056252734878523,2.2056252734878523,13.050065245749543,0.004284338689122596,0.0,0.00018818765858208408,0.1
random,37,61,0.44270472396084193,0.16448156880799097,0.9042199466131556,0.0583866273533975,0.28886631641007066,0.2190962058148244,-2.202410830343093,2.202410830343093,13.044986474251482,0.004501853276785417,0.0,0.00020790059852471288,0.1
random,37,62,0.44247454628007943,0.16432290610352496,0.9033477152549465,0.05838336108286741,0.2888501566217904,0.22030077620237382,-2.198386545578315,2.198386545578315,13.039662483001992,0.004735633883194627,1.3877787807814457e-17,0.0002301776807625,0.1
random,37,63,0.44221918667338334,0.16415572214845006,0.9024286392269881,0.058376464472572,0.2888160358221818,0.22220443369237095,-2.193395776779434,2.193395776779434,13.034085742915916,0.004986702327982636,0.0,0.0002553596066960928,0.1
random,37,64,0.441935354243149,0.16397947705591284,0.9014597505586726,0.058365250598236745,0.28876055547130786,0.2249770887343781,-2.1872222555109726,2.1872222555109726,13.02824944016902,0.005256139083052789,0.0,0.000283832430234332,0.1
random,37,65,0.4416193206473105,0.1637935961764187,0.9004378901754657,0.05834892752078946,0.28867979747125877,0.22889066424813406,-2.1795383089979925,2.1795383089979925,13.022147687737471,0.005545087943151844,0.0,0.000316033595838483,0.1
random,37,66,0.4412668618668515,0.16359746785631493,0.8993596955764065,0.058326583423054454,0.2885692506303332,0.23447871833549314,-2.1697426848894215,2.1697426848894215,13.015775773241865,0.005854760996836614,0.0,0.0003524587804590307,0.1
random,37,67,0.44087595428028004,0.16339166682926046,0.8982283262987134,0.05829746007141212,0.2884251636074689,0.24363535373172596,-2.155843166860727,2.155843166860727,13.009130448540036,0.006145841795040012,0.0,0.00039090758657145397,0.1
random,37,68,0.4405626504944833,0.16322580201039671,0.8973165020819037,0.05827445904559975,0.28831136663200985,0.24133392964924122,-2.1522208442981743,2.1522208442981743,13.00228168760621,0.005557732705154645,0.0,0.000313303785796748,0.1
random,37,69,0.4402311577042737,0.16305519043192854,0.8963785830585621,0.05824831424636379,0.2881820159195109,0.2392445838260004,-2.147837606296095,2.147837606296095,12.998120029109296,0.005716785247325302,0.0,0.00033149279020960876,0.1
random,37,70,0.43988041993811033,0.16287969624993864,0.8954138224411883,0.05821879140609511,0.28803595243708435,0.23738443217065303,-2.142571268207704,2.142571268207704,12.993940199996173,0.005880389593714159,0.0,0.00035073776616334484,0.1
random,37,71,0.4395093199195079,0.16269917973289547,0.8944214520705353,0.05818564117554663,0.2878719425358321,0.23577214787447265,-2.136259068024802,2.136259068024802,12.989747642801191,0.006048676008958045,0.0,0.0003711000186024105,0.1
random,37,72,0.43911667550794914,0.16251349715039673,0.8934006818039895,0.058148598205874695,0.287688673409269,0.2344281309448209,-2.1286715708507273,2.1286715708507273,12.98554830842822,0.006221778485638734,0.0,0.0003926444115587846,0.1
random,37,73,0.43870123593317084,0.16232250065872855,0.8923506988864438,0.05810738017617447,0.28748474828207987,0.2333747057402336,-2.119456544326373,2.119456544326373,12.98134869140913,0.006399834850970174,0.0,0.00041543957477829796,0.1
random,37,74,0.43826167781083136,0.16212603818314983,0.8912706673031686,0.05806168676331103,0.28725868131338556,0.23263635252143788,-2.1079893550403845,2.1079893550403845,12.977155867353261,0.0065829868765389914,0.0,0.00043955812233947844,0.1
random,37,75,0.43779660092686373,0.16192395329680762,0.8901597271141618,0.058011198550659726,0.2870088921977644,0.2322399807405531,-2.092756690790093,2.092756690790093,12.972977532712175,0.006771380391185444,0.0,0.00046507688396763003,0.1
random,37,76,0.43752092318760993,0.16180677750848863,0.8895155656690468,0.05798030402961493,0.28685604236046436,0.232178312973178,-2.079441541671836,2.079441541671836,12.968822046990004,0.003926279939615031,0.0,0.000275677739253799,0.1
random,37,77,0.43752092318760993,0.16180677750848863,0.8895155656690468,0.05798030402961493,0.28685604236046436,0.232178312973178,-2.079441541671836,2.079441541671836,12.966478761494367,0.0,0.0,0.0,0.1
random,37,78,0.43752092318760993,0.16180677750848863,0.8895155656690468,0.05798030402961493,0.28685604236046436,0.232178312973178,-2.079441541671836,2.079441541671836,12.966478761494367,0.0,0.0,0.0,0.1
random,37,79,0.43752092318760993,0.16180677750848863,0.8895155656690468,0.05798030402961493,0.28685604236046436,0.232178312973178,-2.079441541671836,2.079441541671836,12.966478761494367,0.0,0.0,0.0,0.1
random,37,80,0.43752092318760993,0.16180677750848863,0.8895155656690468,0.05798030402961493,0.28685604236046436,0.232178312973178,-2.079441541671836,2.079441541671836,12.966478761494367,0.0,0.0,0.0,0.1
random,37,81,0.43752092318760993,0.16180677750848863,0.8895155656690468,0.05798030402961493,0.28685604236046436,0.232178312973178,-2.079441541671836,2.079441541671836,12.966478761494367,0.0,0.0,0.0,0.1
random,37,82,0.43752092318760993,0.16180677750848863,0.8895155656690468,0.05798030402961493,0.28685604236046436,0.232178312973178,-2.079441541671836,2.079441541671836,12.966478761494367,0.0,0.0,0.0,0.1
random,37,83,0.43752092318760993,0.16180677750848863,0.8895155656690468,0.05798030402961493,0.28685604236046436,0.232178312973178,-2.079441541671836,2.079441541671836,12.966478761494367,0.0,0.0,0.0,0.1
random,37,84,0.43752092318760993,0.16180677750848863,0.8895155656690468,0.05798030402961493,0.28685604236046436,0.232178312973178,-2.079441541671836,2.079441541671836,12.966478761494367,0.0,0.0,0.0,0.1
random,37,85,0.43752092318760993,0.16180677750848863,0.8895155656690468,0.05798030402961493,0.28685604236046436,0.232178312973178,-2.079441541671836,2.079441541671836,12.966478761494367,0.0,0.0,0.0,0.1
random,37,86,0.43752092318760993,0.16180677750848863,0.8895155656690468,0.05798030402961493,0.28685604236046436,0.232178312973178,-2.079441541671836,2.079441541671836,12.966478761494367,0.0,0.0,0.0,0.1
random,37,87,0.43752092318760993,0.16180677750848863,0.8895155656690468,0.05798030402961493,0.28685604236046436,0.232178312973178,-2.079441541671836,2.079441541671836,12.966478761494367,0.0,0.0,0.0,0.1
random,37,88,0.43752092318760993,0.16180677750848863,0.8895155656690468,0.05798030402961493,0.28685604236046436,0.232178312973178,-2.079441541671836,2.079441541671836,12.966478761494367,0.0,0.0,0.0,0.1
random,37,89,0.43752092318760993,0.16180677750848863,0.8895155656690468,0.05798030402961493,0.28685604236046436,0.232178312973178,-2.079441541671836,2.079441541671836,12.966478761494367,0.0,0.0,0.0,0.1
random,37,90,0.43752092318760993,0.16180677750848863,0.8895155656690468,0.05798030402961493,0.28685604236046436,0.232178312973178,-2.079441541671836,2.079441541671836,12.966478761494367,0.0,0.0,0.0,0.1
random,37,91,0.43752092318760993,0.16180677750848863,0.8895155656690468,0.05798030402961493,0.28685604236046436,0.232178312973178,-2.079441541671836,2.079441541671836,12.966478761494367,0.0,0.0,0.0,0.1
random,37,92,0.43752092318760993,0.16180677750848863,0.8895155656690468,0.05798030402961493,0.28685604236046436,0.232178312973178,-2.079441541671836,2.079441541671836,12.966478761494367,0.0,0.0,0.0,0.1
random,37,93,0.43752092318760993,0.16180677750848863,0.8895155656690468,0.05798030402961493,0.28685604236046436,0.232178312973178,-2.079441541671836,2.079441541671836,12.966478761494367,0.0,0.0,0.0,0.1
random,37,94,0.43752092318760993,0.16180677750848863,0.8895155656690468,0.05798030402961493,0.28685604236046436,0.232178312973178,-2.079441541671836,2.079441541671836,12.966478761494367,0.0,0.0,0.0,0.1
random,37,95,0.43752092318760993,0.16180677750848863,0.8895155656690468,0.05798030402961493,0.28685604236046436,0.232178312973178,-2.079441541671836,2.079441541671836,12.966478761494367,0.0,0.0,0.0,0.1
random,37,96,0.43752092318760993,0.16180677750848863,0.8895155656690468,0.05798030402961493,0.28685604236046436,0.232178312973178,-2.079441541671836,2.079441541671836,12.966478761494367,0.0,0.0,0.0,0.1
random,37,97,0.43752092318760993,0.16180677750848863,0.8895155656690468,0.05798030402961493,0.28685604236046436,0.232178312973178,-2.079441541671836,2.079441541671836,12.966478761494367,0.0,0.0,0.0,0.1
random,37,98,0.43752092318760993,0.16180677750848863,0.8895155656690468,0.05798030402961493,0.28685604236046436,0.232178312973178,-2.079441541671836,2.079441541671836,12.966478761494367,0.0,0.0,0.0,0.1
random,37,99,0.43752092318760993,0.16180677750848863,0.8895155656690468,0.05798030402961493,0.28685604236046436,0.232178312973178,-2.079441541671836,2.079441541671836,12.966478761494367,0.0,0.0,0.0,0.1
random,37,100,0.43752092318760993,0.16180677750848863,0.8895155656690468,0.05798030402961493,0.28685604236046436,0.232178312973178,-2.079441541671836,2.079441541671836,12.966478761494367,0.0,0.0,0.0,0.1
random,37,101,0.43752092318760993,0.16180677750848863,0.8895155656690468,0.05798030402961493,0.28685604236046436,0.232178312973178,-2.079441541671836,2.079441541671836,12.966478761494367,0.0,0.0,0.0,0.1
random,37,102,0.43752092318760993,0.16180677750848863,0.8895155656690468,0.05798030402961493,0.28685604236046436,0.232178312973178,-2.079441541671836,2.079441541671836,12.966478761494367,0.0,0.0,0.0,0.1
random,37,103,0.43752092318760993,0.16180677750848863,0.8895155656690468,0.05798030402961493,0.28685604236046436,0.232178312973178,-2.079441541671836,2.079441541671836,12.966478761494367,0.0,0.0,0.0,0.1
random,37,104,0.43752092318760993,0.16180677750848863,0.8895155656690468,0.05798030402961493,0.28685604236046436,0.232178312973178,-2.079441541671836,2.079441541671836,12.966478761494367,0.0,0.0,0.0,0.1
random,37,105,0.43752092318760993,0.16180677750848863,0.8895155656690468,0.05798030402961493,0.28685604236046436,0.232178312973178,-2.079441541671836,2.079441541671836,12.966478761494367,0.0,0.0,0.0,0.1
random,37,106,0.43752092318760993,0.16180677750848863,0.8895155656690468,0.05798030402961493,0.28685604236046436,0.232178312973178,-2.079441541671836,2.079441541671836,12.966478761494367,0.0,0.0,0.0,0.1
random,37,107,0.43752092318760993,0.16180677750848863,0.8895155656690468,0.05798030402961493,0.28685604236046436,0.232178312973178,-2.079441541671836,2.079441541671836,12.966478761494367,0.0,0.0,0.0,0.1
random,37,108,0.43752092318760993,0.16180677750848863,0.8895155656690468,0.05798030402961493,0.28685604236046436,0.232178312973178,-2.079441541671836,2.079441541671836,12.966478761494367,0.0,0.0,0.0,0.1
random,37,109,0.43752092318760993,0.16180677750848863,0.8895155656690468,0.05798030402961493,0.28685604236046436,0.232178312973178,-2.079441541671836,2.079441541671836,12.966478761494367,0.0,0.0,0.0,0.1
random,37,110,0.43752092318760993,0.16180677750848863,0.8895155656690468,0.05798030402961493,0.28685604236046436,0.232178312973178,-2.079441541671836,2.079441541671836,12.966478761494367,0.0,0.0,0.0,0.1
random,37,111,0.43752092318760993,0.16180677750848863,0.8895155656690468,0.05798030402961493,0.28685604236046436,0.232178312973178,-2.079441541671836,2.079441541671836,12.966478761494367,0.0,0.0,0.0,0.1
random,37,112,0.43752092318760993,0.16180677750848863,0.8895155656690468,0.05798030402961493,0.28685604236046436,0.232178312973178,-2.079441541671836,2.079441541671836,12.966478761494367,0.0,0.0,0.0,0.1
random,37,113,0.43752092318760993,0.16180677750848863,0.8895155656690468,0.05798030402961493,0.28685604236046436,0.232178312973178,-2.079441541671836,2.079441541671836,12.966478761494367,0.0,0.0,0.0,0.1
random,37,114,0.43752092318760993,0.16180677750848863,0.8895155656690468,0.05798030402961493,0.28685604236046436,0.232178312973178,-2.079441541671836,2.079441541671836,12.966478761494367,0.0,0.0,0.0,0.1
random,37,115,0.43752092318760993,0.16180677750848863,0.8895155656690468,0.05798030402961493,0.28685604236046436,0.232178312973178,-2.079441541671836,2.079441541671836,12.966478761494367,0.0,0.0,0.0,0.1
random,37,116,0.43752092318760993,0.16180677750848863,0.8895155656690468,0.05798030402961493,0.28685604236046436,0.232178312973178,-2.079441541671836,2.079441541671836,12.966478761494367,0.0,0.0,0.0,0.1
random,37,117,0.43752092318760993,0.16180677750848863,0.8895155656690468,0.05798030402961493,0.28685604236046436,0.232178312973178,-2.079441541671836,2.079441541671836,12.966478761494367,0.0,0.0,0.0,0.1
random,37,118,0.43752092318760993,0.16180677750848863,0.8895155656690468,0.05798030402961493,0.28685604236046436,0.232178312973178,-2.079441541671836,2.079441541671836,12.966478761494367,0.0,0.0,0.0,0.1
random,37,119,0.43752092318760993,0.16180677750848863,0.8895155656690468,0.05798030402961493,0.28685604236046436,0.232178312973178,-2.079441541671836,2.079441541671836,12.966478761494367,0.0,0.0,0.0,0.1
random,37,120,0.43752092318760993,0.16180677750848863,0.8895155656690468,0.05798030402961493,0.28685604236046436,0.232178312973178,-2.079441541671836,2.079441541671836,12.966478761494367,0.0,0.0,0.0,0.1
random,37,121,0.43752092318760993,0.16180677750848863,0.8895155656690468,0.05798030402961493,0.28685604236046436,0.232178312973178,-2.079441541671836,2.079441541671836,12.966478761494367,0.0,0.0,0.0,0.1
random,37,122,0.43752092318760993,0.16180677750848863,0.8895155656690468,0.05798030402961493,0.28685604236046436,0.232178312973178,-2.079441541671836,2.079441541671836,12.966478761494367,0.0,0.0,0.0,0.1
random,37,123,0.43752092318760993,0.16180677750848863,0.8895155656690468,0.05798030402961493,0.28685604236046436,0.232178312973178,-2.079441541671836,2.079441541671836,12.966478761494367,0.0,0.0,0.0,0.1
random,37,124,0.43752092318760993,0.16180677750848863,0.8895155656690468,0.05798030402961493,0.28685604236046436,0.232178312973178,-2.079441541671836,2.079441541671836,12.966478761494367,0.0,0.0,0.0,0.1
random,37,125,0.43752092318760993,0.16180677750848863,0.8895155656690468,0.05798030402961493,0.28685604236046436,0.232178312973178,-2.079441541671836,2.079441541671836,12.966478761494367,0.0,0.0,0.0,0.1
random,37,126,0.43752092318760993,0.16180677750848863,0.8895155656690468,0.05798030402961493,0.28685604236046436,0.232178312973178,-2.079441541671836,2.079441541671836,12.966478761494367,0.0,0.0,0.0,0.1
random,37,127,0.43752092318760993,0.16180677750848863,0.8895155656690468,0.05798030402961493,0.28685604236046436,0.232178312973178,-2.079441541671836,2.079441541671836,12.966478761494367,0.0,0.0,0.0,0.1
random,37,128,0.43752092318760993,0.16180677750848863,0.8895155656690468,0.05798030402961493,0.28685604236046436,0.232178312973178,-2.079441541671836,2.079441541671836,12.966478761494367,0.0,0.0,0.0,0.1
random,37,129,0.43752092318760993,0.16180677750848863,0.8895155656690468,0.05798030402961493,0.28685604236046436,0.232178312973178,-2.079441541671836,2.079441541671836,12.966478761494367,0.0,0.0,0.0,0.1
random,37,130,0.43752092318760993,0.16180677750848863,0.8895155656690468,0.05798030402961493,0.28685604236046436,0.232178312973178,-2.079441541671836,2.079441541671836,12.966478761494367,0.0,0.0,0.0,0.1
random,37,131,0.43752092318760993,0.16180677750848863,0.8895155656690468,0.05798030402961493,0.28685604236046436,0.232178312973178,-2.079441541671836,2.079441541671836,12.966478761494367,0.0,0.0,0.0,0.1
random,37,132,0.43752092318760993,0.16180677750848863,0.8895155656690468,0.05798030402961493,0.28685604236046436,0.232178312973178,-2.079441541671836,2.079441541671836,12.966478761494367,0.0,0.0,0.0,0.1
random,37,133,0.43752092318760993,0.16180677750848863,0.8895155656690468,0.05798030402961493,0.28685604236046436,0.232178312973178,-2.079441541671836,2.079441541671836,12.966478761494367,0.0,0.0,0.0,0.1
random,37,134,0.43752092318760993,0.16180677750848863,0.8895155656690468,0.05798030402961493,0.28685604236046436,0.232178312973178,-2.079441541671836,2.079441541671836,12.966478761494367,0.0,0.0,0.0,0.1
random,37,135,0.43752092318760993,0.16180677750848863,0.8895155656690468,0.05798030402961493,0.28685604236046436,0.232178312973178,-2.079441541671836,2.079441541671836,12.966478761494367,0.0,0.0,0.0,0.1
random,37,136,0.43752092318760993,0.16180677750848863,0.8895155656690468,0.05798030402961493,0.28685604236046436,0.232178312973178,-2.079441541671836,2.079441541671836,12.966478761494367,0.0,0.0,0.0,0.1
random,37,137,0.43752092318760993,0.16180677750848863,0.8895155656690468,0.05798030402961493,0.28685604236046436,0.232178312973178,-2.079441541671836,2.079441541671836,12.966478761494367,0.0,0.0,0.0,0.1
random,37,138,0.43752092318760993,0.16180677750848863,0.8895155656690468,0.05798030402961493,0.28685604236046436,0.232178312973178,-2.079441541671836,2.079441541671836,12.966478761494367,0.0,0.0,0.0,0.1
random,37,139,0.43752092318760993,0.16180677750848863,0.8895155656690468,0.05798030402961493,0.28685604236046436,0.232178312973178,-2.079441541671836,2.079441541671836,12.966478761494367,0.0,0.0,0.0,0.1
random,37,140,0.43752092318760993,0.16180677750848863,0.8895155656690468,0.05798030402961493,0.28685604236046436,0.232178312973178,-2.079441541671836,2.079441541671836,12.966478761494367,0.0,0.0,0.0,0.1
random,37,141,0.43752092318760993,0.16180677750848863,0.8895155656690468,0.05798030402961493,0.28685604236046436,0.232178312973178,-2.079441541671836,2.079441541671836,12.966478761494367,0.0,0.0,0.0,0.1
random,37,142,0.43752092318760993,0.16180677750848863,0.8895155656690468,0.05798030402961493,0.28685604236046436,0.232178312973178,-2.079441541671836,2.079441541671836,12.966478761494367,0.0,0.0,0.0,0.1
random,37,143,0.43752092318760993,0.16180677750848863,0.8895155656690468,0.05798030402961493,0.28685604236046436,0.232178312973178,-2.079441541671836,2.079441541671836,12.966478761494367,0.0,0.0,0.0,0.1
random,37,144,0.43752092318760993,0.16180677750848863,0.8895155656690468,0.05798030402961493,0.28685604236046436,0.232178312973178,-2.079441541671836,2.079441541671836,12.966478761494367,0.0,0.0,0.0,0.1
random,37,145,0.43752092318760993,0.16180677750848863,0.8895155656690468,0.05798030402961493,0.28685604236046436,0.232178312973178,-2.079441541671836,2.079441541671836,12.966478761494367,0.0,0.0,0.0,0.1
random,37,146,0.43752092318760993,0.16180677750848863,0.8895155656690468,0.05798030402961493,0.28685604236046436,0.232178312973178,-2.079441541671836,2.079441541671836,12.966478761494367,0.0,0.0,0.0,0.1
random,37,147,0.43752092318760993,0.16180677750848863,0.8895155656690468,0.05798030402961493,0.28685604236046436,0.232178312973178,-2.079441541671836,2.079441541671836,12.966478761494367,0.0,0.0,0.0,0.1
random,37,148,0.43752092318760993,0.16180677750848863,0.8895155656690468,0.05798030402961493,0.28685604236046436,0.232178312973178,-2.079441541671836,2.079441541671836,12.966478761494367,0.0,0.0,0.0,0.1
random,37,149,0.43752092318760993,0.16180677750848863,0.8895155656690468,0.05798030402961493,0.28685604236046436,0.232178312973178,-2.079441541671836,2.079441541671836,12.966478761494367,0.0,0.0,0.0,0.1
random,37,150,0.43752092318760993,0.16180677750848863,0.8895155656690468,0.05798030402961493,0.28685604236046436,0.232178312973178,-2.079441541671836,2.079441541671836,12.966478761494367,0.0,0.0,0.0,0.1
random,37,151,0.43752092318760993,0.16180677750848863,0.8895155656690468,0.05798030402961493,0.28685604236046436,0.232178312973178,-2.079441541671836,2.079441541671836,12.966478761494367,0.0,0.0,0.0,0.1
random,37,152,0.43752092318760993,0.16180677750848863,0.8895155656690468,0.05798030402961493,0.28685604236046436,0.232178312973178,-2.079441541671836,2.079441541671836,12.966478761494367,0.0,0.0,0.0,0.1
random,37,153,0.43752092318760993,0.16180677750848863,0.8895155656690468,0.05798030402961493,0.28685604236046436,0.232178312973178,-2.079441541671836,2.079441541671836,12.966478761494367,0.0,0.0,0.0,0.1
random,37,154,0.43752092318760993,0.16180677750848863,0.8895155656690468,0.05798030402961493,0.28685604236046436,0.232178312973178,-2.079441541671836,2.079441541671836,12.966478761494367,0.0,0.0,0.0,0.1
random,37,155,0.43752092318760993,0.16180677750848863,0.8895155656690468,0.05798030402961493,0.28685604236046436,0.232178312973178,-2.079441541671836,2.079441541671836,12.966478761494367,0.0,0.0,0.0,0.1
random,37,156,0.43752092318760993,0.16180677750848863,0.8895155656690468,0.05798030402961493,0.28685604236046436,0.232178312973178,-2.079441541671836,2.079441541671836,12.966478761494367,0.0,0.0,0.0,0.1
feature_informed,0,0,1.2713933590918518,0.19776288572699438,1.0871804498829587,0.26938952732596605,1.332797662161483,0.385329663652731,-3.4322008871108522,3.4322008871108522,12.485321018952373,0.40025713621003944,5.551115123125783e-17,0.6587696552423723,0.1
feature_informed,0,1,0.9794606071939773,0.1519320696302541,0.8352304084007515,0.20768928864802438,1.0275373401250525,0.25997587212795464,-3.5087685562324302,3.5087685562324302,13.415434895173306,0.20859145077670413,5.551115123125783e-17,0.2919327518978745,0.05
feature_informed,0,2,0.853542622121525,0.1712343337423186,0.9413425542868263,0.1666054213790769,0.8242759780664245,0.025610907925302448,-3.57610673038476,3.57610673038476,11.67155440964159,0.1009575539930985,5.551115123125783e-17,0.12591798507245233,0.052500000000000005
feature_informed,0,3,0.6866466364848289,0.16525232398493553,0.9084570912975074,0.12384296056533173,0.6127098182139362,0.10380145468926547,-3.231386529749773,3.231386529749773,12.34028023214036,0.07824733576524988,8.326672684688674e-17,0.16689598563669605,0.05512500000000001
feature_informed,0,4,0.6302859351247028,0.1656303320705923,0.9105351505810427,0.10851386749919607,0.5368695299725895,0.0819889582838885,-3.130713135289261,3.130713135289261,12.685209104345157,0.04695607178394463,2.7755575615628914e-17,0.056360701360126164,0.05788125000000001
feature_informed,0,5,0.5874026273452018,0.16611135180096026,0.9131795054352996,0.09677874848651978,0.47881033464850253,0.10016884429682228,-3.0099836845633203,3.0099836845633203,12.907172672518612,0.04530407017260757,2.7755575615628914e-17,0.042883307779501,0.06077531250000001
feature_informed,0,6,0.5495011733620885,0.16509573244401318,0.9075962459407965,0.08694055909625296,0.43013614916918586,0.12672599307549848,-2.8670219069450797,2.8670219069450797,13.072291447767217,0.0420591996487918,2.7755575615628914e-17,0.03790145398311329,0.06381407812500002
feature_informed,0,7,0.523134784807882,0.16229628100209487,0.8922065591102164,0.08087174709586169,0.4001108600404373,0.14792011978558556,-2.731607487800749,2.731607487800749,13.130998361734653,0.036359956248260245,2.7755575615628914e-17,0.026366388554206477,0.06700478203125003
feature_informed,0,8,0.50804001997605,0.15950521415122867,0.8768629656779936,0.07783750736219956,0.3850990380754022,0.17605643855078973,-2.6433579348110454,2.6433579348110454,13.086108225485175,0.03034356774410685,0.0,0.01509476483183203,0.07035502113281253
feature_informed,0,9,0.49889163800703806,0.15768172409003214,0.866838522831698,0.07604742987810975,0.37624267639881803,0.2009928900091523,-2.552183201574484,2.552183201574484,13.05253126819213,0.025728648496940204,2.7755575615628914e-17,0.00914838196901191,0.07387277218945316
feature_informed,0,10,0.49457934498396994,0.1581273909953193,0.8692885292866853,0.07472020856307289,0.3696762835497315,0.1948457328350958,-2.512299883450713,2.512299883450713,13.055107881542648,0.0160427422858355,2.7755575615628914e-17,0.0043122930230681256,0.07756641079892583
feature_informed,0,11,0.49003051019136235,0.15863838829839272,0.8720976826614557,0.07330504243568117,0.3626747860346646,0.18002033358313102,-2.479143214446317,2.479143214446317,13.047306571625576,0.018339389323220753,2.7755575615628914e-17,0.004548834792607592,0.08144473133887213
feature_informed,0,12,0.4845220393027949,0.15849895109799858,0.8713311414689683,0.07187216694653188,0.35558567191407053,0.17433004091847,-2.4432422321637572,2.4432422321637572,13.030414073066058,0.01955691831144809,1.3877787807814457e-17,0.005508470888567429,0.08551696790581574
feature_informed,0,13,0.47528738145939453,0.1580094337018055,0.8686400715998049,0.06956475633508535,0.3441698180792577,0.17279881644476092,-2.386882724974991,2.386882724974991,13.019646246612124,0.02663645480989819,1.3877787807814457e-17,0.009234657843400385,0.08979281630110653
feature_informed,0,14,0.4679454584256074,0.15742863244949334,0.8654471784315033,0.06780124365752566,0.33544488509030873,0.1724854498719592,-2.3307283766960163,2.3307283766960163,13.011461806058149,0.018821694282225767,0.0,0.007341923033787112,0.09428245711616186
feature_informed,0,15,0.464986784271394,0.1562312576642461,0.8588647377833594,0.06744737580171749,0.33369413310073887,0.1777207560795691,-2.319659815253098,2.319659815253098,13.002364348775515,0.01649965892266666,0.0,0.0029586741542134143,0.09899657997196995
feature_informed,0,16,0.4610125166408845,0.15483118431232368,0.8511679833037883,0.0668948840206267,0.33096069441991655,0.1862725140925553,-2.299970105112352,2.299970105112352,12.991414407197734,0.019204607027431927,0.0,0.003974267630509509,0.1
feature_informed,0,17,0.4557025289105684,0.1532080311629087,0.8422448713420931,0.06606504377313624,0.3268550814333935,0.19923434862814837,-2.265329764417644,2.265329764417644,12.980259163207142,0.022191281993726775,1.3877787807814457e-17,0.005309987730316101,0.1
feature_informed,0,18,0.45047751319380336,0.15184571508200237,0.8347556834478229,0.06516149345125455,0.3223847897757968,0.21192950458741086,-2.2170562499164266,2.2170562499164266,12.969571558804768,0.019772416951052137,0.0,0.005225015716765036,0.1
feature_informed,0,19,0.4477126062668673,0.1512956738716135,0.8317318903414144,0.06462008351675314,0.3197061782420183,0.21728407516484566,-2.193079899529982,2.193079899529982,12.955926979460797,0.016410932249437894,0.0,0.0027649069269360393,0.1
feature_informed,0,20,0.44472632968272197,0.15073151876349353,0.8286305075819803,0.06402424250705191,0.3167582703829692,0.2250849688142841,-2.1519409038012984,2.1519409038012984,12.934329160036565,0.016824969442744253,0.0,0.002986276584145353,0.1
feature_informed,0,21,0.44398629599532874,0.15060135443001704,0.8279149429900323,0.06387301582776939,0.31601008033042755,0.23194630042981892,-2.1450795721857636,2.1450795721857636,12.912861226068065,0.008514618211973768,0.0,0.0007400336873932267,0.1
feature_informed,0,22,0.4431835523617561,0.1504657872104651,0.8271696766059985,0.06370689009791575,0.31518817761367535,0.2409139612712208,-2.136111911344362,2.136111911344362,12.903354744325823,0.008868044614941065,0.0,0.0008027436335726335,0.1
feature_informed,0,23,0.44231278478425406,0.15032459284080807,0.8263934755622062,0.06352451627057461,0.31428588785827,0.2526821577539548,-2.1243437148616278,2.1243437148616278,12.893779456823054,0.009236141108710398,0.0,0.0008707675775020407,0.1
feature_informed,0,24,0.4413682289605543,0.15017753774822193,0.825585055816875,0.06332442739058047,0.31329595334178073,0.2686146528339518,-2.1084112197816305,2.1084112197816305,12.884160902668103,0.009619516622219557,0.0,0.0009445558236997886,0.1
feature_informed,0,25,0.44034363212537553,0.15002437866469734,0.8247430800299733,0.06310502845400122,0.3122104828238429,0.2935994483298934,-2.083426424285689,2.083426424285689,12.874528160359658,0.010018805359945251,0.0,0.0010245968351787482,0.1
feature_informed,0,26,0.44024983883940316,0.15001066209278643,0.8246676746334242,0.06308483176697306,0.3121105602413961,0.29758433094374653,-2.079441541671836,2.079441541671836,12.86491420873575,0.000897260946059843,0.0,9.379328597236558e-05,0.1
feature_informed,0,27,0.44024983883940316,0.15001066209278643,0.8246676746334242,0.06308483176697306,0.3121105602413961,0.29758433094374653,-2.079441541671836,2.079441541671836,12.86407407757038,0.0,0.0,0.0,0.1
feature_informed,0,28,0.44024983883940316,0.15001066209278643,0.8246676746334242,0.06308483176697306,0.3121105602413961,0.29758433094374653,-2.079441541671836,2.079441541671836,12.86407407757038,0.0,0.0,0.0,0.1
feature_informed,0,29,0.44024983883940316,0.15001066209278643,0.8246676746334242,0.06308483176697306,0.3121105602413961,0.29758433094374653,-2.079441541671836,2.079441541671836,12.86407407757038,0.0,0.0,0.0,0.1
feature_informed,0,30,0.44024983883940316,0.15001066209278643,0.8246676746334242,0.06308483176697306,0.3121105602413961,0.29758433094374653,-2.079441541671836,2.079441541671836,12.86407407757038,0.0,0.0,0.0,0.1
feature_informed,0,31,0.44024983883940316,0.15001066209278643,0.8246676746334242,0.06308483176697306,0.3121105602413961,0.29758433094374653,-2.079441541671836,2.079441541671836,12.86407407757038,0.0,0.0,0.0,0.1
feature_informed,0,32,0.44024983883940316,0.15001066209278643,0.8246676746334242,0.06308483176697306,0.3121105602413961,0.29758433094374653,-2.079441541671836,2.079441541671836,12.86407407757038,0.0,0.0,0.0,0.1
feature_informed,0,33,0.44024983883940316,0.15001066209278643,0.8246676746334242,0.06308483176697306,0.3121105602413961,0.29758433094374653,-2.079441541671836,2.079441541671836,12.86407407757038,0.0,0.0,0.0,0.1
feature_informed,0,34,0.44024983883940316,0.15001066209278643,0.8246676746334242,0.06308483176697306,0.3121105602413961,0.29758433094374653,-2.079441541671836,2.079441541671836,12.86407407757038,0.0,0.0,0.0,0.1
feature_informed,0,35,0.44024983883940316,0.15001066209278643,0.8246676746334242,0.06308483176697306,0.3121105602413961,0.29758433094374653,-2.079441541671836,2.079441541671836,12.86407407757038,0.0,0.0,0.0,0.1
feature_informed,0,36,0.44024983883940316,0.15001066209278643,0.8246676746334242,0.06308483176697306,0.3121105602413961,0.29758433094374653,-2.079441541671836,2.079441541671836,12.86407407757038,0.0,0.0,0.0,0.1
feature_informed,0,37,0.44024983883940316,0.15001066209278643,0.8246676746334242,0.06308483176697306,0.3121105602413961,0.29758433094374653,-2.079441541671836,2.079441541671836,12.86407407757038,0.0,0.0,0.0,0.1
feature_informed,0,38,0.44024983883940316,0.15001066209278643,0.8246676746334242,0.06308483176697306,0.3121105602413961,0.29758433094374653,-2.079441541671836,2.079441541671836,12.86407407757038,0.0,0.0,0.0,0.1
feature_informed,0,39,0.44024983883940316,0.15001066209278643,0.8246676746334242,0.06308483176697306,0.3121105602413961,0.29758433094374653,-2.079441541671836,2.079441541671836,12.86407407757038,0.0,0.0,0.0,0.1
feature_informed,0,40,0.44024983883940316,0.15001066209278643,0.8246676746334242,0.06308483176697306,0.3121105602413961,0.29758433094374653,-2.079441541671836,2.079441541671836,12.86407407757038,0.0,0.0,0.0,0.1
feature_informed,0,41,0.44024983883940316,0.15001066209278643,0.8246676746334242,0.06308483176697306,0.3121105602413961,0.29758433094374653,-2.079441541671836,2.079441541671836,12.86407407757038,0.0,0.0,0.0,0.1
feature_informed,0,42,0.44024983883940316,0.15001066209278643,0.8246676746334242,0.06308483176697306,0.3121105602413961,0.29758433094374653,-2.079441541671836,2.079441541671836,12.86407407757038,0.0,0.0,0.0,0.1
feature_informed,0,43,0.44024983883940316,0.15001066209278643,0.8246676746334242,0.06308483176697306,0.3121105602413961,0.29758433094374653,-2.079441541671836,2.079441541671836,12.86407407757038,0.0,0.0,0.0,0.1
feature_informed,0,44,0.44024983883940316,0.15001066209278643,0.8246676746334242,0.06308483176697306,0.3121105602413961,0.29758433094374653,-2.079441541671836,2.079441541671836,12.86407407757038,0.0,0.0,0.0,0.1
feature_informed,0,45,0.44024983883940316,0.15001066209278643,0.8246676746334242,0.06308483176697306,0.3121105602413961,0.29758433094374653,-2.079441541671836,2.079441541671836,12.86407407757038,0.0,0.0,0.0,0.1
feature_informed,0,46,0.44024983883940316,0.15001066209278643,0.8246676746334242,0.06308483176697306,0.3121105602413961,0.29758433094374653,-2.079441541671836,2.079441541671836,12.86407407757038,0.0,0.0,0.0,0.1
feature_informed,0,47,0.44024983883940316,0.15001066209278643,0.8246676746334242,0.06308483176697306,0.3121105602413961,0.29758433094374653,-2.079441541671836,2.079441541671836,12.86407407757038,0.0,0.0,0.0,0.1
feature_informed,0,48,0.44024983883940316,0.15001066209278643,0.8246676746334242,0.06308483176697306,0.3121105602413961,0.29758433094374653,-2.079441541671836,2.079441541671836,12.86407407757038,0.0,0.0,0.0,0.1
feature_informed,0,49,0.44024983883940316,0.15001066209278643,0.8246676746334242,0.06308483176697306,0.3121105602413961,0.29758433094374653,-2.079441541671836,2.079441541671836,12.86407407757038,0.0,0.0,0.0,0.1
feature_informed,0,50,0.44024983883940316,0.15001066209278643,0.8246676746334242,0.06308483176697306,0.3121105602413961,0.29758433094374653,-2.079441541671836,2.079441541671836,12.86407407757038,0.0,0.0,0.0,0.1
feature_informed,0,51,0.44024983883940316,0.15001066209278643,0.8246676746334242,0.06308483176697306,0.3121105602413961,0.29758433094374653,-2.079441541671836,2.079441541671836,12.86407407757038,0.0,0.0,0.0,0.1
feature_informed,0,52,0.44024983883940316,0.15001066209278643,0.8246676746334242,0.06308483176697306,0.3121105602413961,0.29758433094374653,-2.079441541671836,2.079441541671836,12.86407407757038,0.0,0.0,0.0,0.1
feature_informed,0,53,0.44024983883940316,0.15001066209278643,0.8246676746334242,0.06308483176697306,0.3121105602413961,0.29758433094374653,-2.079441541671836,2.079441541671836,12.86407407757038,0.0,0.0,0.0,0.1
feature_informed,0,54,0.44024983883940316,0.15001066209278643,0.8246676746334242,0.06308483176697306,0.3121105602413961,0.29758433094374653,-2.079441541671836,2.079441541671836,12.86407407757038,0.0,0.0,0.0,0.1
feature_informed,0,55,0.44024983883940316,0.15001066209278643,0.8246676746334242,0.06308483176697306,0.3121105602413961,0.29758433094374653,-2.079441541671836,2.079441541671836,12.86407407757038,0.0,0.0,0.0,0.1
feature_informed,0,56,0.44024983883940316,0.15001066209278643,0.8246676746334242,0.06308483176697306,0.3121105602413961,0.29758433094374653,-2.079441541671836,2.079441541671836,12.86407407757038,0.0,0.0,0.0,0.1
feature_informed,0,57,0.44024983883940316,0.15001066209278643,0.8246676746334242,0.06308483176697306,0.3121105602413961,0.29758433094374653,-2.079441541671836,2.079441541671836,12.86407407757038,0.0,0.0,0.0,0.1
feature_informed,0,58,0.44024983883940316,0.15001066209278643,0.8246676746334242,0.06308483176697306,0.3121105602413961,0.29758433094374653,-2.079441541671836,2.079441541671836,12.86407407757038,0.0,0.0,0.0,0.1
feature_informed,0,59,0.44024983883940316,0.15001066209278643,0.8246676746334242,0.06308483176697306,0.3121105602413961,0.29758433094374653,-2.079441541671836,2.079441541671836,12.86407407757038,0.0,0.0,0.0,0.1
feature_informed,0,60,0.44024983883940316,0.15001066209278643,0.8246676746334242,0.06308483176697306,0.3121105602413961,0.29758433094374653,-2.079441541671836,2.079441541671836,12.86407407757038,0.0,0.0,0.0,0.1
feature_informed,0,61,0.44024983883940316,0.15001066209278643,0.8246676746334242,0.06308483176697306,0.3121105602413961,0.29758433094374653,-2.079441541671836,2.079441541671836,12.86407407757038,0.0,0.0,0.0,0.1
feature_informed,0,62,0.44024983883940316,0.15001066209278643,0.8246676746334242,0.06308483176697306,0.3121105602413961,0.29758433094374653,-2.079441541671836,2.079441541671836,12.86407407757038,0.0,0.0,0.0,0.1
feature_informed,0,63,0.44024983883940316,0.15001066209278643,0.8246676746334242,0.06308483176697306,0.3121105602413961,0.29758433094374653,-2.079441541671836,2.079441541671836,12.86407407757038,0.0,0.0,0.0,0.1
feature_informed,0,64,0.44024983883940316,0.15001066209278643,0.8246676746334242,0.06308483176697306,0.3121105602413961,0.29758433094374653,-2.079441541671836,2.079441541671836,12.86407407757038,0.0,0.0,0.0,0.1
feature_informed,0,65,0.44024983883940316,0.15001066209278643,0.8246676746334242,0.06308483176697306,0.3121105602413961,0.29758433094374653,-2.079441541671836,2.079441541671836,12.86407407757038,0.0,0.0,0.0,0.1
feature_informed,0,66,0.44024983883940316,0.15001066209278643,0.8246676746334242,0.06308483176697306,0.3121105602413961,0.29758433094374653,-2.079441541671836,2.079441541671836,12.86407407757038,0.0,0.0,0.0,0.1
feature_informed,0,67,0.44024983883940316,0.15001066209278643,0.8246676746334242,0.06308483176697306,0.3121105602413961,0.29758433094374653,-2.079441541671836,2.079441541671836,12.86407407757038,0.0,0.0,0.0,0.1
feature_informed,0,68,0.44024983883940316,0.15001066209278643,0.8246676746334242,0.06308483176697306,0.3121105602413961,0.29758433094374653,-2.079441541671836,2.079441541671836,12.86407407757038,0.0,0.0,0.0,0.1
feature_informed,0,69,0.44024983883940316,0.15001066209278643,0.8246676746334242,0.06308483176697306,0.3121105602413961,0.29758433094374653,-2.079441541671836,2.079441541671836,12.86407407757038,0.0,0.0,0.0,0.1
feature_informed,0,70,0.44024983883940316,0.15001066209278643,0.8246676746334242,0.06308483176697306,0.3121105602413961,0.29758433094374653,-2.079441541671836,2.079441541671836,12.86407407757038,0.0,0.0,0.0,0.1
feature_informed,0,71,0.44024983883940316,0.15001066209278643,0.8246676746334242,0.06308483176697306,0.3121105602413961,0.29758433094374653,-2.079441541671836,2.079441541671836,12.86407407757038,0.0,0.0,0.0,0.1
feature_informed,0,72,0.44024983883940316,0.15001066209278643,0.8246676746334242,0.06308483176697306,0.3121105602413961,0.29758433094374653,-2.079441541671836,2.079441541671836,12.86407407757038,0.0,0.0,0.0,0.1
feature_informed,0,73,0.44024983883940316,0.15001066209278643,0.8246676746334242,0.06308483176697306,0.3121105602413961,0.29758433094374653,-2.079441541671836,2.079441541671836,12.86407407757038,0.0,0.0,0.0,0.1
feature_informed,0,74,0.44024983883940316,0.15001066209278643,0.8246676746334242,0.06308483176697306,0.3121105602413961,0.29758433094374653,-2.079441541671836,2.079441541671836,12.86407407757038,0.0,0.0,0.0,0.1
feature_informed,0,75,0.44024983883940316,0.15001066209278643,0.8246676746334242,0.06308483176697306,0.3121105602413961,0.29758433094374653,-2.079441541671836,2.079441541671836,12.86407407757038,0.0,0.0,0.0,0.1
feature_informed,0,76,0.44024983883940316,0.15001066209278643,0.8246676746334242,0.06308483176697306,0.3121105602413961,0.29758433094374653,-2.079441541671836,2.079441541671836,12.86407407757038,0.0,0.0,0.0,0.1
feature_informed,0,77,0.44024983883940316,0.15001066209278643,0.8246676746334242,0.06308483176697306,0.3121105602413961,0.29758433094374653,-2.079441541671836,2.079441541671836,12.86407407757038,0.0,0.0,0.0,0.1
feature_informed,0,78,0.44024983883940316,0.15001066209278643,0.8246676746334242,0.06308483176697306,0.3121105602413961,0.29758433094374653,-2.079441541671836,2.079441541671836,12.86407407757038,0.0,0.0,0.0,0.1
feature_informed,0,79,0.44024983883940316,0.15001066209278643,0.8246676746334242,0.06308483176697306,0.3121105602413961,0.29758433094374653,-2.079441541671836,2.079441541671836,12.86407407757038,0.0,0.0,0.0,0.1
feature_informed,0,80,0.44024983883940316,0.15001066209278643,0.8246676746334242,0.06308483176697306,0.3121105602413961,0.29758433094374653,-2.079441541671836,2.079441541671836,12.86407407757038,0.0,0.0,0.0,0.1
feature_informed,0,81,0.44024983883940316,0.15001066209278643,0.8246676746334242,0.06308483176697306,0.3121105602413961,0.29758433094374653,-2.079441541671836,2.079441541671836,12.86407407757038,0.0,0.0,0.0,0.1
feature_informed,0,82,0.44024983883940316,0.15001066209278643,0.8246676746334242,0.06308483176697306,0.3121105602413961,0.29758433094374653,-2.079441541671836,2.079441541671836,12.86407407757038,0.0,0.0,0.0,0.1
feature_informed,0,83,0.44024983883940316,0.15001066209278643,0.8246676746334242,0.06308483176697306,0.3121105602413961,0.29758433094374653,-2.079441541671836,2.079441541671836,12.86407407757038,0.0,0.0,0.0,0.1
feature_informed,0,84,0.44024983883940316,0.15001066209278643,0.8246676746334242,0.06308483176697306,0.3121105602413961,0.29758433094374653,-2.079441541671836,2.079441541671836,12.86407407757038,0.0,0.0,0.0,0.1
feature_informed,0,85,0.44024983883940316,0.15001066209278643,0.8246676746334242,0.06308483176697306,0.3121105602413961,0.29758433094374653,-2.079441541671836,2.079441541671836,12.86407407757038,0.0,0.0,0.0,0.1
feature_informed,0,86,0.44024983883940316,0.15001066209278643,0.8246676746334242,0.06308483176697306,0.3121105602413961,0.29758433094374653,-2.079441541671836,2.079441541671836,12.86407407757038,0.0,0.0,0.0,0.1
feature_informed,0,87,0.44024983883940316,0.15001066209278643,0.8246676746334242,0.06308483176697306,0.3121105602413961,0.29758433094374653,-2.079441541671836,2.079441541671836,12.86407407757038,0.0,0.0,0.0,0.1
feature_informed,0,88,0.44024983883940316,0.15001066209278643,0.8246676746334242,0.06308483176697306,0.3121105602413961,0.29758433094374653,-2.079441541671836,2.079441541671836,12.86407407757038,0.0,0.0,0.0,0.1
feature_informed,0,89,0.44024983883940316,0.15001066209278643,0.8246676746334242,0.06308483176697306,0.3121105602413961,0.29758433094374653,-2.079441541671836,2.079441541671836,12.86407407757038,0.0,0.0,0.0,0.1
feature_informed,0,90,0.44024983883940316,0.15001066209278643,0.8246676746334242,0.06308483176697306,0.3121105602413961,0.29758433094374653,-2.079441541671836,2.079441541671836,12.86407407757038,0.0,0.0,0.0,0.1
feature_informed,0,91,0.44024983883940316,0.15001066209278643,0.8246676746334242,0.06308483176697306,0.3121105602413961,0.29758433094374653,-2.079441541671836,2.079441541671836,12.86407407757038,0.0,0.0,0.0,0.1
feature_informed,0,92,0.44024983883940316,0.15001066209278643,0.8246676746334242,0.06308483176697306,0.3121105602413961,0.29758433094374653,-2.079441541671836,2.079441541671836,12.86407407757038,0.0,0.0,0.0,0.1
feature_informed,0,93,0.44024983883940316,0.15001066209278643,0.8246676746334242,0.06308483176697306,0.3121105602413961,0.29758433094374653,-2.079441541671836,2.079441541671836,12.86407407757038,0.0,0.0,0.0,0.1
feature_informed,0,94,0.44024983883940316,0.15001066209278643,0.8246676746334242,0.06308483176697306,0.3121105602413961,0.29758433094374653,-2.079441541671836,2.079441541671836,12.86407407757038,0.0,0.0,0.0,0.1
feature_informed,0,95,0.44024983883940316,0.15001066209278643,0.8246676746334242,0.06308483176697306,0.3121105602413961,0.29758433094374653,-2.079441541671836,2.079441541671836,12.86407407757038,0.0,0.0,0.0,0.1
feature_informed,0,96,0.44024983883940316,0.15001066209278643,0.8246676746334242,0.06308483176697306,0.3121105602413961,0.29758433094374653,-2.079441541671836,2.079441541671836,12.86407407757038,0.0,0.0,0.0,0.1
feature_informed,0,97,0.44024983883940316,0.15001066209278643,0.8246676746334242,0.06308483176697306,0.3121105602413961,0.29758433094374653,-2.079441541671836,2.079441541671836,12.86407407757038,0.0,0.0,0.0,0.1
feature_informed,0,98,0.44024983883940316,0.15001066209278643,0.8246676746334242,0.06308483176697306,0.3121105602413961,0.29758433094374653,-2.079441541671836,2.079441541671836,12.86407407757038,0.0,0.0,0.0,0.1
feature_informed,0,99,0.44024983883940316,0.15001066209278643,0.8246676746334242,0.06308483176697306,0.3121105602413961,0.29758433094374653,-2.079441541671836,2.079441541671836,12.86407407757038,0.0,0.0,0.0,0.1
feature_informed,0,100,0.44024983883940316,0.15001066209278643,0.8246676746334242,0.06308483176697306,0.3121105602413961,0.29758433094374653,-2.079441541671836,2.079441541671836,12.86407407757038,0.0,0.0,0.0,0.1
feature_informed,0,101,0.44024983883940316,0.15001066209278643,0.8246676746334242,0.06308483176697306,0.3121105602413961,0.29758433094374653,-2.079441541671836,2.079441541671836,12.86407407757038,0.0,0.0,0.0,0.1
feature_informed,0,102,0.44024983883940316,0.15001066209278643,0.8246676746334242,0.06308483176697306,0.3121105602413961,0.29758433094374653,-2.079441541671836,2.079441541671836,12.86407407757038,0.0,0.0,0.0,0.1
feature_informed,0,103,0.44024983883940316,0.15001066209278643,0.8246676746334242,0.06308483176697306,0.3121105602413961,0.29758433094374653,-2.079441541671836,2.079441541671836,12.86407407757038,0.0,0.0,0.0,0.1
feature_informed,0,104,0.44024983883940316,0.15001066209278643,0.8246676746334242,0.06308483176697306,0.3121105602413961,0.29758433094374653,-2.079441541671836,2.079441541671836,12.86407407757038,0.0,0.0,0.0,0.1
feature_informed,0,105,0.44024983883940316,0.15001066209278643,0.8246676746334242,0.06308483176697306,0.3121105602413961,0.29758433094374653,-2.079441541671836,2.079441541671836,12.86407407757038,0.0,0.0,0.0,0.1
feature_informed,0,106,0.44024983883940316,0.15001066209278643,0.8246676746334242,0.06308483176697306,0.3121105602413961,0.29758433094374653,-2.079441541671836,2.079441541671836,12.86407407757038,0.0,0.0,0.0,0.1
