initialization_kind,initialization_seed,iteration,total_objective,feature_raw,feature_normalized,gw_raw,gw_normalized,coverage_loss,entropy_loss,shannon_plan_entropy,gradient_norm,step_norm,source_marginal_feasibility_error,objective_improvement,learning_rate
uniform,0,0,0.9659849256684524,0.14184509569524345,0.7797783410408461,0.23288480701884612,1.1521915102960587,0.44839325938138164,-3.407382419869336,3.407382419869336,10.523994057908645,0.13586833000243087,8.326672684688674e-17,0.034015074326325334,0.1
uniform,0,1,0.9415543827598198,0.16497662271079355,0.9069414528390922,0.19730620665075088,0.9761673126805476,0.11585180238317323,-3.694529430657237,3.694529430657237,9.901959140277791,0.11653750459543526,8.326672684688674e-17,0.024430542908632558,0.1
uniform,0,2,0.8637552335601575,0.145069893074198,0.797506321962772,0.18797555261979804,0.930004145157543,0.33470910248325764,-3.258811414817118,3.258811414817118,10.409298810100465,0.10133840227944878,1.1102230246251565e-16,0.07779914919966235,0.1
uniform,0,3,0.7580480336906749,0.162806480751473,0.8950113280182955,0.12553572767755358,0.6210847393630542,0.14718864023231992,-3.171118661017843,3.171118661017843,10.119263301009822,0.11104086020623864,5.551115123125783e-17,0.10570719986948263,0.1
uniform,0,4,0.7140206497059889,0.15457618557237487,0.8497661548272367,0.1168829090016542,0.578275144584741,0.24793048642770932,-2.9873834284327843,2.9873834284327843,10.77819123563052,0.06577530636156245,4.163336342344337e-17,0.044027383984685975,0.1
uniform,0,5,0.6911207419232935,0.15420024284222145,0.847699449616115,0.1080434262644738,0.5345420342304721,0.25982232128386495,-2.8854523059638946,2.8854523059638946,10.755476741763767,0.03861726265847174,2.7755575615628914e-17,0.02289990778269535,0.1
uniform,0,6,0.6792388776142144,0.15214310273128756,0.8363905404491807,0.10552601644290036,0.5220872147792482,0.2760341380902997,-2.8352479195037117,2.8352479195037117,10.806397604382234,0.032661532630964565,1.3877787807814457e-17,0.011881864309079115,0.1
uniform,0,7,0.6622082905868292,0.15161726855876698,0.833499822961199,0.09922573936449983,0.4909167582124594,0.27081102620902414,-2.7521880150382003,2.7521880150382003,10.780639027637324,0.0365957436470019,2.7755575615628914e-17,0.017030587027385247,0.1
uniform,0,8,0.6436785753555402,0.15163293023497548,0.8335859213619363,0.09171776066161616,0.45377122934914405,0.2733613300085696,-2.680296883755971,2.680296883755971,10.773464680968225,0.038220812035537455,2.7755575615628914e-17,0.01852971523128899,0.1
uniform,0,9,0.6189292614919975,0.15116361395993258,0.8310059050097128,0.0822344137891684,0.406852617974282,0.2770612733924786,-2.5680350754653714,2.5680350754653714,10.815659415249357,0.04067827969402453,5.551115123125783e-17,0.024749313863542732,0.1
uniform,0,10,0.610958534324658,0.14814113221246772,0.8143901327737227,0.08237070918182918,0.4075269358755932,0.32339054237143544,-2.4890637661564328,2.4890637661564328,10.856933960840282,0.02707472753474947,2.7755575615628914e-17,0.007970727167339486,0.1
uniform,0,11,0.6063203575208383,0.14699776825992775,0.808104610939164,0.08176619224686173,0.4045361041025127,0.34709272523785883,-2.450025262300931,2.450025262300931,10.855426762460908,0.020603680997875337,1.3877787807814457e-17,0.004638176803819616,0.1
uniform,0,12,0.6003979098205984,0.14603722273248862,0.8028241139702033,0.08043937405018334,0.39797170567099344,0.3694832096548385,-2.3985657925307478,2.3985657925307478,10.852856292110856,0.023398619729220832,1.3877787807814457e-17,0.0059224477002399745,0.1
uniform,0,13,0.5943202456018823,0.1455837668707065,0.8003312885545442,0.07848635657744878,0.3883092026492204,0.38447188389675424,-2.321561836282727,2.321561836282727,10.848454976532947,0.02130727547424079,1.3877787807814457e-17,0.006077664218716028,0.1
uniform,0,14,0.592879850765626,0.1448510463534348,0.7963032353701583,0.07871824532092137,0.3894564661610936,0.40509430981507816,-2.2970231736049898,2.2970231736049898,10.844602376786975,0.011763480781290862,1.3877787807814457e-17,0.0014403948362563535,0.1
uniform,0,15,0.5915654711363783,0.14436984220980995,0.7936578667236176,0.0787216024660618,0.3894730755491389,0.42249408751589085,-2.2755194920478954,2.2755194920478954,10.841287152598706,0.010765195162479074,0.0,0.0013143796292477417,0.1
uniform,0,16,0.5903910323756132,0.14408273323655338,0.7920795156515089,0.07856586107943211,0.38870254909971735,0.4383102432091936,-2.2611570630133393,2.2611570630133393,10.838972342178259,0.010775674055089971,0.0,0.001174438760765062,0.1
uniform,0,17,0.5891596172667708,0.14380786808627263,0.790568473695174,0.07837348244828748,0.3877507608383677,0.456833206581957,-2.242908906410273,2.242908906410273,10.837444613314165,0.011028082095426408,1.3877787807814457e-17,0.001231415108842393,0.1
uniform,0,18,0.5879423196303962,0.14365261766931514,0.7897150010249513,0.07805390065231685,0.3861696382358411,0.4709101706746331,-2.226165250243327,2.226165250243327,10.836136234442698,0.010741601268760472,0.0,0.0012172976363745702,0.1
uniform,0,19,0.5866953404809991,0.14359922635637798,0.7894214879554717,0.07760913929276403,0.38396919300652643,0.4772707081317804,-2.2142686573863637,2.2142686573863637,10.834850063265884,0.011031102621968306,1.3877787807814457e-17,0.0012469791493970872,0.1
uniform,0,20,0.5853217165598095,0.14354572286032377,0.7891273581712268,0.07711330685479,0.381516074948392,0.485553167364687,-2.1987985226184743,2.1987985226184743,10.833587147593361,0.011577522671738548,0.0,0.0013736239211896706,0.1
uniform,0,21,0.5838083878621368,0.14349210534420273,0.7888326015737804,0.07656112591574646,0.3787841741504933,0.49642560184919354,-2.178634229405356,2.178634229405356,10.832552690287885,0.012151822346669625,1.3877787807814457e-17,0.0015133286976726223,0.1
uniform,0,22,0.5821409469999139,0.14343837188426412,0.7885372075875171,0.07594677447415243,0.37574468641231085,0.5112062652329482,-2.1517305282339794,2.1517305282339794,10.831782882999397,0.012755387960896038,0.0,0.0016674408622229242,0.1
uniform,0,23,0.5803035001921769,0.14338452046559702,0.7882411651356783,0.07526382976039872,0.37236583524867556,0.535032093694975,-2.1115414446247622,2.1115414446247622,10.831318286809445,0.01338967623425202,1.3877787807814457e-17,0.0018374468077370087,0.1
uniform,0,24,0.5791853884298366,0.14360474932008807,0.7894518498615946,0.07456712912028926,0.3689189269980786,0.5362839344981092,-2.0848832933729184,2.0848832933729184,10.831204307822773,0.010334418925626102,0.0,0.0011181117623403347,0.1
uniform,0,25,0.5790460283336497,0.14363383370312882,0.7896117381668374,0.07447847610174897,0.3684803185004621,0.5362771440533014,-2.079441541671836,2.079441541671836,10.836632336072473,0.0013029181984474112,0.0,0.00013936009618686906,0.1
uniform,0,26,0.5790460283336497,0.14363383370312882,0.7896117381668374,0.07447847610174897,0.3684803185004621,0.5362771440533014,-2.079441541671836,2.079441541671836,10.837357327626417,0.0,0.0,0.0,0.1
uniform,0,27,0.5790460283336497,0.14363383370312882,0.7896117381668374,0.07447847610174897,0.3684803185004621,0.5362771440533014,-2.079441541671836,2.079441541671836,10.837357327626417,0.0,0.0,0.0,0.1
uniform,0,28,0.5790460283336497,0.14363383370312882,0.7896117381668374,0.07447847610174897,0.3684803185004621,0.5362771440533014,-2.079441541671836,2.079441541671836,10.837357327626417,0.0,0.0,0.0,0.1
uniform,0,29,0.5790460283336497,0.14363383370312882,0.7896117381668374,0.07447847610174897,0.3684803185004621,0.5362771440533014,-2.079441541671836,2.079441541671836,10.837357327626417,0.0,0.0,0.0,0.1
uniform,0,30,0.5790460283336497,0.14363383370312882,0.7896117381668374,0.07447847610174897,0.3684803185004621,0.5362771440533014,-2.079441541671836,2.079441541671836,10.837357327626417,0.0,0.0,0.0,0.1
uniform,0,31,0.5790460283336497,0.14363383370312882,0.7896117381668374,0.07447847610174897,0.3684803185004621,0.5362771440533014,-2.079441541671836,2.079441541671836,10.837357327626417,0.0,0.0,0.0,0.1
uniform,0,32,0.5790460283336497,0.14363383370312882,0.7896117381668374,0.07447847610174897,0.3684803185004621,0.5362771440533014,-2.079441541671836,2.079441541671836,10.837357327626417,0.0,0.0,0.0,0.1
uniform,0,33,0.5790460283336497,0.14363383370312882,0.7896117381668374,0.07447847610174897,0.3684803185004621,0.5362771440533014,-2.079441541671836,2.079441541671836,10.837357327626417,0.0,0.0,0.0,0.1
uniform,0,34,0.5790460283336497,0.14363383370312882,0.7896117381668374,0.07447847610174897,0.3684803185004621,0.5362771440533014,-2.079441541671836,2.079441541671836,10.837357327626417,0.0,0.0,0.0,0.1
uniform,0,35,0.5790460283336497,0.14363383370312882,0.7896117381668374,0.07447847610174897,0.3684803185004621,0.5362771440533014,-2.079441541671836,2.079441541671836,10.837357327626417,0.0,0.0,0.0,0.1
uniform,0,36,0.5790460283336497,0.14363383370312882,0.7896117381668374,0.07447847610174897,0.3684803185004621,0.5362771440533014,-2.079441541671836,2.079441541671836,10.837357327626417,0.0,0.0,0.0,0.1
uniform,0,37,0.5790460283336497,0.14363383370312882,0.7896117381668374,0.07447847610174897,0.3684803185004621,0.5362771440533014,-2.079441541671836,2.079441541671836,10.837357327626417,0.0,0.0,0.0,0.1
uniform,0,38,0.5790460283336497,0.14363383370312882,0.7896117381668374,0.07447847610174897,0.3684803185004621,0.5362771440533014,-2.079441541671836,2.079441541671836,10.837357327626417,0.0,0.0,0.0,0.1
uniform,0,39,0.5790460283336497,0.14363383370312882,0.7896117381668374,0.07447847610174897,0.3684803185004621,0.5362771440533014,-2.079441541671836,2.079441541671836,10.837357327626417,0.0,0.0,0.0,0.1
uniform,0,40,0.5790460283336497,0.14363383370312882,0.7896117381668374,0.07447847610174897,0.3684803185004621,0.5362771440533014,-2.079441541671836,2.079441541671836,10.837357327626417,0.0,0.0,0.0,0.1
uniform,0,41,0.5790460283336497,0.14363383370312882,0.7896117381668374,0.07447847610174897,0.3684803185004621,0.5362771440533014,-2.079441541671836,2.079441541671836,10.837357327626417,0.0,0.0,0.0,0.1
uniform,0,42,0.5790460283336497,0.14363383370312882,0.7896117381668374,0.07447847610174897,0.3684803185004621,0.5362771440533014,-2.079441541671836,2.079441541671836,10.837357327626417,0.0,0.0,0.0,0.1
uniform,0,43,0.5790460283336497,0.14363383370312882,0.7896117381668374,0.07447847610174897,0.3684803185004621,0.5362771440533014,-2.079441541671836,2.079441541671836,10.837357327626417,0.0,0.0,0.0,0.1
uniform,0,44,0.5790460283336497,0.14363383370312882,0.7896117381668374,0.07447847610174897,0.3684803185004621,0.5362771440533014,-2.079441541671836,2.079441541671836,10.837357327626417,0.0,0.0,0.0,0.1
uniform,0,45,0.5790460283336497,0.14363383370312882,0.7896117381668374,0.07447847610174897,0.3684803185004621,0.5362771440533014,-2.079441541671836,2.079441541671836,10.837357327626417,0.0,0.0,0.0,0.1
uniform,0,46,0.5790460283336497,0.14363383370312882,0.7896117381668374,0.07447847610174897,0.3684803185004621,0.5362771440533014,-2.079441541671836,2.079441541671836,10.837357327626417,0.0,0.0,0.0,0.1
uniform,0,47,0.5790460283336497,0.14363383370312882,0.7896117381668374,0.07447847610174897,0.3684803185004621,0.5362771440533014,-2.079441541671836,2.079441541671836,10.837357327626417,0.0,0.0,0.0,0.1
uniform,0,48,0.5790460283336497,0.14363383370312882,0.7896117381668374,0.07447847610174897,0.3684803185004621,0.5362771440533014,-2.079441541671836,2.079441541671836,10.837357327626417,0.0,0.0,0.0,0.1
uniform,0,49,0.5790460283336497,0.14363383370312882,0.7896117381668374,0.07447847610174897,0.3684803185004621,0.5362771440533014,-2.079441541671836,2.079441541671836,10.837357327626417,0.0,0.0,0.0,0.1
uniform,0,50,0.5790460283336497,0.14363383370312882,0.7896117381668374,0.07447847610174897,0.3684803185004621,0.5362771440533014,-2.079441541671836,2.079441541671836,10.837357327626417,0.0,0.0,0.0,0.1
uniform,0,51,0.5790460283336497,0.14363383370312882,0.7896117381668374,0.07447847610174897,0.3684803185004621,0.5362771440533014,-2.079441541671836,2.079441541671836,10.837357327626417,0.0,0.0,0.0,0.1
uniform,0,52,0.5790460283336497,0.14363383370312882,0.7896117381668374,0.07447847610174897,0.3684803185004621,0.5362771440533014,-2.079441541671836,2.079441541671836,10.837357327626417,0.0,0.0,0.0,0.1
uniform,0,53,0.5790460283336497,0.14363383370312882,0.7896117381668374,0.07447847610174897,0.3684803185004621,0.5362771440533014,-2.079441541671836,2.079441541671836,10.837357327626417,0.0,0.0,0.0,0.1
uniform,0,54,0.5790460283336497,0.14363383370312882,0.7896117381668374,0.07447847610174897,0.3684803185004621,0.5362771440533014,-2.079441541671836,2.079441541671836,10.837357327626417,0.0,0.0,0.0,0.1
uniform,0,55,0.5790460283336497,0.14363383370312882,0.7896117381668374,0.07447847610174897,0.3684803185004621,0.5362771440533014,-2.079441541671836,2.079441541671836,10.837357327626417,0.0,0.0,0.0,0.1
uniform,0,56,0.5790460283336497,0.14363383370312882,0.7896117381668374,0.07447847610174897,0.3684803185004621,0.5362771440533014,-2.079441541671836,2.079441541671836,10.837357327626417,0.0,0.0,0.0,0.1
uniform,0,57,0.5790460283336497,0.14363383370312882,0.7896117381668374,0.07447847610174897,0.3684803185004621,0.5362771440533014,-2.079441541671836,2.079441541671836,10.837357327626417,0.0,0.0,0.0,0.1
uniform,0,58,0.5790460283336497,0.14363383370312882,0.7896117381668374,0.07447847610174897,0.3684803185004621,0.5362771440533014,-2.079441541671836,2.079441541671836,10.837357327626417,0.0,0.0,0.0,0.1
uniform,0,59,0.5790460283336497,0.14363383370312882,0.7896117381668374,0.07447847610174897,0.3684803185004621,0.5362771440533014,-2.079441541671836,2.079441541671836,10.837357327626417,0.0,0.0,0.0,0.1
uniform,0,60,0.5790460283336497,0.14363383370312882,0.7896117381668374,0.07447847610174897,0.3684803185004621,0.5362771440533014,-2.079441541671836,2.079441541671836,10.837357327626417,0.0,0.0,0.0,0.1
uniform,0,61,0.5790460283336497,0.14363383370312882,0.7896117381668374,0.07447847610174897,0.3684803185004621,0.5362771440533014,-2.079441541671836,2.079441541671836,10.837357327626417,0.0,0.0,0.0,0.1
uniform,0,62,0.5790460283336497,0.14363383370312882,0.7896117381668374,0.07447847610174897,0.3684803185004621,0.5362771440533014,-2.079441541671836,2.079441541671836,10.837357327626417,0.0,0.0,0.0,0.1
uniform,0,63,0.5790460283336497,0.14363383370312882,0.7896117381668374,0.07447847610174897,0.3684803185004621,0.5362771440533014,-2.079441541671836,2.079441541671836,10.837357327626417,0.0,0.0,0.0,0.1
uniform,0,64,0.5790460283336497,0.14363383370312882,0.7896117381668374,0.07447847610174897,0.3684803185004621,0.5362771440533014,-2.079441541671836,2.079441541671836,10.837357327626417,0.0,0.0,0.0,0.1
uniform,0,65,0.5790460283336497,0.14363383370312882,0.7896117381668374,0.07447847610174897,0.3684803185004621,0.5362771440533014,-2.079441541671836,2.079441541671836,10.837357327626417,0.0,0.0,0.0,0.1
uniform,0,66,0.5790460283336497,0.14363383370312882,0.7896117381668374,0.07447847610174897,0.3684803185004621,0.5362771440533014,-2.079441541671836,2.079441541671836,10.837357327626417,0.0,0.0,0.0,0.1
uniform,0,67,0.5790460283336497,0.14363383370312882,0.7896117381668374,0.07447847610174897,0.3684803185004621,0.5362771440533014,-2.079441541671836,2.079441541671836,10.837357327626417,0.0,0.0,0.0,0.1
uniform,0,68,0.5790460283336497,0.14363383370312882,0.7896117381668374,0.07447847610174897,0.3684803185004621,0.5362771440533014,-2.079441541671836,2.079441541671836,10.837357327626417,0.0,0.0,0.0,0.1
uniform,0,69,0.5790460283336497,0.14363383370312882,0.7896117381668374,0.07447847610174897,0.3684803185004621,0.5362771440533014,-2.079441541671836,2.079441541671836,10.837357327626417,0.0,0.0,0.0,0.1
uniform,0,70,0.5790460283336497,0.14363383370312882,0.7896117381668374,0.07447847610174897,0.3684803185004621,0.5362771440533014,-2.079441541671836,2.079441541671836,10.837357327626417,0.0,0.0,0.0,0.1
uniform,0,71,0.5790460283336497,0.14363383370312882,0.7896117381668374,0.07447847610174897,0.3684803185004621,0.5362771440533014,-2.079441541671836,2.079441541671836,10.837357327626417,0.0,0.0,0.0,0.1
uniform,0,72,0.5790460283336497,0.14363383370312882,0.7896117381668374,0.07447847610174897,0.3684803185004621,0.5362771440533014,-2.079441541671836,2.079441541671836,10.837357327626417,0.0,0.0,0.0,0.1
uniform,0,73,0.5790460283336497,0.14363383370312882,0.7896117381668374,0.07447847610174897,0.3684803185004621,0.5362771440533014,-2.079441541671836,2.079441541671836,10.837357327626417,0.0,0.0,0.0,0.1
uniform,0,74,0.5790460283336497,0.14363383370312882,0.7896117381668374,0.07447847610174897,0.3684803185004621,0.5362771440533014,-2.079441541671836,2.079441541671836,10.837357327626417,0.0,0.0,0.0,0.1
uniform,0,75,0.5790460283336497,0.14363383370312882,0.7896117381668374,0.07447847610174897,0.3684803185004621,0.5362771440533014,-2.079441541671836,2.079441541671836,10.837357327626417,0.0,0.0,0.0,0.1
uniform,0,76,0.5790460283336497,0.14363383370312882,0.7896117381668374,0.07447847610174897,0.3684803185004621,0.5362771440533014,-2.079441541671836,2.079441541671836,10.837357327626417,0.0,0.0,0.0,0.1
uniform,0,77,0.5790460283336497,0.14363383370312882,0.7896117381668374,0.07447847610174897,0.3684803185004621,0.5362771440533014,-2.079441541671836,2.079441541671836,10.837357327626417,0.0,0.0,0.0,0.1
uniform,0,78,0.5790460283336497,0.14363383370312882,0.7896117381668374,0.07447847610174897,0.3684803185004621,0.5362771440533014,-2.079441541671836,2.079441541671836,10.837357327626417,0.0,0.0,0.0,0.1
uniform,0,79,0.5790460283336497,0.14363383370312882,0.7896117381668374,0.07447847610174897,0.3684803185004621,0.5362771440533014,-2.079441541671836,2.079441541671836,10.837357327626417,0.0,0.0,0.0,0.1
uniform,0,80,0.5790460283336497,0.14363383370312882,0.7896117381668374,0.07447847610174897,0.3684803185004621,0.5362771440533014,-2.079441541671836,2.079441541671836,10.837357327626417,0.0,0.0,0.0,0.1
uniform,0,81,0.5790460283336497,0.14363383370312882,0.7896117381668374,0.07447847610174897,0.3684803185004621,0.5362771440533014,-2.079441541671836,2.079441541671836,10.837357327626417,0.0,0.0,0.0,0.1
uniform,0,82,0.5790460283336497,0.14363383370312882,0.7896117381668374,0.07447847610174897,0.3684803185004621,0.5362771440533014,-2.079441541671836,2.079441541671836,10.837357327626417,0.0,0.0,0.0,0.1
uniform,0,83,0.5790460283336497,0.14363383370312882,0.7896117381668374,0.07447847610174897,0.3684803185004621,0.5362771440533014,-2.079441541671836,2.079441541671836,10.837357327626417,0.0,0.0,0.0,0.1
uniform,0,84,0.5790460283336497,0.14363383370312882,0.7896117381668374,0.07447847610174897,0.3684803185004621,0.5362771440533014,-2.079441541671836,2.079441541671836,10.837357327626417,0.0,0.0,0.0,0.1
uniform,0,85,0.5790460283336497,0.14363383370312882,0.7896117381668374,0.07447847610174897,0.3684803185004621,0.5362771440533014,-2.079441541671836,2.079441541671836,10.837357327626417,0.0,0.0,0.0,0.1
uniform,0,86,0.5790460283336497,0.14363383370312882,0.7896117381668374,0.07447847610174897,0.3684803185004621,0.5362771440533014,-2.079441541671836,2.079441541671836,10.837357327626417,0.0,0.0,0.0,0.1
uniform,0,87,0.5790460283336497,0.14363383370312882,0.7896117381668374,0.07447847610174897,0.3684803185004621,0.5362771440533014,-2.079441541671836,2.079441541671836,10.837357327626417,0.0,0.0,0.0,0.1
uniform,0,88,0.5790460283336497,0.14363383370312882,0.7896117381668374,0.07447847610174897,0.3684803185004621,0.5362771440533014,-2.079441541671836,2.079441541671836,10.837357327626417,0.0,0.0,0.0,0.1
uniform,0,89,0.5790460283336497,0.14363383370312882,0.7896117381668374,0.07447847610174897,0.3684803185004621,0.5362771440533014,-2.079441541671836,2.079441541671836,10.837357327626417,0.0,0.0,0.0,0.1
uniform,0,90,0.5790460283336497,0.14363383370312882,0.7896117381668374,0.07447847610174897,0.3684803185004621,0.5362771440533014,-2.079441541671836,2.079441541671836,10.837357327626417,0.0,0.0,0.0,0.1
uniform,0,91,0.5790460283336497,0.14363383370312882,0.7896117381668374,0.07447847610174897,0.3684803185004621,0.5362771440533014,-2.079441541671836,2.079441541671836,10.837357327626417,0.0,0.0,0.0,0.1
uniform,0,92,0.5790460283336497,0.14363383370312882,0.7896117381668374,0.07447847610174897,0.3684803185004621,0.5362771440533014,-2.079441541671836,2.079441541671836,10.837357327626417,0.0,0.0,0.0,0.1
uniform,0,93,0.5790460283336497,0.14363383370312882,0.7896117381668374,0.07447847610174897,0.3684803185004621,0.5362771440533014,-2.079441541671836,2.079441541671836,10.837357327626417,0.0,0.0,0.0,0.1
uniform,0,94,0.5790460283336497,0.14363383370312882,0.7896117381668374,0.07447847610174897,0.3684803185004621,0.5362771440533014,-2.079441541671836,2.079441541671836,10.837357327626417,0.0,0.0,0.0,0.1
uniform,0,95,0.5790460283336497,0.14363383370312882,0.7896117381668374,0.07447847610174897,0.3684803185004621,0.5362771440533014,-2.079441541671836,2.079441541671836,10.837357327626417,0.0,0.0,0.0,0.1
uniform,0,96,0.5790460283336497,0.14363383370312882,0.7896117381668374,0.07447847610174897,0.3684803185004621,0.5362771440533014,-2.079441541671836,2.079441541671836,10.837357327626417,0.0,0.0,0.0,0.1
uniform,0,97,0.5790460283336497,0.14363383370312882,0.7896117381668374,0.07447847610174897,0.3684803185004621,0.5362771440533014,-2.079441541671836,2.079441541671836,10.837357327626417,0.0,0.0,0.0,0.1
uniform,0,98,0.5790460283336497,0.14363383370312882,0.7896117381668374,0.07447847610174897,0.3684803185004621,0.5362771440533014,-2.079441541671836,2.079441541671836,10.837357327626417,0.0,0.0,0.0,0.1
uniform,0,99,0.5790460283336497,0.14363383370312882,0.7896117381668374,0.07447847610174897,0.3684803185004621,0.5362771440533014,-2.079441541671836,2.079441541671836,10.837357327626417,0.0,0.0,0.0,0.1
uniform,0,100,0.5790460283336497,0.14363383370312882,0.7896117381668374,0.07447847610174897,0.3684803185004621,0.5362771440533014,-2.079441541671836,2.079441541671836,10.837357327626417,0.0,0.0,0.0,0.1
uniform,0,101,0.5790460283336497,0.14363383370312882,0.7896117381668374,0.07447847610174897,0.3684803185004621,0.5362771440533014,-2.079441541671836,2.079441541671836,10.837357327626417,0.0,0.0,0.0,0.1
uniform,0,102,0.5790460283336497,0.14363383370312882,0.7896117381668374,0.07447847610174897,0.3684803185004621,0.5362771440533014,-2.079441541671836,2.079441541671836,10.837357327626417,0.0,0.0,0.0,0.1
uniform,0,103,0.5790460283336497,0.14363383370312882,0.7896117381668374,0.07447847610174897,0.3684803185004621,0.5362771440533014,-2.079441541671836,2.079441541671836,10.837357327626417,0.0,0.0,0.0,0.1
uniform,0,104,0.5790460283336497,0.14363383370312882,0.7896117381668374,0.07447847610174897,0.3684803185004621,0.5362771440533014,-2.079441541671836,2.079441541671836,10.837357327626417,0.0,0.0,0.0,0.1
uniform,0,105,0.5790460283336497,0.14363383370312882,0.7896117381668374,0.07447847610174897,0.3684803185004621,0.5362771440533014,-2.079441541671836,2.079441541671836,10.837357327626417,0.0,0.0,0.0,0.1
random,11,0,0.8009991874793962,0.15764546690994682,0.8666392028368883,0.14863325875847141,0.7353591721219042,0.14711658327189903,-3.1115456950551494,3.1115456950551494,10.459839403796451,0.09414326922231628,1.249000902703301e-16,0.13201432624961784,0.1
random,11,1,0.718873888112526,0.15908740387545564,0.8745660980836983,0.1138321670125811,0.5631816781413536,0.16383084217808208,-2.8937787103881485,2.8937787103881485,10.336954703332696,0.06783099188505472,5.551115123125783e-17,0.0821252993668703,0.1
random,11,2,0.6941732936432005,0.15599542010961054,0.8575682458869884,0.10728269606397586,0.5307783413994125,0.19863214426230175,-2.7804007734428975,2.7804007734428975,10.598860616581884,0.04468269743997711,4.163336342344337e-17,0.024700594469325488,0.1
random,11,3,0.6700018517729247,0.15507484095722868,0.8525074598180543,0.09853437352075953,0.487496243727795,0.2001957998625514,-2.687372010183013,2.687372010183013,10.592495727925089,0.04261824653554509,2.7755575615628914e-17,0.024171441870275756,0.1
random,11,4,0.6620119317628617,0.15420559767597683,0.8477288872456774,0.09627033582856613,0.47629497628004597,0.22084505953455727,-2.644057377714435,2.644057377714435,10.5769914414523,0.02749365804203322,2.7755575615628914e-17,0.007989920010063045,0.1
random,11,5,0.6514144055081544,0.15349719080139324,0.8438344957283875,0.09277346828489352,0.4589943152879214,0.242964428732433,-2.5868521326316434,2.5868521326316434,10.579113972423192,0.031116726574901412,1.3877787807814457e-17,0.010597526254707224,0.1
random,11,6,0.6358303858703203,0.15282757338502923,0.8401533451358691,0.08721772628426114,0.4315074266047714,0.2682352646096268,-2.4936777806366512,2.4936777806366512,10.581728276775157,0.03736091409716592,2.7755575615628914e-17,0.015584019637834179,0.1
random,11,7,0.6161684408697338,0.1525173171063856,0.8384477442120415,0.07961419170353363,0.3938891375274261,0.2979399058501662,-2.3293669134428363,2.3293669134428363,10.58506250806611,0.03930027943446374,1.3877787807814457e-17,0.01966194500058649,0.1
random,11,8,0.6084077242475401,0.1523533526246313,0.8375463668965599,0.07665913703320966,0.3792690815985202,0.29913487274651557,-2.259734622460863,2.259734622460863,10.588778733098271,0.026852904354893396,4.163336342344337e-17,0.007760716622193686,0.1
random,11,9,0.6005516332603354,0.1523250405936513,0.8373907245147005,0.07351479714828803,0.3637125420059704,0.30200510067907277,-2.190297042000033,2.190297042000033,10.600060985109765,0.02607226968973281,1.3877787807814457e-17,0.007856090987204634,0.1
random,11,10,0.5963430490684161,0.1526569646791859,0.8392154419044775,0.07144467289326319,0.35347065623235463,0.3086930737932714,-2.133772083137527,2.133772083137527,10.610329724663826,0.01918936066172733,0.0,0.0042085841919193845,0.1
random,11,11,0.5927869772044178,0.15308663450447574,0.8415775061120385,0.06952971425399859,0.343996448296797,0.29883828194309703,-2.0887833147774946,2.0887833147774946,10.606218480358281,0.017780284952791384,0.0,0.0035560718639983113,0.1
random,11,12,0.5923021766675718,0.15313974693925378,0.8418694860784721,0.0692747192688396,0.3427348672566715,0.29758433094374653,-2.079441541671836,2.079441541671836,10.602260838086655,0.00251946326727479,0.0,0.000484800536845964,0.1
random,11,13,0.5923021766675718,0.15313974693925378,0.8418694860784721,0.0692747192688396,0.3427348672566715,0.29758433094374653,-2.079441541671836,2.079441541671836,10.60178570951026,0.0,0.0,0.0,0.1
random,11,14,0.5923021766675718,0.15313974693925378,0.8418694860784721,0.0692747192688396,0.3427348672566715,0.29758433094374653,-2.079441541671836,2.079441541671836,10.60178570951026,0.0,0.0,0.0,0.1
random,11,15,0.5923021766675718,0.15313974693925378,0.8418694860784721,0.0692747192688396,0.3427348672566715,0.29758433094374653,-2.079441541671836,2.079441541671836,10.60178570951026,0.0,0.0,0.0,0.1
random,11,16,0.5923021766675718,0.15313974693925378,0.8418694860784721,0.0692747192688396,0.3427348672566715,0.29758433094374653,-2.079441541671836,2.079441541671836,10.60178570951026,0.0,0.0,0.0,0.1
random,11,17,0.5923021766675718,0.15313974693925378,0.8418694860784721,0.0692747192688396,0.3427348672566715,0.29758433094374653,-2.079441541671836,2.079441541671836,10.60178570951026,0.0,0.0,0.0,0.1
random,11,18,0.5923021766675718,0.15313974693925378,0.8418694860784721,0.0692747192688396,0.3427348672566715,0.29758433094374653,-2.079441541671836,2.079441541671836,10.60178570951026,0.0,0.0,0.0,0.1
random,11,19,0.5923021766675718,0.15313974693925378,0.8418694860784721,0.0692747192688396,0.3427348672566715,0.29758433094374653,-2.079441541671836,2.079441541671836,10.60178570951026,0.0,0.0,0.0,0.1
random,11,20,0.5923021766675718,0.15313974693925378,0.8418694860784721,0.0692747192688396,0.3427348672566715,0.29758433094374653,-2.079441541671836,2.079441541671836,10.60178570951026,0.0,0.0,0.0,0.1
random,11,21,0.5923021766675718,0.15313974693925378,0.8418694860784721,0.0692747192688396,0.3427348672566715,0.29758433094374653,-2.079441541671836,2.079441541671836,10.60178570951026,0.0,0.0,0.0,0.1
random,11,22,0.5923021766675718,0.15313974693925378,0.8418694860784721,0.0692747192688396,0.3427348672566715,0.29758433094374653,-2.079441541671836,2.079441541671836,10.60178570951026,0.0,0.0,0.0,0.1
random,11,23,0.5923021766675718,0.15313974693925378,0.8418694860784721,0.0692747192688396,0.3427348672566715,0.29758433094374653,-2.079441541671836,2.079441541671836,10.60178570951026,0.0,0.0,0.0,0.1
random,11,24,0.5923021766675718,0.15313974693925378,0.8418694860784721,0.0692747192688396,0.3427348672566715,0.29758433094374653,-2.079441541671836,2.079441541671836,10.60178570951026,0.0,0.0,0.0,0.1
random,11,25,0.5923021766675718,0.15313974693925378,0.8418694860784721,0.0692747192688396,0.3427348672566715,0.29758433094374653,-2.079441541671836,2.079441541671836,10.60178570951026,0.0,0.0,0.0,0.1
random,11,26,0.5923021766675718,0.15313974693925378,0.8418694860784721,0.0692747192688396,0.3427348672566715,0.29758433094374653,-2.079441541671836,2.079441541671836,10.60178570951026,0.0,0.0,0.0,0.1
random,11,27,0.5923021766675718,0.15313974693925378,0.8418694860784721,0.0692747192688396,0.3427348672566715,0.29758433094374653,-2.079441541671836,2.079441541671836,10.60178570951026,0.0,0.0,0.0,0.1
random,11,28,0.5923021766675718,0.15313974693925378,0.8418694860784721,0.0692747192688396,0.3427348672566715,0.29758433094374653,-2.079441541671836,2.079441541671836,10.60178570951026,0.0,0.0,0.0,0.1
random,11,29,0.5923021766675718,0.15313974693925378,0.8418694860784721,0.0692747192688396,0.3427348672566715,0.29758433094374653,-2.079441541671836,2.079441541671836,10.60178570951026,0.0,0.0,0.0,0.1
random,11,30,0.5923021766675718,0.15313974693925378,0.8418694860784721,0.0692747192688396,0.3427348672566715,0.29758433094374653,-2.079441541671836,2.079441541671836,10.60178570951026,0.0,0.0,0.0,0.1
random,11,31,0.5923021766675718,0.15313974693925378,0.8418694860784721,0.0692747192688396,0.3427348672566715,0.29758433094374653,-2.079441541671836,2.079441541671836,10.60178570951026,0.0,0.0,0.0,0.1
random,11,32,0.5923021766675718,0.15313974693925378,0.8418694860784721,0.0692747192688396,0.3427348672566715,0.29758433094374653,-2.079441541671836,2.079441541671836,10.60178570951026,0.0,0.0,0.0,0.1
random,11,33,0.5923021766675718,0.15313974693925378,0.8418694860784721,0.0692747192688396,0.3427348672566715,0.29758433094374653,-2.079441541671836,2.079441541671836,10.60178570951026,0.0,0.0,0.0,0.1
random,11,34,0.5923021766675718,0.15313974693925378,0.8418694860784721,0.0692747192688396,0.3427348672566715,0.29758433094374653,-2.079441541671836,2.079441541671836,10.60178570951026,0.0,0.0,0.0,0.1
random,11,35,0.5923021766675718,0.15313974693925378,0.8418694860784721,0.0692747192688396,0.3427348672566715,0.29758433094374653,-2.079441541671836,2.079441541671836,10.60178570951026,0.0,0.0,0.0,0.1
random,11,36,0.5923021766675718,0.15313974693925378,0.8418694860784721,0.0692747192688396,0.3427348672566715,0.29758433094374653,-2.079441541671836,2.079441541671836,10.60178570951026,0.0,0.0,0.0,0.1
random,11,37,0.5923021766675718,0.15313974693925378,0.8418694860784721,0.0692747192688396,0.3427348672566715,0.29758433094374653,-2.079441541671836,2.079441541671836,10.60178570951026,0.0,0.0,0.0,0.1
random,11,38,0.5923021766675718,0.15313974693925378,0.8418694860784721,0.0692747192688396,0.3427348672566715,0.29758433094374653,-2.079441541671836,2.079441541671836,10.60178570951026,0.0,0.0,0.0,0.1
random,11,39,0.5923021766675718,0.15313974693925378,0.8418694860784721,0.0692747192688396,0.3427348672566715,0.29758433094374653,-2.079441541671836,2.079441541671836,10.60178570951026,0.0,0.0,0.0,0.1
random,11,40,0.5923021766675718,0.15313974693925378,0.8418694860784721,0.0692747192688396,0.3427348672566715,0.29758433094374653,-2.079441541671836,2.079441541671836,10.60178570951026,0.0,0.0,0.0,0.1
random,11,41,0.5923021766675718,0.15313974693925378,0.8418694860784721,0.0692747192688396,0.3427348672566715,0.29758433094374653,-2.079441541671836,2.079441541671836,10.60178570951026,0.0,0.0,0.0,0.1
random,11,42,0.5923021766675718,0.15313974693925378,0.8418694860784721,0.0692747192688396,0.3427348672566715,0.29758433094374653,-2.079441541671836,2.079441541671836,10.60178570951026,0.0,0.0,0.0,0.1
random,11,43,0.5923021766675718,0.15313974693925378,0.8418694860784721,0.0692747192688396,0.3427348672566715,0.29758433094374653,-2.079441541671836,2.079441541671836,10.60178570951026,0.0,0.0,0.0,0.1
random,11,44,0.5923021766675718,0.15313974693925378,0.8418694860784721,0.0692747192688396,0.3427348672566715,0.29758433094374653,-2.079441541671836,2.079441541671836,10.60178570951026,0.0,0.0,0.0,0.1
random,11,45,0.5923021766675718,0.15313974693925378,0.8418694860784721,0.0692747192688396,0.3427348672566715,0.29758433094374653,-2.079441541671836,2.079441541671836,10.60178570951026,0.0,0.0,0.0,0.1
random,11,46,0.5923021766675718,0.15313974693925378,0.8418694860784721,0.0692747192688396,0.3427348672566715,0.29758433094374653,-2.079441541671836,2.079441541671836,10.60178570951026,0.0,0.0,0.0,0.1
random,11,47,0.5923021766675718,0.15313974693925378,0.8418694860784721,0.0692747192688396,0.3427348672566715,0.29758433094374653,-2.079441541671836,2.079441541671836,10.60178570951026,0.0,0.0,0.0,0.1
random,11,48,0.5923021766675718,0.15313974693925378,0.8418694860784721,0.0692747192688396,0.3427348672566715,0.29758433094374653,-2.079441541671836,2.079441541671836,10.60178570951026,0.0,0.0,0.0,0.1
random,11,49,0.5923021766675718,0.15313974693925378,0.8418694860784721,0.0692747192688396,0.3427348672566715,0.29758433094374653,-2.079441541671836,2.079441541671836,10.60178570951026,0.0,0.0,0.0,0.1
random,11,50,0.5923021766675718,0.15313974693925378,0.8418694860784721,0.0692747192688396,0.3427348672566715,0.29758433094374653,-2.079441541671836,2.079441541671836,10.60178570951026,0.0,0.0,0.0,0.1
random,11,51,0.5923021766675718,0.15313974693925378,0.8418694860784721,0.0692747192688396,0.3427348672566715,0.29758433094374653,-2.079441541671836,2.079441541671836,10.60178570951026,0.0,0.0,0.0,0.1
random,11,52,0.5923021766675718,0.15313974693925378,0.8418694860784721,0.0692747192688396,0.3427348672566715,0.29758433094374653,-2.079441541671836,2.079441541671836,10.60178570951026,0.0,0.0,0.0,0.1
random,11,53,0.5923021766675718,0.15313974693925378,0.8418694860784721,0.0692747192688396,0.3427348672566715,0.29758433094374653,-2.079441541671836,2.079441541671836,10.60178570951026,0.0,0.0,0.0,0.1
random,11,54,0.5923021766675718,0.15313974693925378,0.8418694860784721,0.0692747192688396,0.3427348672566715,0.29758433094374653,-2.079441541671836,2.079441541671836,10.60178570951026,0.0,0.0,0.0,0.1
random,11,55,0.5923021766675718,0.15313974693925378,0.8418694860784721,0.0692747192688396,0.3427348672566715,0.29758433094374653,-2.079441541671836,2.079441541671836,10.60178570951026,0.0,0.0,0.0,0.1
random,11,56,0.5923021766675718,0.15313974693925378,0.8418694860784721,0.0692747192688396,0.3427348672566715,0.29758433094374653,-2.079441541671836,2.079441541671836,10.60178570951026,0.0,0.0,0.0,0.1
random,11,57,0.5923021766675718,0.15313974693925378,0.8418694860784721,0.0692747192688396,0.3427348672566715,0.29758433094374653,-2.079441541671836,2.079441541671836,10.60178570951026,0.0,0.0,0.0,0.1
random,11,58,0.5923021766675718,0.15313974693925378,0.8418694860784721,0.0692747192688396,0.3427348672566715,0.29758433094374653,-2.079441541671836,2.079441541671836,10.60178570951026,0.0,0.0,0.0,0.1
random,11,59,0.5923021766675718,0.15313974693925378,0.8418694860784721,0.0692747192688396,0.3427348672566715,0.29758433094374653,-2.079441541671836,2.079441541671836,10.60178570951026,0.0,0.0,0.0,0.1
random,11,60,0.5923021766675718,0.15313974693925378,0.8418694860784721,0.0692747192688396,0.3427348672566715,0.29758433094374653,-2.079441541671836,2.079441541671836,10.60178570951026,0.0,0.0,0.0,0.1
random,11,61,0.5923021766675718,0.15313974693925378,0.8418694860784721,0.0692747192688396,0.3427348672566715,0.29758433094374653,-2.079441541671836,2.079441541671836,10.60178570951026,0.0,0.0,0.0,0.1
random,11,62,0.5923021766675718,0.15313974693925378,0.8418694860784721,0.0692747192688396,0.3427348672566715,0.29758433094374653,-2.079441541671836,2.079441541671836,10.60178570951026,0.0,0.0,0.0,0.1
random,11,63,0.5923021766675718,0.15313974693925378,0.8418694860784721,0.0692747192688396,0.3427348672566715,0.29758433094374653,-2.079441541671836,2.079441541671836,10.60178570951026,0.0,0.0,0.0,0.1
random,11,64,0.5923021766675718,0.15313974693925378,0.8418694860784721,0.0692747192688396,0.3427348672566715,0.29758433094374653,-2.079441541671836,2.079441541671836,10.60178570951026,0.0,0.0,0.0,0.1
random,11,65,0.5923021766675718,0.15313974693925378,0.8418694860784721,0.0692747192688396,0.3427348672566715,0.29758433094374653,-2.079441541671836,2.079441541671836,10.60178570951026,0.0,0.0,0.0,0.1
random,11,66,0.5923021766675718,0.15313974693925378,0.8418694860784721,0.0692747192688396,0.3427348672566715,0.29758433094374653,-2.079441541671836,2.079441541671836,10.60178570951026,0.0,0.0,0.0,0.1
random,11,67,0.5923021766675718,0.15313974693925378,0.8418694860784721,0.0692747192688396,0.3427348672566715,0.29758433094374653,-2.079441541671836,2.079441541671836,10.60178570951026,0.0,0.0,0.0,0.1
random,11,68,0.5923021766675718,0.15313974693925378,0.8418694860784721,0.0692747192688396,0.3427348672566715,0.29758433094374653,-2.079441541671836,2.079441541671836,10.60178570951026,0.0,0.0,0.0,0.1
random,11,69,0.5923021766675718,0.15313974693925378,0.8418694860784721,0.0692747192688396,0.3427348672566715,0.29758433094374653,-2.079441541671836,2.079441541671836,10.60178570951026,0.0,0.0,0.0,0.1
random,11,70,0.5923021766675718,0.15313974693925378,0.8418694860784721,0.0692747192688396,0.3427348672566715,0.29758433094374653,-2.079441541671836,2.079441541671836,10.60178570951026,0.0,0.0,0.0,0.1
random,11,71,0.5923021766675718,0.15313974693925378,0.8418694860784721,0.0692747192688396,0.3427348672566715,0.29758433094374653,-2.079441541671836,2.079441541671836,10.60178570951026,0.0,0.0,0.0,0.1
random,11,72,0.5923021766675718,0.15313974693925378,0.8418694860784721,0.0692747192688396,0.3427348672566715,0.29758433094374653,-2.079441541671836,2.079441541671836,10.60178570951026,0.0,0.0,0.0,0.1
random,11,73,0.5923021766675718,0.15313974693925378,0.8418694860784721,0.0692747192688396,0.3427348672566715,0.29758433094374653,-2.079441541671836,2.079441541671836,10.60178570951026,0.0,0.0,0.0,0.1
random,11,74,0.5923021766675718,0.15313974693925378,0.8418694860784721,0.0692747192688396,0.3427348672566715,0.29758433094374653,-2.079441541671836,2.079441541671836,10.60178570951026,0.0,0.0,0.0,0.1
random,11,75,0.5923021766675718,0.15313974693925378,0.8418694860784721,0.0692747192688396,0.3427348672566715,0.29758433094374653,-2.079441541671836,2.079441541671836,10.60178570951026,0.0,0.0,0.0,0.1
random,11,76,0.5923021766675718,0.15313974693925378,0.8418694860784721,0.0692747192688396,0.3427348672566715,0.29758433094374653,-2.079441541671836,2.079441541671836,10.60178570951026,0.0,0.0,0.0,0.1
random,11,77,0.5923021766675718,0.15313974693925378,0.8418694860784721,0.0692747192688396,0.3427348672566715,0.29758433094374653,-2.079441541671836,2.079441541671836,10.60178570951026,0.0,0.0,0.0,0.1
random,11,78,0.5923021766675718,0.15313974693925378,0.8418694860784721,0.0692747192688396,0.3427348672566715,0.29758433094374653,-2.079441541671836,2.079441541671836,10.60178570951026,0.0,0.0,0.0,0.1
random,11,79,0.5923021766675718,0.15313974693925378,0.8418694860784721,0.0692747192688396,0.3427348672566715,0.29758433094374653,-2.079441541671836,2.079441541671836,10.60178570951026,0.0,0.0,0.0,0.1
random,11,80,0.5923021766675718,0.15313974693925378,0.8418694860784721,0.0692747192688396,0.3427348672566715,0.29758433094374653,-2.079441541671836,2.079441541671836,10.60178570951026,0.0,0.0,0.0,0.1
random,11,81,0.5923021766675718,0.15313974693925378,0.8418694860784721,0.0692747192688396,0.3427348672566715,0.29758433094374653,-2.079441541671836,2.079441541671836,10.60178570951026,0.0,0.0,0.0,0.1
random,11,82,0.5923021766675718,0.15313974693925378,0.8418694860784721,0.0692747192688396,0.3427348672566715,0.29758433094374653,-2.079441541671836,2.079441541671836,10.60178570951026,0.0,0.0,0.0,0.1
random,11,83,0.5923021766675718,0.15313974693925378,0.8418694860784721,0.0692747192688396,0.3427348672566715,0.29758433094374653,-2.079441541671836,2.079441541671836,10.60178570951026,0.0,0.0,0.0,0.1
random,11,84,0.5923021766675718,0.15313974693925378,0.8418694860784721,0.0692747192688396,0.3427348672566715,0.29758433094374653,-2.079441541671836,2.079441541671836,10.60178570951026,0.0,0.0,0.0,0.1
random,11,85,0.5923021766675718,0.15313974693925378,0.8418694860784721,0.0692747192688396,0.3427348672566715,0.29758433094374653,-2.079441541671836,2.079441541671836,10.60178570951026,0.0,0.0,0.0,0.1
random,11,86,0.5923021766675718,0.15313974693925378,0.8418694860784721,0.0692747192688396,0.3427348672566715,0.29758433094374653,-2.079441541671836,2.079441541671836,10.60178570951026,0.0,0.0,0.0,0.1
random,11,87,0.5923021766675718,0.15313974693925378,0.8418694860784721,0.0692747192688396,0.3427348672566715,0.29758433094374653,-2.079441541671836,2.079441541671836,10.60178570951026,0.0,0.0,0.0,0.1
random,11,88,0.5923021766675718,0.15313974693925378,0.8418694860784721,0.0692747192688396,0.3427348672566715,0.29758433094374653,-2.079441541671836,2.079441541671836,10.60178570951026,0.0,0.0,0.0,0.1
random,11,89,0.5923021766675718,0.15313974693925378,0.8418694860784721,0.0692747192688396,0.3427348672566715,0.29758433094374653,-2.079441541671836,2.079441541671836,10.60178570951026,0.0,0.0,0.0,0.1
random,11,90,0.5923021766675718,0.15313974693925378,0.8418694860784721,0.0692747192688396,0.3427348672566715,0.29758433094374653,-2.079441541671836,2.079441541671836,10.60178570951026,0.0,0.0,0.0,0.1
random,11,91,0.5923021766675718,0.15313974693925378,0.8418694860784721,0.0692747192688396,0.3427348672566715,0.29758433094374653,-2.079441541671836,2.079441541671836,10.60178570951026,0.0,0.0,0.0,0.1
random,11,92,0.5923021766675718,0.15313974693925378,0.8418694860784721,0.0692747192688396,0.3427348672566715,0.29758433094374653,-2.079441541671836,2.079441541671836,10.60178570951026,0.0,0.0,0.0,0.1
random,23,0,0.8354028721228054,0.1586863122498791,0.8723611394923247,0.16138429768973792,0.798444604753286,0.14415613915236902,-3.139557180564915,3.139557180564915,10.39476537990357,0.10715123107044242,5.551115123125783e-17,0.10309576078234983,0.1
random,23,1,0.7669021336507831,0.1611912193789632,0.8861316002615516,0.1309097686687851,0.6476726670400146,0.11576800698741982,-3.046691554094661,3.046691554094661,10.28741763508617,0.0639930250487471,5.551115123125783e-17,0.06850073847202232,0.1
random,23,2,0.6867548357728125,0.1634654331681027,0.8986338489080438,0.09598349174127499,0.47487582263758127,0.14433096553701438,-2.8446387150514916,2.8446387150514916,10.434881442877892,0.08055808558578025,2.7755575615628914e-17,0.08014729787797059,0.1
random,23,3,0.672709972442176,0.1604390154447965,0.8819964390631051,0.0936687111098803,0.4634235058212469,0.19933947748193614,-2.7326837177680865,2.7326837177680865,10.73179873413529,0.03567709317538772,5.551115123125783e-17,0.014044863330636481,0.1
random,23,4,0.658144558970936,0.15812669934861362,0.8692847270324155,0.09035002461246804,0.4470043909094565,0.23023276637828438,-2.607595560512816,2.607595560512816,10.756178188160428,0.036422770547037735,5.551115123125783e-17,0.014565413471239963,0.1
random,23,5,0.6460410134738945,0.15726026662982254,0.8645216052285147,0.0864199444373655,0.4275604217192742,0.23831991953823228,-2.5049255144066755,2.5049255144066755,10.75098806492127,0.030759326912353824,2.7755575615628914e-17,0.012103545497041512,0.1
random,23,6,0.6366094454720341,0.156506974229848,0.8603804603049505,0.08344428629286621,0.4128384306391178,0.23945983957312356,-2.430243004506995,2.430243004506995,10.733495160764797,0.028026794019868753,4.163336342344337e-17,0.009431568001860402,0.1
random,23,7,0.6337565818483739,0.15572553784933085,0.8560845968389494,0.08315931990342366,0.41142856685779844,0.2569949910956484,-2.3893134146241852,2.3893134146241852,10.706352357948925,0.014677442903422227,1.3877787807814457e-17,0.002852863623660218,0.1
random,23,8,0.6313100687054952,0.1552133497812639,0.8532688973601583,0.08273944365174817,0.40935124005083207,0.2658985815871217,-2.355524338886899,2.355524338886899,10.70092438032506,0.015052185163331547,2.7755575615628914e-17,0.0024465131428786924,0.1
random,23,9,0.6290970965847275,0.15526559720063282,0.8535561219962974,0.08178680217269194,0.4046380711731575,0.2685280992612377,-2.331633251639338,2.331633251639338,10.694328883798775,0.01400675389164076,1.3877787807814457e-17,0.0022129721207677644,0.1
random,23,10,0.6264777896780569,0.15543568990411696,0.8544911885595502,0.08053895721788082,0.3984643907965635,0.27084135913379837,-2.2996316126975014,2.2996316126975014,10.68820330231776,0.015706400623238293,1.3877787807814457e-17,0.00261930690667056,0.1
random,23,11,0.6247034231137059,0.15537880895321343,0.8541784915761615,0.07988487875395112,0.3952283546512502,0.26949658797644116,-2.2876547005944543,2.2876547005944543,10.681503188173174,0.012600089052878252,1.3877787807814457e-17,0.0017743665643510376,0.1
random,23,12,0.6226715610285081,0.15528217456338633,0.8536472542865144,0.07917088067449267,0.39169586777050175,0.26815830254952094,-2.2782473643692684,2.2782473643692684,10.669148802754561,0.013881642417382755,1.3877787807814457e-17,0.0020318620851977887,0.1
random,23,13,0.620135871614432,0.1551466962259148,0.8529024765222729,0.07829637357666004,0.38736926670659094,0.2676803841850805,-2.2649162627734767,2.2649162627734767,10.654867644605204,0.015447991639016868,0.0,0.0025356894140761144,0.1
random,23,14,0.6168759215653716,0.15496588241548506,0.8519084718128179,0.07717946109319185,0.38184337131792523,0.2691739094269925,-2.241766047590862,2.241766047590862,10.638490276307573,0.017445938045070615,1.3877787807814457e-17,0.003259950049060323,0.1
random,23,15,0.6133035467195268,0.15460386194215697,0.8499183027292063,0.07613759999679576,0.3766887907098473,0.2822973433857969,-2.199952412700136,2.199952412700136,10.620086850635788,0.01721405848845036,1.3877787807814457e-17,0.003572374845844828,0.1
random,23,16,0.6117476400295143,0.1542605129772468,0.8480307782790767,0.07589014261785644,0.37546450177995194,0.29971241362832285,-2.1721659360947174,2.1721659360947174,10.602107270454239,0.010508519411310738,1.3877787807814457e-17,0.0015559066900124874,0.1
random,23,17,0.6107603135305144,0.15413463496994098,0.8473387773097845,0.07563088869391359,0.37418184975124436,0.29908587963181005,-2.152976397988163,2.152976397988163,10.59432873094237,0.009739822503950581,0.0,0.0009873264989999075,0.1
random,23,18,0.6096026218547147,0.15401372614714492,0.8466740939043061,0.0752972436922249,0.3725311498051233,0.29859387849236185,-2.1257698315966813,2.1257698315966813,10.591024715522197,0.01054051983538981,1.3877787807814457e-17,0.0011576916757997102,0.1
random,23,19,0.6085746134310335,0.15375491747633763,0.8452513207377055,0.07516925035858868,0.37189790612436135,0.29782939353059645,-2.1021022491342465,2.1021022491342465,10.587883160527085,0.009678423539211497,1.3877787807814457e-17,0.001028008423681226,0.1
random,23,20,0.6077977312919488,0.15350604665256173,0.8438831798291584,0.07513173154142475,0.3717122827547393,0.29758433094374653,-2.079441541671836,2.079441541671836,10.581547960359348,0.00782595844209319,0.0,0.000776882139084667,0.1
random,23,21,0.6077977312919488,0.15350604665256173,0.8438831798291584,0.07513173154142475,0.3717122827547393,0.29758433094374653,-2.079441541671836,2.079441541671836,10.575616277392022,0.0,0.0,0.0,0.1
random,23,22,0.6077977312919488,0.15350604665256173,0.8438831798291584,0.07513173154142475,0.3717122827547393,0.29758433094374653,-2.079441541671836,2.079441541671836,10.575616277392022,0.0,0.0,0.0,0.1
random,23,23,0.6077977312919488,0.15350604665256173,0.8438831798291584,0.07513173154142475,0.3717122827547393,0.29758433094374653,-2.079441541671836,2.079441541671836,10.575616277392022,0.0,0.0,0.0,0.1
random,23,24,0.6077977312919488,0.15350604665256173,0.8438831798291584,0.07513173154142475,0.3717122827547393,0.29758433094374653,-2.079441541671836,2.079441541671836,10.575616277392022,0.0,0.0,0.0,0.1
random,23,25,0.6077977312919488,0.15350604665256173,0.8438831798291584,0.07513173154142475,0.3717122827547393,0.29758433094374653,-2.079441541671836,2.079441541671836,10.575616277392022,0.0,0.0,0.0,0.1
random,23,26,0.6077977312919488,0.15350604665256173,0.8438831798291584,0.07513173154142475,0.3717122827547393,0.29758433094374653,-2.079441541671836,2.079441541671836,10.575616277392022,0.0,0.0,0.0,0.1
random,23,27,0.6077977312919488,0.15350604665256173,0.8438831798291584,0.07513173154142475,0.3717122827547393,0.29758433094374653,-2.079441541671836,2.079441541671836,10.575616277392022,0.0,0.0,0.0,0.1
random,23,28,0.6077977312919488,0.15350604665256173,0.8438831798291584,0.07513173154142475,0.3717122827547393,0.29758433094374653,-2.079441541671836,2.079441541671836,10.575616277392022,0.0,0.0,0.0,0.1
random,23,29,0.6077977312919488,0.15350604665256173,0.8438831798291584,0.07513173154142475,0.3717122827547393,0.29758433094374653,-2.079441541671836,2.079441541671836,10.575616277392022,0.0,0.0,0.0,0.1
random,23,30,0.6077977312919488,0.15350604665256173,0.8438831798291584,0.07513173154142475,0.3717122827547393,0.29758433094374653,-2.079441541671836,2.079441541671836,10.575616277392022,0.0,0.0,0.0,0.1
random,23,31,0.6077977312919488,0.15350604665256173,0.8438831798291584,0.07513173154142475,0.3717122827547393,0.29758433094374653,-2.079441541671836,2.079441541671836,10.575616277392022,0.0,0.0,0.0,0.1
random,23,32,0.6077977312919488,0.15350604665256173,0.8438831798291584,0.07513173154142475,0.3717122827547393,0.29758433094374653,-2.079441541671836,2.079441541671836,10.575616277392022,0.0,0.0,0.0,0.1
random,23,33,0.6077977312919488,0.15350604665256173,0.8438831798291584,0.07513173154142475,0.3717122827547393,0.29758433094374653,-2.079441541671836,2.079441541671836,10.575616277392022,0.0,0.0,0.0,0.1
random,23,34,0.6077977312919488,0.15350604665256173,0.8438831798291584,0.07513173154142475,0.3717122827547393,0.29758433094374653,-2.079441541671836,2.079441541671836,10.575616277392022,0.0,0.0,0.0,0.1
random,23,35,0.6077977312919488,0.15350604665256173,0.8438831798291584,0.07513173154142475,0.3717122827547393,0.29758433094374653,-2.079441541671836,2.079441541671836,10.575616277392022,0.0,0.0,0.0,0.1
random,23,36,0.6077977312919488,0.15350604665256173,0.8438831798291584,0.07513173154142475,0.3717122827547393,0.29758433094374653,-2.079441541671836,2.079441541671836,10.575616277392022,0.0,0.0,0.0,0.1
random,23,37,0.6077977312919488,0.15350604665256173,0.8438831798291584,0.07513173154142475,0.3717122827547393,0.29758433094374653,-2.079441541671836,2.079441541671836,10.575616277392022,0.0,0.0,0.0,0.1
random,23,38,0.6077977312919488,0.15350604665256173,0.8438831798291584,0.07513173154142475,0.3717122827547393,0.29758433094374653,-2.079441541671836,2.079441541671836,10.575616277392022,0.0,0.0,0.0,0.1
random,23,39,0.6077977312919488,0.15350604665256173,0.8438831798291584,0.07513173154142475,0.3717122827547393,0.29758433094374653,-2.079441541671836,2.079441541671836,10.575616277392022,0.0,0.0,0.0,0.1
random,23,40,0.6077977312919488,0.15350604665256173,0.8438831798291584,0.07513173154142475,0.3717122827547393,0.29758433094374653,-2.079441541671836,2.079441541671836,10.575616277392022,0.0,0.0,0.0,0.1
random,23,41,0.6077977312919488,0.15350604665256173,0.8438831798291584,0.07513173154142475,0.3717122827547393,0.29758433094374653,-2.079441541671836,2.079441541671836,10.575616277392022,0.0,0.0,0.0,0.1
random,23,42,0.6077977312919488,0.15350604665256173,0.8438831798291584,0.07513173154142475,0.3717122827547393,0.29758433094374653,-2.079441541671836,2.079441541671836,10.575616277392022,0.0,0.0,0.0,0.1
random,23,43,0.6077977312919488,0.15350604665256173,0.8438831798291584,0.07513173154142475,0.3717122827547393,0.29758433094374653,-2.079441541671836,2.079441541671836,10.575616277392022,0.0,0.0,0.0,0.1
random,23,44,0.6077977312919488,0.15350604665256173,0.8438831798291584,0.07513173154142475,0.3717122827547393,0.29758433094374653,-2.079441541671836,2.079441541671836,10.575616277392022,0.0,0.0,0.0,0.1
random,23,45,0.6077977312919488,0.15350604665256173,0.8438831798291584,0.07513173154142475,0.3717122827547393,0.29758433094374653,-2.079441541671836,2.079441541671836,10.575616277392022,0.0,0.0,0.0,0.1
random,23,46,0.6077977312919488,0.15350604665256173,0.8438831798291584,0.07513173154142475,0.3717122827547393,0.29758433094374653,-2.079441541671836,2.079441541671836,10.575616277392022,0.0,0.0,0.0,0.1
random,23,47,0.6077977312919488,0.15350604665256173,0.8438831798291584,0.07513173154142475,0.3717122827547393,0.29758433094374653,-2.079441541671836,2.079441541671836,10.575616277392022,0.0,0.0,0.0,0.1
random,23,48,0.6077977312919488,0.15350604665256173,0.8438831798291584,0.07513173154142475,0.3717122827547393,0.29758433094374653,-2.079441541671836,2.079441541671836,10.575616277392022,0.0,0.0,0.0,0.1
random,23,49,0.6077977312919488,0.15350604665256173,0.8438831798291584,0.07513173154142475,0.3717122827547393,0.29758433094374653,-2.079441541671836,2.079441541671836,10.575616277392022,0.0,0.0,0.0,0.1
random,23,50,0.6077977312919488,0.15350604665256173,0.8438831798291584,0.07513173154142475,0.3717122827547393,0.29758433094374653,-2.079441541671836,2.079441541671836,10.575616277392022,0.0,0.0,0.0,0.1
random,23,51,0.6077977312919488,0.15350604665256173,0.8438831798291584,0.07513173154142475,0.3717122827547393,0.29758433094374653,-2.079441541671836,2.079441541671836,10.575616277392022,0.0,0.0,0.0,0.1
random,23,52,0.6077977312919488,0.15350604665256173,0.8438831798291584,0.07513173154142475,0.3717122827547393,0.29758433094374653,-2.079441541671836,2.079441541671836,10.575616277392022,0.0,0.0,0.0,0.1
random,23,53,0.6077977312919488,0.15350604665256173,0.8438831798291584,0.07513173154142475,0.3717122827547393,0.29758433094374653,-2.079441541671836,2.079441541671836,10.575616277392022,0.0,0.0,0.0,0.1
random,23,54,0.6077977312919488,0.15350604665256173,0.8438831798291584,0.07513173154142475,0.3717122827547393,0.29758433094374653,-2.079441541671836,2.079441541671836,10.575616277392022,0.0,0.0,0.0,0.1
random,23,55,0.6077977312919488,0.15350604665256173,0.8438831798291584,0.07513173154142475,0.3717122827547393,0.29758433094374653,-2.079441541671836,2.079441541671836,10.575616277392022,0.0,0.0,0.0,0.1
random,23,56,0.6077977312919488,0.15350604665256173,0.8438831798291584,0.07513173154142475,0.3717122827547393,0.29758433094374653,-2.079441541671836,2.079441541671836,10.575616277392022,0.0,0.0,0.0,0.1
random,23,57,0.6077977312919488,0.15350604665256173,0.8438831798291584,0.07513173154142475,0.3717122827547393,0.29758433094374653,-2.079441541671836,2.079441541671836,10.575616277392022,0.0,0.0,0.0,0.1
random,23,58,0.6077977312919488,0.15350604665256173,0.8438831798291584,0.07513173154142475,0.3717122827547393,0.29758433094374653,-2.079441541671836,2.079441541671836,10.575616277392022,0.0,0.0,0.0,0.1
random,23,59,0.6077977312919488,0.15350604665256173,0.8438831798291584,0.07513173154142475,0.3717122827547393,0.29758433094374653,-2.079441541671836,2.079441541671836,10.575616277392022,0.0,0.0,0.0,0.1
random,23,60,0.6077977312919488,0.15350604665256173,0.8438831798291584,0.07513173154142475,0.3717122827547393,0.29758433094374653,-2.079441541671836,2.079441541671836,10.575616277392022,0.0,0.0,0.0,0.1
random,23,61,0.6077977312919488,0.15350604665256173,0.8438831798291584,0.07513173154142475,0.3717122827547393,0.29758433094374653,-2.079441541671836,2.079441541671836,10.575616277392022,0.0,0.0,0.0,0.1
random,23,62,0.6077977312919488,0.15350604665256173,0.8438831798291584,0.07513173154142475,0.3717122827547393,0.29758433094374653,-2.079441541671836,2.079441541671836,10.575616277392022,0.0,0.0,0.0,0.1
random,23,63,0.6077977312919488,0.15350604665256173,0.8438831798291584,0.07513173154142475,0.3717122827547393,0.29758433094374653,-2.079441541671836,2.079441541671836,10.575616277392022,0.0,0.0,0.0,0.1
random,23,64,0.6077977312919488,0.15350604665256173,0.8438831798291584,0.07513173154142475,0.3717122827547393,0.29758433094374653,-2.079441541671836,2.079441541671836,10.575616277392022,0.0,0.0,0.0,0.1
random,23,65,0.6077977312919488,0.15350604665256173,0.8438831798291584,0.07513173154142475,0.3717122827547393,0.29758433094374653,-2.079441541671836,2.079441541671836,10.575616277392022,0.0,0.0,0.0,0.1
random,23,66,0.6077977312919488,0.15350604665256173,0.8438831798291584,0.07513173154142475,0.3717122827547393,0.29758433094374653,-2.079441541671836,2.079441541671836,10.575616277392022,0.0,0.0,0.0,0.1
random,23,67,0.6077977312919488,0.15350604665256173,0.8438831798291584,0.07513173154142475,0.3717122827547393,0.29758433094374653,-2.079441541671836,2.079441541671836,10.575616277392022,0.0,0.0,0.0,0.1
random,23,68,0.6077977312919488,0.15350604665256173,0.8438831798291584,0.07513173154142475,0.3717122827547393,0.29758433094374653,-2.079441541671836,2.079441541671836,10.575616277392022,0.0,0.0,0.0,0.1
random,23,69,0.6077977312919488,0.15350604665256173,0.8438831798291584,0.07513173154142475,0.3717122827547393,0.29758433094374653,-2.079441541671836,2.079441541671836,10.575616277392022,0.0,0.0,0.0,0.1
random,23,70,0.6077977312919488,0.15350604665256173,0.8438831798291584,0.07513173154142475,0.3717122827547393,0.29758433094374653,-2.079441541671836,2.079441541671836,10.575616277392022,0.0,0.0,0.0,0.1
random,23,71,0.6077977312919488,0.15350604665256173,0.8438831798291584,0.07513173154142475,0.3717122827547393,0.29758433094374653,-2.079441541671836,2.079441541671836,10.575616277392022,0.0,0.0,0.0,0.1
random,23,72,0.6077977312919488,0.15350604665256173,0.8438831798291584,0.07513173154142475,0.3717122827547393,0.29758433094374653,-2.079441541671836,2.079441541671836,10.575616277392022,0.0,0.0,0.0,0.1
random,23,73,0.6077977312919488,0.15350604665256173,0.8438831798291584,0.07513173154142475,0.3717122827547393,0.29758433094374653,-2.079441541671836,2.079441541671836,10.575616277392022,0.0,0.0,0.0,0.1
random,23,74,0.6077977312919488,0.15350604665256173,0.8438831798291584,0.07513173154142475,0.3717122827547393,0.29758433094374653,-2.079441541671836,2.079441541671836,10.575616277392022,0.0,0.0,0.0,0.1
random,23,75,0.6077977312919488,0.15350604665256173,0.8438831798291584,0.07513173154142475,0.3717122827547393,0.29758433094374653,-2.079441541671836,2.079441541671836,10.575616277392022,0.0,0.0,0.0,0.1
random,23,76,0.6077977312919488,0.15350604665256173,0.8438831798291584,0.07513173154142475,0.3717122827547393,0.29758433094374653,-2.079441541671836,2.079441541671836,10.575616277392022,0.0,0.0,0.0,0.1
random,23,77,0.6077977312919488,0.15350604665256173,0.8438831798291584,0.07513173154142475,0.3717122827547393,0.29758433094374653,-2.079441541671836,2.079441541671836,10.575616277392022,0.0,0.0,0.0,0.1
random,23,78,0.6077977312919488,0.15350604665256173,0.8438831798291584,0.07513173154142475,0.3717122827547393,0.29758433094374653,-2.079441541671836,2.079441541671836,10.575616277392022,0.0,0.0,0.0,0.1
random,23,79,0.6077977312919488,0.15350604665256173,0.8438831798291584,0.07513173154142475,0.3717122827547393,0.29758433094374653,-2.079441541671836,2.079441541671836,10.575616277392022,0.0,0.0,0.0,0.1
random,23,80,0.6077977312919488,0.15350604665256173,0.8438831798291584,0.07513173154142475,0.3717122827547393,0.29758433094374653,-2.079441541671836,2.079441541671836,10.575616277392022,0.0,0.0,0.0,0.1
random,23,81,0.6077977312919488,0.15350604665256173,0.8438831798291584,0.07513173154142475,0.3717122827547393,0.29758433094374653,-2.079441541671836,2.079441541671836,10.575616277392022,0.0,0.0,0.0,0.1
random,23,82,0.6077977312919488,0.15350604665256173,0.8438831798291584,0.07513173154142475,0.3717122827547393,0.29758433094374653,-2.079441541671836,2.079441541671836,10.575616277392022,0.0,0.0,0.0,0.1
random,23,83,0.6077977312919488,0.15350604665256173,0.8438831798291584,0.07513173154142475,0.3717122827547393,0.29758433094374653,-2.079441541671836,2.079441541671836,10.575616277392022,0.0,0.0,0.0,0.1
random,23,84,0.6077977312919488,0.15350604665256173,0.8438831798291584,0.07513173154142475,0.3717122827547393,0.29758433094374653,-2.079441541671836,2.079441541671836,10.575616277392022,0.0,0.0,0.0,0.1
random,23,85,0.6077977312919488,0.15350604665256173,0.8438831798291584,0.07513173154142475,0.3717122827547393,0.29758433094374653,-2.079441541671836,2.079441541671836,10.575616277392022,0.0,0.0,0.0,0.1
random,23,86,0.6077977312919488,0.15350604665256173,0.8438831798291584,0.07513173154142475,0.3717122827547393,0.29758433094374653,-2.079441541671836,2.079441541671836,10.575616277392022,0.0,0.0,0.0,0.1
random,23,87,0.6077977312919488,0.15350604665256173,0.8438831798291584,0.07513173154142475,0.3717122827547393,0.29758433094374653,-2.079441541671836,2.079441541671836,10.575616277392022,0.0,0.0,0.0,0.1
random,23,88,0.6077977312919488,0.15350604665256173,0.8438831798291584,0.07513173154142475,0.3717122827547393,0.29758433094374653,-2.079441541671836,2.079441541671836,10.575616277392022,0.0,0.0,0.0,0.1
random,23,89,0.6077977312919488,0.15350604665256173,0.8438831798291584,0.07513173154142475,0.3717122827547393,0.29758433094374653,-2.079441541671836,2.079441541671836,10.575616277392022,0.0,0.0,0.0,0.1
random,23,90,0.6077977312919488,0.15350604665256173,0.8438831798291584,0.07513173154142475,0.3717122827547393,0.29758433094374653,-2.079441541671836,2.079441541671836,10.575616277392022,0.0,0.0,0.0,0.1
random,23,91,0.6077977312919488,0.15350604665256173,0.8438831798291584,0.07513173154142475,0.3717122827547393,0.29758433094374653,-2.079441541671836,2.079441541671836,10.575616277392022,0.0,0.0,0.0,0.1
random,23,92,0.6077977312919488,0.15350604665256173,0.8438831798291584,0.07513173154142475,0.3717122827547393,0.29758433094374653,-2.079441541671836,2.079441541671836,10.575616277392022,0.0,0.0,0.0,0.1
random,23,93,0.6077977312919488,0.15350604665256173,0.8438831798291584,0.07513173154142475,0.3717122827547393,0.29758433094374653,-2.079441541671836,2.079441541671836,10.575616277392022,0.0,0.0,0.0,0.1
random,23,94,0.6077977312919488,0.15350604665256173,0.8438831798291584,0.07513173154142475,0.3717122827547393,0.29758433094374653,-2.079441541671836,2.079441541671836,10.575616277392022,0.0,0.0,0.0,0.1
random,23,95,0.6077977312919488,0.15350604665256173,0.8438831798291584,0.07513173154142475,0.3717122827547393,0.29758433094374653,-2.079441541671836,2.079441541671836,10.575616277392022,0.0,0.0,0.0,0.1
random,23,96,0.6077977312919488,0.15350604665256173,0.8438831798291584,0.07513173154142475,0.3717122827547393,0.29758433094374653,-2.079441541671836,2.079441541671836,10.575616277392022,0.0,0.0,0.0,0.1
random,23,97,0.6077977312919488,0.15350604665256173,0.8438831798291584,0.07513173154142475,0.3717122827547393,0.29758433094374653,-2.079441541671836,2.079441541671836,10.575616277392022,0.0,0.0,0.0,0.1
random,23,98,0.6077977312919488,0.15350604665256173,0.8438831798291584,0.07513173154142475,0.3717122827547393,0.29758433094374653,-2.079441541671836,2.079441541671836,10.575616277392022,0.0,0.0,0.0,0.1
random,23,99,0.6077977312919488,0.15350604665256173,0.8438831798291584,0.07513173154142475,0.3717122827547393,0.29758433094374653,-2.079441541671836,2.079441541671836,10.575616277392022,0.0,0.0,0.0,0.1
random,23,100,0.6077977312919488,0.15350604665256173,0.8438831798291584,0.07513173154142475,0.3717122827547393,0.29758433094374653,-2.079441541671836,2.079441541671836,10.575616277392022,0.0,0.0,0.0,0.1
random,37,0,0.905402821339615,0.14662114200621795,0.8060341481299229,0.20308777969213387,1.0047714945493071,0.279477571485651,-3.1266041026672493,3.1266041026672493,10.525877813758987,0.1310100715484591,5.551115123125783e-17,0.07621719192399135,0.1
random,37,1,0.802204013217823,0.15689778928384818,0.8625289245360778,0.1499510888018967,0.7418791018995681,0.1520541752048613,-3.050692568645384,3.050692568645384,9.999797966506494,0.0951770328407803,5.551115123125783e-17,0.10319880812179205,0.1
random,37,2,0.699267498551428,0.14765564924322783,0.8117212417380338,0.11860876161032102,0.5868137553648222,0.2848354302647669,-2.7218691706581177,2.7218691706581177,10.384765795435841,0.08216246651506598,2.7755575615628914e-17,0.10293651466639497,0.1
random,37,3,0.6617073644079555,0.1428601316921791,0.7853583935756745,0.10875374855478023,0.5380563352402365,0.40443676553196434,-2.5169878340589653,2.5169878340589653,10.473867973409783,0.057125539925257464,2.7755575615628914e-17,0.03756013414347248,0.1
random,37,4,0.6451287168066964,0.14162216599301486,0.7785528086914864,0.10342745260722203,0.5117046249219063,0.43451164092931427,-2.371425780484414,2.371425780484414,10.472637148627653,0.03263915516207119,2.7755575615628914e-17,0.016578647601259155,0.1
random,37,5,0.6420261449042106,0.14278590361882465,0.7849503326299274,0.10088015919365305,0.49910195717849387,0.4126508751931687,-2.3797797397453877,2.3797797397453877,10.484020229061892,0.014434685054961965,1.3877787807814457e-17,0.003102571902485751,0.1
random,37,6,0.6392299752464673,0.14443302262570917,0.7940051943464352,0.09791961786417754,0.48445475614649935,0.3829747018439062,-2.4024366003509448,2.4024366003509448,10.498832194087699,0.016152749847241774,5.551115123125783e-17,0.0027961696577433193,0.1
random,37,7,0.6353680587933195,0.1462215313552161,0.8038373310389043,0.09437114648984282,0.46689878654773465,0.3535249290277769,-2.42080440391157,2.42080440391157,10.518222520542684,0.01871346576511082,5.551115123125783e-17,0.003861916453147818,0.1
random,37,8,0.6294501217678702,0.14820285206607897,0.8147294311105625,0.08977729223891111,0.4441708124251778,0.32402932558197906,-2.4320471892717803,2.4320471892717803,10.542850767226684,0.022852257344426214,0.0,0.0059179370254492936,0.1
random,37,9,0.6195506051318265,0.15044860294990586,0.8270752079595838,0.0832800755567744,0.4120260023040691,0.29433224423219223,-2.4282284402323913,2.4282284402323913,10.575137617377393,0.02924117493104255,2.7755575615628914e-17,0.009899516636043715,0.1
random,37,10,0.6019191783381505,0.15305862701546985,0.841423537917321,0.0732524969792288,0.36241481875897985,0.26457949282032545,-2.381141128587214,2.381141128587214,10.619106414941553,0.038741842239053435,2.7755575615628914e-17,0.01763142679367602,0.1
random,37,11,0.5930288944110164,0.1529387100128624,0.8407643069379382,0.06979187502673084,0.34529348188409453,0.2666262856556892,-2.330476023371518,2.330476023371518,10.681561895235426,0.02385288354302938,1.3877787807814457e-17,0.00889028392713409,0.1
random,37,12,0.5901655207825806,0.15218647015854264,0.8366289482722671,0.06947021823474624,0.34370209329289403,0.27218365482025475,-2.310970606772952,2.310970606772952,10.691734251440641,0.01618211110324205,1.3877787807814457e-17,0.002863373628435806,0.1
random,37,13,0.5870431040131433,0.151056047039751,0.8304145672961392,0.06946406306077116,0.3436716407301474,0.2818886442446829,-2.2972120523041992,2.2972120523041992,10.689237296995282,0.01733623667799798,0.0,0.003122416769437253,0.1
random,37,14,0.583398916742658,0.14979868332801025,0.823502343899056,0.06938803413175083,0.34329548958626005,0.2943958930093877,-2.2723667514057473,2.2723667514057473,10.684138679275947,0.018707589532788726,0.0,0.0036441872704853218,0.1
random,37,15,0.580519885199078,0.14883730556570737,0.8182172718073655,0.0692924316075895,0.34282249859079056,0.3051453081821246,-2.2386145796003367,2.2386145796003367,10.678958483119315,0.013806483378639118,0.0,0.002879031543579935,0.1
random,37,16,0.5804428163516807,0.1487570181533076,0.8177759002890858,0.0693504882700053,0.3431097324142756,0.30612600338517365,-2.238509946652111,2.238509946652111,10.675070103027494,0.0027597841930102657,0.0,7.706884739733244e-05,0.1
random,37,17,0.5803607197947998,0.14868250683710837,0.817366282245897,0.0694000943787263,0.34335515734370237,0.3070899868181927,-2.238457452696732,2.238457452696732,10.673623882524863,0.002836849119637331,0.0,8.209655688096174e-05,0.1
random,37,18,0.5802705494153628,0.1486133332294552,0.816986007688252,0.06944050566775879,0.3435550911424735,0.3080310348997599,-2.238446324461992,2.238446324461992,10.67233377063527,0.002962073150232989,0.0,9.017037943692685e-05,0.1
random,37,19,0.5801688043837367,0.14854908961000024,0.8166328352168635,0.06947075997741259,0.34370477355060997,0.30894437830357563,-2.2384571581804105,2.2384571581804105,10.671192194128801,0.003136410327280225,1.3877787807814457e-17,0.00010174503162607706,0.1
random,37,20,0.5800513846469371,0.14848939649875076,0.8163046786807947,0.06948962153461948,0.3437980906130793,0.30982646099673217,-2.2384603067994187,2.2384603067994187,10.670193044616203,0.0033605463558105983,0.0,0.00011741973679968432,0.1
random,37,21,0.5799134176332412,0.1484339003881483,0.8159995947098072,0.06949551341884905,0.3438272405566753,0.3106747356339672,-2.238413723040133,2.238413723040133,10.669331661496795,0.003635242477961424,0.0,0.00013796701369583886,0.1
random,37,22,0.5797490486331318,0.1483822716203328,0.8157157710448449,0.06948643518297844,0.3437823262214188,0.31148748981537183,-2.2382600931816574,2.2382600931816574,10.66860484091875,0.003961649871399451,0.0,0.00016436900010941002,0.1
random,37,23,0.57955118565085,0.14833420239652167,0.8154515155948074,0.06945986192225698,0.3436508557068924,0.3122636986111482,-2.2379230163156407,2.2379230163156407,10.668010872637325,0.0043415452824174024,0.0,0.00019786298228186006,0.1
random,37,24,0.5793111874413298,0.14828940490612819,0.8152052461515771,0.0694126202431002,0.3434171287310826,0.3130028994855885,-2.237301855316321,2.237301855316321,10.667549607521012,0.004777482521766079,0.0,0.0002399982095201425,0.1
random,37,25,0.5790184808646222,0.14824760956385336,0.8149754806986189,0.06934073553873676,0.3430614810306253,0.31370508634987687,-2.2362646689702865,2.2362646689702865,10.667222559457059,0.0052728792940392654,0.0,0.00029270657670765754,0.1
random,37,26,0.5786600904873103,0.1482085633435207,0.8147608282514146,0.06923924368349646,0.34255935272320587,0.3143706199670697,-2.234638246632633,2.234638246632633,10.66703304658618,0.005832065196246347,0.0,0.00035839037731189016,0.1
random,37,27,0.5782200593932757,0.1481720281978796,0.8145599801704989,0.06910195865331233,0.34188013861605243,0.3150001523436439,-2.2321935210794446,2.2321935210794446,10.666986378198287,0.006460312946982822,0.0,0.0004400310940345653,0.1
random,37,28,0.5776787352555628,0.1481377795539863,0.8143717018899767,0.06892118559448895,0.340985768621149,0.315594563086413,-2.2286230712691277,2.2286230712691277,10.667090095304356,0.007163868181648731,0.0,0.0005413241377129063,0.1
random,37,29,0.5770118896457512,0.14810560487407987,0.8141948250060915,0.06868736640650883,0.3398289542854108,0.3161549059938988,-2.2235037569915157,2.2235037569915157,10.667354274933187,0.00794998714621632,0.0,0.0006668456098115616,0.1
random,37,30,0.5761896310435515,0.14807530227210713,0.8140282396717188,0.06838864186700089,0.33835102241538423,0.31668236439718384,-2.2162275088312007,2.2162275088312007,10.667791910670289,0.00882698742695405,0.0,0.0008222586021997547,0.1
random,37,31,0.5751750627190256,0.14804667917621037,0.8138708872435334,0.06801031057123795,0.3364792381945179,0.31717821397456614,-2.205849185989705,2.205849185989705,10.668419384962066,0.009804314337761874,0.0,0.0010145683245258441,0.1
random,37,32,0.573922625174769,0.1480195510275803,0.8137217531290928,0.06753416031563299,0.33412349722044515,0.3176437919431432,-2.190631615755905,2.190631615755905,10.669257052376839,0.010892624276086326,0.0,0.001252437544256635,0.1
random,37,33,0.5723760486387507,0.14799374000608723,0.813579859781129,0.066937641815747,0.33117223749637237,0.31808047168369985,-2.1643730162556305,2.1643730162556305,10.670329957497025,0.01210388580477375,1.3877787807814457e-17,0.001546576536018307,0.1
random,37,34,0.571513148293394,0.14825876465015536,0.8150368046002182,0.06629433463354946,0.32798949198656974,0.313065060970233,-2.1602349399437353,2.1602349399437353,10.671668716598475,0.009166308581689318,1.3877787807814457e-17,0.000862900345356743,0.1
random,37,35,0.5706300200504802,0.1485334514001148,0.8165468658197438,0.06563211432579219,0.3247131742812167,0.3086508308879791,-2.155298082036116,2.155298082036116,10.677880047111165,0.00935298520527774,0.0,0.0008831282429137,0.1
random,37,36,0.5697128722431366,0.14881337885141768,0.8180857372380248,0.06495031850756634,0.32134000724824835,0.3049415564526634,-2.148528815393746,2.148528815393746,10.68441994759217,0.009531429204261262,0.0,0.0009171478073436434,0.1
random,37,37,0.5687603943813258,0.14909864699050523,0.8196539685198974,0.06424830631750339,0.31786682024275414,0.30195588263668677,-2.139573042793601,2.139573042793601,10.691224593929988,0.009713277705665603,1.3877787807814457e-17,0.000952477861810852,0.1
random,37,38,0.567771225492761,0.14938935771144274,0.8212521198171582,0.06352541436729246,0.31429033116836386,0.29971811716397495,-2.1278507555827453,2.1278507555827453,10.698304151663631,0.009898595663407957,0.0,0.0009891688885647065,0.1
random,37,39,0.5667439521782462,0.14968561485231496,0.8228807619686442,0.0627809559151173,0.3106071423878482,0.298258453392169,-2.1122360485457667,2.1122360485457667,10.705669155746078,0.010087449270650145,1.3877787807814457e-17,0.0010272733145147983,0.1
random,37,40,0.5656771065921042,0.1499875242323156,0.8245404767041284,0.06201422000803904,0.3068137364800801,0.2976134098417706,-2.089308379940819,2.089308379940819,10.713330522735781,0.010279905983441957,0.0,0.0010668455861420068,0.1
random,37,41,0.5653939592927908,0.1500667083388178,0.8249757829154744,0.06181177309773288,0.30581213567010734,0.29758433094374653,-2.079441541671836,2.079441541671836,10.721299563303672,0.0026961903940321283,0.0,0.0002831472993134465,0.1
random,37,42,0.5653939592927908,0.1500667083388178,0.8249757829154744,0.06181177309773288,0.30581213567010734,0.29758433094374653,-2.079441541671836,2.079441541671836,10.723416607250448,0.0,0.0,0.0,0.1
random,37,43,0.5653939592927908,0.1500667083388178,0.8249757829154744,0.06181177309773288,0.30581213567010734,0.29758433094374653,-2.079441541671836,2.079441541671836,10.723416607250448,0.0,0.0,0.0,0.1
random,37,44,0.5653939592927908,0.1500667083388178,0.8249757829154744,0.06181177309773288,0.30581213567010734,0.29758433094374653,-2.079441541671836,2.079441541671836,10.723416607250448,0.0,0.0,0.0,0.1
random,37,45,0.5653939592927908,0.1500667083388178,0.8249757829154744,0.06181177309773288,0.30581213567010734,0.29758433094374653,-2.079441541671836,2.079441541671836,10.723416607250448,0.0,0.0,0.0,0.1
random,37,46,0.5653939592927908,0.1500667083388178,0.8249757829154744,0.06181177309773288,0.30581213567010734,0.29758433094374653,-2.079441541671836,2.079441541671836,10.723416607250448,0.0,0.0,0.0,0.1
random,37,47,0.5653939592927908,0.1500667083388178,0.8249757829154744,0.06181177309773288,0.30581213567010734,0.29758433094374653,-2.079441541671836,2.079441541671836,10.723416607250448,0.0,0.0,0.0,0.1
random,37,48,0.5653939592927908,0.1500667083388178,0.8249757829154744,0.06181177309773288,0.30581213567010734,0.29758433094374653,-2.079441541671836,2.079441541671836,10.723416607250448,0.0,0.0,0.0,0.1
random,37,49,0.5653939592927908,0.1500667083388178,0.8249757829154744,0.06181177309773288,0.30581213567010734,0.29758433094374653,-2.079441541671836,2.079441541671836,10.723416607250448,0.0,0.0,0.0,0.1
random,37,50,0.5653939592927908,0.1500667083388178,0.8249757829154744,0.06181177309773288,0.30581213567010734,0.29758433094374653,-2.079441541671836,2.079441541671836,10.723416607250448,0.0,0.0,0.0,0.1
random,37,51,0.5653939592927908,0.1500667083388178,0.8249757829154744,0.06181177309773288,0.30581213567010734,0.29758433094374653,-2.079441541671836,2.079441541671836,10.723416607250448,0.0,0.0,0.0,0.1
random,37,52,0.5653939592927908,0.1500667083388178,0.8249757829154744,0.06181177309773288,0.30581213567010734,0.29758433094374653,-2.079441541671836,2.079441541671836,10.723416607250448,0.0,0.0,0.0,0.1
random,37,53,0.5653939592927908,0.1500667083388178,0.8249757829154744,0.06181177309773288,0.30581213567010734,0.29758433094374653,-2.079441541671836,2.079441541671836,10.723416607250448,0.0,0.0,0.0,0.1
random,37,54,0.5653939592927908,0.1500667083388178,0.8249757829154744,0.06181177309773288,0.30581213567010734,0.29758433094374653,-2.079441541671836,2.079441541671836,10.723416607250448,0.0,0.0,0.0,0.1
random,37,55,0.5653939592927908,0.1500667083388178,0.8249757829154744,0.06181177309773288,0.30581213567010734,0.29758433094374653,-2.079441541671836,2.079441541671836,10.723416607250448,0.0,0.0,0.0,0.1
random,37,56,0.5653939592927908,0.1500667083388178,0.8249757829154744,0.06181177309773288,0.30581213567010734,0.29758433094374653,-2.079441541671836,2.079441541671836,10.723416607250448,0.0,0.0,0.0,0.1
random,37,57,0.5653939592927908,0.1500667083388178,0.8249757829154744,0.06181177309773288,0.30581213567010734,0.29758433094374653,-2.079441541671836,2.079441541671836,10.723416607250448,0.0,0.0,0.0,0.1
random,37,58,0.5653939592927908,0.1500667083388178,0.8249757829154744,0.06181177309773288,0.30581213567010734,0.29758433094374653,-2.079441541671836,2.079441541671836,10.723416607250448,0.0,0.0,0.0,0.1
random,37,59,0.5653939592927908,0.1500667083388178,0.8249757829154744,0.06181177309773288,0.30581213567010734,0.29758433094374653,-2.079441541671836,2.079441541671836,10.723416607250448,0.0,0.0,0.0,0.1
random,37,60,0.5653939592927908,0.1500667083388178,0.8249757829154744,0.06181177309773288,0.30581213567010734,0.29758433094374653,-2.079441541671836,2.079441541671836,10.723416607250448,0.0,0.0,0.0,0.1
random,37,61,0.5653939592927908,0.1500667083388178,0.8249757829154744,0.06181177309773288,0.30581213567010734,0.29758433094374653,-2.079441541671836,2.079441541671836,10.723416607250448,0.0,0.0,0.0,0.1
random,37,62,0.5653939592927908,0.1500667083388178,0.8249757829154744,0.06181177309773288,0.30581213567010734,0.29758433094374653,-2.079441541671836,2.079441541671836,10.723416607250448,0.0,0.0,0.0,0.1
random,37,63,0.5653939592927908,0.1500667083388178,0.8249757829154744,0.06181177309773288,0.30581213567010734,0.29758433094374653,-2.079441541671836,2.079441541671836,10.723416607250448,0.0,0.0,0.0,0.1
random,37,64,0.5653939592927908,0.1500667083388178,0.8249757829154744,0.06181177309773288,0.30581213567010734,0.29758433094374653,-2.079441541671836,2.079441541671836,10.723416607250448,0.0,0.0,0.0,0.1
random,37,65,0.5653939592927908,0.1500667083388178,0.8249757829154744,0.06181177309773288,0.30581213567010734,0.29758433094374653,-2.079441541671836,2.079441541671836,10.723416607250448,0.0,0.0,0.0,0.1
random,37,66,0.5653939592927908,0.1500667083388178,0.8249757829154744,0.06181177309773288,0.30581213567010734,0.29758433094374653,-2.079441541671836,2.079441541671836,10.723416607250448,0.0,0.0,0.0,0.1
random,37,67,0.5653939592927908,0.1500667083388178,0.8249757829154744,0.06181177309773288,0.30581213567010734,0.29758433094374653,-2.079441541671836,2.079441541671836,10.723416607250448,0.0,0.0,0.0,0.1
random,37,68,0.5653939592927908,0.1500667083388178,0.8249757829154744,0.06181177309773288,0.30581213567010734,0.29758433094374653,-2.079441541671836,2.079441541671836,10.723416607250448,0.0,0.0,0.0,0.1
random,37,69,0.5653939592927908,0.1500667083388178,0.8249757829154744,0.06181177309773288,0.30581213567010734,0.29758433094374653,-2.079441541671836,2.079441541671836,10.723416607250448,0.0,0.0,0.0,0.1
random,37,70,0.5653939592927908,0.1500667083388178,0.8249757829154744,0.06181177309773288,0.30581213567010734,0.29758433094374653,-2.079441541671836,2.079441541671836,10.723416607250448,0.0,0.0,0.0,0.1
random,37,71,0.5653939592927908,0.1500667083388178,0.8249757829154744,0.06181177309773288,0.30581213567010734,0.29758433094374653,-2.079441541671836,2.079441541671836,10.723416607250448,0.0,0.0,0.0,0.1
random,37,72,0.5653939592927908,0.1500667083388178,0.8249757829154744,0.06181177309773288,0.30581213567010734,0.29758433094374653,-2.079441541671836,2.079441541671836,10.723416607250448,0.0,0.0,0.0,0.1
random,37,73,0.5653939592927908,0.1500667083388178,0.8249757829154744,0.06181177309773288,0.30581213567010734,0.29758433094374653,-2.079441541671836,2.079441541671836,10.723416607250448,0.0,0.0,0.0,0.1
random,37,74,0.5653939592927908,0.1500667083388178,0.8249757829154744,0.06181177309773288,0.30581213567010734,0.29758433094374653,-2.079441541671836,2.079441541671836,10.723416607250448,0.0,0.0,0.0,0.1
random,37,75,0.5653939592927908,0.1500667083388178,0.8249757829154744,0.06181177309773288,0.30581213567010734,0.29758433094374653,-2.079441541671836,2.079441541671836,10.723416607250448,0.0,0.0,0.0,0.1
random,37,76,0.5653939592927908,0.1500667083388178,0.8249757829154744,0.06181177309773288,0.30581213567010734,0.29758433094374653,-2.079441541671836,2.079441541671836,10.723416607250448,0.0,0.0,0.0,0.1
random,37,77,0.5653939592927908,0.1500667083388178,0.8249757829154744,0.06181177309773288,0.30581213567010734,0.29758433094374653,-2.079441541671836,2.079441541671836,10.723416607250448,0.0,0.0,0.0,0.1
random,37,78,0.5653939592927908,0.1500667083388178,0.8249757829154744,0.06181177309773288,0.30581213567010734,0.29758433094374653,-2.079441541671836,2.079441541671836,10.723416607250448,0.0,0.0,0.0,0.1
random,37,79,0.5653939592927908,0.1500667083388178,0.8249757829154744,0.06181177309773288,0.30581213567010734,0.29758433094374653,-2.079441541671836,2.079441541671836,10.723416607250448,0.0,0.0,0.0,0.1
random,37,80,0.5653939592927908,0.1500667083388178,0.8249757829154744,0.06181177309773288,0.30581213567010734,0.29758433094374653,-2.079441541671836,2.079441541671836,10.723416607250448,0.0,0.0,0.0,0.1
random,37,81,0.5653939592927908,0.1500667083388178,0.8249757829154744,0.06181177309773288,0.30581213567010734,0.29758433094374653,-2.079441541671836,2.079441541671836,10.723416607250448,0.0,0.0,0.0,0.1
random,37,82,0.5653939592927908,0.1500667083388178,0.8249757829154744,0.06181177309773288,0.30581213567010734,0.29758433094374653,-2.079441541671836,2.079441541671836,10.723416607250448,0.0,0.0,0.0,0.1
random,37,83,0.5653939592927908,0.1500667083388178,0.8249757829154744,0.06181177309773288,0.30581213567010734,0.29758433094374653,-2.079441541671836,2.079441541671836,10.723416607250448,0.0,0.0,0.0,0.1
random,37,84,0.5653939592927908,0.1500667083388178,0.8249757829154744,0.06181177309773288,0.30581213567010734,0.29758433094374653,-2.079441541671836,2.079441541671836,10.723416607250448,0.0,0.0,0.0,0.1
random,37,85,0.5653939592927908,0.1500667083388178,0.8249757829154744,0.06181177309773288,0.30581213567010734,0.29758433094374653,-2.079441541671836,2.079441541671836,10.723416607250448,0.0,0.0,0.0,0.1
random,37,86,0.5653939592927908,0.1500667083388178,0.8249757829154744,0.06181177309773288,0.30581213567010734,0.29758433094374653,-2.079441541671836,2.079441541671836,10.723416607250448,0.0,0.0,0.0,0.1
random,37,87,0.5653939592927908,0.1500667083388178,0.8249757829154744,0.06181177309773288,0.30581213567010734,0.29758433094374653,-2.079441541671836,2.079441541671836,10.723416607250448,0.0,0.0,0.0,0.1
random,37,88,0.5653939592927908,0.1500667083388178,0.8249757829154744,0.06181177309773288,0.30581213567010734,0.29758433094374653,-2.079441541671836,2.079441541671836,10.723416607250448,0.0,0.0,0.0,0.1
random,37,89,0.5653939592927908,0.1500667083388178,0.8249757829154744,0.06181177309773288,0.30581213567010734,0.29758433094374653,-2.079441541671836,2.079441541671836,10.723416607250448,0.0,0.0,0.0,0.1
random,37,90,0.5653939592927908,0.1500667083388178,0.8249757829154744,0.06181177309773288,0.30581213567010734,0.29758433094374653,-2.079441541671836,2.079441541671836,10.723416607250448,0.0,0.0,0.0,0.1
random,37,91,0.5653939592927908,0.1500667083388178,0.8249757829154744,0.06181177309773288,0.30581213567010734,0.29758433094374653,-2.079441541671836,2.079441541671836,10.723416607250448,0.0,0.0,0.0,0.1
random,37,92,0.5653939592927908,0.1500667083388178,0.8249757829154744,0.06181177309773288,0.30581213567010734,0.29758433094374653,-2.079441541671836,2.079441541671836,10.723416607250448,0.0,0.0,0.0,0.1
random,37,93,0.5653939592927908,0.1500667083388178,0.8249757829154744,0.06181177309773288,0.30581213567010734,0.29758433094374653,-2.079441541671836,2.079441541671836,10.723416607250448,0.0,0.0,0.0,0.1
random,37,94,0.5653939592927908,0.1500667083388178,0.8249757829154744,0.06181177309773288,0.30581213567010734,0.29758433094374653,-2.079441541671836,2.079441541671836,10.723416607250448,0.0,0.0,0.0,0.1
random,37,95,0.5653939592927908,0.1500667083388178,0.8249757829154744,0.06181177309773288,0.30581213567010734,0.29758433094374653,-2.079441541671836,2.079441541671836,10.723416607250448,0.0,0.0,0.0,0.1
random,37,96,0.5653939592927908,0.1500667083388178,0.8249757829154744,0.06181177309773288,0.30581213567010734,0.29758433094374653,-2.079441541671836,2.079441541671836,10.723416607250448,0.0,0.0,0.0,0.1
random,37,97,0.5653939592927908,0.1500667083388178,0.8249757829154744,0.06181177309773288,0.30581213567010734,0.29758433094374653,-2.079441541671836,2.079441541671836,10.723416607250448,0.0,0.0,0.0,0.1
random,37,98,0.5653939592927908,0.1500667083388178,0.8249757829154744,0.06181177309773288,0.30581213567010734,0.29758433094374653,-2.079441541671836,2.079441541671836,10.723416607250448,0.0,0.0,0.0,0.1
random,37,99,0.5653939592927908,0.1500667083388178,0.8249757829154744,0.06181177309773288,0.30581213567010734,0.29758433094374653,-2.079441541671836,2.079441541671836,10.723416607250448,0.0,0.0,0.0,0.1
random,37,100,0.5653939592927908,0.1500667083388178,0.8249757829154744,0.06181177309773288,0.30581213567010734,0.29758433094374653,-2.079441541671836,2.079441541671836,10.723416607250448,0.0,0.0,0.0,0.1
random,37,101,0.5653939592927908,0.1500667083388178,0.8249757829154744,0.06181177309773288,0.30581213567010734,0.29758433094374653,-2.079441541671836,2.079441541671836,10.723416607250448,0.0,0.0,0.0,0.1
random,37,102,0.5653939592927908,0.1500667083388178,0.8249757829154744,0.06181177309773288,0.30581213567010734,0.29758433094374653,-2.079441541671836,2.079441541671836,10.723416607250448,0.0,0.0,0.0,0.1
random,37,103,0.5653939592927908,0.1500667083388178,0.8249757829154744,0.06181177309773288,0.30581213567010734,0.29758433094374653,-2.079441541671836,2.079441541671836,10.723416607250448,0.0,0.0,0.0,0.1
random,37,104,0.5653939592927908,0.1500667083388178,0.8249757829154744,0.06181177309773288,0.30581213567010734,0.29758433094374653,-2.079441541671836,2.079441541671836,10.723416607250448,0.0,0.0,0.0,0.1
random,37,105,0.5653939592927908,0.1500667083388178,0.8249757829154744,0.06181177309773288,0.30581213567010734,0.29758433094374653,-2.079441541671836,2.079441541671836,10.723416607250448,0.0,0.0,0.0,0.1
random,37,106,0.5653939592927908,0.1500667083388178,0.8249757829154744,0.06181177309773288,0.30581213567010734,0.29758433094374653,-2.079441541671836,2.079441541671836,10.723416607250448,0.0,0.0,0.0,0.1
random,37,107,0.5653939592927908,0.1500667083388178,0.8249757829154744,0.06181177309773288,0.30581213567010734,0.29758433094374653,-2.079441541671836,2.079441541671836,10.723416607250448,0.0,0.0,0.0,0.1
random,37,108,0.5653939592927908,0.1500667083388178,0.8249757829154744,0.06181177309773288,0.30581213567010734,0.29758433094374653,-2.079441541671836,2.079441541671836,10.723416607250448,0.0,0.0,0.0,0.1
random,37,109,0.5653939592927908,0.1500667083388178,0.8249757829154744,0.06181177309773288,0.30581213567010734,0.29758433094374653,-2.079441541671836,2.079441541671836,10.723416607250448,0.0,0.0,0.0,0.1
random,37,110,0.5653939592927908,0.1500667083388178,0.8249757829154744,0.06181177309773288,0.30581213567010734,0.29758433094374653,-2.079441541671836,2.079441541671836,10.723416607250448,0.0,0.0,0.0,0.1
random,37,111,0.5653939592927908,0.1500667083388178,0.8249757829154744,0.06181177309773288,0.30581213567010734,0.29758433094374653,-2.079441541671836,2.079441541671836,10.723416607250448,0.0,0.0,0.0,0.1
random,37,112,0.5653939592927908,0.1500667083388178,0.8249757829154744,0.06181177309773288,0.30581213567010734,0.29758433094374653,-2.079441541671836,2.079441541671836,10.723416607250448,0.0,0.0,0.0,0.1
random,37,113,0.5653939592927908,0.1500667083388178,0.8249757829154744,0.06181177309773288,0.30581213567010734,0.29758433094374653,-2.079441541671836,2.079441541671836,10.723416607250448,0.0,0.0,0.0,0.1
random,37,114,0.5653939592927908,0.1500667083388178,0.8249757829154744,0.06181177309773288,0.30581213567010734,0.29758433094374653,-2.079441541671836,2.079441541671836,10.723416607250448,0.0,0.0,0.0,0.1
random,37,115,0.5653939592927908,0.1500667083388178,0.8249757829154744,0.06181177309773288,0.30581213567010734,0.29758433094374653,-2.079441541671836,2.079441541671836,10.723416607250448,0.0,0.0,0.0,0.1
random,37,116,0.5653939592927908,0.1500667083388178,0.8249757829154744,0.06181177309773288,0.30581213567010734,0.29758433094374653,-2.079441541671836,2.079441541671836,10.723416607250448,0.0,0.0,0.0,0.1
random,37,117,0.5653939592927908,0.1500667083388178,0.8249757829154744,0.06181177309773288,0.30581213567010734,0.29758433094374653,-2.079441541671836,2.079441541671836,10.723416607250448,0.0,0.0,0.0,0.1
random,37,118,0.5653939592927908,0.1500667083388178,0.8249757829154744,0.06181177309773288,0.30581213567010734,0.29758433094374653,-2.079441541671836,2.079441541671836,10.723416607250448,0.0,0.0,0.0,0.1
random,37,119,0.5653939592927908,0.1500667083388178,0.8249757829154744,0.06181177309773288,0.30581213567010734,0.29758433094374653,-2.079441541671836,2.079441541671836,10.723416607250448,0.0,0.0,0.0,0.1
random,37,120,0.5653939592927908,0.1500667083388178,0.8249757829154744,0.06181177309773288,0.30581213567010734,0.29758433094374653,-2.079441541671836,2.079441541671836,10.723416607250448,0.0,0.0,0.0,0.1
random,37,121,0.5653939592927908,0.1500667083388178,0.8249757829154744,0.06181177309773288,0.30581213567010734,0.29758433094374653,-2.079441541671836,2.079441541671836,10.723416607250448,0.0,0.0,0.0,0.1
feature_informed,0,0,1.1331903510114274,0.1905381547469889,1.0474632590245652,0.24637167601731555,1.2189174429982899,0.23979556946687344,-3.5838906024053716,3.5838906024053716,10.115054447696412,0.38944893133523545,5.551115123125783e-17,0.338037465576293,0.1
feature_informed,0,1,0.9976284572036607,0.13156026061376075,0.7232385530530531,0.257104611482773,1.2720183613542684,0.6853001392498834,-3.059403915542486,3.059403915542486,11.067664857375293,0.2506614596532028,2.7755575615628914e-17,0.13556189380776673,0.1
feature_informed,0,2,0.8666557567232315,0.17273731186144275,0.9496050167893675,0.15840538191997816,0.7837064966570955,0.08327392121014829,-3.4136575618656866,3.4136575618656866,9.932986227571574,0.19918023778235713,1.1102230246251565e-16,0.1309727004804292,0.1
feature_informed,0,3,0.7302643977790888,0.14963764979181016,0.8226170791453148,0.1289368526363274,0.6379117164128627,0.3086264240445681,-3.0037952574967655,3.0037952574967655,10.813102153554077,0.13187693386280142,5.551115123125783e-17,0.13639135894414267,0.1
feature_informed,0,4,0.6985814902898269,0.15384503924145934,0.8457467555650701,0.11145409422135474,0.5514162250145838,0.24962631710321193,-2.9706038801793473,2.9706038801793473,10.64421457372809,0.054757638971387045,8.326672684688674e-17,0.03168290748926195,0.1
feature_informed,0,5,0.6662118071559864,0.15339194721955024,0.843255930320451,0.09887221062490684,0.4891676839915217,0.261565573706385,-2.8378567762050526,2.8378567762050526,10.762578582418914,0.04556905778373992,1.3877787807814457e-17,0.03236968313384048,0.1
feature_informed,0,6,0.6276269235416115,0.15207933990213912,0.8360400110714131,0.0847329045795127,0.41921383601181,0.2783334260019822,-2.665587581279138,2.665587581279138,10.824123201790588,0.054088753937798335,2.7755575615628914e-17,0.03858488361437484,0.1
feature_informed,0,7,0.61155920454876,0.14834776122477233,0.8155260538123463,0.08238393197199843,0.4075923552851737,0.32756038497820833,-2.5341688767390975,2.5341688767390975,10.845646355470922,0.03313169362977193,0.0,0.016067718992851532,0.1
feature_informed,0,8,0.6073521015829154,0.14606697330854201,0.802987664600743,0.08321752570938534,0.41171653856508783,0.35664214330473804,-2.490502293192155,2.490502293192155,10.834191267362307,0.01914778908761406,2.7755575615628914e-17,0.004207102965844589,0.1
feature_informed,0,9,0.6043543262812179,0.14473809477314709,0.7956822960598284,0.0834822704978022,0.4130263565026073,0.3747075601457672,-2.467915529040358,2.467915529040358,10.824317913129283,0.017016428938214822,1.3877787807814457e-17,0.002997775301697536,0.1
feature_informed,0,10,0.6008412858100436,0.14348612984494075,0.7887997519015477,0.0834532583622683,0.4128828197185395,0.39405602890268954,-2.4349176897778,2.4349176897778,10.81434138045219,0.018317743319263353,4.163336342344337e-17,0.003513040471174289,0.1
feature_informed,0,11,0.5976256341576301,0.1428127236139922,0.7850977727034524,0.0829015982326734,0.41015349561180797,0.4048298081982234,-2.4050473778975214,2.4050473778975214,10.803763945825647,0.0165928964152218,1.3877787807814457e-17,0.0032156516524134426,0.1
feature_informed,0,12,0.5946463863019091,0.14246888447023354,0.78320755354719,0.0820793045497345,0.4060852190566284,0.4111056685740688,-2.382300121723176,2.382300121723176,10.791446080726724,0.017026128031241042,1.3877787807814457e-17,0.0029792478557210123,0.1
feature_informed,0,13,0.5912835443153596,0.14206208682750734,0.7809712267328608,0.08117190064490082,0.4015958618978583,0.4203405394617439,-2.3443229056658716,2.3443229056658716,10.777922459352105,0.018028985487812357,2.7755575615628914e-17,0.0033628419865495696,0.1
feature_informed,0,14,0.5894368830903403,0.14196980676887092,0.7804639269162407,0.08052793107950222,0.39840983926443996,0.424109373257965,-2.322684291471334,2.322684291471334,10.764048657511783,0.011848626279338526,0.0,0.0018466612250193082,0.1
feature_informed,0,15,0.5876039184096046,0.14194484806730012,0.7803267191064815,0.07981469406095952,0.3948811177127276,0.4277528888420331,-2.3046557183212713,2.3046557183212713,10.757339818781025,0.013110643520504535,1.3877787807814457e-17,0.0018329646807356825,0.1
feature_informed,0,16,0.5852475745369636,0.14191474978738713,0.780161257010921,0.07889559358291973,0.3903338920630063,0.4337977277315882,-2.2756145762618236,2.2756145762618236,10.752109721892312,0.014857866892320444,2.7755575615628914e-17,0.0023563438726409425,0.1
feature_informed,0,17,0.5831734714771617,0.14238801486303268,0.7827629814748556,0.07753127500628479,0.3835839614794677,0.4295881443460382,-2.250104683123356,2.250104683123356,10.746837052715517,0.012717010255319095,1.3877787807814457e-17,0.002074103059801935,0.1
feature_informed,0,18,0.5815480841031861,0.1433408231877349,0.7880009439939298,0.07581550299911483,0.3750952242124425,0.4097849341010449,-2.2451933265771538,2.2451933265771538,10.741311503438737,0.012568737440184235,1.3877787807814457e-17,0.0016253873739755509,0.1
feature_informed,0,19,0.5797292577776801,0.1443495935009004,0.7935465515980272,0.07395935167947398,0.36591196395733305,0.39017788505039225,-2.2370621368955765,2.2370621368955765,10.736175578980271,0.013295426148812666,1.3877787807814457e-17,0.0018188263255060066,0.1
feature_informed,0,20,0.5776937212245454,0.1454176825811865,0.7994182578211227,0.07194968382073827,0.355969184627968,0.37084191603884686,-2.224916006520773,2.224916006520773,10.731459907272997,0.014064974926199502,1.3877787807814457e-17,0.002035536553134709,0.1
feature_informed,0,21,0.5754153498071058,0.1465486556002566,0.8056356618155986,0.06977197717846115,0.34519503779861305,0.35186464695189695,-2.207573980759054,2.207573980759054,10.727274102938994,0.014880037201098765,0.0,0.002278371417439584,0.1
feature_informed,0,22,0.5728648042298953,0.14774629975465808,0.8122195832920447,0.06741016328968058,0.33351002516774586,0.3333479687032502,-2.183035377607853,2.183035377607853,10.723744330008337,0.015743448812422924,0.0,0.0025505455772105723,0.1
feature_informed,0,23,0.5700091211038407,0.1490146388556068,0.8191921427250475,0.06484644574878354,0.320826099482634,0.3154099215573376,-2.146640015573343,2.146640015573343,10.721015464152888,0.016658243009313217,1.3877787807814457e-17,0.0028556831260545534,0.1
feature_informed,0,24,0.5680688276073038,0.14978808827442813,0.823444098717825,0.0632026689227021,0.31269355649678277,0.30452743446748964,-2.112460427869037,2.112460427869037,10.719253512921021,0.011811254547137136,0.0,0.0019402934965369045,0.1
feature_informed,0,25,0.5668408662450743,0.15017998091501866,0.8255984868667277,0.062270817447972984,0.308083245623421,0.2986960770329318,-2.0879270831237013,2.0879270831237013,10.71561260094842,0.010863940768269888,0.0,0.0012279613622294683,0.1
feature_informed,0,26,0.5665761023970471,0.15026069600661054,0.8260422095059207,0.06207410083057066,0.30710999528817357,0.29758433094374653,-2.079441541671836,2.079441541671836,10.710050781790237,0.0022375617282288517,0.0,0.0002647638480272052,0.1
feature_informed,0,27,0.5665761023970471,0.15026069600661054,0.8260422095059207,0.06207410083057066,0.30710999528817357,0.29758433094374653,-2.079441541671836,2.079441541671836,10.70896356133767,0.0,0.0,0.0,0.1
feature_informed,0,28,0.5665761023970471,0.15026069600661054,0.8260422095059207,0.06207410083057066,0.30710999528817357,0.29758433094374653,-2.079441541671836,2.079441541671836,10.70896356133767,0.0,0.0,0.0,0.1
feature_informed,0,29,0.5665761023970471,0.15026069600661054,0.8260422095059207,0.06207410083057066,0.30710999528817357,0.29758433094374653,-2.079441541671836,2.079441541671836,10.70896356133767,0.0,0.0,0.0,0.1
feature_informed,0,30,0.5665761023970471,0.15026069600661054,0.8260422095059207,0.06207410083057066,0.30710999528817357,0.29758433094374653,-2.079441541671836,2.079441541671836,10.70896356133767,0.0,0.0,0.0,0.1
feature_informed,0,31,0.5665761023970471,0.15026069600661054,0.8260422095059207,0.06207410083057066,0.30710999528817357,0.29758433094374653,-2.079441541671836,2.079441541671836,10.70896356133767,0.0,0.0,0.0,0.1
feature_informed,0,32,0.5665761023970471,0.15026069600661054,0.8260422095059207,0.06207410083057066,0.30710999528817357,0.29758433094374653,-2.079441541671836,2.079441541671836,10.70896356133767,0.0,0.0,0.0,0.1
feature_informed,0,33,0.5665761023970471,0.15026069600661054,0.8260422095059207,0.06207410083057066,0.30710999528817357,0.29758433094374653,-2.079441541671836,2.079441541671836,10.70896356133767,0.0,0.0,0.0,0.1
feature_informed,0,34,0.5665761023970471,0.15026069600661054,0.8260422095059207,0.06207410083057066,0.30710999528817357,0.29758433094374653,-2.079441541671836,2.079441541671836,10.70896356133767,0.0,0.0,0.0,0.1
feature_informed,0,35,0.5665761023970471,0.15026069600661054,0.8260422095059207,0.06207410083057066,0.30710999528817357,0.29758433094374653,-2.079441541671836,2.079441541671836,10.70896356133767,0.0,0.0,0.0,0.1
feature_informed,0,36,0.5665761023970471,0.15026069600661054,0.8260422095059207,0.06207410083057066,0.30710999528817357,0.29758433094374653,-2.079441541671836,2.079441541671836,10.70896356133767,0.0,0.0,0.0,0.1
feature_informed,0,37,0.5665761023970471,0.15026069600661054,0.8260422095059207,0.06207410083057066,0.30710999528817357,0.29758433094374653,-2.079441541671836,2.079441541671836,10.70896356133767,0.0,0.0,0.0,0.1
feature_informed,0,38,0.5665761023970471,0.15026069600661054,0.8260422095059207,0.06207410083057066,0.30710999528817357,0.29758433094374653,-2.079441541671836,2.079441541671836,10.70896356133767,0.0,0.0,0.0,0.1
feature_informed,0,39,0.5665761023970471,0.15026069600661054,0.8260422095059207,0.06207410083057066,0.30710999528817357,0.29758433094374653,-2.079441541671836,2.079441541671836,10.70896356133767,0.0,0.0,0.0,0.1
feature_informed,0,40,0.5665761023970471,0.15026069600661054,0.8260422095059207,0.06207410083057066,0.30710999528817357,0.29758433094374653,-2.079441541671836,2.079441541671836,10.70896356133767,0.0,0.0,0.0,0.1
feature_informed,0,41,0.5665761023970471,0.15026069600661054,0.8260422095059207,0.06207410083057066,0.30710999528817357,0.29758433094374653,-2.079441541671836,2.079441541671836,10.70896356133767,0.0,0.0,0.0,0.1
feature_informed,0,42,0.5665761023970471,0.15026069600661054,0.8260422095059207,0.06207410083057066,0.30710999528817357,0.29758433094374653,-2.079441541671836,2.079441541671836,10.70896356133767,0.0,0.0,0.0,0.1
feature_informed,0,43,0.5665761023970471,0.15026069600661054,0.8260422095059207,0.06207410083057066,0.30710999528817357,0.29758433094374653,-2.079441541671836,2.079441541671836,10.70896356133767,0.0,0.0,0.0,0.1
feature_informed,0,44,0.5665761023970471,0.15026069600661054,0.8260422095059207,0.06207410083057066,0.30710999528817357,0.29758433094374653,-2.079441541671836,2.079441541671836,10.70896356133767,0.0,0.0,0.0,0.1
feature_informed,0,45,0.5665761023970471,0.15026069600661054,0.8260422095059207,0.06207410083057066,0.30710999528817357,0.29758433094374653,-2.079441541671836,2.079441541671836,10.70896356133767,0.0,0.0,0.0,0.1
feature_informed,0,46,0.5665761023970471,0.15026069600661054,0.8260422095059207,0.06207410083057066,0.30710999528817357,0.29758433094374653,-2.079441541671836,2.079441541671836,10.70896356133767,0.0,0.0,0.0,0.1
feature_informed,0,47,0.5665761023970471,0.15026069600661054,0.8260422095059207,0.06207410083057066,0.30710999528817357,0.29758433094374653,-2.079441541671836,2.079441541671836,10.70896356133767,0.0,0.0,0.0,0.1
feature_informed,0,48,0.5665761023970471,0.15026069600661054,0.8260422095059207,0.06207410083057066,0.30710999528817357,0.29758433094374653,-2.079441541671836,2.079441541671836,10.70896356133767,0.0,0.0,0.0,0.1
feature_informed,0,49,0.5665761023970471,0.15026069600661054,0.8260422095059207,0.06207410083057066,0.30710999528817357,0.29758433094374653,-2.079441541671836,2.079441541671836,10.70896356133767,0.0,0.0,0.0,0.1
feature_informed,0,50,0.5665761023970471,0.15026069600661054,0.8260422095059207,0.06207410083057066,0.30710999528817357,0.29758433094374653,-2.079441541671836,2.079441541671836,10.70896356133767,0.0,0.0,0.0,0.1
feature_informed,0,51,0.5665761023970471,0.15026069600661054,0.8260422095059207,0.06207410083057066,0.30710999528817357,0.29758433094374653,-2.079441541671836,2.079441541671836,10.70896356133767,0.0,0.0,0.0,0.1
feature_informed,0,52,0.5665761023970471,0.15026069600661054,0.8260422095059207,0.06207410083057066,0.30710999528817357,0.29758433094374653,-2.079441541671836,2.079441541671836,10.70896356133767,0.0,0.0,0.0,0.1
feature_informed,0,53,0.5665761023970471,0.15026069600661054,0.8260422095059207,0.06207410083057066,0.30710999528817357,0.29758433094374653,-2.079441541671836,2.079441541671836,10.70896356133767,0.0,0.0,0.0,0.1
feature_informed,0,54,0.5665761023970471,0.15026069600661054,0.8260422095059207,0.06207410083057066,0.30710999528817357,0.29758433094374653,-2.079441541671836,2.079441541671836,10.70896356133767,0.0,0.0,0.0,0.1
feature_informed,0,55,0.5665761023970471,0.15026069600661054,0.8260422095059207,0.06207410083057066,0.30710999528817357,0.29758433094374653,-2.079441541671836,2.079441541671836,10.70896356133767,0.0,0.0,0.0,0.1
feature_informed,0,56,0.5665761023970471,0.15026069600661054,0.8260422095059207,0.06207410083057066,0.30710999528817357,0.29758433094374653,-2.079441541671836,2.079441541671836,10.70896356133767,0.0,0.0,0.0,0.1
feature_informed,0,57,0.5665761023970471,0.15026069600661054,0.8260422095059207,0.06207410083057066,0.30710999528817357,0.29758433094374653,-2.079441541671836,2.079441541671836,10.70896356133767,0.0,0.0,0.0,0.1
feature_informed,0,58,0.5665761023970471,0.15026069600661054,0.8260422095059207,0.06207410083057066,0.30710999528817357,0.29758433094374653,-2.079441541671836,2.079441541671836,10.70896356133767,0.0,0.0,0.0,0.1
feature_informed,0,59,0.5665761023970471,0.15026069600661054,0.8260422095059207,0.06207410083057066,0.30710999528817357,0.29758433094374653,-2.079441541671836,2.079441541671836,10.70896356133767,0.0,0.0,0.0,0.1
feature_informed,0,60,0.5665761023970471,0.15026069600661054,0.8260422095059207,0.06207410083057066,0.30710999528817357,0.29758433094374653,-2.079441541671836,2.079441541671836,10.70896356133767,0.0,0.0,0.0,0.1
feature_informed,0,61,0.5665761023970471,0.15026069600661054,0.8260422095059207,0.06207410083057066,0.30710999528817357,0.29758433094374653,-2.079441541671836,2.079441541671836,10.70896356133767,0.0,0.0,0.0,0.1
feature_informed,0,62,0.5665761023970471,0.15026069600661054,0.8260422095059207,0.06207410083057066,0.30710999528817357,0.29758433094374653,-2.079441541671836,2.079441541671836,10.70896356133767,0.0,0.0,0.0,0.1
feature_informed,0,63,0.5665761023970471,0.15026069600661054,0.8260422095059207,0.06207410083057066,0.30710999528817357,0.29758433094374653,-2.079441541671836,2.079441541671836,10.70896356133767,0.0,0.0,0.0,0.1
feature_informed,0,64,0.5665761023970471,0.15026069600661054,0.8260422095059207,0.06207410083057066,0.30710999528817357,0.29758433094374653,-2.079441541671836,2.079441541671836,10.70896356133767,0.0,0.0,0.0,0.1
feature_informed,0,65,0.5665761023970471,0.15026069600661054,0.8260422095059207,0.06207410083057066,0.30710999528817357,0.29758433094374653,-2.079441541671836,2.079441541671836,10.70896356133767,0.0,0.0,0.0,0.1
feature_informed,0,66,0.5665761023970471,0.15026069600661054,0.8260422095059207,0.06207410083057066,0.30710999528817357,0.29758433094374653,-2.079441541671836,2.079441541671836,10.70896356133767,0.0,0.0,0.0,0.1
feature_informed,0,67,0.5665761023970471,0.15026069600661054,0.8260422095059207,0.06207410083057066,0.30710999528817357,0.29758433094374653,-2.079441541671836,2.079441541671836,10.70896356133767,0.0,0.0,0.0,0.1
feature_informed,0,68,0.5665761023970471,0.15026069600661054,0.8260422095059207,0.06207410083057066,0.30710999528817357,0.29758433094374653,-2.079441541671836,2.079441541671836,10.70896356133767,0.0,0.0,0.0,0.1
feature_informed,0,69,0.5665761023970471,0.15026069600661054,0.8260422095059207,0.06207410083057066,0.30710999528817357,0.29758433094374653,-2.079441541671836,2.079441541671836,10.70896356133767,0.0,0.0,0.0,0.1
feature_informed,0,70,0.5665761023970471,0.15026069600661054,0.8260422095059207,0.06207410083057066,0.30710999528817357,0.29758433094374653,-2.079441541671836,2.079441541671836,10.70896356133767,0.0,0.0,0.0,0.1
feature_informed,0,71,0.5665761023970471,0.15026069600661054,0.8260422095059207,0.06207410083057066,0.30710999528817357,0.29758433094374653,-2.079441541671836,2.079441541671836,10.70896356133767,0.0,0.0,0.0,0.1
feature_informed,0,72,0.5665761023970471,0.15026069600661054,0.8260422095059207,0.06207410083057066,0.30710999528817357,0.29758433094374653,-2.079441541671836,2.079441541671836,10.70896356133767,0.0,0.0,0.0,0.1
feature_informed,0,73,0.5665761023970471,0.15026069600661054,0.8260422095059207,0.06207410083057066,0.30710999528817357,0.29758433094374653,-2.079441541671836,2.079441541671836,10.70896356133767,0.0,0.0,0.0,0.1
feature_informed,0,74,0.5665761023970471,0.15026069600661054,0.8260422095059207,0.06207410083057066,0.30710999528817357,0.29758433094374653,-2.079441541671836,2.079441541671836,10.70896356133767,0.0,0.0,0.0,0.1
feature_informed,0,75,0.5665761023970471,0.15026069600661054,0.8260422095059207,0.06207410083057066,0.30710999528817357,0.29758433094374653,-2.079441541671836,2.079441541671836,10.70896356133767,0.0,0.0,0.0,0.1
feature_informed,0,76,0.5665761023970471,0.15026069600661054,0.8260422095059207,0.06207410083057066,0.30710999528817357,0.29758433094374653,-2.079441541671836,2.079441541671836,10.70896356133767,0.0,0.0,0.0,0.1
feature_informed,0,77,0.5665761023970471,0.15026069600661054,0.8260422095059207,0.06207410083057066,0.30710999528817357,0.29758433094374653,-2.079441541671836,2.079441541671836,10.70896356133767,0.0,0.0,0.0,0.1
feature_informed,0,78,0.5665761023970471,0.15026069600661054,0.8260422095059207,0.06207410083057066,0.30710999528817357,0.29758433094374653,-2.079441541671836,2.079441541671836,10.70896356133767,0.0,0.0,0.0,0.1
feature_informed,0,79,0.5665761023970471,0.15026069600661054,0.8260422095059207,0.06207410083057066,0.30710999528817357,0.29758433094374653,-2.079441541671836,2.079441541671836,10.70896356133767,0.0,0.0,0.0,0.1
feature_informed,0,80,0.5665761023970471,0.15026069600661054,0.8260422095059207,0.06207410083057066,0.30710999528817357,0.29758433094374653,-2.079441541671836,2.079441541671836,10.70896356133767,0.0,0.0,0.0,0.1
feature_informed,0,81,0.5665761023970471,0.15026069600661054,0.8260422095059207,0.06207410083057066,0.30710999528817357,0.29758433094374653,-2.079441541671836,2.079441541671836,10.70896356133767,0.0,0.0,0.0,0.1
feature_informed,0,82,0.5665761023970471,0.15026069600661054,0.8260422095059207,0.06207410083057066,0.30710999528817357,0.29758433094374653,-2.079441541671836,2.079441541671836,10.70896356133767,0.0,0.0,0.0,0.1
feature_informed,0,83,0.5665761023970471,0.15026069600661054,0.8260422095059207,0.06207410083057066,0.30710999528817357,0.29758433094374653,-2.079441541671836,2.079441541671836,10.70896356133767,0.0,0.0,0.0,0.1
feature_informed,0,84,0.5665761023970471,0.15026069600661054,0.8260422095059207,0.06207410083057066,0.30710999528817357,0.29758433094374653,-2.079441541671836,2.079441541671836,10.70896356133767,0.0,0.0,0.0,0.1
feature_informed,0,85,0.5665761023970471,0.15026069600661054,0.8260422095059207,0.06207410083057066,0.30710999528817357,0.29758433094374653,-2.079441541671836,2.079441541671836,10.70896356133767,0.0,0.0,0.0,0.1
feature_informed,0,86,0.5665761023970471,0.15026069600661054,0.8260422095059207,0.06207410083057066,0.30710999528817357,0.29758433094374653,-2.079441541671836,2.079441541671836,10.70896356133767,0.0,0.0,0.0,0.1
feature_informed,0,87,0.5665761023970471,0.15026069600661054,0.8260422095059207,0.06207410083057066,0.30710999528817357,0.29758433094374653,-2.079441541671836,2.079441541671836,10.70896356133767,0.0,0.0,0.0,0.1
feature_informed,0,88,0.5665761023970471,0.15026069600661054,0.8260422095059207,0.06207410083057066,0.30710999528817357,0.29758433094374653,-2.079441541671836,2.079441541671836,10.70896356133767,0.0,0.0,0.0,0.1
feature_informed,0,89,0.5665761023970471,0.15026069600661054,0.8260422095059207,0.06207410083057066,0.30710999528817357,0.29758433094374653,-2.079441541671836,2.079441541671836,10.70896356133767,0.0,0.0,0.0,0.1
feature_informed,0,90,0.5665761023970471,0.15026069600661054,0.8260422095059207,0.06207410083057066,0.30710999528817357,0.29758433094374653,-2.079441541671836,2.079441541671836,10.70896356133767,0.0,0.0,0.0,0.1
feature_informed,0,91,0.5665761023970471,0.15026069600661054,0.8260422095059207,0.06207410083057066,0.30710999528817357,0.29758433094374653,-2.079441541671836,2.079441541671836,10.70896356133767,0.0,0.0,0.0,0.1
feature_informed,0,92,0.5665761023970471,0.15026069600661054,0.8260422095059207,0.06207410083057066,0.30710999528817357,0.29758433094374653,-2.079441541671836,2.079441541671836,10.70896356133767,0.0,0.0,0.0,0.1
feature_informed,0,93,0.5665761023970471,0.15026069600661054,0.8260422095059207,0.06207410083057066,0.30710999528817357,0.29758433094374653,-2.079441541671836,2.079441541671836,10.70896356133767,0.0,0.0,0.0,0.1
feature_informed,0,94,0.5665761023970471,0.15026069600661054,0.8260422095059207,0.06207410083057066,0.30710999528817357,0.29758433094374653,-2.079441541671836,2.079441541671836,10.70896356133767,0.0,0.0,0.0,0.1
feature_informed,0,95,0.5665761023970471,0.15026069600661054,0.8260422095059207,0.06207410083057066,0.30710999528817357,0.29758433094374653,-2.079441541671836,2.079441541671836,10.70896356133767,0.0,0.0,0.0,0.1
feature_informed,0,96,0.5665761023970471,0.15026069600661054,0.8260422095059207,0.06207410083057066,0.30710999528817357,0.29758433094374653,-2.079441541671836,2.079441541671836,10.70896356133767,0.0,0.0,0.0,0.1
feature_informed,0,97,0.5665761023970471,0.15026069600661054,0.8260422095059207,0.06207410083057066,0.30710999528817357,0.29758433094374653,-2.079441541671836,2.079441541671836,10.70896356133767,0.0,0.0,0.0,0.1
feature_informed,0,98,0.5665761023970471,0.15026069600661054,0.8260422095059207,0.06207410083057066,0.30710999528817357,0.29758433094374653,-2.079441541671836,2.079441541671836,10.70896356133767,0.0,0.0,0.0,0.1
feature_informed,0,99,0.5665761023970471,0.15026069600661054,0.8260422095059207,0.06207410083057066,0.30710999528817357,0.29758433094374653,-2.079441541671836,2.079441541671836,10.70896356133767,0.0,0.0,0.0,0.1
feature_informed,0,100,0.5665761023970471,0.15026069600661054,0.8260422095059207,0.06207410083057066,0.30710999528817357,0.29758433094374653,-2.079441541671836,2.079441541671836,10.70896356133767,0.0,0.0,0.0,0.1
feature_informed,0,101,0.5665761023970471,0.15026069600661054,0.8260422095059207,0.06207410083057066,0.30710999528817357,0.29758433094374653,-2.079441541671836,2.079441541671836,10.70896356133767,0.0,0.0,0.0,0.1
feature_informed,0,102,0.5665761023970471,0.15026069600661054,0.8260422095059207,0.06207410083057066,0.30710999528817357,0.29758433094374653,-2.079441541671836,2.079441541671836,10.70896356133767,0.0,0.0,0.0,0.1
feature_informed,0,103,0.5665761023970471,0.15026069600661054,0.8260422095059207,0.06207410083057066,0.30710999528817357,0.29758433094374653,-2.079441541671836,2.079441541671836,10.70896356133767,0.0,0.0,0.0,0.1
feature_informed,0,104,0.5665761023970471,0.15026069600661054,0.8260422095059207,0.06207410083057066,0.30710999528817357,0.29758433094374653,-2.079441541671836,2.079441541671836,10.70896356133767,0.0,0.0,0.0,0.1
feature_informed,0,105,0.5665761023970471,0.15026069600661054,0.8260422095059207,0.06207410083057066,0.30710999528817357,0.29758433094374653,-2.079441541671836,2.079441541671836,10.70896356133767,0.0,0.0,0.0,0.1
feature_informed,0,106,0.5665761023970471,0.15026069600661054,0.8260422095059207,0.06207410083057066,0.30710999528817357,0.29758433094374653,-2.079441541671836,2.079441541671836,10.70896356133767,0.0,0.0,0.0,0.1
