initialization_kind,initialization_seed,iteration,total_objective,feature_raw,feature_normalized,gw_raw,gw_normalized,coverage_loss,entropy_loss,shannon_plan_entropy,gradient_norm,step_norm,source_marginal_feasibility_error,objective_improvement,learning_rate
uniform,0,0,0.9947714048777938,0.16505683872680882,0.9073824318633349,0.20106652807509745,0.9947714048777938,0.09311185056961765,-3.7726799104498197,3.7726799104498197,13.996078764475271,0.06635536825910332,8.326672684688674e-17,0.005228595117258705,0.05
uniform,0,1,0.991352958437524,0.18046862884621828,0.9921071103788559,0.20037558023141658,0.991352958437524,0.004383454362588256,-3.844502851788959,3.844502851788959,13.39237237045899,0.06966379592847485,8.326672684688674e-17,0.0034184464402697845,0.052500000000000005
uniform,0,2,0.9805952774643504,0.16327091008135883,0.8975644789088076,0.1982012017231388,0.9805952774643504,0.1318351999804693,-3.630354969319769,3.630354969319769,14.001205291802156,0.08503502837361894,1.1102230246251565e-16,0.010757680973173644,0.05512500000000001
uniform,0,3,0.9502319462915321,0.18249221742260047,1.003231573549798,0.1920640635326186,0.9502319462915321,0.030401204046496155,-3.5592753309662815,3.5592753309662815,13.417954759877219,0.11107449255970127,1.1102230246251565e-16,0.03036333117281831,0.05788125000000001
uniform,0,4,0.8304770699796359,0.15958281839087174,0.877289586739159,0.16785880684547674,0.8304770699796359,0.2470433266190443,-3.152743638797057,3.152743638797057,14.420262081865886,0.1436616531411731,5.551115123125783e-17,0.11975487631189619,0.06077531250000001
uniform,0,5,0.6486958973304041,0.16557721214242338,0.910243129420489,0.13111658740211526,0.6486958973304041,0.12391107212253641,-3.076705345851053,3.076705345851053,13.980739309642658,0.12042792766888519,2.7755575615628914e-17,0.18178117264923177,0.06381407812500002
uniform,0,6,0.506761452352537,0.1616210998669657,0.8884948225649906,0.10242832201166449,0.506761452352537,0.1540884492103228,-2.767457087372209,2.767457087372209,14.59541592738025,0.07497984048943433,5.551115123125783e-17,0.1419344449778671,0.06700478203125003
uniform,0,7,0.46194935478622656,0.16590137320164192,0.9120251703979971,0.09337075076540671,0.46194935478622656,0.110376393915182,-2.759209179994407,2.759209179994407,14.704116434852834,0.049636180766142596,0.0,0.04481209756631044,0.07035502113281253
uniform,0,8,0.41668658674940595,0.17090617387045387,0.939538530261712,0.08422208849424902,0.41668658674940595,0.10346799624174773,-2.6850316986000458,2.6850316986000458,14.821172586102472,0.05569715191550868,0.0,0.04526276803682061,0.07387277218945316
uniform,0,9,0.3959759363358503,0.1725731466948594,0.9487025362303632,0.08003598246786772,0.3959759363358503,0.16030366161534546,-2.6168219672887423,2.6168219672887423,14.988566627323271,0.03807639698057756,1.3877787807814457e-17,0.02071065041355563,0.07756641079892583
uniform,0,10,0.3810509825739467,0.17340087555084588,0.9532528876611911,0.07701930082636439,0.3810509825739467,0.2165298983750195,-2.532537350550577,2.532537350550577,15.199917995428647,0.03323042772717767,1.3877787807814457e-17,0.014924953761903614,0.08144473133887213
uniform,0,11,0.3707833862440066,0.17400425365716976,0.9565698946853922,0.07494397986758462,0.3707833862440066,0.21397094307244752,-2.480923249818315,2.480923249818315,15.308644976482825,0.02530573550436103,0.0,0.01026759632994012,0.08551696790581574
uniform,0,12,0.3580620883571142,0.17516515923632497,0.9629518497482846,0.0723727085320955,0.3580620883571142,0.2096115938729272,-2.4233593469234,2.4233593469234,15.32492063024415,0.030556829817942662,1.3877787807814457e-17,0.012721297886892358,0.08979281630110653
uniform,0,13,0.34718257463447283,0.17575783683611004,0.9662100318748308,0.07017370478044904,0.34718257463447283,0.21006351548255145,-2.3723926337415873,2.3723926337415873,15.348669992846848,0.02714994234300509,2.7755575615628914e-17,0.010879513722641398,0.09428245711616186
uniform,0,14,0.3383129752355272,0.1765363271959204,0.9704896999050423,0.06838095164357932,0.3383129752355272,0.2169600407450124,-2.320963153242989,2.320963153242989,15.339703300006668,0.02939330912011428,1.3877787807814457e-17,0.008869599398945605,0.09899657997196995
uniform,0,15,0.3338621744346363,0.17628231925417892,0.9690933182363525,0.06748134087893441,0.3338621744346363,0.22856694065575106,-2.2816409199802097,2.2816409199802097,15.308546422035601,0.017612007932537314,0.0,0.004450800800890942,0.1
uniform,0,16,0.33156402290780884,0.1755761957132363,0.9652114791031254,0.06701683079528716,0.33156402290780884,0.24287459130091524,-2.260765383948521,2.260765383948521,15.285823214405474,0.015204674936078612,0.0,0.002298151526827441,0.1
uniform,0,17,0.32926328574861713,0.17491900251795295,0.9615986293457929,0.06655179809496656,0.32926328574861713,0.25981686878099997,-2.2339912478077144,2.2339912478077144,15.266859950857304,0.01511686310587436,0.0,0.0023007371591917125,0.1
uniform,0,18,0.32747400502613216,0.17440628626338422,0.9587800262178338,0.06619014268261988,0.32747400502613216,0.27446974855570083,-2.2050463035829857,2.2050463035829857,15.25177247366008,0.011627653851544892,0.0,0.001789280722484965,0.1
uniform,0,19,0.326914695929828,0.17413285857895167,0.9572768865772532,0.06607709325481842,0.326914695929828,0.2793946826657495,-2.2021316236983584,2.2021316236983584,15.244608306624857,0.007410953487269512,0.0,0.0005593090963041392,0.1
uniform,0,20,0.32631232687717027,0.17385899258139273,0.9557713373568358,0.06595534040442094,0.32631232687717027,0.284534731947801,-2.1980756125185614,2.1980756125185614,15.248963332517311,0.007687020114704433,0.0,0.0006023690526577585,0.1
uniform,0,21,0.3256609913147892,0.17358472682230217,0.9542635904898772,0.06582369027907793,0.3256609913147892,0.2898865588822178,-2.192534320006357,2.192534320006357,15.253992114467211,0.00798931907015322,0.0,0.0006513355623810613,0.1
uniform,0,22,0.3249539364448482,0.17331010278548006,0.9527538740291602,0.06568077798067397,0.3249539364448482,0.2954458973095424,-2.1849657076096323,2.1849657076096323,15.259764709441189,0.008319906319783181,0.0,0.0007070548699409929,0.1
uniform,0,23,0.32418344170049024,0.17303516509139077,0.9512424332709464,0.06552504300237792,0.32418344170049024,0.3012074239292355,-2.174354625738036,2.174354625738036,15.266360037173214,0.008680937491384022,0.0,0.0007704947443579746,0.1
uniform,0,24,0.3233406797677034,0.17275996171581492,0.9497295319569916,0.065354701137917,0.3233406797677034,0.30716462342679474,-2.1576412537182765,2.1576412537182765,15.27386707523878,0.009074672786826908,0.0,0.0008427619327868174,0.1
uniform,0,25,0.32298164640457816,0.17279509005672164,0.949922646278368,0.06528213211207573,0.32298164640457816,0.30380680699082063,-2.15377729324289,2.15377729324289,15.282386216206973,0.004833662495237901,0.0,0.0003590333631252607,0.1
uniform,0,26,0.3227457887846248,0.1729218986975497,0.9506197633065591,0.06523445977998864,0.3227457887846248,0.29786806295840373,-2.1567231535054607,2.1567231535054607,15.290162480009744,0.004790685564313617,0.0,0.0002358576199533724,0.1
uniform,0,27,0.3224831020072855,0.17305572546816783,0.9513554617575204,0.06518136464875361,0.3224831020072855,0.29198172904914266,-2.159365642733591,2.159365642733591,15.29810191236617,0.0050558224891631195,0.0,0.0002626867773392605,0.1
uniform,0,28,0.32219053421574045,0.17319695878174263,0.9521318768913625,0.06512222986684882,0.32219053421574045,0.2861647693327122,-2.1616583760241364,2.1616583760241364,15.306662208282168,0.0053356332196663,0.0,0.00029256779154507306,0.1
uniform,0,29,0.3218646863998869,0.17334600854787832,0.9529512621425772,0.06505636841496826,0.3218646863998869,0.28043731585116044,-2.163546667565576,2.163546667565576,15.31589803111381,0.005630929866669242,0.0,0.0003258478158535416,0.1
uniform,0,30,0.3215017729071345,0.1735033073623208,0.9538159956603096,0.0649830151243313,0.3215017729071345,0.27482298784537207,-2.164965910946077,2.164965910946077,15.325869311421659,0.005942569486687968,0.0,0.0003629134927524147,0.1
uniform,0,31,0.3210975774612428,0.17366931176250547,0.9547285872105991,0.06490131778706294,0.3210975774612428,0.26934928154582677,-2.1658394328090593,2.1658394328090593,15.33664177984283,0.006271456569393131,0.0,0.0004041954458917085,0.1
uniform,0,32,0.3206474041782366,0.17384450355259193,0.9556916854606162,0.06481032725536653,0.3206474041782366,0.2640480398244027,-2.166075596446536,2.166075596446536,15.348287554108985,0.006618545662762665,0.0,0.0004501732830061722,0.1
uniform,0,33,0.32014602301030787,0.17402939120183233,0.9567080856660444,0.06470898641446243,0.32014602301030787,0.258956014899777,-2.16556379608903,2.16556379608903,15.360885785433183,0.006984844143521389,0.0,0.0005013811679287494,0.1
uniform,0,34,0.31958760898388067,0.17422451132033087,0.9577807377839109,0.06459611790118229,0.31958760898388067,0.25411554202372694,-2.1641687403798824,2.1641687403798824,15.374523369912072,0.007371415140908831,0.0,0.0005584140264272008,0.1
uniform,0,35,0.31896567452591357,0.17443043021647836,0.9589127550344181,0.06447041042553459,0.31896567452591357,0.24957534815158477,-2.1617219648615866,2.1617219648615866,15.389295731028145,0.007779380622260479,0.0,0.0006219344579670993,0.1
uniform,0,36,0.31827299409221854,0.1746477455405817,0.9601074229366213,0.06433040353632799,0.31827299409221854,0.24539152770598816,-2.1580085806011726,2.1580085806011726,15.405307679785214,0.008209924649358479,0.0,0.0006926804336950254,0.1
uniform,0,37,0.31750152022213896,0.174877088019459,0.9613682088441818,0.06417447065386177,0.31750152022213896,0.24162872868642393,-2.1527451918672345,2.1527451918672345,15.422674359462532,0.008664296815002555,0.0,0.0007714738700795865,0.1
uniform,0,38,0.31664229004431965,0.1751191232870345,0.9626987720088674,0.06400080017255888,0.31664229004431965,0.23836160809653822,-2.1455397313679887,2.1455397313679887,15.441522282420516,0.009143815869775317,0.0,0.0008592301778193034,0.1
uniform,0,39,0.3156830609277731,0.175369894231917,0.9640773586312902,0.0638069175708407,0.3156830609277731,0.23438749131450562,-2.1369913908322946,2.1369913908322946,15.461990466823272,0.009652317032635952,0.0,0.0009592291165465561,0.1
uniform,0,40,0.3145930016827652,0.17561746564426628,0.9654383561635955,0.06358659114537733,0.3145930016827652,0.22773993027928685,-2.1278531967922385,2.1278531967922385,15.484031874248833,0.010255982706478522,1.3877787807814457e-17,0.0010900592450078794,0.1
uniform,0,41,0.3133232956073896,0.17586233803661688,0.9667845161202577,0.06332995390088095,0.3133232956073896,0.2194173672948299,-2.1148774107532633,2.1148774107532633,15.507272292430116,0.011034634069599848,0.0,0.0012697060753756317,0.1
uniform,0,42,0.31220547372753066,0.17602094837501076,0.9676564596015498,0.06310401599867796,0.31220547372753066,0.20990057630881248,-2.0986049979866497,2.0986049979866497,15.531942945191052,0.008972467542489121,0.0,0.0011178218798589268,0.1
uniform,0,43,0.3120451271424411,0.17593640532603005,0.9671916931733727,0.06307160620986157,0.3120451271424411,0.19946645701390786,-2.107040457346533,2.107040457346533,15.550254745979284,0.003940385393079374,0.0,0.00016034658508956579,0.1
uniform,0,44,0.31186310817367785,0.17584632988992646,0.9666965130348623,0.06303481592627122,0.31186310817367785,0.18959016511023064,-2.1147499230771927,2.1147499230771927,15.546588245636451,0.004198239086205516,0.0,0.0001820189687632423,0.1
uniform,0,45,0.31165648759007686,0.17575036003448513,0.9661689289523872,0.06299305308189332,0.31165648759007686,0.18006814568504886,-2.1219192534689175,2.1219192534689175,15.542783705961726,0.004472966389505812,0.0,0.00020662058360099156,0.1
uniform,0,46,0.3114219402467002,0.175648110036574,0.9656068204540159,0.06294564558729633,0.3114219402467002,0.17079789787001415,-2.1286307198136765,2.1286307198136765,15.538845950478168,0.004765671490075126,0.0,0.0002345473433766343,0.1
uniform,0,47,0.31115569157328005,0.17553916893184124,0.9650079283068939,0.0628918305136958,0.31115569157328005,0.16172390467323894,-2.1349165744657594,2.1349165744657594,15.534782006169241,0.005077530831575089,0.0,0.00026624867342017744,0.1
uniform,0,48,0.31085345683006166,0.17542309886296248,0.9643698454369071,0.06283074181514194,0.31085345683006166,0.15281733953442844,-2.140778708855215,2.140778708855215,15.530601505124343,0.005409797842609837,0.0,0.00030223474321838806,0.1
uniform,0,49,0.3105103721534888,0.17529943331979986,0.9636900072541443,0.06276139639124252,0.3105103721534888,0.144066944225328,-2.146196961117153,2.146196961117153,15.526317147500357,0.005763807974520472,0.0,0.0003430846765728468,0.1
uniform,0,50,0.3101209162820505,0.17516767526439897,0.9629656813452668,0.06268267826612896,0.3101209162820505,0.13547453311673446,-2.1511325528431477,2.1511325528431477,15.521945234523441,0.006140984068846247,0.0,0.0003894558714382934,0.1
uniform,0,51,0.309678821702622,0.1750272951332884,0.9621939564913622,0.06259332062905712,0.309678821702622,0.127052735052184,-2.1555289478824626,2.1555289478824626,15.517506281437077,0.006542842076025418,0.0,0.00044209457942850916,0.1
uniform,0,52,0.3091769737873802,0.17487772870905238,0.9613717309671413,0.06249188544762285,0.3091769737873802,0.11882396468238374,-2.1593109975500067,2.1593109975500067,15.513025721631927,0.00697099714832046,0.0,0.0005018479152418265,0.1
uniform,0,53,0.30860729629810135,0.17471837485262132,0.9604957000744466,0.06237674032550719,0.30860729629810135,0.11082015765451178,-2.1623826158626756,2.1623826158626756,15.508534714685984,0.007427170131456395,0.0,0.0005696774892788303,0.1
uniform,0,54,0.3079606214152644,0.17454859308716725,0.9595623428599737,0.06224603223232334,0.3079606214152644,0.10308304699701859,-2.1646228531966316,2.1646228531966316,15.504071072714643,0.00791319448106335,0.0,0.0006466748828369284,0.1
uniform,0,55,0.30722654220033596,0.17436770102389193,0.9585679079638152,0.06209765768279968,0.30722654220033596,0.09566488091040104,-2.165879880196406,2.165879880196406,15.499680321295001,0.008431023631722373,0.0,0.0007340792149284625,0.1
uniform,0,56,0.3063932451169144,0.17417497161936188,0.9575083985419518,0.06192922888539244,0.3063932451169144,0.08862955381553056,-2.1659618873342996,2.1659618873342996,15.495416913300987,0.008982738848231803,0.0,0.0008332970834215581,0.1
uniform,0,57,0.3054473199154953,0.17396963025336754,0.9563795562020929,0.06173803531555772,0.3054473199154953,0.08205417304387658,-2.16462299331108,2.16462299331108,15.491345616277803,0.009570557590650315,0.0,0.0009459252014191177,0.1
uniform,0,58,0.30437354382233295,0.1737508516155606,0.9551768438882966,0.06152100009528145,0.30437354382233295,0.07603112862781196,-2.161540362518366,2.161540362518366,15.487543096504648,0.01019684242673763,0.0,0.0010737760931623375,0.1
uniform,0,59,0.3031546365593517,0.17351775638835742,0.9538954276455839,0.06127463047688328,0.3031546365593517,0.07067078400328516,-2.1562742934762484,2.1562742934762484,15.484099725646992,0.010864110527613628,0.0,0.0012189072629812392,0.1
uniform,0,60,0.30177098225263965,0.17326940771277585,0.9525301571912513,0.06099496163423,0.30177098225263965,0.06610497178088295,-2.1481910158359403,2.1481910158359403,15.481121638879408,0.011575043784801071,0.0,0.0013836543067120566,0.1
uniform,0,61,0.30020031375420086,0.17300480742300087,0.9510755452147966,0.06067749285679081,0.30020031375420086,0.0624915757716483,-2.136288042315895,2.136288042315895,15.478733076551608,0.012332499589314464,0.0,0.0015706684984387875,0.1
uniform,0,62,0.29841735429675503,0.17272289203454524,0.9495257453232577,0.060317115119705236,0.29841735429675503,0.06002063244178107,-2.1186775826608044,2.1186775826608044,15.477079044842313,0.013139522316118393,0.0,0.0017829594574458318,0.1
uniform,0,63,0.2963934107147354,0.1724225284698808,0.947874528543325,0.05990802886424884,0.2963934107147354,0.05892263623045586,-2.0895811506994226,2.0895811506994226,15.476328334346212,0.013999355560114023,0.0,0.002023943582019627,0.1
uniform,0,64,0.2959748531459507,0.17236268609733174,0.9475455514591224,0.059823428606599255,0.2959748531459507,0.05889151783419177,-2.079441541671836,2.079441541671836,15.476676939087506,0.0027891353993320586,0.0,0.0004185575687847276,0.1
uniform,0,65,0.2959748531459507,0.17236268609733174,0.9475455514591224,0.059823428606599255,0.2959748531459507,0.05889151783419177,-2.079441541671836,2.079441541671836,15.476887933664655,0.0,0.0,0.0,0.1
uniform,0,66,0.2959748531459507,0.17236268609733174,0.9475455514591224,0.059823428606599255,0.2959748531459507,0.05889151783419177,-2.079441541671836,2.079441541671836,15.476887933664655,0.0,0.0,0.0,0.1
uniform,0,67,0.2959748531459507,0.17236268609733174,0.9475455514591224,0.059823428606599255,0.2959748531459507,0.05889151783419177,-2.079441541671836,2.079441541671836,15.476887933664655,0.0,0.0,0.0,0.1
uniform,0,68,0.2959748531459507,0.17236268609733174,0.9475455514591224,0.059823428606599255,0.2959748531459507,0.05889151783419177,-2.079441541671836,2.079441541671836,15.476887933664655,0.0,0.0,0.0,0.1
uniform,0,69,0.2959748531459507,0.17236268609733174,0.9475455514591224,0.059823428606599255,0.2959748531459507,0.05889151783419177,-2.079441541671836,2.079441541671836,15.476887933664655,0.0,0.0,0.0,0.1
uniform,0,70,0.2959748531459507,0.17236268609733174,0.9475455514591224,0.059823428606599255,0.2959748531459507,0.05889151783419177,-2.079441541671836,2.079441541671836,15.476887933664655,0.0,0.0,0.0,0.1
uniform,0,71,0.2959748531459507,0.17236268609733174,0.9475455514591224,0.059823428606599255,0.2959748531459507,0.05889151783419177,-2.079441541671836,2.079441541671836,15.476887933664655,0.0,0.0,0.0,0.1
uniform,0,72,0.2959748531459507,0.17236268609733174,0.9475455514591224,0.059823428606599255,0.2959748531459507,0.05889151783419177,-2.079441541671836,2.079441541671836,15.476887933664655,0.0,0.0,0.0,0.1
uniform,0,73,0.2959748531459507,0.17236268609733174,0.9475455514591224,0.059823428606599255,0.2959748531459507,0.05889151783419177,-2.079441541671836,2.079441541671836,15.476887933664655,0.0,0.0,0.0,0.1
uniform,0,74,0.2959748531459507,0.17236268609733174,0.9475455514591224,0.059823428606599255,0.2959748531459507,0.05889151783419177,-2.079441541671836,2.079441541671836,15.476887933664655,0.0,0.0,0.0,0.1
uniform,0,75,0.2959748531459507,0.17236268609733174,0.9475455514591224,0.059823428606599255,0.2959748531459507,0.05889151783419177,-2.079441541671836,2.079441541671836,15.476887933664655,0.0,0.0,0.0,0.1
uniform,0,76,0.2959748531459507,0.17236268609733174,0.9475455514591224,0.059823428606599255,0.2959748531459507,0.05889151783419177,-2.079441541671836,2.079441541671836,15.476887933664655,0.0,0.0,0.0,0.1
uniform,0,77,0.2959748531459507,0.17236268609733174,0.9475455514591224,0.059823428606599255,0.2959748531459507,0.05889151783419177,-2.079441541671836,2.079441541671836,15.476887933664655,0.0,0.0,0.0,0.1
uniform,0,78,0.2959748531459507,0.17236268609733174,0.9475455514591224,0.059823428606599255,0.2959748531459507,0.05889151783419177,-2.079441541671836,2.079441541671836,15.476887933664655,0.0,0.0,0.0,0.1
uniform,0,79,0.2959748531459507,0.17236268609733174,0.9475455514591224,0.059823428606599255,0.2959748531459507,0.05889151783419177,-2.079441541671836,2.079441541671836,15.476887933664655,0.0,0.0,0.0,0.1
uniform,0,80,0.2959748531459507,0.17236268609733174,0.9475455514591224,0.059823428606599255,0.2959748531459507,0.05889151783419177,-2.079441541671836,2.079441541671836,15.476887933664655,0.0,0.0,0.0,0.1
uniform,0,81,0.2959748531459507,0.17236268609733174,0.9475455514591224,0.059823428606599255,0.2959748531459507,0.05889151783419177,-2.079441541671836,2.079441541671836,15.476887933664655,0.0,0.0,0.0,0.1
uniform,0,82,0.2959748531459507,0.17236268609733174,0.9475455514591224,0.059823428606599255,0.2959748531459507,0.05889151783419177,-2.079441541671836,2.079441541671836,15.476887933664655,0.0,0.0,0.0,0.1
uniform,0,83,0.2959748531459507,0.17236268609733174,0.9475455514591224,0.059823428606599255,0.2959748531459507,0.05889151783419177,-2.079441541671836,2.079441541671836,15.476887933664655,0.0,0.0,0.0,0.1
uniform,0,84,0.2959748531459507,0.17236268609733174,0.9475455514591224,0.059823428606599255,0.2959748531459507,0.05889151783419177,-2.079441541671836,2.079441541671836,15.476887933664655,0.0,0.0,0.0,0.1
uniform,0,85,0.2959748531459507,0.17236268609733174,0.9475455514591224,0.059823428606599255,0.2959748531459507,0.05889151783419177,-2.079441541671836,2.079441541671836,15.476887933664655,0.0,0.0,0.0,0.1
uniform,0,86,0.2959748531459507,0.17236268609733174,0.9475455514591224,0.059823428606599255,0.2959748531459507,0.05889151783419177,-2.079441541671836,2.079441541671836,15.476887933664655,0.0,0.0,0.0,0.1
uniform,0,87,0.2959748531459507,0.17236268609733174,0.9475455514591224,0.059823428606599255,0.2959748531459507,0.05889151783419177,-2.079441541671836,2.079441541671836,15.476887933664655,0.0,0.0,0.0,0.1
uniform,0,88,0.2959748531459507,0.17236268609733174,0.9475455514591224,0.059823428606599255,0.2959748531459507,0.05889151783419177,-2.079441541671836,2.079441541671836,15.476887933664655,0.0,0.0,0.0,0.1
uniform,0,89,0.2959748531459507,0.17236268609733174,0.9475455514591224,0.059823428606599255,0.2959748531459507,0.05889151783419177,-2.079441541671836,2.079441541671836,15.476887933664655,0.0,0.0,0.0,0.1
uniform,0,90,0.2959748531459507,0.17236268609733174,0.9475455514591224,0.059823428606599255,0.2959748531459507,0.05889151783419177,-2.079441541671836,2.079441541671836,15.476887933664655,0.0,0.0,0.0,0.1
uniform,0,91,0.2959748531459507,0.17236268609733174,0.9475455514591224,0.059823428606599255,0.2959748531459507,0.05889151783419177,-2.079441541671836,2.079441541671836,15.476887933664655,0.0,0.0,0.0,0.1
uniform,0,92,0.2959748531459507,0.17236268609733174,0.9475455514591224,0.059823428606599255,0.2959748531459507,0.05889151783419177,-2.079441541671836,2.079441541671836,15.476887933664655,0.0,0.0,0.0,0.1
uniform,0,93,0.2959748531459507,0.17236268609733174,0.9475455514591224,0.059823428606599255,0.2959748531459507,0.05889151783419177,-2.079441541671836,2.079441541671836,15.476887933664655,0.0,0.0,0.0,0.1
uniform,0,94,0.2959748531459507,0.17236268609733174,0.9475455514591224,0.059823428606599255,0.2959748531459507,0.05889151783419177,-2.079441541671836,2.079441541671836,15.476887933664655,0.0,0.0,0.0,0.1
uniform,0,95,0.2959748531459507,0.17236268609733174,0.9475455514591224,0.059823428606599255,0.2959748531459507,0.05889151783419177,-2.079441541671836,2.079441541671836,15.476887933664655,0.0,0.0,0.0,0.1
uniform,0,96,0.2959748531459507,0.17236268609733174,0.9475455514591224,0.059823428606599255,0.2959748531459507,0.05889151783419177,-2.079441541671836,2.079441541671836,15.476887933664655,0.0,0.0,0.0,0.1
uniform,0,97,0.2959748531459507,0.17236268609733174,0.9475455514591224,0.059823428606599255,0.2959748531459507,0.05889151783419177,-2.079441541671836,2.079441541671836,15.476887933664655,0.0,0.0,0.0,0.1
uniform,0,98,0.2959748531459507,0.17236268609733174,0.9475455514591224,0.059823428606599255,0.2959748531459507,0.05889151783419177,-2.079441541671836,2.079441541671836,15.476887933664655,0.0,0.0,0.0,0.1
uniform,0,99,0.2959748531459507,0.17236268609733174,0.9475455514591224,0.059823428606599255,0.2959748531459507,0.05889151783419177,-2.079441541671836,2.079441541671836,15.476887933664655,0.0,0.0,0.0,0.1
uniform,0,100,0.2959748531459507,0.17236268609733174,0.9475455514591224,0.059823428606599255,0.2959748531459507,0.05889151783419177,-2.079441541671836,2.079441541671836,15.476887933664655,0.0,0.0,0.0,0.1
uniform,0,101,0.2959748531459507,0.17236268609733174,0.9475455514591224,0.059823428606599255,0.2959748531459507,0.05889151783419177,-2.079441541671836,2.079441541671836,15.476887933664655,0.0,0.0,0.0,0.1
uniform,0,102,0.2959748531459507,0.17236268609733174,0.9475455514591224,0.059823428606599255,0.2959748531459507,0.05889151783419177,-2.079441541671836,2.079441541671836,15.476887933664655,0.0,0.0,0.0,0.1
uniform,0,103,0.2959748531459507,0.17236268609733174,0.9475455514591224,0.059823428606599255,0.2959748531459507,0.05889151783419177,-2.079441541671836,2.079441541671836,15.476887933664655,0.0,0.0,0.0,0.1
uniform,0,104,0.2959748531459507,0.17236268609733174,0.9475455514591224,0.059823428606599255,0.2959748531459507,0.05889151783419177,-2.079441541671836,2.079441541671836,15.476887933664655,0.0,0.0,0.0,0.1
uniform,0,105,0.2959748531459507,0.17236268609733174,0.9475455514591224,0.059823428606599255,0.2959748531459507,0.05889151783419177,-2.079441541671836,2.079441541671836,15.476887933664655,0.0,0.0,0.0,0.1
uniform,0,106,0.2959748531459507,0.17236268609733174,0.9475455514591224,0.059823428606599255,0.2959748531459507,0.05889151783419177,-2.079441541671836,2.079441541671836,15.476887933664655,0.0,0.0,0.0,0.1
uniform,0,107,0.2959748531459507,0.17236268609733174,0.9475455514591224,0.059823428606599255,0.2959748531459507,0.05889151783419177,-2.079441541671836,2.079441541671836,15.476887933664655,0.0,0.0,0.0,0.1
uniform,0,108,0.2959748531459507,0.17236268609733174,0.9475455514591224,0.059823428606599255,0.2959748531459507,0.05889151783419177,-2.079441541671836,2.079441541671836,15.476887933664655,0.0,0.0,0.0,0.1
uniform,0,109,0.2959748531459507,0.17236268609733174,0.9475455514591224,0.059823428606599255,0.2959748531459507,0.05889151783419177,-2.079441541671836,2.079441541671836,15.476887933664655,0.0,0.0,0.0,0.1
uniform,0,110,0.2959748531459507,0.17236268609733174,0.9475455514591224,0.059823428606599255,0.2959748531459507,0.05889151783419177,-2.079441541671836,2.079441541671836,15.476887933664655,0.0,0.0,0.0,0.1
uniform,0,111,0.2959748531459507,0.17236268609733174,0.9475455514591224,0.059823428606599255,0.2959748531459507,0.05889151783419177,-2.079441541671836,2.079441541671836,15.476887933664655,0.0,0.0,0.0,0.1
uniform,0,112,0.2959748531459507,0.17236268609733174,0.9475455514591224,0.059823428606599255,0.2959748531459507,0.05889151783419177,-2.079441541671836,2.079441541671836,15.476887933664655,0.0,0.0,0.0,0.1
uniform,0,113,0.2959748531459507,0.17236268609733174,0.9475455514591224,0.059823428606599255,0.2959748531459507,0.05889151783419177,-2.079441541671836,2.079441541671836,15.476887933664655,0.0,0.0,0.0,0.1
uniform,0,114,0.2959748531459507,0.17236268609733174,0.9475455514591224,0.059823428606599255,0.2959748531459507,0.05889151783419177,-2.079441541671836,2.079441541671836,15.476887933664655,0.0,0.0,0.0,0.1
uniform,0,115,0.2959748531459507,0.17236268609733174,0.9475455514591224,0.059823428606599255,0.2959748531459507,0.05889151783419177,-2.079441541671836,2.079441541671836,15.476887933664655,0.0,0.0,0.0,0.1
uniform,0,116,0.2959748531459507,0.17236268609733174,0.9475455514591224,0.059823428606599255,0.2959748531459507,0.05889151783419177,-2.079441541671836,2.079441541671836,15.476887933664655,0.0,0.0,0.0,0.1
uniform,0,117,0.2959748531459507,0.17236268609733174,0.9475455514591224,0.059823428606599255,0.2959748531459507,0.05889151783419177,-2.079441541671836,2.079441541671836,15.476887933664655,0.0,0.0,0.0,0.1
uniform,0,118,0.2959748531459507,0.17236268609733174,0.9475455514591224,0.059823428606599255,0.2959748531459507,0.05889151783419177,-2.079441541671836,2.079441541671836,15.476887933664655,0.0,0.0,0.0,0.1
uniform,0,119,0.2959748531459507,0.17236268609733174,0.9475455514591224,0.059823428606599255,0.2959748531459507,0.05889151783419177,-2.079441541671836,2.079441541671836,15.476887933664655,0.0,0.0,0.0,0.1
uniform,0,120,0.2959748531459507,0.17236268609733174,0.9475455514591224,0.059823428606599255,0.2959748531459507,0.05889151783419177,-2.079441541671836,2.079441541671836,15.476887933664655,0.0,0.0,0.0,0.1
uniform,0,121,0.2959748531459507,0.17236268609733174,0.9475455514591224,0.059823428606599255,0.2959748531459507,0.05889151783419177,-2.079441541671836,2.079441541671836,15.476887933664655,0.0,0.0,0.0,0.1
uniform,0,122,0.2959748531459507,0.17236268609733174,0.9475455514591224,0.059823428606599255,0.2959748531459507,0.05889151783419177,-2.079441541671836,2.079441541671836,15.476887933664655,0.0,0.0,0.0,0.1
uniform,0,123,0.2959748531459507,0.17236268609733174,0.9475455514591224,0.059823428606599255,0.2959748531459507,0.05889151783419177,-2.079441541671836,2.079441541671836,15.476887933664655,0.0,0.0,0.0,0.1
uniform,0,124,0.2959748531459507,0.17236268609733174,0.9475455514591224,0.059823428606599255,0.2959748531459507,0.05889151783419177,-2.079441541671836,2.079441541671836,15.476887933664655,0.0,0.0,0.0,0.1
uniform,0,125,0.2959748531459507,0.17236268609733174,0.9475455514591224,0.059823428606599255,0.2959748531459507,0.05889151783419177,-2.079441541671836,2.079441541671836,15.476887933664655,0.0,0.0,0.0,0.1
uniform,0,126,0.2959748531459507,0.17236268609733174,0.9475455514591224,0.059823428606599255,0.2959748531459507,0.05889151783419177,-2.079441541671836,2.079441541671836,15.476887933664655,0.0,0.0,0.0,0.1
uniform,0,127,0.2959748531459507,0.17236268609733174,0.9475455514591224,0.059823428606599255,0.2959748531459507,0.05889151783419177,-2.079441541671836,2.079441541671836,15.476887933664655,0.0,0.0,0.0,0.1
uniform,0,128,0.2959748531459507,0.17236268609733174,0.9475455514591224,0.059823428606599255,0.2959748531459507,0.05889151783419177,-2.079441541671836,2.079441541671836,15.476887933664655,0.0,0.0,0.0,0.1
uniform,0,129,0.2959748531459507,0.17236268609733174,0.9475455514591224,0.059823428606599255,0.2959748531459507,0.05889151783419177,-2.079441541671836,2.079441541671836,15.476887933664655,0.0,0.0,0.0,0.1
uniform,0,130,0.2959748531459507,0.17236268609733174,0.9475455514591224,0.059823428606599255,0.2959748531459507,0.05889151783419177,-2.079441541671836,2.079441541671836,15.476887933664655,0.0,0.0,0.0,0.1
uniform,0,131,0.2959748531459507,0.17236268609733174,0.9475455514591224,0.059823428606599255,0.2959748531459507,0.05889151783419177,-2.079441541671836,2.079441541671836,15.476887933664655,0.0,0.0,0.0,0.1
uniform,0,132,0.2959748531459507,0.17236268609733174,0.9475455514591224,0.059823428606599255,0.2959748531459507,0.05889151783419177,-2.079441541671836,2.079441541671836,15.476887933664655,0.0,0.0,0.0,0.1
uniform,0,133,0.2959748531459507,0.17236268609733174,0.9475455514591224,0.059823428606599255,0.2959748531459507,0.05889151783419177,-2.079441541671836,2.079441541671836,15.476887933664655,0.0,0.0,0.0,0.1
uniform,0,134,0.2959748531459507,0.17236268609733174,0.9475455514591224,0.059823428606599255,0.2959748531459507,0.05889151783419177,-2.079441541671836,2.079441541671836,15.476887933664655,0.0,0.0,0.0,0.1
uniform,0,135,0.2959748531459507,0.17236268609733174,0.9475455514591224,0.059823428606599255,0.2959748531459507,0.05889151783419177,-2.079441541671836,2.079441541671836,15.476887933664655,0.0,0.0,0.0,0.1
uniform,0,136,0.2959748531459507,0.17236268609733174,0.9475455514591224,0.059823428606599255,0.2959748531459507,0.05889151783419177,-2.079441541671836,2.079441541671836,15.476887933664655,0.0,0.0,0.0,0.1
uniform,0,137,0.2959748531459507,0.17236268609733174,0.9475455514591224,0.059823428606599255,0.2959748531459507,0.05889151783419177,-2.079441541671836,2.079441541671836,15.476887933664655,0.0,0.0,0.0,0.1
uniform,0,138,0.2959748531459507,0.17236268609733174,0.9475455514591224,0.059823428606599255,0.2959748531459507,0.05889151783419177,-2.079441541671836,2.079441541671836,15.476887933664655,0.0,0.0,0.0,0.1
uniform,0,139,0.2959748531459507,0.17236268609733174,0.9475455514591224,0.059823428606599255,0.2959748531459507,0.05889151783419177,-2.079441541671836,2.079441541671836,15.476887933664655,0.0,0.0,0.0,0.1
uniform,0,140,0.2959748531459507,0.17236268609733174,0.9475455514591224,0.059823428606599255,0.2959748531459507,0.05889151783419177,-2.079441541671836,2.079441541671836,15.476887933664655,0.0,0.0,0.0,0.1
uniform,0,141,0.2959748531459507,0.17236268609733174,0.9475455514591224,0.059823428606599255,0.2959748531459507,0.05889151783419177,-2.079441541671836,2.079441541671836,15.476887933664655,0.0,0.0,0.0,0.1
uniform,0,142,0.2959748531459507,0.17236268609733174,0.9475455514591224,0.059823428606599255,0.2959748531459507,0.05889151783419177,-2.079441541671836,2.079441541671836,15.476887933664655,0.0,0.0,0.0,0.1
uniform,0,143,0.2959748531459507,0.17236268609733174,0.9475455514591224,0.059823428606599255,0.2959748531459507,0.05889151783419177,-2.079441541671836,2.079441541671836,15.476887933664655,0.0,0.0,0.0,0.1
uniform,0,144,0.2959748531459507,0.17236268609733174,0.9475455514591224,0.059823428606599255,0.2959748531459507,0.05889151783419177,-2.079441541671836,2.079441541671836,15.476887933664655,0.0,0.0,0.0,0.1
random,11,0,0.6034846295930845,0.1728498632620749,0.9502237561545643,0.1219783345439792,0.6034846295930845,0.06861269687222879,-3.022085758328383,3.022085758328383,14.015066729057002,0.11230237210964762,5.551115123125783e-17,0.30437317026705635,0.1
random,11,1,0.4970150546264765,0.17248268014174245,0.9482052059676322,0.10045834746031644,0.4970150546264765,0.05694378132006165,-2.914562089331274,2.914562089331274,14.760990629161979,0.07284292648545995,1.3877787807814457e-16,0.10646957496660797,0.1
random,11,2,0.42191836441664066,0.17138522802065126,0.9421720795478448,0.0852795529187928,0.42191836441664066,0.05628009514382783,-2.766821391804168,2.766821391804168,15.000735666505243,0.058304062055607786,1.3877787807814457e-17,0.07509669020983584,0.1
random,11,3,0.40026920634946744,0.17266065551857568,0.9491836066900041,0.08090375258218155,0.40026920634946744,0.08016822139329792,-2.7393358576804703,2.7393358576804703,15.090133682188332,0.04229678297074803,2.7755575615628914e-17,0.021649158067173213,0.1
random,11,4,0.37715853606369815,0.17546425327259008,0.9645960874307429,0.07623254650100272,0.37715853606369815,0.1132923941238497,-2.664251651473455,2.664251651473455,15.270173210988455,0.044335180161257065,2.7755575615628914e-17,0.023110670285769297,0.1
random,11,5,0.3697675630827569,0.17564173753148227,0.9655717882844204,0.0747386582880044,0.3697675630827569,0.11461903858263181,-2.6277626161415637,2.6277626161415637,15.469323465453044,0.02048886662559241,2.7755575615628914e-17,0.007390972980941268,0.1
random,11,6,0.36418847263919024,0.17519746414412707,0.963129442546188,0.073610993841877,0.36418847263919024,0.1141014271750151,-2.6083256194187334,2.6083256194187334,15.516274989224693,0.02197064080979378,1.3877787807814457e-17,0.005579090443566637,0.1
random,11,7,0.3537775549342225,0.1747892400073008,0.9608852737321238,0.07150670428675998,0.3537775549342225,0.11320157628049887,-2.5565095352409815,2.5565095352409815,15.555597621183136,0.029408906160001747,5.551115123125783e-17,0.010410917704967715,0.1
random,11,8,0.34116466696278913,0.17382246682893046,0.9555705409139226,0.06895734512647349,0.34116466696278913,0.11233827679375122,-2.4829100199437075,2.4829100199437075,15.596644622916843,0.030102283750560174,2.7755575615628914e-17,0.012612887971433395,0.1
random,11,9,0.3326807532095316,0.17229014941316798,0.9471467887457231,0.06724254806406132,0.3326807532095316,0.1075801389481979,-2.439996552604483,2.439996552604483,15.62410873671934,0.02659232679419072,1.3877787807814457e-17,0.008483913753257522,0.1
random,11,10,0.32603247685240855,0.17090442748912926,0.9395289297159515,0.06589877618013316,0.32603247685240855,0.10330127045633729,-2.405128271361834,2.405128271361834,15.602411296903444,0.025996424602574234,1.3877787807814457e-17,0.006648276357123062,0.1
random,11,11,0.3197456208341683,0.16967518873154852,0.9327713202657887,0.06462805578558092,0.3197456208341683,0.1050317725695261,-2.3580721869883337,2.3580721869883337,15.55813727551814,0.025218051275000323,0.0,0.00628685601824025,0.1
random,11,12,0.31369334351054645,0.1685623477462312,0.9266535952001479,0.06340474922244366,0.31369334351054645,0.1121760167048619,-2.2915517803892107,2.2915517803892107,15.51933398195672,0.024693482033153115,0.0,0.006052277323621846,0.1
random,11,13,0.309979626765625,0.16789945472036238,0.923009411229839,0.06265412035585753,0.309979626765625,0.1193952788005816,-2.221479306811183,2.221479306811183,15.486006315500008,0.015316923363689632,1.3877787807814457e-17,0.003713716744921436,0.1
random,11,14,0.309896467479069,0.16801811907721867,0.9236617559223117,0.06263731192233901,0.309896467479069,0.11681625731191542,-2.2241488533635168,2.2241488533635168,15.470643958103546,0.0028451779166274466,0.0,8.315928655600047e-05,0.1
random,11,15,0.30980072943476733,0.16812198690184996,0.9242327582511658,0.06261796102817574,0.30980072943476733,0.11460853225446796,-2.226535527795781,2.226535527795781,15.47073679949688,0.003026853670775001,1.3877787807814457e-17,9.573804430168531e-05,0.1
random,11,16,0.3096840106183724,0.16821298788039402,0.924733026460894,0.06259436943008749,0.3096840106183724,0.1127140274926611,-2.2286534630104438,2.2286534630104438,15.471007880985919,0.0033209329155240754,1.3877787807814457e-17,0.00011671881639491177,0.1
random,11,17,0.3095358986721009,0.1682928140927979,0.9251718625812038,0.06256443254744568,0.3095358986721009,0.1110848350061962,-2.2304859867881177,2.2304859867881177,15.471463064467015,0.0037250143715261367,1.3877787807814457e-17,0.00014811194627151192,0.1
random,11,18,0.3093430378669391,0.1683629514998875,0.9255574355238365,0.0625254508755706,0.3093430378669391,0.10968118639877977,-2.231979843420619,2.231979843420619,15.472113807487597,0.004239254174491066,1.3877787807814457e-17,0.0001928608051617875,0.1
random,11,19,0.3090879214031794,0.16842470763266992,0.9258969333015646,0.062473885881471014,0.3090879214031794,0.10846988500208693,-2.2330353524292623,2.2330353524292623,15.472977475237878,0.004867846051051228,1.3877787807814457e-17,0.000255116463759697,0.1
random,11,20,0.3087472995773557,0.1684792360004694,0.9261966972093257,0.06240503825721367,0.3087472995773557,0.10742308108968279,-2.233490987242482,2.233490987242482,15.474077920518699,0.005619460791656609,1.3877787807814457e-17,0.00034062182582372813,0.1
random,11,21,0.30829005887529876,0.1685275576742702,0.9264623404763559,0.06231261923510828,0.30829005887529876,0.10651730593284597,-2.2330996174182047,2.2330996174182047,15.47544636290494,0.006507218080680406,0.0,0.000457240702056938,0.1
random,11,22,0.30767437836049005,0.16857058044996112,0.9266988536140912,0.06218817582739766,0.30767437836049005,0.10573270332482324,-2.2314912461365988,2.2314912461365988,15.477122618434754,0.007548598495781704,1.3877787807814457e-17,0.000615680514808703,0.1
random,11,23,0.3068439033469556,0.1686091159521072,0.926910698442334,0.06202031743620778,0.3068439033469556,0.10505241327873058,-2.2281117177854197,2.2281117177854197,15.479156755381698,0.008765480213625635,1.3877787807814457e-17,0.0008304750135344485,0.1
random,11,24,0.3057225861825319,0.1686438950016109,0.9271018925713382,0.061793673055382026,0.3057225861825319,0.104462074079371,-2.222112955194155,2.222112955194155,15.481611281975379,0.010184355807100049,0.0,0.0011213171644237074,0.1
random,11,25,0.3042077217511797,0.16867558153950205,0.9272760859463646,0.06148748358288321,0.3042077217511797,0.10394941717348302,-2.212125253798932,2.212125253798932,15.484564010815182,0.011836733601300902,1.3877787807814457e-17,0.0015148644313521809,0.1
random,11,26,0.30216053982727004,0.16870478537355807,0.9274366309208708,0.06107370031593337,0.30216053982727004,0.10350393546600989,-2.1956321963805037,2.1956321963805037,15.488111795384894,0.013759716190188407,1.3877787807814457e-17,0.00204718192390968,0.1
random,11,27,0.29939349251381386,0.16873207399405565,0.9275866472123514,0.06051441544545148,0.29939349251381386,0.1031166100940904,-2.164971498427004,2.164971498427004,15.49237540071984,0.015996751792655573,0.0,0.0027670473134561724,0.1
random,11,28,0.29748242452509405,0.1693370540857533,0.9309124609809168,0.0601281439829595,0.29748242452509405,0.09216039236352619,-2.15454041767447,2.15454041767447,15.497505858406345,0.013356226679984285,1.3877787807814457e-17,0.0019110679887198168,0.1
random,11,29,0.29559317357996767,0.16999648181591667,0.9345375948563094,0.05974628225438898,0.29559317357996767,0.08152986271929116,-2.1438639582550763,2.1438639582550763,15.498893455257436,0.013684312936110988,1.3877787807814457e-17,0.001889250945126375,0.1
random,11,30,0.2936361465480871,0.17066763366995483,0.9382271808568913,0.059350721396165804,0.2936361465480871,0.07203427805405138,-2.1282811322461694,2.1282811322461694,15.500464668090864,0.013927609619985196,1.3877787807814457e-17,0.001957027031880554,0.1
random,11,31,0.2916089119907136,0.17135071809387978,0.9419823648924638,0.058940969957748626,0.2916089119907136,0.06366267589806374,-2.1050241218972063,2.1050241218972063,15.502556333571032,0.014175231933992276,1.3877787807814457e-17,0.002027234557373525,0.1
random,11,32,0.2902725413045294,0.17179456135111168,0.9444223460360491,0.058670858238840294,0.2902725413045294,0.05889151783419177,-2.079441541671836,2.079441541671836,15.50519516688837,0.00921054688591829,0.0,0.0013363706861841962,0.1
random,11,33,0.2902725413045294,0.17179456135111168,0.9444223460360491,0.058670858238840294,0.2902725413045294,0.05889151783419177,-2.079441541671836,2.079441541671836,15.5071854089628,0.0,0.0,0.0,0.1
random,11,34,0.2902725413045294,0.17179456135111168,0.9444223460360491,0.058670858238840294,0.2902725413045294,0.05889151783419177,-2.079441541671836,2.079441541671836,15.5071854089628,0.0,0.0,0.0,0.1
random,11,35,0.2902725413045294,0.17179456135111168,0.9444223460360491,0.058670858238840294,0.2902725413045294,0.05889151783419177,-2.079441541671836,2.079441541671836,15.5071854089628,0.0,0.0,0.0,0.1
random,11,36,0.2902725413045294,0.17179456135111168,0.9444223460360491,0.058670858238840294,0.2902725413045294,0.05889151783419177,-2.079441541671836,2.079441541671836,15.5071854089628,0.0,0.0,0.0,0.1
random,11,37,0.2902725413045294,0.17179456135111168,0.9444223460360491,0.058670858238840294,0.2902725413045294,0.05889151783419177,-2.079441541671836,2.079441541671836,15.5071854089628,0.0,0.0,0.0,0.1
random,11,38,0.2902725413045294,0.17179456135111168,0.9444223460360491,0.058670858238840294,0.2902725413045294,0.05889151783419177,-2.079441541671836,2.079441541671836,15.5071854089628,0.0,0.0,0.0,0.1
random,11,39,0.2902725413045294,0.17179456135111168,0.9444223460360491,0.058670858238840294,0.2902725413045294,0.05889151783419177,-2.079441541671836,2.079441541671836,15.5071854089628,0.0,0.0,0.0,0.1
random,11,40,0.2902725413045294,0.17179456135111168,0.9444223460360491,0.058670858238840294,0.2902725413045294,0.05889151783419177,-2.079441541671836,2.079441541671836,15.5071854089628,0.0,0.0,0.0,0.1
random,11,41,0.2902725413045294,0.17179456135111168,0.9444223460360491,0.058670858238840294,0.2902725413045294,0.05889151783419177,-2.079441541671836,2.079441541671836,15.5071854089628,0.0,0.0,0.0,0.1
random,11,42,0.2902725413045294,0.17179456135111168,0.9444223460360491,0.058670858238840294,0.2902725413045294,0.05889151783419177,-2.079441541671836,2.079441541671836,15.5071854089628,0.0,0.0,0.0,0.1
random,11,43,0.2902725413045294,0.17179456135111168,0.9444223460360491,0.058670858238840294,0.2902725413045294,0.05889151783419177,-2.079441541671836,2.079441541671836,15.5071854089628,0.0,0.0,0.0,0.1
random,11,44,0.2902725413045294,0.17179456135111168,0.9444223460360491,0.058670858238840294,0.2902725413045294,0.05889151783419177,-2.079441541671836,2.079441541671836,15.5071854089628,0.0,0.0,0.0,0.1
random,11,45,0.2902725413045294,0.17179456135111168,0.9444223460360491,0.058670858238840294,0.2902725413045294,0.05889151783419177,-2.079441541671836,2.079441541671836,15.5071854089628,0.0,0.0,0.0,0.1
random,11,46,0.2902725413045294,0.17179456135111168,0.9444223460360491,0.058670858238840294,0.2902725413045294,0.05889151783419177,-2.079441541671836,2.079441541671836,15.5071854089628,0.0,0.0,0.0,0.1
random,11,47,0.2902725413045294,0.17179456135111168,0.9444223460360491,0.058670858238840294,0.2902725413045294,0.05889151783419177,-2.079441541671836,2.079441541671836,15.5071854089628,0.0,0.0,0.0,0.1
random,11,48,0.2902725413045294,0.17179456135111168,0.9444223460360491,0.058670858238840294,0.2902725413045294,0.05889151783419177,-2.079441541671836,2.079441541671836,15.5071854089628,0.0,0.0,0.0,0.1
random,11,49,0.2902725413045294,0.17179456135111168,0.9444223460360491,0.058670858238840294,0.2902725413045294,0.05889151783419177,-2.079441541671836,2.079441541671836,15.5071854089628,0.0,0.0,0.0,0.1
random,11,50,0.2902725413045294,0.17179456135111168,0.9444223460360491,0.058670858238840294,0.2902725413045294,0.05889151783419177,-2.079441541671836,2.079441541671836,15.5071854089628,0.0,0.0,0.0,0.1
random,11,51,0.2902725413045294,0.17179456135111168,0.9444223460360491,0.058670858238840294,0.2902725413045294,0.05889151783419177,-2.079441541671836,2.079441541671836,15.5071854089628,0.0,0.0,0.0,0.1
random,11,52,0.2902725413045294,0.17179456135111168,0.9444223460360491,0.058670858238840294,0.2902725413045294,0.05889151783419177,-2.079441541671836,2.079441541671836,15.5071854089628,0.0,0.0,0.0,0.1
random,11,53,0.2902725413045294,0.17179456135111168,0.9444223460360491,0.058670858238840294,0.2902725413045294,0.05889151783419177,-2.079441541671836,2.079441541671836,15.5071854089628,0.0,0.0,0.0,0.1
random,11,54,0.2902725413045294,0.17179456135111168,0.9444223460360491,0.058670858238840294,0.2902725413045294,0.05889151783419177,-2.079441541671836,2.079441541671836,15.5071854089628,0.0,0.0,0.0,0.1
random,11,55,0.2902725413045294,0.17179456135111168,0.9444223460360491,0.058670858238840294,0.2902725413045294,0.05889151783419177,-2.079441541671836,2.079441541671836,15.5071854089628,0.0,0.0,0.0,0.1
random,11,56,0.2902725413045294,0.17179456135111168,0.9444223460360491,0.058670858238840294,0.2902725413045294,0.05889151783419177,-2.079441541671836,2.079441541671836,15.5071854089628,0.0,0.0,0.0,0.1
random,11,57,0.2902725413045294,0.17179456135111168,0.9444223460360491,0.058670858238840294,0.2902725413045294,0.05889151783419177,-2.079441541671836,2.079441541671836,15.5071854089628,0.0,0.0,0.0,0.1
random,11,58,0.2902725413045294,0.17179456135111168,0.9444223460360491,0.058670858238840294,0.2902725413045294,0.05889151783419177,-2.079441541671836,2.079441541671836,15.5071854089628,0.0,0.0,0.0,0.1
random,11,59,0.2902725413045294,0.17179456135111168,0.9444223460360491,0.058670858238840294,0.2902725413045294,0.05889151783419177,-2.079441541671836,2.079441541671836,15.5071854089628,0.0,0.0,0.0,0.1
random,11,60,0.2902725413045294,0.17179456135111168,0.9444223460360491,0.058670858238840294,0.2902725413045294,0.05889151783419177,-2.079441541671836,2.079441541671836,15.5071854089628,0.0,0.0,0.0,0.1
random,11,61,0.2902725413045294,0.17179456135111168,0.9444223460360491,0.058670858238840294,0.2902725413045294,0.05889151783419177,-2.079441541671836,2.079441541671836,15.5071854089628,0.0,0.0,0.0,0.1
random,11,62,0.2902725413045294,0.17179456135111168,0.9444223460360491,0.058670858238840294,0.2902725413045294,0.05889151783419177,-2.079441541671836,2.079441541671836,15.5071854089628,0.0,0.0,0.0,0.1
random,11,63,0.2902725413045294,0.17179456135111168,0.9444223460360491,0.058670858238840294,0.2902725413045294,0.05889151783419177,-2.079441541671836,2.079441541671836,15.5071854089628,0.0,0.0,0.0,0.1
random,11,64,0.2902725413045294,0.17179456135111168,0.9444223460360491,0.058670858238840294,0.2902725413045294,0.05889151783419177,-2.079441541671836,2.079441541671836,15.5071854089628,0.0,0.0,0.0,0.1
random,11,65,0.2902725413045294,0.17179456135111168,0.9444223460360491,0.058670858238840294,0.2902725413045294,0.05889151783419177,-2.079441541671836,2.079441541671836,15.5071854089628,0.0,0.0,0.0,0.1
random,11,66,0.2902725413045294,0.17179456135111168,0.9444223460360491,0.058670858238840294,0.2902725413045294,0.05889151783419177,-2.079441541671836,2.079441541671836,15.5071854089628,0.0,0.0,0.0,0.1
random,11,67,0.2902725413045294,0.17179456135111168,0.9444223460360491,0.058670858238840294,0.2902725413045294,0.05889151783419177,-2.079441541671836,2.079441541671836,15.5071854089628,0.0,0.0,0.0,0.1
random,11,68,0.2902725413045294,0.17179456135111168,0.9444223460360491,0.058670858238840294,0.2902725413045294,0.05889151783419177,-2.079441541671836,2.079441541671836,15.5071854089628,0.0,0.0,0.0,0.1
random,11,69,0.2902725413045294,0.17179456135111168,0.9444223460360491,0.058670858238840294,0.2902725413045294,0.05889151783419177,-2.079441541671836,2.079441541671836,15.5071854089628,0.0,0.0,0.0,0.1
random,11,70,0.2902725413045294,0.17179456135111168,0.9444223460360491,0.058670858238840294,0.2902725413045294,0.05889151783419177,-2.079441541671836,2.079441541671836,15.5071854089628,0.0,0.0,0.0,0.1
random,11,71,0.2902725413045294,0.17179456135111168,0.9444223460360491,0.058670858238840294,0.2902725413045294,0.05889151783419177,-2.079441541671836,2.079441541671836,15.5071854089628,0.0,0.0,0.0,0.1
random,11,72,0.2902725413045294,0.17179456135111168,0.9444223460360491,0.058670858238840294,0.2902725413045294,0.05889151783419177,-2.079441541671836,2.079441541671836,15.5071854089628,0.0,0.0,0.0,0.1
random,11,73,0.2902725413045294,0.17179456135111168,0.9444223460360491,0.058670858238840294,0.2902725413045294,0.05889151783419177,-2.079441541671836,2.079441541671836,15.5071854089628,0.0,0.0,0.0,0.1
random,11,74,0.2902725413045294,0.17179456135111168,0.9444223460360491,0.058670858238840294,0.2902725413045294,0.05889151783419177,-2.079441541671836,2.079441541671836,15.5071854089628,0.0,0.0,0.0,0.1
random,11,75,0.2902725413045294,0.17179456135111168,0.9444223460360491,0.058670858238840294,0.2902725413045294,0.05889151783419177,-2.079441541671836,2.079441541671836,15.5071854089628,0.0,0.0,0.0,0.1
random,11,76,0.2902725413045294,0.17179456135111168,0.9444223460360491,0.058670858238840294,0.2902725413045294,0.05889151783419177,-2.079441541671836,2.079441541671836,15.5071854089628,0.0,0.0,0.0,0.1
random,11,77,0.2902725413045294,0.17179456135111168,0.9444223460360491,0.058670858238840294,0.2902725413045294,0.05889151783419177,-2.079441541671836,2.079441541671836,15.5071854089628,0.0,0.0,0.0,0.1
random,11,78,0.2902725413045294,0.17179456135111168,0.9444223460360491,0.058670858238840294,0.2902725413045294,0.05889151783419177,-2.079441541671836,2.079441541671836,15.5071854089628,0.0,0.0,0.0,0.1
random,11,79,0.2902725413045294,0.17179456135111168,0.9444223460360491,0.058670858238840294,0.2902725413045294,0.05889151783419177,-2.079441541671836,2.079441541671836,15.5071854089628,0.0,0.0,0.0,0.1
random,11,80,0.2902725413045294,0.17179456135111168,0.9444223460360491,0.058670858238840294,0.2902725413045294,0.05889151783419177,-2.079441541671836,2.079441541671836,15.5071854089628,0.0,0.0,0.0,0.1
random,11,81,0.2902725413045294,0.17179456135111168,0.9444223460360491,0.058670858238840294,0.2902725413045294,0.05889151783419177,-2.079441541671836,2.079441541671836,15.5071854089628,0.0,0.0,0.0,0.1
random,11,82,0.2902725413045294,0.17179456135111168,0.9444223460360491,0.058670858238840294,0.2902725413045294,0.05889151783419177,-2.079441541671836,2.079441541671836,15.5071854089628,0.0,0.0,0.0,0.1
random,11,83,0.2902725413045294,0.17179456135111168,0.9444223460360491,0.058670858238840294,0.2902725413045294,0.05889151783419177,-2.079441541671836,2.079441541671836,15.5071854089628,0.0,0.0,0.0,0.1
random,11,84,0.2902725413045294,0.17179456135111168,0.9444223460360491,0.058670858238840294,0.2902725413045294,0.05889151783419177,-2.079441541671836,2.079441541671836,15.5071854089628,0.0,0.0,0.0,0.1
random,11,85,0.2902725413045294,0.17179456135111168,0.9444223460360491,0.058670858238840294,0.2902725413045294,0.05889151783419177,-2.079441541671836,2.079441541671836,15.5071854089628,0.0,0.0,0.0,0.1
random,11,86,0.2902725413045294,0.17179456135111168,0.9444223460360491,0.058670858238840294,0.2902725413045294,0.05889151783419177,-2.079441541671836,2.079441541671836,15.5071854089628,0.0,0.0,0.0,0.1
random,11,87,0.2902725413045294,0.17179456135111168,0.9444223460360491,0.058670858238840294,0.2902725413045294,0.05889151783419177,-2.079441541671836,2.079441541671836,15.5071854089628,0.0,0.0,0.0,0.1
random,11,88,0.2902725413045294,0.17179456135111168,0.9444223460360491,0.058670858238840294,0.2902725413045294,0.05889151783419177,-2.079441541671836,2.079441541671836,15.5071854089628,0.0,0.0,0.0,0.1
random,11,89,0.2902725413045294,0.17179456135111168,0.9444223460360491,0.058670858238840294,0.2902725413045294,0.05889151783419177,-2.079441541671836,2.079441541671836,15.5071854089628,0.0,0.0,0.0,0.1
random,11,90,0.2902725413045294,0.17179456135111168,0.9444223460360491,0.058670858238840294,0.2902725413045294,0.05889151783419177,-2.079441541671836,2.079441541671836,15.5071854089628,0.0,0.0,0.0,0.1
random,11,91,0.2902725413045294,0.17179456135111168,0.9444223460360491,0.058670858238840294,0.2902725413045294,0.05889151783419177,-2.079441541671836,2.079441541671836,15.5071854089628,0.0,0.0,0.0,0.1
random,11,92,0.2902725413045294,0.17179456135111168,0.9444223460360491,0.058670858238840294,0.2902725413045294,0.05889151783419177,-2.079441541671836,2.079441541671836,15.5071854089628,0.0,0.0,0.0,0.1
random,11,93,0.2902725413045294,0.17179456135111168,0.9444223460360491,0.058670858238840294,0.2902725413045294,0.05889151783419177,-2.079441541671836,2.079441541671836,15.5071854089628,0.0,0.0,0.0,0.1
random,11,94,0.2902725413045294,0.17179456135111168,0.9444223460360491,0.058670858238840294,0.2902725413045294,0.05889151783419177,-2.079441541671836,2.079441541671836,15.5071854089628,0.0,0.0,0.0,0.1
random,11,95,0.2902725413045294,0.17179456135111168,0.9444223460360491,0.058670858238840294,0.2902725413045294,0.05889151783419177,-2.079441541671836,2.079441541671836,15.5071854089628,0.0,0.0,0.0,0.1
random,11,96,0.2902725413045294,0.17179456135111168,0.9444223460360491,0.058670858238840294,0.2902725413045294,0.05889151783419177,-2.079441541671836,2.079441541671836,15.5071854089628,0.0,0.0,0.0,0.1
random,11,97,0.2902725413045294,0.17179456135111168,0.9444223460360491,0.058670858238840294,0.2902725413045294,0.05889151783419177,-2.079441541671836,2.079441541671836,15.5071854089628,0.0,0.0,0.0,0.1
random,11,98,0.2902725413045294,0.17179456135111168,0.9444223460360491,0.058670858238840294,0.2902725413045294,0.05889151783419177,-2.079441541671836,2.079441541671836,15.5071854089628,0.0,0.0,0.0,0.1
random,11,99,0.2902725413045294,0.17179456135111168,0.9444223460360491,0.058670858238840294,0.2902725413045294,0.05889151783419177,-2.079441541671836,2.079441541671836,15.5071854089628,0.0,0.0,0.0,0.1
random,11,100,0.2902725413045294,0.17179456135111168,0.9444223460360491,0.058670858238840294,0.2902725413045294,0.05889151783419177,-2.079441541671836,2.079441541671836,15.5071854089628,0.0,0.0,0.0,0.1
random,11,101,0.2902725413045294,0.17179456135111168,0.9444223460360491,0.058670858238840294,0.2902725413045294,0.05889151783419177,-2.079441541671836,2.079441541671836,15.5071854089628,0.0,0.0,0.0,0.1
random,11,102,0.2902725413045294,0.17179456135111168,0.9444223460360491,0.058670858238840294,0.2902725413045294,0.05889151783419177,-2.079441541671836,2.079441541671836,15.5071854089628,0.0,0.0,0.0,0.1
random,11,103,0.2902725413045294,0.17179456135111168,0.9444223460360491,0.058670858238840294,0.2902725413045294,0.05889151783419177,-2.079441541671836,2.079441541671836,15.5071854089628,0.0,0.0,0.0,0.1
random,11,104,0.2902725413045294,0.17179456135111168,0.9444223460360491,0.058670858238840294,0.2902725413045294,0.05889151783419177,-2.079441541671836,2.079441541671836,15.5071854089628,0.0,0.0,0.0,0.1
random,11,105,0.2902725413045294,0.17179456135111168,0.9444223460360491,0.058670858238840294,0.2902725413045294,0.05889151783419177,-2.079441541671836,2.079441541671836,15.5071854089628,0.0,0.0,0.0,0.1
random,11,106,0.2902725413045294,0.17179456135111168,0.9444223460360491,0.058670858238840294,0.2902725413045294,0.05889151783419177,-2.079441541671836,2.079441541671836,15.5071854089628,0.0,0.0,0.0,0.1
random,11,107,0.2902725413045294,0.17179456135111168,0.9444223460360491,0.058670858238840294,0.2902725413045294,0.05889151783419177,-2.079441541671836,2.079441541671836,15.5071854089628,0.0,0.0,0.0,0.1
random,11,108,0.2902725413045294,0.17179456135111168,0.9444223460360491,0.058670858238840294,0.2902725413045294,0.05889151783419177,-2.079441541671836,2.079441541671836,15.5071854089628,0.0,0.0,0.0,0.1
random,11,109,0.2902725413045294,0.17179456135111168,0.9444223460360491,0.058670858238840294,0.2902725413045294,0.05889151783419177,-2.079441541671836,2.079441541671836,15.5071854089628,0.0,0.0,0.0,0.1
random,11,110,0.2902725413045294,0.17179456135111168,0.9444223460360491,0.058670858238840294,0.2902725413045294,0.05889151783419177,-2.079441541671836,2.079441541671836,15.5071854089628,0.0,0.0,0.0,0.1
random,11,111,0.2902725413045294,0.17179456135111168,0.9444223460360491,0.058670858238840294,0.2902725413045294,0.05889151783419177,-2.079441541671836,2.079441541671836,15.5071854089628,0.0,0.0,0.0,0.1
random,11,112,0.2902725413045294,0.17179456135111168,0.9444223460360491,0.058670858238840294,0.2902725413045294,0.05889151783419177,-2.079441541671836,2.079441541671836,15.5071854089628,0.0,0.0,0.0,0.1
random,23,0,0.7118276482016569,0.16826675780607975,0.9250286209137272,0.14387698833115503,0.7118276482016569,0.1080110086687471,-3.103726826342254,3.103726826342254,13.863720941438704,0.1160950818093309,1.6653345369377348e-16,0.18509400431010425,0.1
random,23,1,0.4743733042102208,0.17899829162834763,0.9840240877625143,0.09588192103368559,0.4743733042102208,0.04753505315087,-2.9279253749310303,2.9279253749310303,14.471056685335604,0.09663428827161613,2.7755575615628914e-17,0.2374543439914361,0.1
random,23,2,0.42913300808315297,0.17752815603137112,0.975942173535614,0.08673780086019078,0.42913300808315297,0.1765063021163612,-2.7413377913875,2.7413377913875,15.135173374650995,0.06622707175523443,1.3877787807814457e-17,0.045240296127067814,0.1
random,23,3,0.4116848501650067,0.1773563470008368,0.9749976716467806,0.08321112074382911,0.4116848501650067,0.15659030433871593,-2.71442903104645,2.71442903104645,15.578091832449257,0.03727147039838557,2.7755575615628914e-17,0.017448157918146245,0.1
random,23,4,0.376892258430444,0.1774745034103526,0.9756472239527237,0.07617872557394356,0.376892258430444,0.12171900992447268,-2.6195790250467916,2.6195790250467916,15.583778269764167,0.051698661925863976,0.0,0.03479259173456273,0.1
random,23,5,0.3295680554297421,0.17542638465806493,0.9643879087463322,0.0666133991636602,0.3295680554297421,0.09694379474276399,-2.412855654901541,2.412855654901541,15.560277713438541,0.058184016269960226,1.3877787807814457e-17,0.04732420300070189,0.1
random,23,6,0.3160629057423724,0.17482722646793836,0.961094100263015,0.0638836930769563,0.3160629057423724,0.08885794735860011,-2.306903347323136,2.306903347323136,15.518003617009178,0.031018274776897625,0.0,0.01350514968736971,0.1
random,23,7,0.30951526448925687,0.17384790806360476,0.9557104013981439,0.06256026189730055,0.30951526448925687,0.09304662463464478,-2.2452252767816065,2.2452252767816065,15.48157650803853,0.023215829778437683,0.0,0.0065476412531155215,0.1
random,23,8,0.3051558299402156,0.1734260608531646,0.9533913411844831,0.06167911838548636,0.3051558299402156,0.09335974666240904,-2.194556799615805,2.194556799615805,15.488608344209668,0.01819815959448471,0.0,0.004359434549041252,0.1
random,23,9,0.3030196332851059,0.17350634320639055,0.9538326848904924,0.06124734316293529,0.3030196332851059,0.08730885997247134,-2.165821185128998,2.165821185128998,15.513957951322293,0.01298860660517309,0.0,0.0021361966551097233,0.1
random,23,10,0.3022251451585342,0.17331815528112407,0.9527981417683002,0.06108675856186679,0.3022251451585342,0.08140755305054956,-2.164392751228334,2.164392751228334,15.531990198820885,0.008771069423378736,0.0,0.0007944881265716797,0.1
random,23,11,0.30132327431786515,0.1731176525828872,0.9516958994902783,0.06090446940697519,0.30132327431786515,0.07594045746914307,-2.1614751271407115,2.1614751271407115,15.528703617735347,0.009345036794046638,0.0,0.0009018708406690612,0.1
random,23,12,0.30029950695615637,0.17290402924895998,0.9505215279117553,0.060697542118991206,0.30029950695615637,0.0710024620656578,-2.156701373011006,2.156701373011006,15.525711338645674,0.00995656384263857,1.3877787807814457e-17,0.0010237673617087828,0.1
random,23,13,0.2991373675858201,0.17267642668201463,0.9492703069851566,0.06046264661718333,0.2991373675858201,0.06670591892442199,-2.1495569559561702,2.1495569559561702,15.5231017997222,0.010608108425607441,0.0,0.0011621393703362681,0.1
random,23,14,0.2978181538986093,0.17243393009923141,0.9479372077891361,0.060196002728370286,0.2978181538986093,0.06318426177804262,-2.1392627821500403,2.1392627821500403,15.52097857301374,0.01130228923833441,1.3877787807814457e-17,0.0013192136872108295,0.1
random,23,15,0.2963206357893822,0.1721755648555931,0.9465168723162781,0.05989331935259627,0.2963206357893822,0.06059671611882671,-2.1244697401308015,2.1244697401308015,15.519462595885512,0.01204189634021913,0.0,0.0014975181092270473,0.1
random,23,16,0.29462071370003184,0.1719002925265807,0.9450035919381329,0.05954972540646165,0.29462071370003184,0.05913455831710973,-2.102031937619812,2.102031937619812,15.518694705387865,0.012829902368518078,0.0,0.0016999220893503808,0.1
random,23,17,0.2935354936669292,0.17173307641049324,0.9440843391084254,0.05933037709871621,0.2935354936669292,0.05889151783419177,-2.079441541671836,2.079441541671836,15.518838512563349,0.007793614605370615,0.0,0.0010852200331026296,0.1
random,23,18,0.2935354936669292,0.17173307641049324,0.9440843391084254,0.05933037709871621,0.2935354936669292,0.05889151783419177,-2.079441541671836,2.079441541671836,15.519410396324753,0.0,0.0,0.0,0.1
random,23,19,0.2935354936669292,0.17173307641049324,0.9440843391084254,0.05933037709871621,0.2935354936669292,0.05889151783419177,-2.079441541671836,2.079441541671836,15.519410396324753,0.0,0.0,0.0,0.1
random,23,20,0.2935354936669292,0.17173307641049324,0.9440843391084254,0.05933037709871621,0.2935354936669292,0.05889151783419177,-2.079441541671836,2.079441541671836,15.519410396324753,0.0,0.0,0.0,0.1
random,23,21,0.2935354936669292,0.17173307641049324,0.9440843391084254,0.05933037709871621,0.2935354936669292,0.05889151783419177,-2.079441541671836,2.079441541671836,15.519410396324753,0.0,0.0,0.0,0.1
random,23,22,0.2935354936669292,0.17173307641049324,0.9440843391084254,0.05933037709871621,0.2935354936669292,0.05889151783419177,-2.079441541671836,2.079441541671836,15.519410396324753,0.0,0.0,0.0,0.1
random,23,23,0.2935354936669292,0.17173307641049324,0.9440843391084254,0.05933037709871621,0.2935354936669292,0.05889151783419177,-2.079441541671836,2.079441541671836,15.519410396324753,0.0,0.0,0.0,0.1
random,23,24,0.2935354936669292,0.17173307641049324,0.9440843391084254,0.05933037709871621,0.2935354936669292,0.05889151783419177,-2.079441541671836,2.079441541671836,15.519410396324753,0.0,0.0,0.0,0.1
random,23,25,0.2935354936669292,0.17173307641049324,0.9440843391084254,0.05933037709871621,0.2935354936669292,0.05889151783419177,-2.079441541671836,2.079441541671836,15.519410396324753,0.0,0.0,0.0,0.1
random,23,26,0.2935354936669292,0.17173307641049324,0.9440843391084254,0.05933037709871621,0.2935354936669292,0.05889151783419177,-2.079441541671836,2.079441541671836,15.519410396324753,0.0,0.0,0.0,0.1
random,23,27,0.2935354936669292,0.17173307641049324,0.9440843391084254,0.05933037709871621,0.2935354936669292,0.05889151783419177,-2.079441541671836,2.079441541671836,15.519410396324753,0.0,0.0,0.0,0.1
random,23,28,0.2935354936669292,0.17173307641049324,0.9440843391084254,0.05933037709871621,0.2935354936669292,0.05889151783419177,-2.079441541671836,2.079441541671836,15.519410396324753,0.0,0.0,0.0,0.1
random,23,29,0.2935354936669292,0.17173307641049324,0.9440843391084254,0.05933037709871621,0.2935354936669292,0.05889151783419177,-2.079441541671836,2.079441541671836,15.519410396324753,0.0,0.0,0.0,0.1
random,23,30,0.2935354936669292,0.17173307641049324,0.9440843391084254,0.05933037709871621,0.2935354936669292,0.05889151783419177,-2.079441541671836,2.079441541671836,15.519410396324753,0.0,0.0,0.0,0.1
random,23,31,0.2935354936669292,0.17173307641049324,0.9440843391084254,0.05933037709871621,0.2935354936669292,0.05889151783419177,-2.079441541671836,2.079441541671836,15.519410396324753,0.0,0.0,0.0,0.1
random,23,32,0.2935354936669292,0.17173307641049324,0.9440843391084254,0.05933037709871621,0.2935354936669292,0.05889151783419177,-2.079441541671836,2.079441541671836,15.519410396324753,0.0,0.0,0.0,0.1
random,23,33,0.2935354936669292,0.17173307641049324,0.9440843391084254,0.05933037709871621,0.2935354936669292,0.05889151783419177,-2.079441541671836,2.079441541671836,15.519410396324753,0.0,0.0,0.0,0.1
random,23,34,0.2935354936669292,0.17173307641049324,0.9440843391084254,0.05933037709871621,0.2935354936669292,0.05889151783419177,-2.079441541671836,2.079441541671836,15.519410396324753,0.0,0.0,0.0,0.1
random,23,35,0.2935354936669292,0.17173307641049324,0.9440843391084254,0.05933037709871621,0.2935354936669292,0.05889151783419177,-2.079441541671836,2.079441541671836,15.519410396324753,0.0,0.0,0.0,0.1
random,23,36,0.2935354936669292,0.17173307641049324,0.9440843391084254,0.05933037709871621,0.2935354936669292,0.05889151783419177,-2.079441541671836,2.079441541671836,15.519410396324753,0.0,0.0,0.0,0.1
random,23,37,0.2935354936669292,0.17173307641049324,0.9440843391084254,0.05933037709871621,0.2935354936669292,0.05889151783419177,-2.079441541671836,2.079441541671836,15.519410396324753,0.0,0.0,0.0,0.1
random,23,38,0.2935354936669292,0.17173307641049324,0.9440843391084254,0.05933037709871621,0.2935354936669292,0.05889151783419177,-2.079441541671836,2.079441541671836,15.519410396324753,0.0,0.0,0.0,0.1
random,23,39,0.2935354936669292,0.17173307641049324,0.9440843391084254,0.05933037709871621,0.2935354936669292,0.05889151783419177,-2.079441541671836,2.079441541671836,15.519410396324753,0.0,0.0,0.0,0.1
random,23,40,0.2935354936669292,0.17173307641049324,0.9440843391084254,0.05933037709871621,0.2935354936669292,0.05889151783419177,-2.079441541671836,2.079441541671836,15.519410396324753,0.0,0.0,0.0,0.1
random,23,41,0.2935354936669292,0.17173307641049324,0.9440843391084254,0.05933037709871621,0.2935354936669292,0.05889151783419177,-2.079441541671836,2.079441541671836,15.519410396324753,0.0,0.0,0.0,0.1
random,23,42,0.2935354936669292,0.17173307641049324,0.9440843391084254,0.05933037709871621,0.2935354936669292,0.05889151783419177,-2.079441541671836,2.079441541671836,15.519410396324753,0.0,0.0,0.0,0.1
random,23,43,0.2935354936669292,0.17173307641049324,0.9440843391084254,0.05933037709871621,0.2935354936669292,0.05889151783419177,-2.079441541671836,2.079441541671836,15.519410396324753,0.0,0.0,0.0,0.1
random,23,44,0.2935354936669292,0.17173307641049324,0.9440843391084254,0.05933037709871621,0.2935354936669292,0.05889151783419177,-2.079441541671836,2.079441541671836,15.519410396324753,0.0,0.0,0.0,0.1
random,23,45,0.2935354936669292,0.17173307641049324,0.9440843391084254,0.05933037709871621,0.2935354936669292,0.05889151783419177,-2.079441541671836,2.079441541671836,15.519410396324753,0.0,0.0,0.0,0.1
random,23,46,0.2935354936669292,0.17173307641049324,0.9440843391084254,0.05933037709871621,0.2935354936669292,0.05889151783419177,-2.079441541671836,2.079441541671836,15.519410396324753,0.0,0.0,0.0,0.1
random,23,47,0.2935354936669292,0.17173307641049324,0.9440843391084254,0.05933037709871621,0.2935354936669292,0.05889151783419177,-2.079441541671836,2.079441541671836,15.519410396324753,0.0,0.0,0.0,0.1
random,23,48,0.2935354936669292,0.17173307641049324,0.9440843391084254,0.05933037709871621,0.2935354936669292,0.05889151783419177,-2.079441541671836,2.079441541671836,15.519410396324753,0.0,0.0,0.0,0.1
random,23,49,0.2935354936669292,0.17173307641049324,0.9440843391084254,0.05933037709871621,0.2935354936669292,0.05889151783419177,-2.079441541671836,2.079441541671836,15.519410396324753,0.0,0.0,0.0,0.1
random,23,50,0.2935354936669292,0.17173307641049324,0.9440843391084254,0.05933037709871621,0.2935354936669292,0.05889151783419177,-2.079441541671836,2.079441541671836,15.519410396324753,0.0,0.0,0.0,0.1
random,23,51,0.2935354936669292,0.17173307641049324,0.9440843391084254,0.05933037709871621,0.2935354936669292,0.05889151783419177,-2.079441541671836,2.079441541671836,15.519410396324753,0.0,0.0,0.0,0.1
random,23,52,0.2935354936669292,0.17173307641049324,0.9440843391084254,0.05933037709871621,0.2935354936669292,0.05889151783419177,-2.079441541671836,2.079441541671836,15.519410396324753,0.0,0.0,0.0,0.1
random,23,53,0.2935354936669292,0.17173307641049324,0.9440843391084254,0.05933037709871621,0.2935354936669292,0.05889151783419177,-2.079441541671836,2.079441541671836,15.519410396324753,0.0,0.0,0.0,0.1
random,23,54,0.2935354936669292,0.17173307641049324,0.9440843391084254,0.05933037709871621,0.2935354936669292,0.05889151783419177,-2.079441541671836,2.079441541671836,15.519410396324753,0.0,0.0,0.0,0.1
random,23,55,0.2935354936669292,0.17173307641049324,0.9440843391084254,0.05933037709871621,0.2935354936669292,0.05889151783419177,-2.079441541671836,2.079441541671836,15.519410396324753,0.0,0.0,0.0,0.1
random,23,56,0.2935354936669292,0.17173307641049324,0.9440843391084254,0.05933037709871621,0.2935354936669292,0.05889151783419177,-2.079441541671836,2.079441541671836,15.519410396324753,0.0,0.0,0.0,0.1
random,23,57,0.2935354936669292,0.17173307641049324,0.9440843391084254,0.05933037709871621,0.2935354936669292,0.05889151783419177,-2.079441541671836,2.079441541671836,15.519410396324753,0.0,0.0,0.0,0.1
random,23,58,0.2935354936669292,0.17173307641049324,0.9440843391084254,0.05933037709871621,0.2935354936669292,0.05889151783419177,-2.079441541671836,2.079441541671836,15.519410396324753,0.0,0.0,0.0,0.1
random,23,59,0.2935354936669292,0.17173307641049324,0.9440843391084254,0.05933037709871621,0.2935354936669292,0.05889151783419177,-2.079441541671836,2.079441541671836,15.519410396324753,0.0,0.0,0.0,0.1
random,23,60,0.2935354936669292,0.17173307641049324,0.9440843391084254,0.05933037709871621,0.2935354936669292,0.05889151783419177,-2.079441541671836,2.079441541671836,15.519410396324753,0.0,0.0,0.0,0.1
random,23,61,0.2935354936669292,0.17173307641049324,0.9440843391084254,0.05933037709871621,0.2935354936669292,0.05889151783419177,-2.079441541671836,2.079441541671836,15.519410396324753,0.0,0.0,0.0,0.1
random,23,62,0.2935354936669292,0.17173307641049324,0.9440843391084254,0.05933037709871621,0.2935354936669292,0.05889151783419177,-2.079441541671836,2.079441541671836,15.519410396324753,0.0,0.0,0.0,0.1
random,23,63,0.2935354936669292,0.17173307641049324,0.9440843391084254,0.05933037709871621,0.2935354936669292,0.05889151783419177,-2.079441541671836,2.079441541671836,15.519410396324753,0.0,0.0,0.0,0.1
random,23,64,0.2935354936669292,0.17173307641049324,0.9440843391084254,0.05933037709871621,0.2935354936669292,0.05889151783419177,-2.079441541671836,2.079441541671836,15.519410396324753,0.0,0.0,0.0,0.1
random,23,65,0.2935354936669292,0.17173307641049324,0.9440843391084254,0.05933037709871621,0.2935354936669292,0.05889151783419177,-2.079441541671836,2.079441541671836,15.519410396324753,0.0,0.0,0.0,0.1
random,23,66,0.2935354936669292,0.17173307641049324,0.9440843391084254,0.05933037709871621,0.2935354936669292,0.05889151783419177,-2.079441541671836,2.079441541671836,15.519410396324753,0.0,0.0,0.0,0.1
random,23,67,0.2935354936669292,0.17173307641049324,0.9440843391084254,0.05933037709871621,0.2935354936669292,0.05889151783419177,-2.079441541671836,2.079441541671836,15.519410396324753,0.0,0.0,0.0,0.1
random,23,68,0.2935354936669292,0.17173307641049324,0.9440843391084254,0.05933037709871621,0.2935354936669292,0.05889151783419177,-2.079441541671836,2.079441541671836,15.519410396324753,0.0,0.0,0.0,0.1
random,23,69,0.2935354936669292,0.17173307641049324,0.9440843391084254,0.05933037709871621,0.2935354936669292,0.05889151783419177,-2.079441541671836,2.079441541671836,15.519410396324753,0.0,0.0,0.0,0.1
random,23,70,0.2935354936669292,0.17173307641049324,0.9440843391084254,0.05933037709871621,0.2935354936669292,0.05889151783419177,-2.079441541671836,2.079441541671836,15.519410396324753,0.0,0.0,0.0,0.1
random,23,71,0.2935354936669292,0.17173307641049324,0.9440843391084254,0.05933037709871621,0.2935354936669292,0.05889151783419177,-2.079441541671836,2.079441541671836,15.519410396324753,0.0,0.0,0.0,0.1
random,23,72,0.2935354936669292,0.17173307641049324,0.9440843391084254,0.05933037709871621,0.2935354936669292,0.05889151783419177,-2.079441541671836,2.079441541671836,15.519410396324753,0.0,0.0,0.0,0.1
random,23,73,0.2935354936669292,0.17173307641049324,0.9440843391084254,0.05933037709871621,0.2935354936669292,0.05889151783419177,-2.079441541671836,2.079441541671836,15.519410396324753,0.0,0.0,0.0,0.1
random,23,74,0.2935354936669292,0.17173307641049324,0.9440843391084254,0.05933037709871621,0.2935354936669292,0.05889151783419177,-2.079441541671836,2.079441541671836,15.519410396324753,0.0,0.0,0.0,0.1
random,23,75,0.2935354936669292,0.17173307641049324,0.9440843391084254,0.05933037709871621,0.2935354936669292,0.05889151783419177,-2.079441541671836,2.079441541671836,15.519410396324753,0.0,0.0,0.0,0.1
random,23,76,0.2935354936669292,0.17173307641049324,0.9440843391084254,0.05933037709871621,0.2935354936669292,0.05889151783419177,-2.079441541671836,2.079441541671836,15.519410396324753,0.0,0.0,0.0,0.1
random,23,77,0.2935354936669292,0.17173307641049324,0.9440843391084254,0.05933037709871621,0.2935354936669292,0.05889151783419177,-2.079441541671836,2.079441541671836,15.519410396324753,0.0,0.0,0.0,0.1
random,23,78,0.2935354936669292,0.17173307641049324,0.9440843391084254,0.05933037709871621,0.2935354936669292,0.05889151783419177,-2.079441541671836,2.079441541671836,15.519410396324753,0.0,0.0,0.0,0.1
random,23,79,0.2935354936669292,0.17173307641049324,0.9440843391084254,0.05933037709871621,0.2935354936669292,0.05889151783419177,-2.079441541671836,2.079441541671836,15.519410396324753,0.0,0.0,0.0,0.1
random,23,80,0.2935354936669292,0.17173307641049324,0.9440843391084254,0.05933037709871621,0.2935354936669292,0.05889151783419177,-2.079441541671836,2.079441541671836,15.519410396324753,0.0,0.0,0.0,0.1
random,23,81,0.2935354936669292,0.17173307641049324,0.9440843391084254,0.05933037709871621,0.2935354936669292,0.05889151783419177,-2.079441541671836,2.079441541671836,15.519410396324753,0.0,0.0,0.0,0.1
random,23,82,0.2935354936669292,0.17173307641049324,0.9440843391084254,0.05933037709871621,0.2935354936669292,0.05889151783419177,-2.079441541671836,2.079441541671836,15.519410396324753,0.0,0.0,0.0,0.1
random,23,83,0.2935354936669292,0.17173307641049324,0.9440843391084254,0.05933037709871621,0.2935354936669292,0.05889151783419177,-2.079441541671836,2.079441541671836,15.519410396324753,0.0,0.0,0.0,0.1
random,23,84,0.2935354936669292,0.17173307641049324,0.9440843391084254,0.05933037709871621,0.2935354936669292,0.05889151783419177,-2.079441541671836,2.079441541671836,15.519410396324753,0.0,0.0,0.0,0.1
random,23,85,0.2935354936669292,0.17173307641049324,0.9440843391084254,0.05933037709871621,0.2935354936669292,0.05889151783419177,-2.079441541671836,2.079441541671836,15.519410396324753,0.0,0.0,0.0,0.1
random,23,86,0.2935354936669292,0.17173307641049324,0.9440843391084254,0.05933037709871621,0.2935354936669292,0.05889151783419177,-2.079441541671836,2.079441541671836,15.519410396324753,0.0,0.0,0.0,0.1
random,23,87,0.2935354936669292,0.17173307641049324,0.9440843391084254,0.05933037709871621,0.2935354936669292,0.05889151783419177,-2.079441541671836,2.079441541671836,15.519410396324753,0.0,0.0,0.0,0.1
random,23,88,0.2935354936669292,0.17173307641049324,0.9440843391084254,0.05933037709871621,0.2935354936669292,0.05889151783419177,-2.079441541671836,2.079441541671836,15.519410396324753,0.0,0.0,0.0,0.1
random,23,89,0.2935354936669292,0.17173307641049324,0.9440843391084254,0.05933037709871621,0.2935354936669292,0.05889151783419177,-2.079441541671836,2.079441541671836,15.519410396324753,0.0,0.0,0.0,0.1
random,23,90,0.2935354936669292,0.17173307641049324,0.9440843391084254,0.05933037709871621,0.2935354936669292,0.05889151783419177,-2.079441541671836,2.079441541671836,15.519410396324753,0.0,0.0,0.0,0.1
random,23,91,0.2935354936669292,0.17173307641049324,0.9440843391084254,0.05933037709871621,0.2935354936669292,0.05889151783419177,-2.079441541671836,2.079441541671836,15.519410396324753,0.0,0.0,0.0,0.1
random,23,92,0.2935354936669292,0.17173307641049324,0.9440843391084254,0.05933037709871621,0.2935354936669292,0.05889151783419177,-2.079441541671836,2.079441541671836,15.519410396324753,0.0,0.0,0.0,0.1
random,23,93,0.2935354936669292,0.17173307641049324,0.9440843391084254,0.05933037709871621,0.2935354936669292,0.05889151783419177,-2.079441541671836,2.079441541671836,15.519410396324753,0.0,0.0,0.0,0.1
random,23,94,0.2935354936669292,0.17173307641049324,0.9440843391084254,0.05933037709871621,0.2935354936669292,0.05889151783419177,-2.079441541671836,2.079441541671836,15.519410396324753,0.0,0.0,0.0,0.1
random,23,95,0.2935354936669292,0.17173307641049324,0.9440843391084254,0.05933037709871621,0.2935354936669292,0.05889151783419177,-2.079441541671836,2.079441541671836,15.519410396324753,0.0,0.0,0.0,0.1
random,23,96,0.2935354936669292,0.17173307641049324,0.9440843391084254,0.05933037709871621,0.2935354936669292,0.05889151783419177,-2.079441541671836,2.079441541671836,15.519410396324753,0.0,0.0,0.0,0.1
random,23,97,0.2935354936669292,0.17173307641049324,0.9440843391084254,0.05933037709871621,0.2935354936669292,0.05889151783419177,-2.079441541671836,2.079441541671836,15.519410396324753,0.0,0.0,0.0,0.1
random,37,0,0.9255996357937447,0.15485578200334732,0.8513032064964255,0.1870852984354591,0.9255996357937447,0.2000011637823399,-3.052890551864439,3.052890551864439,14.008755547267825,0.1258193886274728,8.326672684688674e-17,0.035399337646155216,0.1
random,37,1,0.8206958720736897,0.17634206573007521,0.9694217681388966,0.16588179836521627,0.8206958720736897,0.049016603853845174,-3.098518838736591,3.098518838736591,13.463472812066618,0.1417713036516351,8.326672684688674e-17,0.10490376372005505,0.1
random,37,2,0.5854750086268186,0.15006101744521072,0.8249444978325872,0.11833816963586102,0.5854750086268186,0.2767392656291446,-2.5671396103370463,2.5671396103370463,14.445552333118123,0.16208171061290444,5.551115123125783e-17,0.2352208634468711,0.1
random,37,3,0.514038016222755,0.16032049918101732,0.8813449084965873,0.10389908547202066,0.514038016222755,0.19525020911496377,-2.5933821940687367,2.5933821940687367,14.469754205061317,0.0805033426221195,5.551115123125783e-17,0.07143699240406354,0.1
random,37,4,0.44348459755310327,0.15687555803356174,0.8624067105999339,0.08963859219067392,0.44348459755310327,0.24762884435373883,-2.3872300680078316,2.3872300680078316,14.631722254349144,0.07141274455268283,5.551115123125783e-17,0.07055341866965176,0.1
random,37,5,0.40256575988929355,0.15862725290347066,0.8720364670111254,0.08136793967534406,0.40256575988929355,0.21774146718282078,-2.3489779040592706,2.3489779040592706,14.820631585524431,0.05699930866745431,2.7755575615628914e-17,0.040918837663809715,0.1
random,37,6,0.3406537277317698,0.16355750666531935,0.8991400131752081,0.06885407237784533,0.3406537277317698,0.1741267136706437,-2.34248184403213,2.34248184403213,14.92184447992419,0.06680645956801112,8.326672684688674e-17,0.06191203215752378,0.1
random,37,7,0.30521625776725053,0.1660591778388436,0.9128926846225993,0.06169133226027353,0.30521625776725053,0.18940201164593617,-2.271877178370507,2.271877178370507,15.123923733224393,0.03801614018160761,1.3877787807814457e-17,0.03543746996451924,0.1
random,37,8,0.2990483152771037,0.16633289192839365,0.9143973987448797,0.06044464706628864,0.2990483152771037,0.23765764174600051,-2.2237680331018668,2.2237680331018668,15.261004809580841,0.02459687297136634,1.3877787807814457e-17,0.006167942490146849,0.1
random,37,9,0.29405121756973496,0.1664437543026636,0.9150068528671272,0.05943461694123082,0.29405121756973496,0.27985096171923807,-2.1838560902313833,2.1838560902313833,15.312639194987575,0.021070391279820057,1.3877787807814457e-17,0.004997097707368725,0.1
random,37,10,0.2896527727536554,0.16701009719683135,0.9181202627478836,0.05854558854358838,0.2896527727536554,0.3048223898636086,-2.160593356629622,2.160593356629622,15.366974857161715,0.019034595449029097,2.7755575615628914e-17,0.004398444816079539,0.1
random,37,11,0.2866515021060713,0.16758168139260118,0.9212624861272536,0.057938961668344044,0.2866515021060713,0.3284745393995502,-2.139250679414026,2.139250679414026,15.426160031581514,0.012656012753224942,0.0,0.003001270647584098,0.1
random,37,12,0.2864194136383252,0.1676543298356523,0.9216618632232605,0.05789205116992484,0.2864194136383252,0.3210540488746413,-2.143950321941664,2.143950321941664,15.470826237268916,0.004752252324071312,1.3877787807814457e-17,0.00023208846774613878,0.1
random,37,13,0.2861609247598998,0.16773099895268154,0.9220833435472231,0.05783980453207803,0.2861609247598998,0.31374091732683357,-2.1483224498433664,2.1483224498433664,15.478462588470801,0.005015262189861515,0.0,0.00025848887842538915,0.1
random,37,14,0.2858730323845549,0.16781191126489595,0.9225281503858317,0.05778161476095468,0.2858730323845549,0.30653990386972263,-2.1523380059895283,2.1523380059895283,15.486674227840297,0.005292828140805814,1.3877787807814457e-17,0.0002878923753448781,0.1
random,37,15,0.2855523918204943,0.16789730160877303,0.9229975747276675,0.057716805816246795,0.2855523918204943,0.2994609387593454,-2.1559588530173937,2.1559588530173937,15.495510088867217,0.005585755772596896,0.0,0.0003206405640606147,0.1
random,37,16,0.2851952779122222,0.1679874178176403,0.9234929790101136,0.05764462475704916,0.2851952779122222,0.2925188383419009,-2.1591371581251897,2.1591371581251897,15.505023704761673,0.0058948952660211286,1.3877787807814457e-17,0.00035711390827208866,0.1
random,37,17,0.2847975417622283,0.1680825214409762,0.9240158010736356,0.05756423299430137,0.2847975417622283,0.2857332606628806,-2.161814254064549,2.161814254064549,15.515273667626293,0.006221143854487317,0.0,0.00039773614999388807,0.1
random,37,18,0.28435456252969893,0.16818288850352028,0.9245675583349082,0.05747469654818187,0.28435456252969893,0.27912884694022105,-2.1639189137087316,2.1639189137087316,15.526324134179681,0.006565448428119134,1.3877787807814457e-17,0.00044297923252939464,0.1
random,37,19,0.28386119374625945,0.1682888103063958,0.925149852190903,0.05737497519726609,0.28386119374625945,0.2727355217332087,-2.16536488509534,2.16536488509534,15.538245382576184,0.006928808281968967,0.0,0.000493368783439474,0.1
random,37,20,0.2833117035250529,0.16840059427256962,0.9257643726667132,0.05726391039338505,0.2833117035250529,0.26658894251117937,-2.1660474102490688,2.1660474102490688,15.55111442525365,0.007312278016329663,1.3877787807814457e-17,0.0005494902212065389,0.1
random,37,21,0.2826997079685105,0.16851856483910385,0.9264129033206129,0.057140211801781,0.2826997079685105,0.2607311025582067,-2.1658382522384163,2.1658382522384163,15.565015683146399,0.007716970597561946,0.0,0.0006119955565423996,0.1
random,37,22,0.2820180970011576,0.16864306439878818,0.9270973264205806,0.05700244231018569,0.2820180970011576,0.2552111026880581,-2.1645784003827067,2.1645784003827067,15.580041727022174,0.008144060588320859,0.0,0.0006816109673529192,0.1
random,37,23,0.28125895176578913,0.16877445429388624,0.9278196284073142,0.05684900133265876,0.28125895176578913,0.2500861191244878,-2.1620669371530843,2.1620669371530843,15.596294092135917,0.008594787556556922,1.3877787807814457e-17,0.0007591452353684636,0.1
random,37,24,0.2804134526233374,0.16891311586488014,0.9285819056595928,0.0566781062142128,0.2804134526233374,0.24542260893784223,-2.1580431030510505,2.1580431030510505,15.613884172834291,0.009070459673185757,0.0,0.0008454991424517444,0.1
random,37,25,0.27947177668758605,0.169059451557257,0.9293863705787172,0.056487771520186636,0.27947177668758605,0.24129781270449568,-2.1521552129751362,2.1521552129751362,15.63293420418577,0.00957245750886804,0.0,0.0009416759357513405,0.1
random,37,26,0.27842298370430557,0.1692138860895497,0.9302353580096917,0.05627578596975394,0.27842298370430557,0.23780163945727112,-2.1439010228526643,2.1439010228526643,15.65357833814312,0.010102238040919606,0.0,0.0010487929832804777,0.1
random,37,27,0.27725488894896855,0.16937686768602203,0.9311313320177775,0.05603968674558373,0.27725488894896855,0.23503905598348152,-2.1324947377094747,2.1324947377094747,15.675963822156092,0.010661338881980714,0.0,0.0011680947553370236,0.1
random,37,28,0.2759539216663897,0.16954886937757588,0.9320768930400933,0.05577673088118637,0.2759539216663897,0.2331331584698359,-2.1164853109680477,2.1164853109680477,15.700252288527894,0.011251382742718167,1.3877787807814457e-17,0.0013009672825788354,0.1
random,37,29,0.2745049674076643,0.1697303903746561,0.9330747854330133,0.0554838633935274,0.2745049674076643,0.2322291921707791,-2.0917811704110694,2.0917811704110694,15.726621163131568,0.011874082141512123,0.0,0.0014489542587254323,0.1
random,37,30,0.274054538295042,0.16978490991915096,0.9333745008355948,0.05539282115269214,0.274054538295042,0.232178312973178,-2.079441541671836,2.079441541671836,15.755265202349987,0.0035663617987051212,0.0,0.0004504291126222748,0.1
random,37,31,0.274054538295042,0.16978490991915096,0.9333745008355948,0.05539282115269214,0.274054538295042,0.232178312973178,-2.079441541671836,2.079441541671836,15.764031327097898,0.0,0.0,0.0,0.1
random,37,32,0.274054538295042,0.16978490991915096,0.9333745008355948,0.05539282115269214,0.274054538295042,0.232178312973178,-2.079441541671836,2.079441541671836,15.764031327097898,0.0,0.0,0.0,0.1
random,37,33,0.274054538295042,0.16978490991915096,0.9333745008355948,0.05539282115269214,0.274054538295042,0.232178312973178,-2.079441541671836,2.079441541671836,15.764031327097898,0.0,0.0,0.0,0.1
random,37,34,0.274054538295042,0.16978490991915096,0.9333745008355948,0.05539282115269214,0.274054538295042,0.232178312973178,-2.079441541671836,2.079441541671836,15.764031327097898,0.0,0.0,0.0,0.1
random,37,35,0.274054538295042,0.16978490991915096,0.9333745008355948,0.05539282115269214,0.274054538295042,0.232178312973178,-2.079441541671836,2.079441541671836,15.764031327097898,0.0,0.0,0.0,0.1
random,37,36,0.274054538295042,0.16978490991915096,0.9333745008355948,0.05539282115269214,0.274054538295042,0.232178312973178,-2.079441541671836,2.079441541671836,15.764031327097898,0.0,0.0,0.0,0.1
random,37,37,0.274054538295042,0.16978490991915096,0.9333745008355948,0.05539282115269214,0.274054538295042,0.232178312973178,-2.079441541671836,2.079441541671836,15.764031327097898,0.0,0.0,0.0,0.1
random,37,38,0.274054538295042,0.16978490991915096,0.9333745008355948,0.05539282115269214,0.274054538295042,0.232178312973178,-2.079441541671836,2.079441541671836,15.764031327097898,0.0,0.0,0.0,0.1
random,37,39,0.274054538295042,0.16978490991915096,0.9333745008355948,0.05539282115269214,0.274054538295042,0.232178312973178,-2.079441541671836,2.079441541671836,15.764031327097898,0.0,0.0,0.0,0.1
random,37,40,0.274054538295042,0.16978490991915096,0.9333745008355948,0.05539282115269214,0.274054538295042,0.232178312973178,-2.079441541671836,2.079441541671836,15.764031327097898,0.0,0.0,0.0,0.1
random,37,41,0.274054538295042,0.16978490991915096,0.9333745008355948,0.05539282115269214,0.274054538295042,0.232178312973178,-2.079441541671836,2.079441541671836,15.764031327097898,0.0,0.0,0.0,0.1
random,37,42,0.274054538295042,0.16978490991915096,0.9333745008355948,0.05539282115269214,0.274054538295042,0.232178312973178,-2.079441541671836,2.079441541671836,15.764031327097898,0.0,0.0,0.0,0.1
random,37,43,0.274054538295042,0.16978490991915096,0.9333745008355948,0.05539282115269214,0.274054538295042,0.232178312973178,-2.079441541671836,2.079441541671836,15.764031327097898,0.0,0.0,0.0,0.1
random,37,44,0.274054538295042,0.16978490991915096,0.9333745008355948,0.05539282115269214,0.274054538295042,0.232178312973178,-2.079441541671836,2.079441541671836,15.764031327097898,0.0,0.0,0.0,0.1
random,37,45,0.274054538295042,0.16978490991915096,0.9333745008355948,0.05539282115269214,0.274054538295042,0.232178312973178,-2.079441541671836,2.079441541671836,15.764031327097898,0.0,0.0,0.0,0.1
random,37,46,0.274054538295042,0.16978490991915096,0.9333745008355948,0.05539282115269214,0.274054538295042,0.232178312973178,-2.079441541671836,2.079441541671836,15.764031327097898,0.0,0.0,0.0,0.1
random,37,47,0.274054538295042,0.16978490991915096,0.9333745008355948,0.05539282115269214,0.274054538295042,0.232178312973178,-2.079441541671836,2.079441541671836,15.764031327097898,0.0,0.0,0.0,0.1
random,37,48,0.274054538295042,0.16978490991915096,0.9333745008355948,0.05539282115269214,0.274054538295042,0.232178312973178,-2.079441541671836,2.079441541671836,15.764031327097898,0.0,0.0,0.0,0.1
random,37,49,0.274054538295042,0.16978490991915096,0.9333745008355948,0.05539282115269214,0.274054538295042,0.232178312973178,-2.079441541671836,2.079441541671836,15.764031327097898,0.0,0.0,0.0,0.1
random,37,50,0.274054538295042,0.16978490991915096,0.9333745008355948,0.05539282115269214,0.274054538295042,0.232178312973178,-2.079441541671836,2.079441541671836,15.764031327097898,0.0,0.0,0.0,0.1
random,37,51,0.274054538295042,0.16978490991915096,0.9333745008355948,0.05539282115269214,0.274054538295042,0.232178312973178,-2.079441541671836,2.079441541671836,15.764031327097898,0.0,0.0,0.0,0.1
random,37,52,0.274054538295042,0.16978490991915096,0.9333745008355948,0.05539282115269214,0.274054538295042,0.232178312973178,-2.079441541671836,2.079441541671836,15.764031327097898,0.0,0.0,0.0,0.1
random,37,53,0.274054538295042,0.16978490991915096,0.9333745008355948,0.05539282115269214,0.274054538295042,0.232178312973178,-2.079441541671836,2.079441541671836,15.764031327097898,0.0,0.0,0.0,0.1
random,37,54,0.274054538295042,0.16978490991915096,0.9333745008355948,0.05539282115269214,0.274054538295042,0.232178312973178,-2.079441541671836,2.079441541671836,15.764031327097898,0.0,0.0,0.0,0.1
random,37,55,0.274054538295042,0.16978490991915096,0.9333745008355948,0.05539282115269214,0.274054538295042,0.232178312973178,-2.079441541671836,2.079441541671836,15.764031327097898,0.0,0.0,0.0,0.1
random,37,56,0.274054538295042,0.16978490991915096,0.9333745008355948,0.05539282115269214,0.274054538295042,0.232178312973178,-2.079441541671836,2.079441541671836,15.764031327097898,0.0,0.0,0.0,0.1
random,37,57,0.274054538295042,0.16978490991915096,0.9333745008355948,0.05539282115269214,0.274054538295042,0.232178312973178,-2.079441541671836,2.079441541671836,15.764031327097898,0.0,0.0,0.0,0.1
random,37,58,0.274054538295042,0.16978490991915096,0.9333745008355948,0.05539282115269214,0.274054538295042,0.232178312973178,-2.079441541671836,2.079441541671836,15.764031327097898,0.0,0.0,0.0,0.1
random,37,59,0.274054538295042,0.16978490991915096,0.9333745008355948,0.05539282115269214,0.274054538295042,0.232178312973178,-2.079441541671836,2.079441541671836,15.764031327097898,0.0,0.0,0.0,0.1
random,37,60,0.274054538295042,0.16978490991915096,0.9333745008355948,0.05539282115269214,0.274054538295042,0.232178312973178,-2.079441541671836,2.079441541671836,15.764031327097898,0.0,0.0,0.0,0.1
random,37,61,0.274054538295042,0.16978490991915096,0.9333745008355948,0.05539282115269214,0.274054538295042,0.232178312973178,-2.079441541671836,2.079441541671836,15.764031327097898,0.0,0.0,0.0,0.1
random,37,62,0.274054538295042,0.16978490991915096,0.9333745008355948,0.05539282115269214,0.274054538295042,0.232178312973178,-2.079441541671836,2.079441541671836,15.764031327097898,0.0,0.0,0.0,0.1
random,37,63,0.274054538295042,0.16978490991915096,0.9333745008355948,0.05539282115269214,0.274054538295042,0.232178312973178,-2.079441541671836,2.079441541671836,15.764031327097898,0.0,0.0,0.0,0.1
random,37,64,0.274054538295042,0.16978490991915096,0.9333745008355948,0.05539282115269214,0.274054538295042,0.232178312973178,-2.079441541671836,2.079441541671836,15.764031327097898,0.0,0.0,0.0,0.1
random,37,65,0.274054538295042,0.16978490991915096,0.9333745008355948,0.05539282115269214,0.274054538295042,0.232178312973178,-2.079441541671836,2.079441541671836,15.764031327097898,0.0,0.0,0.0,0.1
random,37,66,0.274054538295042,0.16978490991915096,0.9333745008355948,0.05539282115269214,0.274054538295042,0.232178312973178,-2.079441541671836,2.079441541671836,15.764031327097898,0.0,0.0,0.0,0.1
random,37,67,0.274054538295042,0.16978490991915096,0.9333745008355948,0.05539282115269214,0.274054538295042,0.232178312973178,-2.079441541671836,2.079441541671836,15.764031327097898,0.0,0.0,0.0,0.1
random,37,68,0.274054538295042,0.16978490991915096,0.9333745008355948,0.05539282115269214,0.274054538295042,0.232178312973178,-2.079441541671836,2.079441541671836,15.764031327097898,0.0,0.0,0.0,0.1
random,37,69,0.274054538295042,0.16978490991915096,0.9333745008355948,0.05539282115269214,0.274054538295042,0.232178312973178,-2.079441541671836,2.079441541671836,15.764031327097898,0.0,0.0,0.0,0.1
random,37,70,0.274054538295042,0.16978490991915096,0.9333745008355948,0.05539282115269214,0.274054538295042,0.232178312973178,-2.079441541671836,2.079441541671836,15.764031327097898,0.0,0.0,0.0,0.1
random,37,71,0.274054538295042,0.16978490991915096,0.9333745008355948,0.05539282115269214,0.274054538295042,0.232178312973178,-2.079441541671836,2.079441541671836,15.764031327097898,0.0,0.0,0.0,0.1
random,37,72,0.274054538295042,0.16978490991915096,0.9333745008355948,0.05539282115269214,0.274054538295042,0.232178312973178,-2.079441541671836,2.079441541671836,15.764031327097898,0.0,0.0,0.0,0.1
random,37,73,0.274054538295042,0.16978490991915096,0.9333745008355948,0.05539282115269214,0.274054538295042,0.232178312973178,-2.079441541671836,2.079441541671836,15.764031327097898,0.0,0.0,0.0,0.1
random,37,74,0.274054538295042,0.16978490991915096,0.9333745008355948,0.05539282115269214,0.274054538295042,0.232178312973178,-2.079441541671836,2.079441541671836,15.764031327097898,0.0,0.0,0.0,0.1
random,37,75,0.274054538295042,0.16978490991915096,0.9333745008355948,0.05539282115269214,0.274054538295042,0.232178312973178,-2.079441541671836,2.079441541671836,15.764031327097898,0.0,0.0,0.0,0.1
random,37,76,0.274054538295042,0.16978490991915096,0.9333745008355948,0.05539282115269214,0.274054538295042,0.232178312973178,-2.079441541671836,2.079441541671836,15.764031327097898,0.0,0.0,0.0,0.1
random,37,77,0.274054538295042,0.16978490991915096,0.9333745008355948,0.05539282115269214,0.274054538295042,0.232178312973178,-2.079441541671836,2.079441541671836,15.764031327097898,0.0,0.0,0.0,0.1
random,37,78,0.274054538295042,0.16978490991915096,0.9333745008355948,0.05539282115269214,0.274054538295042,0.232178312973178,-2.079441541671836,2.079441541671836,15.764031327097898,0.0,0.0,0.0,0.1
random,37,79,0.274054538295042,0.16978490991915096,0.9333745008355948,0.05539282115269214,0.274054538295042,0.232178312973178,-2.079441541671836,2.079441541671836,15.764031327097898,0.0,0.0,0.0,0.1
random,37,80,0.274054538295042,0.16978490991915096,0.9333745008355948,0.05539282115269214,0.274054538295042,0.232178312973178,-2.079441541671836,2.079441541671836,15.764031327097898,0.0,0.0,0.0,0.1
random,37,81,0.274054538295042,0.16978490991915096,0.9333745008355948,0.05539282115269214,0.274054538295042,0.232178312973178,-2.079441541671836,2.079441541671836,15.764031327097898,0.0,0.0,0.0,0.1
random,37,82,0.274054538295042,0.16978490991915096,0.9333745008355948,0.05539282115269214,0.274054538295042,0.232178312973178,-2.079441541671836,2.079441541671836,15.764031327097898,0.0,0.0,0.0,0.1
random,37,83,0.274054538295042,0.16978490991915096,0.9333745008355948,0.05539282115269214,0.274054538295042,0.232178312973178,-2.079441541671836,2.079441541671836,15.764031327097898,0.0,0.0,0.0,0.1
random,37,84,0.274054538295042,0.16978490991915096,0.9333745008355948,0.05539282115269214,0.274054538295042,0.232178312973178,-2.079441541671836,2.079441541671836,15.764031327097898,0.0,0.0,0.0,0.1
random,37,85,0.274054538295042,0.16978490991915096,0.9333745008355948,0.05539282115269214,0.274054538295042,0.232178312973178,-2.079441541671836,2.079441541671836,15.764031327097898,0.0,0.0,0.0,0.1
random,37,86,0.274054538295042,0.16978490991915096,0.9333745008355948,0.05539282115269214,0.274054538295042,0.232178312973178,-2.079441541671836,2.079441541671836,15.764031327097898,0.0,0.0,0.0,0.1
random,37,87,0.274054538295042,0.16978490991915096,0.9333745008355948,0.05539282115269214,0.274054538295042,0.232178312973178,-2.079441541671836,2.079441541671836,15.764031327097898,0.0,0.0,0.0,0.1
random,37,88,0.274054538295042,0.16978490991915096,0.9333745008355948,0.05539282115269214,0.274054538295042,0.232178312973178,-2.079441541671836,2.079441541671836,15.764031327097898,0.0,0.0,0.0,0.1
random,37,89,0.274054538295042,0.16978490991915096,0.9333745008355948,0.05539282115269214,0.274054538295042,0.232178312973178,-2.079441541671836,2.079441541671836,15.764031327097898,0.0,0.0,0.0,0.1
random,37,90,0.274054538295042,0.16978490991915096,0.9333745008355948,0.05539282115269214,0.274054538295042,0.232178312973178,-2.079441541671836,2.079441541671836,15.764031327097898,0.0,0.0,0.0,0.1
random,37,91,0.274054538295042,0.16978490991915096,0.9333745008355948,0.05539282115269214,0.274054538295042,0.232178312973178,-2.079441541671836,2.079441541671836,15.764031327097898,0.0,0.0,0.0,0.1
random,37,92,0.274054538295042,0.16978490991915096,0.9333745008355948,0.05539282115269214,0.274054538295042,0.232178312973178,-2.079441541671836,2.079441541671836,15.764031327097898,0.0,0.0,0.0,0.1
random,37,93,0.274054538295042,0.16978490991915096,0.9333745008355948,0.05539282115269214,0.274054538295042,0.232178312973178,-2.079441541671836,2.079441541671836,15.764031327097898,0.0,0.0,0.0,0.1
random,37,94,0.274054538295042,0.16978490991915096,0.9333745008355948,0.05539282115269214,0.274054538295042,0.232178312973178,-2.079441541671836,2.079441541671836,15.764031327097898,0.0,0.0,0.0,0.1
random,37,95,0.274054538295042,0.16978490991915096,0.9333745008355948,0.05539282115269214,0.274054538295042,0.232178312973178,-2.079441541671836,2.079441541671836,15.764031327097898,0.0,0.0,0.0,0.1
random,37,96,0.274054538295042,0.16978490991915096,0.9333745008355948,0.05539282115269214,0.274054538295042,0.232178312973178,-2.079441541671836,2.079441541671836,15.764031327097898,0.0,0.0,0.0,0.1
random,37,97,0.274054538295042,0.16978490991915096,0.9333745008355948,0.05539282115269214,0.274054538295042,0.232178312973178,-2.079441541671836,2.079441541671836,15.764031327097898,0.0,0.0,0.0,0.1
random,37,98,0.274054538295042,0.16978490991915096,0.9333745008355948,0.05539282115269214,0.274054538295042,0.232178312973178,-2.079441541671836,2.079441541671836,15.764031327097898,0.0,0.0,0.0,0.1
random,37,99,0.274054538295042,0.16978490991915096,0.9333745008355948,0.05539282115269214,0.274054538295042,0.232178312973178,-2.079441541671836,2.079441541671836,15.764031327097898,0.0,0.0,0.0,0.1
random,37,100,0.274054538295042,0.16978490991915096,0.9333745008355948,0.05539282115269214,0.274054538295042,0.232178312973178,-2.079441541671836,2.079441541671836,15.764031327097898,0.0,0.0,0.0,0.1
random,37,101,0.274054538295042,0.16978490991915096,0.9333745008355948,0.05539282115269214,0.274054538295042,0.232178312973178,-2.079441541671836,2.079441541671836,15.764031327097898,0.0,0.0,0.0,0.1
random,37,102,0.274054538295042,0.16978490991915096,0.9333745008355948,0.05539282115269214,0.274054538295042,0.232178312973178,-2.079441541671836,2.079441541671836,15.764031327097898,0.0,0.0,0.0,0.1
random,37,103,0.274054538295042,0.16978490991915096,0.9333745008355948,0.05539282115269214,0.274054538295042,0.232178312973178,-2.079441541671836,2.079441541671836,15.764031327097898,0.0,0.0,0.0,0.1
random,37,104,0.274054538295042,0.16978490991915096,0.9333745008355948,0.05539282115269214,0.274054538295042,0.232178312973178,-2.079441541671836,2.079441541671836,15.764031327097898,0.0,0.0,0.0,0.1
random,37,105,0.274054538295042,0.16978490991915096,0.9333745008355948,0.05539282115269214,0.274054538295042,0.232178312973178,-2.079441541671836,2.079441541671836,15.764031327097898,0.0,0.0,0.0,0.1
random,37,106,0.274054538295042,0.16978490991915096,0.9333745008355948,0.05539282115269214,0.274054538295042,0.232178312973178,-2.079441541671836,2.079441541671836,15.764031327097898,0.0,0.0,0.0,0.1
random,37,107,0.274054538295042,0.16978490991915096,0.9333745008355948,0.05539282115269214,0.274054538295042,0.232178312973178,-2.079441541671836,2.079441541671836,15.764031327097898,0.0,0.0,0.0,0.1
random,37,108,0.274054538295042,0.16978490991915096,0.9333745008355948,0.05539282115269214,0.274054538295042,0.232178312973178,-2.079441541671836,2.079441541671836,15.764031327097898,0.0,0.0,0.0,0.1
random,37,109,0.274054538295042,0.16978490991915096,0.9333745008355948,0.05539282115269214,0.274054538295042,0.232178312973178,-2.079441541671836,2.079441541671836,15.764031327097898,0.0,0.0,0.0,0.1
random,37,110,0.274054538295042,0.16978490991915096,0.9333745008355948,0.05539282115269214,0.274054538295042,0.232178312973178,-2.079441541671836,2.079441541671836,15.764031327097898,0.0,0.0,0.0,0.1
feature_informed,0,0,1.4314215057599136,0.20262293775482898,1.1138980694739766,0.28932370890831055,1.4314215057599136,0.5359947190428193,-3.2788086770316394,3.2788086770316394,15.100859613784927,0.4060328126887351,8.326672684688674e-17,0.9576767063208147,0.1
feature_informed,0,1,1.1687194763356337,0.14799479977252453,0.8135856857345066,0.23622549487077396,1.1687194763356337,0.46547347901222147,-3.3465394849060406,3.3465394849060406,15.896715324914116,0.26225681264649453,5.551115123125783e-17,0.2627020294242799,0.05
feature_informed,0,2,1.0399260888997603,0.19340236369732206,1.0632089433764846,0.21019334404317433,1.0399260888997603,0.12336775976064811,-3.5294201888018453,3.5294201888018453,13.41248529138954,0.20771549971688616,5.551115123125783e-17,0.12879338743587332,0.052500000000000005
feature_informed,0,3,0.7330445766230842,0.1571222252473975,0.8637627373969919,0.14816542496413035,0.7330445766230842,0.2633990563134604,-3.1838580110617682,3.1838580110617682,15.115154190988294,0.1797343072390672,5.551115123125783e-17,0.30688151227667615,0.05512500000000001
feature_informed,0,4,0.5174186785160546,0.17389165956181218,0.9559509206104791,0.10458239625736802,0.5174186785160546,0.04554362495803013,-3.1083465003220945,3.1083465003220945,14.454550242387672,0.09949481945295618,5.551115123125783e-17,0.2156258981070296,0.05788125000000001
feature_informed,0,5,0.4453686511379871,0.17201750804668187,0.9456479718044986,0.09001940341138505,0.4453686511379871,0.09367002936134136,-2.9274129395416004,2.9274129395416004,15.277375178880712,0.061981364294725144,2.7755575615628914e-17,0.07205002737806748,0.06077531250000001
feature_informed,0,6,0.4121921662557494,0.16932672970353121,0.9308557037867259,0.08331366117120981,0.4121921662557494,0.1263768897591656,-2.7866770580054765,2.7866770580054765,15.50425395082895,0.040396871081318016,2.7755575615628914e-17,0.03317648488223773,0.06381407812500002
feature_informed,0,7,0.391909745501661,0.1669615348852631,0.9178532966002971,0.07921411035784094,0.391909745501661,0.13855987919175547,-2.702657499098783,2.702657499098783,15.489867802427199,0.03488023109228327,2.7755575615628914e-17,0.02028242075408837,0.06700478203125003
feature_informed,0,8,0.37079633780580085,0.16557868867631495,0.9102512465086606,0.07494659768063228,0.37079633780580085,0.15182832321569362,-2.5875400146987038,2.5875400146987038,15.436660274301847,0.03515089744589473,1.3877787807814457e-17,0.021113407695860176,0.07035502113281253
feature_informed,0,9,0.35809650937380677,0.16570609798219682,0.910951665629158,0.0723796658232734,0.35809650937380677,0.1690076562307699,-2.4793849789361344,2.4793849789361344,15.400103412357533,0.026403284957473034,1.3877787807814457e-17,0.012699828431994076,0.07387277218945316
feature_informed,0,10,0.34892636075204464,0.16620012864403655,0.9136675466966316,0.07052616467087863,0.34892636075204464,0.17505255551412668,-2.4079000131236716,2.4079000131236716,15.419712510439817,0.025426196437502997,0.0,0.00917014862176213,0.07756641079892583
feature_informed,0,11,0.34442134518248185,0.1652751229521836,0.9085824261973219,0.06961559583561187,0.34442134518248185,0.18014204984527588,-2.370383186823261,2.370383186823261,15.43725876236871,0.016403751756336758,1.3877787807814457e-17,0.004505015569562787,0.08144473133887213
feature_informed,0,12,0.33997414237295487,0.16441728877513248,0.9038665739629503,0.06871671230903197,0.33997414237295487,0.18250218906311397,-2.34225023805222,2.34225023805222,15.449445401083082,0.018837863771892484,0.0,0.0044472028095269844,0.08551696790581574
feature_informed,0,13,0.33519171615305804,0.1639037591894045,0.9010434996333683,0.06775007230400679,0.33519171615305804,0.18394328584141342,-2.2985900195669595,2.2985900195669595,15.461764225345933,0.017608130798530935,0.0,0.004782426219896829,0.08979281630110653
feature_informed,0,14,0.3336738829858662,0.16467493311374592,0.905282946337038,0.06744328278067707,0.3336738829858662,0.18106628861441468,-2.288524836265298,2.288524836265298,15.4753347161588,0.011475349158923715,0.0,0.00151783316719184,0.09428245711616186
feature_informed,0,15,0.3314539828043591,0.1656501127096231,0.9106438925422121,0.06699458912102796,0.3314539828043591,0.17954752873632973,-2.2717249631717817,2.2717249631717817,15.48859361746056,0.014165004570483574,0.0,0.002219900181507084,0.09899657997196995
feature_informed,0,16,0.32825396368753007,0.1668461792389324,0.9172191411923534,0.0663477905395249,0.32825396368753007,0.18029746638780944,-2.2442494477405432,2.2442494477405432,15.507207246252033,0.01705991612648278,0.0,0.003200019116829045,0.1
feature_informed,0,17,0.3236336861286605,0.16830068119812996,0.9252151111568035,0.0654139245649402,0.3236336861286605,0.18454413322864063,-2.195529116210966,2.195529116210966,15.532539241402583,0.02047706502399079,0.0,0.004620277558869568,0.1
feature_informed,0,18,0.32113972708007754,0.16892184241132066,0.9286298789213615,0.06490983720919072,0.32113972708007754,0.19376473583405876,-2.158025142287488,2.158025142287488,15.56673150552681,0.012979430369268697,0.0,0.002493959048582961,0.1
feature_informed,0,19,0.31918113307412305,0.16932231423416955,0.9308314302131006,0.06451395962891955,0.31918113307412305,0.2074647067252934,-2.122380342610099,2.122380342610099,15.603953814862674,0.013705597782822099,1.3877787807814457e-17,0.001958594005954495,0.1
feature_informed,0,20,0.3177231272465691,0.16965999012694477,0.9326877675519922,0.06421926260785314,0.3177231272465691,0.22988962173396457,-2.0817302329110494,2.0817302329110494,15.644513797145072,0.010177801668443216,0.0,0.0014580058275539542,0.1
feature_informed,0,21,0.31768186429429707,0.16967391749116673,0.9327643317568725,0.06421092240174069,0.31768186429429707,0.232178312973178,-2.079441541671836,2.079441541671836,15.673347059457427,0.00046667260823031465,0.0,4.1262952272025366e-05,0.1
feature_informed,0,22,0.31768186429429707,0.16967391749116673,0.9327643317568725,0.06421092240174069,0.31768186429429707,0.232178312973178,-2.079441541671836,2.079441541671836,15.67414245826083,0.0,0.0,0.0,0.1
feature_informed,0,23,0.31768186429429707,0.16967391749116673,0.9327643317568725,0.06421092240174069,0.31768186429429707,0.232178312973178,-2.079441541671836,2.079441541671836,15.67414245826083,0.0,0.0,0.0,0.1
feature_informed,0,24,0.31768186429429707,0.16967391749116673,0.9327643317568725,0.06421092240174069,0.31768186429429707,0.232178312973178,-2.079441541671836,2.079441541671836,15.67414245826083,0.0,0.0,0.0,0.1
feature_informed,0,25,0.31768186429429707,0.16967391749116673,0.9327643317568725,0.06421092240174069,0.31768186429429707,0.232178312973178,-2.079441541671836,2.079441541671836,15.67414245826083,0.0,0.0,0.0,0.1
feature_informed,0,26,0.31768186429429707,0.16967391749116673,0.9327643317568725,0.06421092240174069,0.31768186429429707,0.232178312973178,-2.079441541671836,2.079441541671836,15.67414245826083,0.0,0.0,0.0,0.1
feature_informed,0,27,0.31768186429429707,0.16967391749116673,0.9327643317568725,0.06421092240174069,0.31768186429429707,0.232178312973178,-2.079441541671836,2.079441541671836,15.67414245826083,0.0,0.0,0.0,0.1
feature_informed,0,28,0.31768186429429707,0.16967391749116673,0.9327643317568725,0.06421092240174069,0.31768186429429707,0.232178312973178,-2.079441541671836,2.079441541671836,15.67414245826083,0.0,0.0,0.0,0.1
feature_informed,0,29,0.31768186429429707,0.16967391749116673,0.9327643317568725,0.06421092240174069,0.31768186429429707,0.232178312973178,-2.079441541671836,2.079441541671836,15.67414245826083,0.0,0.0,0.0,0.1
feature_informed,0,30,0.31768186429429707,0.16967391749116673,0.9327643317568725,0.06421092240174069,0.31768186429429707,0.232178312973178,-2.079441541671836,2.079441541671836,15.67414245826083,0.0,0.0,0.0,0.1
feature_informed,0,31,0.31768186429429707,0.16967391749116673,0.9327643317568725,0.06421092240174069,0.31768186429429707,0.232178312973178,-2.079441541671836,2.079441541671836,15.67414245826083,0.0,0.0,0.0,0.1
feature_informed,0,32,0.31768186429429707,0.16967391749116673,0.9327643317568725,0.06421092240174069,0.31768186429429707,0.232178312973178,-2.079441541671836,2.079441541671836,15.67414245826083,0.0,0.0,0.0,0.1
feature_informed,0,33,0.31768186429429707,0.16967391749116673,0.9327643317568725,0.06421092240174069,0.31768186429429707,0.232178312973178,-2.079441541671836,2.079441541671836,15.67414245826083,0.0,0.0,0.0,0.1
feature_informed,0,34,0.31768186429429707,0.16967391749116673,0.9327643317568725,0.06421092240174069,0.31768186429429707,0.232178312973178,-2.079441541671836,2.079441541671836,15.67414245826083,0.0,0.0,0.0,0.1
feature_informed,0,35,0.31768186429429707,0.16967391749116673,0.9327643317568725,0.06421092240174069,0.31768186429429707,0.232178312973178,-2.079441541671836,2.079441541671836,15.67414245826083,0.0,0.0,0.0,0.1
feature_informed,0,36,0.31768186429429707,0.16967391749116673,0.9327643317568725,0.06421092240174069,0.31768186429429707,0.232178312973178,-2.079441541671836,2.079441541671836,15.67414245826083,0.0,0.0,0.0,0.1
feature_informed,0,37,0.31768186429429707,0.16967391749116673,0.9327643317568725,0.06421092240174069,0.31768186429429707,0.232178312973178,-2.079441541671836,2.079441541671836,15.67414245826083,0.0,0.0,0.0,0.1
feature_informed,0,38,0.31768186429429707,0.16967391749116673,0.9327643317568725,0.06421092240174069,0.31768186429429707,0.232178312973178,-2.079441541671836,2.079441541671836,15.67414245826083,0.0,0.0,0.0,0.1
feature_informed,0,39,0.31768186429429707,0.16967391749116673,0.9327643317568725,0.06421092240174069,0.31768186429429707,0.232178312973178,-2.079441541671836,2.079441541671836,15.67414245826083,0.0,0.0,0.0,0.1
feature_informed,0,40,0.31768186429429707,0.16967391749116673,0.9327643317568725,0.06421092240174069,0.31768186429429707,0.232178312973178,-2.079441541671836,2.079441541671836,15.67414245826083,0.0,0.0,0.0,0.1
feature_informed,0,41,0.31768186429429707,0.16967391749116673,0.9327643317568725,0.06421092240174069,0.31768186429429707,0.232178312973178,-2.079441541671836,2.079441541671836,15.67414245826083,0.0,0.0,0.0,0.1
feature_informed,0,42,0.31768186429429707,0.16967391749116673,0.9327643317568725,0.06421092240174069,0.31768186429429707,0.232178312973178,-2.079441541671836,2.079441541671836,15.67414245826083,0.0,0.0,0.0,0.1
feature_informed,0,43,0.31768186429429707,0.16967391749116673,0.9327643317568725,0.06421092240174069,0.31768186429429707,0.232178312973178,-2.079441541671836,2.079441541671836,15.67414245826083,0.0,0.0,0.0,0.1
feature_informed,0,44,0.31768186429429707,0.16967391749116673,0.9327643317568725,0.06421092240174069,0.31768186429429707,0.232178312973178,-2.079441541671836,2.079441541671836,15.67414245826083,0.0,0.0,0.0,0.1
feature_informed,0,45,0.31768186429429707,0.16967391749116673,0.9327643317568725,0.06421092240174069,0.31768186429429707,0.232178312973178,-2.079441541671836,2.079441541671836,15.67414245826083,0.0,0.0,0.0,0.1
feature_informed,0,46,0.31768186429429707,0.16967391749116673,0.9327643317568725,0.06421092240174069,0.31768186429429707,0.232178312973178,-2.079441541671836,2.079441541671836,15.67414245826083,0.0,0.0,0.0,0.1
feature_informed,0,47,0.31768186429429707,0.16967391749116673,0.9327643317568725,0.06421092240174069,0.31768186429429707,0.232178312973178,-2.079441541671836,2.079441541671836,15.67414245826083,0.0,0.0,0.0,0.1
feature_informed,0,48,0.31768186429429707,0.16967391749116673,0.9327643317568725,0.06421092240174069,0.31768186429429707,0.232178312973178,-2.079441541671836,2.079441541671836,15.67414245826083,0.0,0.0,0.0,0.1
feature_informed,0,49,0.31768186429429707,0.16967391749116673,0.9327643317568725,0.06421092240174069,0.31768186429429707,0.232178312973178,-2.079441541671836,2.079441541671836,15.67414245826083,0.0,0.0,0.0,0.1
feature_informed,0,50,0.31768186429429707,0.16967391749116673,0.9327643317568725,0.06421092240174069,0.31768186429429707,0.232178312973178,-2.079441541671836,2.079441541671836,15.67414245826083,0.0,0.0,0.0,0.1
feature_informed,0,51,0.31768186429429707,0.16967391749116673,0.9327643317568725,0.06421092240174069,0.31768186429429707,0.232178312973178,-2.079441541671836,2.079441541671836,15.67414245826083,0.0,0.0,0.0,0.1
feature_informed,0,52,0.31768186429429707,0.16967391749116673,0.9327643317568725,0.06421092240174069,0.31768186429429707,0.232178312973178,-2.079441541671836,2.079441541671836,15.67414245826083,0.0,0.0,0.0,0.1
feature_informed,0,53,0.31768186429429707,0.16967391749116673,0.9327643317568725,0.06421092240174069,0.31768186429429707,0.232178312973178,-2.079441541671836,2.079441541671836,15.67414245826083,0.0,0.0,0.0,0.1
feature_informed,0,54,0.31768186429429707,0.16967391749116673,0.9327643317568725,0.06421092240174069,0.31768186429429707,0.232178312973178,-2.079441541671836,2.079441541671836,15.67414245826083,0.0,0.0,0.0,0.1
feature_informed,0,55,0.31768186429429707,0.16967391749116673,0.9327643317568725,0.06421092240174069,0.31768186429429707,0.232178312973178,-2.079441541671836,2.079441541671836,15.67414245826083,0.0,0.0,0.0,0.1
feature_informed,0,56,0.31768186429429707,0.16967391749116673,0.9327643317568725,0.06421092240174069,0.31768186429429707,0.232178312973178,-2.079441541671836,2.079441541671836,15.67414245826083,0.0,0.0,0.0,0.1
feature_informed,0,57,0.31768186429429707,0.16967391749116673,0.9327643317568725,0.06421092240174069,0.31768186429429707,0.232178312973178,-2.079441541671836,2.079441541671836,15.67414245826083,0.0,0.0,0.0,0.1
feature_informed,0,58,0.31768186429429707,0.16967391749116673,0.9327643317568725,0.06421092240174069,0.31768186429429707,0.232178312973178,-2.079441541671836,2.079441541671836,15.67414245826083,0.0,0.0,0.0,0.1
feature_informed,0,59,0.31768186429429707,0.16967391749116673,0.9327643317568725,0.06421092240174069,0.31768186429429707,0.232178312973178,-2.079441541671836,2.079441541671836,15.67414245826083,0.0,0.0,0.0,0.1
feature_informed,0,60,0.31768186429429707,0.16967391749116673,0.9327643317568725,0.06421092240174069,0.31768186429429707,0.232178312973178,-2.079441541671836,2.079441541671836,15.67414245826083,0.0,0.0,0.0,0.1
feature_informed,0,61,0.31768186429429707,0.16967391749116673,0.9327643317568725,0.06421092240174069,0.31768186429429707,0.232178312973178,-2.079441541671836,2.079441541671836,15.67414245826083,0.0,0.0,0.0,0.1
feature_informed,0,62,0.31768186429429707,0.16967391749116673,0.9327643317568725,0.06421092240174069,0.31768186429429707,0.232178312973178,-2.079441541671836,2.079441541671836,15.67414245826083,0.0,0.0,0.0,0.1
feature_informed,0,63,0.31768186429429707,0.16967391749116673,0.9327643317568725,0.06421092240174069,0.31768186429429707,0.232178312973178,-2.079441541671836,2.079441541671836,15.67414245826083,0.0,0.0,0.0,0.1
feature_informed,0,64,0.31768186429429707,0.16967391749116673,0.9327643317568725,0.06421092240174069,0.31768186429429707,0.232178312973178,-2.079441541671836,2.079441541671836,15.67414245826083,0.0,0.0,0.0,0.1
feature_informed,0,65,0.31768186429429707,0.16967391749116673,0.9327643317568725,0.06421092240174069,0.31768186429429707,0.232178312973178,-2.079441541671836,2.079441541671836,15.67414245826083,0.0,0.0,0.0,0.1
feature_informed,0,66,0.31768186429429707,0.16967391749116673,0.9327643317568725,0.06421092240174069,0.31768186429429707,0.232178312973178,-2.079441541671836,2.079441541671836,15.67414245826083,0.0,0.0,0.0,0.1
feature_informed,0,67,0.31768186429429707,0.16967391749116673,0.9327643317568725,0.06421092240174069,0.31768186429429707,0.232178312973178,-2.079441541671836,2.079441541671836,15.67414245826083,0.0,0.0,0.0,0.1
feature_informed,0,68,0.31768186429429707,0.16967391749116673,0.9327643317568725,0.06421092240174069,0.31768186429429707,0.232178312973178,-2.079441541671836,2.079441541671836,15.67414245826083,0.0,0.0,0.0,0.1
feature_informed,0,69,0.31768186429429707,0.16967391749116673,0.9327643317568725,0.06421092240174069,0.31768186429429707,0.232178312973178,-2.079441541671836,2.079441541671836,15.67414245826083,0.0,0.0,0.0,0.1
feature_informed,0,70,0.31768186429429707,0.16967391749116673,0.9327643317568725,0.06421092240174069,0.31768186429429707,0.232178312973178,-2.079441541671836,2.079441541671836,15.67414245826083,0.0,0.0,0.0,0.1
feature_informed,0,71,0.31768186429429707,0.16967391749116673,0.9327643317568725,0.06421092240174069,0.31768186429429707,0.232178312973178,-2.079441541671836,2.079441541671836,15.67414245826083,0.0,0.0,0.0,0.1
feature_informed,0,72,0.31768186429429707,0.16967391749116673,0.9327643317568725,0.06421092240174069,0.31768186429429707,0.232178312973178,-2.079441541671836,2.079441541671836,15.67414245826083,0.0,0.0,0.0,0.1
feature_informed,0,73,0.31768186429429707,0.16967391749116673,0.9327643317568725,0.06421092240174069,0.31768186429429707,0.232178312973178,-2.079441541671836,2.079441541671836,15.67414245826083,0.0,0.0,0.0,0.1
feature_informed,0,74,0.31768186429429707,0.16967391749116673,0.9327643317568725,0.06421092240174069,0.31768186429429707,0.232178312973178,-2.079441541671836,2.079441541671836,15.67414245826083,0.0,0.0,0.0,0.1
feature_informed,0,75,0.31768186429429707,0.16967391749116673,0.9327643317568725,0.06421092240174069,0.31768186429429707,0.232178312973178,-2.079441541671836,2.079441541671836,15.67414245826083,0.0,0.0,0.0,0.1
feature_informed,0,76,0.31768186429429707,0.16967391749116673,0.9327643317568725,0.06421092240174069,0.31768186429429707,0.232178312973178,-2.079441541671836,2.079441541671836,15.67414245826083,0.0,0.0,0.0,0.1
feature_informed,0,77,0.31768186429429707,0.16967391749116673,0.9327643317568725,0.06421092240174069,0.31768186429429707,0.232178312973178,-2.079441541671836,2.079441541671836,15.67414245826083,0.0,0.0,0.0,0.1
feature_informed,0,78,0.31768186429429707,0.16967391749116673,0.9327643317568725,0.06421092240174069,0.31768186429429707,0.232178312973178,-2.079441541671836,2.079441541671836,15.67414245826083,0.0,0.0,0.0,0.1
feature_informed,0,79,0.31768186429429707,0.16967391749116673,0.9327643317568725,0.06421092240174069,0.31768186429429707,0.232178312973178,-2.079441541671836,2.079441541671836,15.67414245826083,0.0,0.0,0.0,0.1
feature_informed,0,80,0.31768186429429707,0.16967391749116673,0.9327643317568725,0.06421092240174069,0.31768186429429707,0.232178312973178,-2.079441541671836,2.079441541671836,15.67414245826083,0.0,0.0,0.0,0.1
feature_informed,0,81,0.31768186429429707,0.16967391749116673,0.9327643317568725,0.06421092240174069,0.31768186429429707,0.232178312973178,-2.079441541671836,2.079441541671836,15.67414245826083,0.0,0.0,0.0,0.1
feature_informed,0,82,0.31768186429429707,0.16967391749116673,0.9327643317568725,0.06421092240174069,0.31768186429429707,0.232178312973178,-2.079441541671836,2.079441541671836,15.67414245826083,0.0,0.0,0.0,0.1
feature_informed,0,83,0.31768186429429707,0.16967391749116673,0.9327643317568725,0.06421092240174069,0.31768186429429707,0.232178312973178,-2.079441541671836,2.079441541671836,15.67414245826083,0.0,0.0,0.0,0.1
feature_informed,0,84,0.31768186429429707,0.16967391749116673,0.9327643317568725,0.06421092240174069,0.31768186429429707,0.232178312973178,-2.079441541671836,2.079441541671836,15.67414245826083,0.0,0.0,0.0,0.1
feature_informed,0,85,0.31768186429429707,0.16967391749116673,0.9327643317568725,0.06421092240174069,0.31768186429429707,0.232178312973178,-2.079441541671836,2.079441541671836,15.67414245826083,0.0,0.0,0.0,0.1
feature_informed,0,86,0.31768186429429707,0.16967391749116673,0.9327643317568725,0.06421092240174069,0.31768186429429707,0.232178312973178,-2.079441541671836,2.079441541671836,15.67414245826083,0.0,0.0,0.0,0.1
feature_informed,0,87,0.31768186429429707,0.16967391749116673,0.9327643317568725,0.06421092240174069,0.31768186429429707,0.232178312973178,-2.079441541671836,2.079441541671836,15.67414245826083,0.0,0.0,0.0,0.1
feature_informed,0,88,0.31768186429429707,0.16967391749116673,0.9327643317568725,0.06421092240174069,0.31768186429429707,0.232178312973178,-2.079441541671836,2.079441541671836,15.67414245826083,0.0,0.0,0.0,0.1
feature_informed,0,89,0.31768186429429707,0.16967391749116673,0.9327643317568725,0.06421092240174069,0.31768186429429707,0.232178312973178,-2.079441541671836,2.079441541671836,15.67414245826083,0.0,0.0,0.0,0.1
feature_informed,0,90,0.31768186429429707,0.16967391749116673,0.9327643317568725,0.06421092240174069,0.31768186429429707,0.232178312973178,-2.079441541671836,2.079441541671836,15.67414245826083,0.0,0.0,0.0,0.1
feature_informed,0,91,0.31768186429429707,0.16967391749116673,0.9327643317568725,0.06421092240174069,0.31768186429429707,0.232178312973178,-2.079441541671836,2.079441541671836,15.67414245826083,0.0,0.0,0.0,0.1
feature_informed,0,92,0.31768186429429707,0.16967391749116673,0.9327643317568725,0.06421092240174069,0.31768186429429707,0.232178312973178,-2.079441541671836,2.079441541671836,15.67414245826083,0.0,0.0,0.0,0.1
feature_informed,0,93,0.31768186429429707,0.16967391749116673,0.9327643317568725,0.06421092240174069,0.31768186429429707,0.232178312973178,-2.079441541671836,2.079441541671836,15.67414245826083,0.0,0.0,0.0,0.1
feature_informed,0,94,0.31768186429429707,0.16967391749116673,0.9327643317568725,0.06421092240174069,0.31768186429429707,0.232178312973178,-2.079441541671836,2.079441541671836,15.67414245826083,0.0,0.0,0.0,0.1
feature_informed,0,95,0.31768186429429707,0.16967391749116673,0.9327643317568725,0.06421092240174069,0.31768186429429707,0.232178312973178,-2.079441541671836,2.079441541671836,15.67414245826083,0.0,0.0,0.0,0.1
feature_informed,0,96,0.31768186429429707,0.16967391749116673,0.9327643317568725,0.06421092240174069,0.31768186429429707,0.232178312973178,-2.079441541671836,2.079441541671836,15.67414245826083,0.0,0.0,0.0,0.1
feature_informed,0,97,0.31768186429429707,0.16967391749116673,0.9327643317568725,0.06421092240174069,0.31768186429429707,0.232178312973178,-2.079441541671836,2.079441541671836,15.67414245826083,0.0,0.0,0.0,0.1
feature_informed,0,98,0.31768186429429707,0.16967391749116673,0.9327643317568725,0.06421092240174069,0.31768186429429707,0.232178312973178,-2.079441541671836,2.079441541671836,15.67414245826083,0.0,0.0,0.0,0.1
feature_informed,0,99,0.31768186429429707,0.16967391749116673,0.9327643317568725,0.06421092240174069,0.31768186429429707,0.232178312973178,-2.079441541671836,2.079441541671836,15.67414245826083,0.0,0.0,0.0,0.1
feature_informed,0,100,0.31768186429429707,0.16967391749116673,0.9327643317568725,0.06421092240174069,0.31768186429429707,0.232178312973178,-2.079441541671836,2.079441541671836,15.67414245826083,0.0,0.0,0.0,0.1
feature_informed,0,101,0.31768186429429707,0.16967391749116673,0.9327643317568725,0.06421092240174069,0.31768186429429707,0.232178312973178,-2.079441541671836,2.079441541671836,15.67414245826083,0.0,0.0,0.0,0.1
