initialization_kind,initialization_seed,iteration,total_objective,feature_raw,feature_normalized,gw_raw,gw_normalized,coverage_loss,entropy_loss,shannon_plan_entropy,gradient_norm,step_norm,source_marginal_feasibility_error,objective_improvement,learning_rate
uniform,0,0,0.9704688582622663,0.14184509569524345,0.7797783410408461,0.23288480701884612,1.1521915102960587,0.44839325938138164,-3.4073824198693363,3.4073824198693363,10.592414782800429,0.13586833000243084,1.1102230246251565e-16,0.02953114173257143,0.1
uniform,0,1,0.938862940902442,0.16024660257871542,0.8809386697777293,0.2009747745895179,0.9943174569003447,0.12348775634049701,-3.719938964617987,3.719938964617987,9.70654912595945,0.0768728070075143,5.551115123125783e-17,0.03160591735982421,0.05
uniform,0,2,0.9037612304296916,0.1543815213141251,0.8486960087526478,0.19311039162994983,0.9554086272702604,0.170891241823747,-3.580424223780725,3.580424223780725,10.249325541758987,0.04359695532977917,8.326672684688674e-17,0.03510171047275046,0.052500000000000005
uniform,0,3,0.8445612428929844,0.15555925149867925,0.8551704552959283,0.16797504824799692,0.8310521712876306,0.1449929601204904,-3.418336528773917,3.418336528773917,10.196719517105663,0.046444447013891985,4.163336342344337e-17,0.05919998753670719,0.05512500000000001
uniform,0,4,0.7790236867869579,0.15868465793968284,0.8723520450978087,0.13800473767155003,0.6827748411811465,0.14602436474803282,-3.2558562189640146,3.2558562189640146,10.367321687652277,0.05402201097284763,2.7755575615628914e-17,0.06553755610602652,0.05788125000000001
uniform,0,5,0.729562146536367,0.16047579540816898,0.8821986330034846,0.1159752815917474,0.5737846816404495,0.15704892143999793,-3.1074564466027437,3.1074564466027437,10.629739225999273,0.044150450694146616,2.7755575615628914e-17,0.04946154025059091,0.06077531250000001
uniform,0,6,0.707854972510141,0.15856349695862518,0.8716859754790818,0.10924544382181571,0.5404889847530284,0.17674923940859047,-3.0308884625462986,3.0308884625462986,10.847064127606656,0.0352765530960519,1.3877787807814457e-17,0.021707174026226017,0.06381407812500002
uniform,0,7,0.6924866532231738,0.15546857691618401,0.8546719814137954,0.10630324577182917,0.5259325366180079,0.21843942072722572,-2.950775144386066,2.950775144386066,10.883961507518688,0.029650841480179563,2.7755575615628914e-17,0.015368319286967136,0.06700478203125003
uniform,0,8,0.6779339111797926,0.15342329982762493,0.8434282879517949,0.10256864170118708,0.5074556803576392,0.24919270250756542,-2.874773516948908,2.874773516948908,10.870708485361055,0.029795865260650808,2.7755575615628914e-17,0.014552742043381195,0.07035502113281253
uniform,0,9,0.6553815748801858,0.15252915421069635,0.838512817435172,0.09439179078227831,0.467000923646263,0.262470433946824,-2.7701168590959613,2.7701168590959613,10.86027320886144,0.03775489126150298,2.7755575615628914e-17,0.022552336299606845,0.07387277218945316
uniform,0,10,0.626846119502713,0.15235862802013905,0.8375753678227972,0.0830694123353469,0.41098375150906236,0.25665598367832676,-2.630065951138814,2.630065951138814,10.868885465071324,0.03908814289760774,2.7755575615628914e-17,0.028535455377472818,0.07756641079892583
uniform,0,11,0.6210216048354157,0.14941140697055436,0.821373333276157,0.0838356446418723,0.4147746658662265,0.2947605264223921,-2.5896485969106586,2.5896485969106586,10.896499027219237,0.022656984905599774,2.7755575615628914e-17,0.005824514667297276,0.08144473133887213
uniform,0,12,0.6166258035451371,0.14707859158199915,0.8085489285639176,0.08450451956140723,0.4180839070898317,0.33093857182624514,-2.5485102438219047,2.5485102438219047,10.889716960135738,0.019887523307483498,2.7755575615628914e-17,0.0043958012902786114,0.08551696790581574
uniform,0,13,0.612433871293744,0.1451993370320369,0.7982179263662,0.08476475545961039,0.4193714174105873,0.36391994053504223,-2.499322079869265,2.499322079869265,10.886675295296874,0.019371636115032658,2.7755575615628914e-17,0.004191932251393027,0.08979281630110653
uniform,0,14,0.6087562692844934,0.1442938664968303,0.7932401983147361,0.08421414872574473,0.41664730495175906,0.38125176512458203,-2.4657621872567734,2.4657621872567734,10.884950056451297,0.01775588003817046,2.7755575615628914e-17,0.0036776020092506023,0.09428245711616186
uniform,0,15,0.6042804101174942,0.1435308836573386,0.7890457812296383,0.08318996997342087,0.4115802072799145,0.3967415862717787,-2.4217061818111936,2.4217061818111936,10.883149172871425,0.020455112242427045,1.3877787807814457e-17,0.004475859166999219,0.09899657997196995
uniform,0,16,0.6009719254612644,0.143686840017383,0.7899031347469674,0.08168177188925956,0.4041184365845216,0.39611397955199557,-2.396061982163384,2.396061982163384,10.880508276133313,0.01764670677273352,4.163336342344337e-17,0.003308484656229793,0.1
uniform,0,17,0.5978398526189572,0.14385827826185285,0.7908455982788112,0.08022407344718721,0.39690651155159484,0.39637977037541955,-2.364372809433658,2.364372809433658,10.875380919721756,0.01722870685377593,0.0,0.0031320728423072097,0.1
uniform,0,18,0.5949794815650844,0.14401627611208995,0.7917141746715446,0.07889311648650585,0.39032163669308845,0.39615758827679215,-2.342017744765513,2.342017744765513,10.868063013060368,0.016667931209928807,1.3877787807814457e-17,0.0028603710538728233,0.1
uniform,0,19,0.5916806779840642,0.14411782138437573,0.792272409015675,0.0774394622531202,0.38312972027718706,0.3979613337633143,-2.3071034620460606,2.3071034620460606,10.855820354359704,0.017776123419115865,1.3877787807814457e-17,0.0032988035810201932,0.1
uniform,0,20,0.5878415568758768,0.1442313457148814,0.7928964969594673,0.07575430596039465,0.37479245345907625,0.3997081666605117,-2.248101768765872,2.248101768765872,10.842897478234168,0.018723904972464577,1.3877787807814457e-17,0.0038391211081874044,0.1
uniform,0,21,0.585535421926332,0.14528088359880845,0.7986662199518401,0.0737368082106991,0.36481093594835046,0.379684397623679,-2.232871655196195,2.232871655196195,10.82988839389395,0.014964393302928891,1.3877787807814457e-17,0.0023061349495447914,0.1
uniform,0,22,0.5829411845817506,0.14640265700520166,0.8048330500531813,0.07151939041964635,0.35384031924588916,0.3604499932215372,-2.2036778259861216,2.2036778259861216,10.827112997497645,0.015864050990891256,2.7755575615628914e-17,0.002594237344581418,0.1
uniform,0,23,0.5823605045212011,0.14666803736186337,0.8062919503644553,0.07102233962562585,0.3513811734029833,0.35239426374817595,-2.19793042330107,2.19793042330107,10.82510037137061,0.0053442186172817695,0.0,0.0005806800605494544,0.1
uniform,0,24,0.5820830351583112,0.1468092354314742,0.8070681717483505,0.0707792451572524,0.3501784698593504,0.3459714354460733,-2.199640114215148,2.199640114215148,10.82077330210672,0.0051887309996362435,0.0,0.0002774693628899705,0.1
uniform,0,25,0.5817698917380959,0.1469636320940765,0.807916950994726,0.07050711500457775,0.34883211302473766,0.33953597283640174,-2.2008672559244054,2.2008672559244054,10.815801660072395,0.005508911997707822,1.3877787807814457e-17,0.0003131434202152672,0.1
uniform,0,26,0.5814149837690924,0.14713210458615522,0.8088431106179421,0.07020252474942913,0.3473251606795263,0.33308481203582496,-2.2015472077001506,2.2015472077001506,10.810575457452767,0.005861916774225147,2.7755575615628914e-17,0.00035490796900350396,0.1
uniform,0,27,0.5810113354696078,0.14731560392867254,0.8098518787546825,0.06986157593715409,0.34563832532097477,0.32662334317792574,-2.201593589158862,2.201593589158862,10.805093235290123,0.006248958359546321,0.0,0.0004036482994845825,0.1
uniform,0,28,0.5805509225647872,0.14751516246998797,0.8109489306303553,0.06947982317834343,0.34374961350089395,0.3201650499162614,-2.200894452640538,2.200894452640538,10.799353744500275,0.006671648389068198,2.7755575615628914e-17,0.00046041290482057295,0.1
uniform,0,29,0.5800244883647525,0.14773190179878407,0.8121404320595627,0.06905219074147403,0.3416339131699219,0.3137315750010242,-2.1993062329888877,2.1993062329888877,10.79335690477366,0.007131946031154637,2.7755575615628914e-17,0.0005264342000347311,0.1
uniform,0,30,0.5794213340168431,0.14796704126450735,0.8134330862863177,0.06857287668462995,0.3392625193717141,0.3073531187827305,-2.1966444189792895,2.1966444189792895,10.787104674388662,0.007632128249801971,2.7755575615628914e-17,0.0006031543479093626,0.1
uniform,0,31,0.5787290777766441,0.14822190732215115,0.8148341853559965,0.06803524238879727,0.33660258771179996,0.3010691242745919,-2.192668853056167,2.192668853056167,10.780601907391203,0.00817477344269656,0.0,0.000692256240199085,0.1
uniform,0,32,0.5779333778235165,0.14849794393653795,0.816351667311774,0.06743168508942124,0.3336165037107857,0.29492923122366443,-2.1870593418863487,2.1870593418863487,10.773857242548164,0.008762753744364717,1.3877787807814457e-17,0.0007956999531275599,0.1
uniform,0,33,0.5770176126616244,0.14879672433559485,0.8179941808070075,0.06675349066925976,0.33026115450083493,0.2889945007703178,-2.179371793254265,2.179371793254265,10.766884047339937,0.009399233006159488,0.0,0.0009157651618920681,0.1
uniform,0,34,0.5759625125641769,0.14911996450086568,0.8197711592678927,0.06599066357609794,0.32648708734799686,0.2833389256232068,-2.168949237809707,2.168949237809707,10.75970142128168,0.010087668373544488,1.3877787807814457e-17,0.001055100097447581,0.1
uniform,0,35,0.5747457348978121,0.1494695389481118,0.8216929076456407,0.06513173025937648,0.32223753716005,0.2780512494966749,-2.1547035139497144,2.1547035139497144,10.75233523907817,0.010831813812176811,0.0,0.0012167776663647434,0.1
uniform,0,36,0.5733413755837481,0.14984749962329236,0.823770706295121,0.06416351197017249,0.3174473024203319,0.27323712260216737,-2.134349189384767,2.134349189384767,10.744819176941595,0.011635724038249638,0.0,0.0014043593140640187,0.1
uniform,0,37,0.5719637413523692,0.15014436076461507,0.8254026688749022,0.06327785438146635,0.3130655345935715,0.2729639618132369,-2.1040619108023457,2.1040619108023457,10.73719560064694,0.010762232597693005,0.0,0.0013776342313789325,0.1
uniform,0,38,0.571437279429488,0.15003046115250224,0.824776517860352,0.06311395566685343,0.31225464997665375,0.29216955109850773,-2.084856321517075,2.084856321517075,10.728516657779107,0.007450671668117231,1.3877787807814457e-17,0.000526461922881194,0.1
uniform,0,39,0.5713649607468476,0.15001066209278643,0.8246676746334242,0.06308483176697306,0.3121105602413961,0.29758433094374653,-2.079441541671836,2.079441541671836,10.703360689000647,0.0012951430697908085,0.0,7.23186826403488e-05,0.1
uniform,0,40,0.5713649606219124,0.15001066495342477,0.8246676903594795,0.06308483501337127,0.3121105763028666,0.29758272907394034,-2.0794431689886284,2.0794431689886284,10.47592163803241,1.3786701851427403e-07,0.0,1.2493517331790827e-10,1.52587890625e-06
uniform,0,41,0.571364959546822,0.15001066421471906,0.8246676862985233,0.06308483489833445,0.31211057573372497,0.2975828530697944,-2.079443019545788,2.079443019545788,10.604064340942724,1.353552746209142e-08,0.0,1.0750904611001033e-09,1.6021728515625002e-06
uniform,0,42,0.5713649595428295,0.15001066425520926,0.8246676865211139,0.06308483495808628,0.31211057602934555,0.29758282675998404,-2.0794430458555984,2.0794430458555984,10.603196243097623,2.648640072023556e-09,0.0,3.9924730188545254e-12,1.6822814941406252e-06
uniform,0,43,0.5713649595393236,0.15001066429411478,0.8246676867349928,0.06308483501549964,0.3121105763133966,0.2975828015128922,-2.0794430711026903,2.0794430711026903,10.60339655722463,2.5449817820078193e-09,0.0,3.5058622671613193e-12,1.7663955688476565e-06
uniform,0,44,0.5713649595362631,0.15001066433139057,0.8246676869399125,0.06308483507050794,0.31211057658554875,0.2975827773532458,-2.0794430952623366,2.0794430952623366,10.603585550461121,2.4383723392172284e-09,0.0,3.060551811984169e-12,1.8547153472900394e-06
uniform,0,45,0.571364959533608,0.15001066436699534,0.824667687135646,0.0630848351230503,0.31211057684550075,0.29758275430346287,-2.0794431183121196,2.0794431183121196,10.603763538149027,2.32906311681911e-09,0.0,2.655098363391062e-12,1.9474511146545416e-06
uniform,0,46,0.5713649595313198,0.15001066440089242,0.8246676873219916,0.06308483517307262,0.31211057709298484,0.2975827323831567,-2.0794431402324256,2.0794431402324256,10.603930817500602,2.21735681467949e-09,0.0,2.2881696537524476e-12,2.044823670387269e-06
uniform,0,47,0.571364959529362,0.15001066443305064,0.824667687498778,0.06308483522052881,0.31211057732777314,0.29758271160864475,-2.0794431610069375,2.0794431610069375,10.60408767259798,2.1036072661889386e-09,0.0,1.9578783039264636e-12,2.1470648539066323e-06
uniform,0,48,0.5713649595276994,0.15001066446344483,0.8246676876658667,0.0630848352653819,0.31211057754968263,0.29758269199246834,-2.079443180623114,2.079443180623114,10.604234378980403,1.9882183741460066e-09,0.0,1.662558979376172e-12,2.2544180966019643e-06
uniform,0,49,0.5713649595262991,0.15001066449205694,0.8246676878231588,0.0630848353076051,0.3121105777585808,0.2975826735429303,-2.079443199072652,2.079443199072652,10.604371207873054,1.8716423699069397e-09,0.0,1.40032430095971e-12,2.3671390014320627e-06
uniform,0,50,0.5713649595251299,0.15001066451887637,0.8246676879705959,0.06308483534718284,0.3121105779543907,0.29758265626366043,-2.079443216351922,2.079443216351922,10.60449843008277,1.7543768220696286e-09,0.0,1.1691758672327524e-12,2.485495951503666e-06
uniform,0,51,0.5713649595241626,0.15001066454390086,0.8246676881081653,0.06308483538411176,0.31211057813709553,0.29758264015321945,-2.079443232462363,2.079443232462363,10.604616319568988,1.6369607979013888e-09,0.0,9.673373213558989e-13,2.6097707490788495e-06
uniform,0,52,0.5713649595233702,0.15001066456713688,0.8246676882359029,0.0630848354184014,0.3121105783067426,0.2975826252047527,-2.07944324741083,2.07944324741083,10.604725156685404,1.5199695175361714e-09,1.3877787807814457e-17,7.923661726749742e-13,2.740259286532792e-06
uniform,0,53,0.5713649595227281,0.15001066458860016,0.8246676883538949,0.06308483545007504,0.3121105784634471,0.29758261140570647,-2.079443261209876,2.079443261209876,10.604825231070732,1.4040077321724768e-09,0.0,6.42041975140728e-13,2.8772722508594317e-06
uniform,0,54,0.5713649595222134,0.15001066460831605,0.824667688462281,0.06308483547916997,0.31211057860739355,0.29758259873762116,-2.0794432738779616,2.0794432738779616,10.604916844162286,1.2897018238902789e-09,0.0,5.146993942162226e-13,3.0211358634024033e-06
uniform,0,55,0.571364959521806,0.15001066462631957,0.8246676885612534,0.06308483550573801,0.31211057873883824,0.2975825871760131,-2.0794432854395692,2.0794432854395692,10.60500031127664,1.17769030855753e-09,0.0,4.0745185003743245e-13,3.1721926565725235e-06
uniform,0,56,0.5713649595214875,0.15001066464265564,0.8246676886510592,0.06308483552984531,0.31211057885810845,0.297582576690359,-2.0794432959252234,2.0794432959252234,10.60507596322114,1.068613050919333e-09,0.0,3.185229857649574e-13,3.33080228940115e-06
uniform,0,57,0.5713649595212418,0.1500106646573787,0.8246676887319976,0.0630848355515723,0.3121105789656021,0.29758256724419546,-2.079443305371387,2.079443305371387,10.605144147369389,9.630993640677628e-10,0.0,2.4569235534954714e-13,3.4973424038712074e-06
uniform,0,58,0.5713649595210553,0.1500106646705525,0.8246676888044192,0.06308483557101299,0.31211057906178447,0.297582558795341,-2.0794433138202413,2.0794433138202413,10.605205228139814,8.617550144747e-10,0.0,1.865174681370263e-13,3.672209524064768e-06
uniform,0,59,0.5713649595209156,0.1500106646822494,0.8246676888687218,0.06308483558827431,0.3121105791471844,0.2975825512962509,-2.0794433213193315,2.0794433213193315,10.605259586834224,7.651485082963694e-10,1.3877787807814457e-17,1.396660564978447e-13,3.8558200002680064e-06
uniform,0,60,0.571364959520813,0.15001066469254987,0.8246676889253474,0.0630848356034748,0.31211057922238844,0.297582544694503,-2.0794433279210796,2.0794433279210796,10.605307620767254,6.737972218024307e-10,0.0,1.0258460747536446e-13,4.048611000281407e-06
uniform,0,61,0.5713649595207386,0.15001066470154106,0.8246676889747755,0.0630848356167432,0.3121105792880335,0.2975825389334186,-2.0794433336821636,2.0794433336821636,10.605349741687458,5.881537225665364e-10,0.0,7.438494264988549e-14,4.251041550295478e-06
uniform,0,62,0.5713649595206861,0.150010664709316,0.8246676890175175,0.06308483562821678,0.3121105793447987,0.29758253395280454,-2.079443338662778,2.079443338662778,10.605386373434875,5.085928771810095e-10,0.0,5.2513549064769904e-14,4.463593627810252e-06
uniform,0,63,0.5713649595206497,0.15001066471597205,0.8246676890541084,0.06308483563803917,0.31211057939339476,0.2975825296898076,-2.079443342925775,2.079443342925775,10.605417948900111,4.354004879318865e-10,0.0,3.6415315207705135e-14,4.686773309200765e-06
uniform,0,64,0.5713649595206248,0.15001066472160943,0.8246676890850992,0.06308483564635828,0.31211057943455334,0.2975825260798577,-2.079443346535725,2.079443346535725,10.605444906290991,3.6876404234330505e-10,0.0,2.4868995751603507e-14,4.921111974660803e-06
uniform,0,65,0.5713649595206083,0.15001066472632957,0.8246676891110477,0.06308483565332386,0.3121105794690153,0.2975825230576752,-2.0794433495579074,2.0794433495579074,10.60546768483332,3.0876629722679787e-10,0.0,1.6542323066914832e-14,5.1671675733938435e-06
uniform,0,66,0.5713649595205975,0.15001066473023364,0.8246676891325099,0.06308483565908515,0.3121105794975192,0.2975825205583085,-2.079443352057274,2.079443352057274,10.605486720005313,2.553821579943573e-10,0.0,1.0769163338864018e-14,5.425525952063536e-06
uniform,0,67,0.571364959520591,0.1500106647334207,0.8246676891500304,0.06308483566378832,0.312110579520788,0.2975825185181656,-2.079443354097417,2.079443354097417,10.605502438488275,2.0847951345674187e-10,1.3877787807814457e-17,6.5503158452884236e-15,5.6968022496667134e-06
uniform,0,68,0.5713649595205869,0.15001066473598626,0.8246676891641344,0.06308483566757433,0.3121105795395192,0.297582516876,-2.0794433557395826,2.0794433557395826,10.60551525303061,1.678239339072755e-10,0.0,4.107825191113079e-15,5.981642362150049e-06
uniform,0,69,0.5713649595205843,0.15001066473802077,0.8246676891753189,0.06308483567057671,0.3121105795543734,0.2975825155738124,-2.07944335704177,2.07944335704177,10.6055255574483,1.3308767228042364e-10,0.0,2.55351295663786e-15,6.280724480257552e-06
uniform,0,70,0.5713649595205829,0.15001066473960853,0.8246676891840474,0.0630848356729198,0.3121105795659657,0.29758251455762846,-2.079443358057954,2.079443358057954,10.605533721988607,1.0386232781108706e-10,0.0,1.4432899320127035e-15,6.59476070427043e-06
uniform,0,71,0.5713649595205822,0.15001066474082655,0.8246676891907434,0.0630848356747172,0.3121105795748584,0.29758251377812406,-2.0794433588374583,2.0794433588374583,10.605540089304837,7.96748041380135e-11,0.0,6.661338147750939e-16,6.924498739483952e-06
uniform,0,72,0.5713649595205816,0.15001066474174385,0.824667689195786,0.06308483567607091,0.3121105795815558,0.2975825131910707,-2.079443359424512,2.079443359424512,10.605544971223177,6.00057168398495e-11,0.0,5.551115123125783e-16,7.27072367645815e-06
uniform,0,73,0.5713649595205814,0.15001066474242122,0.8246676891995098,0.0630848356770705,0.31211057958650124,0.29758251275759123,-2.0794433598579913,2.0794433598579913,10.605548646483909,4.430911185680843e-11,0.0,2.220446049250313e-16,7.634259860281058e-06
uniform,0,74,0.5713649595205813,0.1500106647429109,0.8246676892022018,0.06308483567779315,0.3121105795900765,0.297582512444219,-2.0794433601713633,2.0794433601713633,10.60555135953933,3.2032575526250514e-11,0.0,1.1102230246251565e-16,8.015972853295112e-06
uniform,0,75,0.5713649595205813,0.15001066474325694,0.8246676892041042,0.0630848356783038,0.3121105795926029,0.2975825122227751,-2.0794433603928075,2.0794433603928075,10.605553320470682,2.263603431123793e-11,0.0,0.0,8.416771495959867e-06
uniform,0,76,0.5713649595205813,0.15001066474349556,0.8246676892054159,0.06308483567865592,0.312110579594345,0.29758251207008035,-2.0794433605455023,2.0794433605455023,10.605554705958292,1.560860055444952e-11,1.3877787807814457e-17,0.0,8.83761007075786e-06
uniform,0,77,0.5713649595205812,0.1500106647436558,0.8246676892062967,0.06308483567889239,0.31211057959551497,0.2975825119675364,-2.079443360648046,2.079443360648046,10.605555661212039,1.0482184465399941e-11,0.0,1.1102230246251565e-16,9.279490574295754e-06
uniform,0,78,0.5713649595205812,0.15001066474376037,0.8246676892068717,0.06308483567904671,0.31211057959627847,0.2975825119006089,-2.0794433607149734,2.0794433607149734,10.605556302679545,6.841445707363969e-12,0.0,0.0,9.743465103010541e-06
uniform,0,79,0.5713649595205812,0.15001066474382654,0.8246676892072354,0.0630848356791444,0.3121105795967618,0.29758251185825557,-2.079443360757327,2.079443360757327,10.605556721327446,4.3294489597943755e-12,0.0,0.0,1.0230638358161069e-05
uniform,0,80,0.5713649595205813,0.15001066474386707,0.8246676892074583,0.06308483567920417,0.3121105795970575,0.297582511832336,-2.0794433607832463,2.0794433607832463,10.605556986250217,2.649561410804719e-12,0.0,-1.1102230246251565e-16,1.0742170276069123e-05
uniform,0,81,0.5713649595205813,0.150010664743891,0.8246676892075898,0.06308483567923943,0.312110579597232,0.297582511817041,-2.0794433607985416,2.0794433607985416,10.605557148375507,1.5634980128588011e-12,0.0,0.0,1.127927878987258e-05
uniform,0,82,0.5713649595205813,0.15001066474390454,0.8246676892076642,0.06308483567925945,0.31211057959733096,0.29758251180836726,-2.079443360807215,2.079443360807215,10.605557244044302,8.866496768241892e-13,0.0,0.0,1.1843242729366209e-05
uniform,0,83,0.5713649595205813,0.1500106647439119,0.8246676892077047,0.0630848356792703,0.3121105795973847,0.2975825118036576,-2.0794433608119247,2.0794433608119247,10.605557298297011,4.8142070716174e-13,0.0,0.0,1.243540486583452e-05
uniform,0,84,0.5713649595205813,0.1500106647439157,0.8246676892077256,0.06308483567927592,0.3121105795974125,0.29758251180122003,-2.0794433608143623,2.0794433608143623,10.605557327754973,2.4918367692056955e-13,0.0,0.0,1.3057175109126246e-05
uniform,0,85,0.5713649595205813,0.15001066474391758,0.8246676892077359,0.06308483567927868,0.31211057959742616,0.2975825118000231,-2.0794433608155596,2.0794433608155596,10.605557343001474,1.223505233614487e-13,0.0,0.0,1.3710033864582558e-05
uniform,0,86,0.5713649595205811,0.15001066474391841,0.8246676892077405,0.06308483567927996,0.3121105795974325,0.2975825117994689,-2.0794433608161134,2.0794433608161134,10.605557350487931,5.6656714399911824e-14,1.3877787807814457e-17,2.220446049250313e-16,1.4395535557811686e-05
uniform,0,87,0.5713649595205813,0.1500106647439188,0.8246676892077427,0.06308483567928053,0.31211057959743527,0.2975825117992284,-2.079443360816354,2.079443360816354,10.605557353954401,2.4578327744515707e-14,0.0,-2.220446049250313e-16,1.5115312335702271e-05
uniform,0,88,0.5713649595205813,0.15001066474391897,0.8246676892077436,0.06308483567928073,0.3121105795974363,0.2975825117991316,-2.079443360816451,2.079443360816451,10.605557355458691,9.892322810635495e-15,0.0,0.0,1.5871077952487385e-05
uniform,0,89,0.5713649595205813,0.15001066474391903,0.8246676892077439,0.06308483567928082,0.3121105795974367,0.29758251179909573,-2.079443360816487,2.079443360816487,10.605557356064029,3.658462386876109e-15,0.0,0.0,1.6664631850111754e-05
uniform,0,90,0.5713649595205813,0.15001066474391903,0.8246676892077439,0.06308483567928085,0.3121105795974369,0.29758251179908385,-2.079443360816499,2.079443360816499,10.60555735628837,1.2282756539379876e-15,0.0,0.0,1.7497863442617344e-05
uniform,0,91,0.5713649595205812,0.15001066474391903,0.8246676892077439,0.06308483567928086,0.31211057959743693,0.29758251179908013,-2.0794433608165024,2.0794433608165024,10.605557356363024,3.737304166302622e-16,0.0,1.1102230246251565e-16,1.8372756614748213e-05
uniform,0,92,0.5713649595205812,0.15001066474391903,0.8246676892077439,0.06308483567928086,0.31211057959743693,0.2975825117990792,-2.0794433608165033,2.0794433608165033,10.605557356385942,1.0874881521854114e-16,1.3877787807814457e-17,0.0,1.9291394445485625e-05
uniform,0,93,0.5713649595205812,0.15001066474391903,0.8246676892077439,0.06308483567928086,0.31211057959743693,0.2975825117990789,-2.0794433608165037,2.0794433608165037,10.605557356391994,2.4348917242174724e-17,0.0,0.0,2.025596416775991e-05
uniform,0,94,0.5713649595205812,0.15001066474391903,0.8246676892077439,0.06308483567928086,0.31211057959743693,0.29758251179907885,-2.0794433608165037,2.0794433608165037,10.605557356393726,8.775261333554552e-19,0.0,0.0,2.1268762376147906e-05
uniform,0,95,0.5713649595205812,0.15001066474391903,0.8246676892077439,0.06308483567928086,0.31211057959743693,0.2975825117990788,-2.0794433608165037,2.0794433608165037,10.6055573563938,7.647013447811823e-18,0.0,0.0,2.2332200494955303e-05
uniform,0,96,0.5713649595205812,0.15001066474391903,0.8246676892077439,0.06308483567928086,0.31211057959743693,0.29758251179907885,-2.0794433608165037,2.0794433608165037,10.605557356394465,5.204170427930421e-18,0.0,0.0,2.3448810519703067e-05
uniform,0,97,0.5713649595205812,0.15001066474391903,0.8246676892077439,0.06308483567928086,0.31211057959743693,0.2975825117990788,-2.0794433608165037,2.0794433608165037,10.605557356394012,1.514494909690689e-18,0.0,0.0,2.4621251045688222e-05
uniform,0,98,0.5713649595205812,0.15001066474391903,0.8246676892077439,0.06308483567928086,0.31211057959743693,0.2975825117990788,-2.0794433608165037,2.0794433608165037,10.605557356394145,1.866860615748478e-18,0.0,0.0,2.5852313597972635e-05
uniform,0,99,0.5713649595205812,0.15001066474391903,0.8246676892077439,0.06308483567928086,0.31211057959743693,0.2975825117990789,-2.0794433608165037,2.0794433608165037,10.605557356394305,7.030373462210693e-18,0.0,0.0,2.7144929277871267e-05
uniform,0,100,0.5713649595205812,0.15001066474391903,0.8246676892077439,0.06308483567928086,0.31211057959743693,0.2975825117990788,-2.0794433608165037,2.0794433608165037,10.605557356393698,7.569086416664428e-18,0.0,0.0,2.8502175741764832e-05
uniform,0,101,0.5713649595205812,0.15001066474391903,0.8246676892077439,0.06308483567928086,0.31211057959743693,0.2975825117990789,-2.0794433608165037,2.0794433608165037,10.605557356394353,1.417621710923682e-17,0.0,0.0,2.9927284528853074e-05
uniform,0,102,0.5713649595205812,0.15001066474391903,0.8246676892077439,0.06308483567928086,0.31211057959743693,0.297582511799079,-2.0794433608165033,2.0794433608165033,10.605557356394101,1.123504501238104e-17,0.0,0.0,3.142364875529573e-05
uniform,0,103,0.5713649595205812,0.15001066474391903,0.8246676892077439,0.06308483567928086,0.31211057959743693,0.29758251179907874,-2.0794433608165037,2.0794433608165037,10.605557356393131,2.1711131584506075e-17,0.0,0.0,3.2994831193060516e-05
uniform,0,104,0.5713649595205812,0.15001066474391903,0.8246676892077439,0.06308483567928086,0.31211057959743693,0.29758251179907896,-2.0794433608165037,2.0794433608165037,10.605557356394575,1.7230044988211102e-17,0.0,0.0,3.4644572752713545e-05
uniform,0,105,0.5713649595205812,0.15001066474391903,0.8246676892077439,0.06308483567928086,0.31211057959743693,0.2975825117990789,-2.0794433608165037,2.0794433608165037,10.605557356393692,1.8770250111155296e-18,0.0,0.0,3.637680139034922e-05
uniform,0,106,0.5713649595205812,0.15001066474391903,0.8246676892077439,0.06308483567928086,0.31211057959743693,0.29758251179907896,-2.0794433608165037,2.0794433608165037,10.605557356393854,4.228388472693467e-18,0.0,0.0,3.8195641459866685e-05
uniform,0,107,0.5713649595205812,0.15001066474391903,0.8246676892077439,0.06308483567928086,0.31211057959743693,0.29758251179907885,-2.0794433608165037,2.0794433608165037,10.605557356393488,1.522765141572443e-17,0.0,0.0,4.0105423532860025e-05
uniform,0,108,0.5713649595205812,0.15001066474391903,0.8246676892077439,0.06308483567928086,0.31211057959743693,0.29758251179907885,-2.0794433608165037,2.0794433608165037,10.60555735639403,3.7269449679189215e-19,0.0,0.0,4.211069470950303e-05
uniform,0,109,0.5713649595205812,0.15001066474391903,0.8246676892077439,0.06308483567928086,0.31211057959743693,0.29758251179907885,-2.0794433608165037,2.0794433608165037,10.605557356393998,1.8228149024912543e-18,0.0,0.0,4.421622944497818e-05
uniform,0,110,0.5713649595205812,0.15001066474391903,0.8246676892077439,0.06308483567928086,0.31211057959743693,0.2975825117990788,-2.0794433608165037,2.0794433608165037,10.60555735639384,1.4525554412783983e-17,1.3877787807814457e-17,0.0,4.6427040917227087e-05
uniform,0,111,0.5713649595205812,0.15001066474391903,0.8246676892077439,0.06308483567928086,0.31211057959743693,0.2975825117990788,-2.0794433608165037,2.0794433608165037,10.605557356394211,2.371692252312041e-18,1.3877787807814457e-17,0.0,4.874839296308844e-05
uniform,0,112,0.5713649595205812,0.15001066474391903,0.8246676892077439,0.06308483567928086,0.31211057959743693,0.2975825117990789,-2.0794433608165037,2.0794433608165037,10.605557356394417,1.66216151535491e-17,0.0,0.0,5.118581261124287e-05
uniform,0,113,0.5713649595205812,0.15001066474391903,0.8246676892077439,0.06308483567928086,0.31211057959743693,0.2975825117990787,-2.0794433608165037,2.0794433608165037,10.605557356393625,2.0596742686822744e-17,0.0,0.0,5.374510324180501e-05
uniform,0,114,0.5713649595205812,0.15001066474391903,0.8246676892077439,0.06308483567928086,0.31211057959743693,0.29758251179907896,-2.0794433608165037,2.0794433608165037,10.605557356394941,3.215893972719412e-17,0.0,0.0,5.6432358403895264e-05
uniform,0,115,0.5713649595205812,0.15001066474391903,0.8246676892077439,0.06308483567928086,0.31211057959743693,0.29758251179907874,-2.0794433608165037,2.0794433608165037,10.605557356393536,3.030379695696762e-17,1.3877787807814457e-17,0.0,5.925397632409003e-05
uniform,0,116,0.5713649595205812,0.15001066474391903,0.8246676892077439,0.06308483567928086,0.31211057959743693,0.29758251179907896,-2.0794433608165037,2.0794433608165037,10.60555735639459,3.016409034578266e-17,0.0,0.0,6.221667514029453e-05
uniform,0,117,0.5713649595205812,0.15001066474391903,0.8246676892077439,0.06308483567928086,0.31211057959743693,0.2975825117990788,-2.0794433608165037,2.0794433608165037,10.605557356393566,2.959565369752685e-17,1.3877787807814457e-17,0.0,6.532750889730925e-05
uniform,0,118,0.5713649595205812,0.15001066474391903,0.8246676892077439,0.06308483567928086,0.31211057959743693,0.2975825117990789,-2.0794433608165037,2.0794433608165037,10.605557356394456,1.647034253848016e-17,0.0,0.0,6.859388434217472e-05
uniform,0,119,0.5713649595205812,0.15001066474391905,0.824667689207744,0.06308483567928086,0.31211057959743693,0.29758251179907863,-2.0794433608165037,2.0794433608165037,10.605557356393687,2.3131453389679806e-17,0.0,0.0,7.202357855928346e-05
uniform,0,120,0.5713649595205812,0.15001066474391903,0.8246676892077439,0.06308483567928086,0.31211057959743693,0.2975825117990793,-2.0794433608165033,2.0794433608165033,10.60555735639529,6.13758033964758e-17,0.0,0.0,7.562475748724764e-05
uniform,0,121,0.5713649595205812,0.15001066474391903,0.8246676892077439,0.06308483567928086,0.31211057959743693,0.2975825117990779,-2.0794433608165046,2.0794433608165046,10.605557356391387,1.3718677757765022e-16,0.0,0.0,7.940599536161003e-05
random,11,0,0.8023490284728654,0.15795717106547988,0.8683527633100634,0.14825268068846795,0.7334762720440671,0.14345107958001876,-3.1156330191292234,3.1156330191292234,10.524725141210604,0.09369810607613664,5.551115123125783e-17,0.1311181229158458,0.1
random,11,1,0.7211411667599505,0.1595027240729603,0.8768492767373104,0.11364872937429006,0.5622741252090122,0.1579465786789203,-2.9017901280235368,2.9017901280235368,10.397010073771535,0.06741571228916847,8.326672684688674e-17,0.08120786171291483,0.1
random,11,2,0.6964910999903212,0.1565114036780025,0.8604048107255042,0.10688296979044082,0.5288007060838888,0.18883415856246286,-2.7885594870947727,2.7885594870947727,10.658083586240206,0.04420384725697958,2.7755575615628914e-17,0.02465006676962933,0.1
random,11,3,0.6723181372652158,0.15565020257337103,0.8556704491645314,0.09806615867304214,0.48517976297733156,0.18930311942844127,-2.6952027433813326,2.6952027433813326,10.646062400870672,0.042200868550911055,4.163336342344337e-17,0.024172962725105385,0.1
random,11,4,0.664484958864199,0.1549715661221697,0.8519397173863626,0.09559086002508688,0.4729332874595424,0.20484564412465445,-2.6557404764899544,2.6557404764899544,10.631199454591838,0.02724524391314742,2.7755575615628914e-17,0.007833178401016827,0.1
random,11,5,0.6540688147269315,0.15447418413703848,0.8492054127752077,0.0918704372588408,0.454526592832898,0.22028119228786652,-2.6041267644987935,2.6041267644987935,10.632113687273145,0.03082699828865106,2.7755575615628914e-17,0.010416144137267547,0.1
random,11,6,0.6386628385352395,0.15403635849191877,0.846798512814774,0.08606591614002594,0.4258088759494113,0.23591441531468446,-2.5174076391115223,2.5174076391115223,10.633584296115307,0.03711949262113102,4.163336342344337e-17,0.015405976191691928,0.1
random,11,7,0.6195445518861092,0.15319759085083345,0.8421874768358532,0.07917964089652606,0.3917392087405907,0.25812090978873103,-2.3641058198459,2.3641058198459,10.635614497831133,0.0384708040362822,2.7755575615628914e-17,0.01911828664913029,0.1
random,11,8,0.6106645157068954,0.15276557715006736,0.8398125274219228,0.07601111109458701,0.376062990164345,0.272675691376147,-2.2717686613245935,2.2717686613245935,10.633894368295904,0.028087472469564483,0.0,0.008880036179213846,0.1
random,11,9,0.6040464346599632,0.15286775250584722,0.8403742255831089,0.07321913680425422,0.36224977016315374,0.2734436786831821,-2.208285248685791,2.208285248685791,10.641529929037237,0.022422779233780582,0.0,0.006618081046932178,0.1
random,11,10,0.5993785568793736,0.1530230944069365,0.841228201177625,0.07111359289695895,0.3518326465834911,0.2848132998815581,-2.146155638921225,2.146155638921225,10.64771127961661,0.021046895625355777,1.3877787807814457e-17,0.004667877780589635,0.1
random,11,11,0.5952917367290073,0.15313367572039677,0.841836110197937,0.06928700974007121,0.34279567404261807,0.2975844608729722,-2.080446782674344,2.080446782674344,10.63513972757602,0.018753706270850202,0.0,0.0040868201503663215,0.1
random,11,12,0.595291734737179,0.15313374497919358,0.8418364909408129,0.06928697685834384,0.3427955113611293,0.2975733586207813,-2.080454592155276,2.080454592155276,10.396748131693801,8.429998961839896e-07,1.3877787807814457e-17,1.991828257885686e-09,6.103515625e-06
random,11,13,0.5952916743255455,0.15313373486510473,0.8418364353396842,0.06928694279924548,0.3427953428546282,0.29757852283893094,-2.0804472195315684,2.0804472195315684,10.540936301184157,5.854845708238773e-07,0.0,6.041163347347833e-08,6.408691406250001e-06
random,11,14,0.5952916269359141,0.15313373552112391,0.8418364389460801,0.0692869089441328,0.342795175357341,0.29758197842035355,-2.0804415379599313,2.0804415379599313,10.534054508934537,5.667773859223623e-07,1.3877787807814457e-17,4.738963144124142e-08,6.729125976562501e-06
random,11,15,0.595291584532394,0.1531337479970107,0.841836507530942,0.06928687279543845,0.3427949965126183,0.2975832510613878,-2.080437959576508,2.080437959576508,10.52458052371816,5.493595923368788e-07,0.0,4.240352013962223e-08,7.065582275390626e-06
random,11,16,0.5952915411877823,0.15313376343615132,0.8418365924059769,0.06928683462603144,0.3427948076704724,0.2975841149557637,-2.080434541862075,2.080434541862075,10.516699343916917,5.690761788793651e-07,1.3877787807814457e-17,4.334461167765369e-08,7.418861389160158e-06
random,11,17,0.5952914960794796,0.15313378392487753,0.8418367050405721,0.06928679415814502,0.3427946074566595,0.29758398308638434,-2.0804317498717495,2.0804317498717495,10.503069066364835,5.92878851402953e-07,0.0,4.5108302648699805e-08,7.789804458618167e-06
random,11,18,0.5952914487151872,0.1531338042854299,0.8418368169705451,0.06928675177188055,0.34279439775172127,0.29758413540540046,-2.080428590978109,2.080428590978109,10.506556554993413,6.225458662408365e-07,0.0,4.736429237706119e-08,8.179294681549076e-06
random,11,19,0.5952913989886123,0.15313382712447826,0.8418369425257867,0.0692867071330804,0.3427941769024214,0.297583927450814,-2.080425557965733,2.080425557965733,10.50235107588743,6.537569306984188e-07,0.0,4.972657496882249e-08,8.58825941562653e-06
random,11,20,0.5952913467763643,0.1531338491495728,0.8418370636064034,0.06928666044058895,0.34279394589253753,0.2975842026893803,-2.0804219882636867,2.0804219882636867,10.507719284845518,6.865746486654515e-07,0.0,5.2212247969585235e-08,9.017672386407857e-06
random,11,21,0.5952912919999107,0.15313387533095235,0.8418372075357555,0.06928661113483717,0.3427937019536162,0.29758372552249085,-2.0804188316434056,2.0804188316434056,10.499743079076564,7.215501942475182e-07,0.0,5.477645359519556e-08,9.46855600572825e-06
random,11,22,0.5952912344876008,0.15313389822124887,0.8418373333727284,0.06928655978314413,0.34279344789245386,0.297584385500975,-2.0804146138841944,2.0804146138841944,10.511197029304837,7.583457555790659e-07,0.0,5.7512309914464765e-08,9.941983806014664e-06
random,11,23,0.5952911758168798,0.15313393449612991,0.8418375327900323,0.06928650481918179,0.3427931759596834,0.2975821442021983,-2.0804125494143615,2.0804125494143615,10.485560726077273,8.114156785331142e-07,1.3877787807814457e-17,5.867072094822845e-08,1.0439082996315398e-05
random,11,24,0.5952911106647617,0.15313395285954418,0.8418376337409509,0.06928644875890767,0.34279289860293893,0.29758444928168437,-2.0804065808152465,2.0804065808152465,10.523717036942093,8.511964531374552e-07,1.3877787807814457e-17,6.515211814495103e-08,1.0961037146131168e-05
random,11,25,0.5952911083183259,0.1531340181589805,0.8418379927176634,0.06928641775568972,0.34279274521532654,0.2975739351830985,-2.0804139659312417,2.0804139659312417,10.396754131364702,7.948149755172387e-07,0.0,2.3464358234193128e-09,5.754544501718863e-06
random,11,26,0.5952910517319756,0.1531340088884636,0.8418379417539817,0.06928638562552013,0.34279258625215026,0.2975787728909645,-2.0804070276727757,2.0804070276727757,10.54033421025938,5.501127076452346e-07,1.3877787807814457e-17,5.658635027216974e-08,6.0422717268048065e-06
random,11,27,0.5952910071365862,0.15313400951718795,0.8418379452103271,0.06928635369853482,0.34279242829422296,0.2975820384311167,-2.0804016413339115,2.0804016413339115,10.533560295751895,5.344896918908232e-07,0.0,4.45953893812856e-08,6.344385313145047e-06
random,11,28,0.595290967191017,0.15313402136684318,0.8418380103525476,0.06928631960820864,0.342792259633223,0.2975832198131757,-2.080398266410886,2.080398266410886,10.524265847752517,5.176020118878025e-07,0.0,3.994556918573977e-08,6.6616045788023e-06
random,11,29,0.5952909262825975,0.15313403587499072,0.841838090109547,0.06928628362493904,0.3427920816069349,0.2975840424356457,-2.0803950224664813,2.0803950224664813,10.516884116651594,5.36667955874315e-07,2.7755575615628914e-17,4.090841954074165e-08,6.994684807742415e-06
random,11,30,0.5952908837508601,0.1531340546682578,0.8418381934235358,0.0692862455178187,0.3427918930729507,0.2975840502616901,-2.0803922691133674,2.0803922691133674,10.504845980205577,5.58901817060914e-07,0.0,4.2531737354245536e-08,7.344419048129536e-06
random,11,31,0.5952908390924664,0.15313407447341038,0.8418383023002576,0.06928620549869834,0.3427916950793962,0.297584040263954,-2.0803893908014444,2.0803893908014444,10.504615151685872,5.868474012970313e-07,0.0,4.465839376077696e-08,7.711640000536013e-06
random,11,32,0.5952907922010771,0.15313409518786114,0.8418384161757495,0.06928616348594317,0.3427914872223855,0.2975840502009547,-2.0803863511807563,2.0803863511807563,10.50486343580185,6.161904155808812e-07,0.0,4.6891389327008426e-08,8.097222000562814e-06
random,11,33,0.5952907429650431,0.15313411703800434,0.8418385362945899,0.06928611936336265,0.3427912689270689,0.2975840354213668,-2.080383177389654,2.080383177389654,10.504573496866701,6.470008322883357e-07,0.0,4.923603391659981e-08,8.502083100590956e-06
random,11,34,0.5952906912671415,0.15313413984594687,0.8418386616788304,0.06928607304686388,0.3427910397773989,0.29758405390268977,-2.0803798166619787,2.0803798166619787,10.504947839041915,6.793522691440864e-07,1.3877787807814457e-17,5.169790162629084e-08,8.927187255620504e-06
random,11,35,0.5952906369843495,0.15313416399324922,0.8418387944260592,0.06928602439630714,0.342790799080038,0.29758402313008375,-2.0803763246466156,2.0803763246466156,10.504423777557465,7.133226768683764e-07,0.0,5.4282792039117567e-08,9.37354661840153e-06
random,11,36,0.5952905799876347,0.1531341890311714,0.8418389320693759,0.06928597334202333,0.34279054649030005,0.29758407077967125,-2.0803725937648707,2.0803725937648707,10.5052211431782,7.489953834884811e-07,0.0,5.6996714792312275e-08,9.842223949321606e-06
random,11,37,0.595290520142468,0.15313421587741574,0.8418390796537514,0.06928591968416338,0.3427902810194371,0.2975839805873809,-2.0803687822777643,2.0803687822777643,10.5038903823302,7.864674800386503e-07,0.0,5.984516671109219e-08,1.0334335146787687e-05
random,11,38,0.5952904573103099,0.1531342430453845,0.8418392290067728,0.06928586343640344,0.34279000273511145,0.2975841439367839,-2.0803645774789414,2.0803645774789414,10.506219042539781,8.258602310916519e-07,0.0,6.283215803204456e-08,1.0851051904127072e-05
random,11,39,0.5952903913727624,0.15313427377290756,0.8418393979280656,0.06928580417531435,0.3427897095424184,0.297583763752037,-2.0803605853822593,2.0803605853822593,10.501443490796023,8.675796989029155e-07,0.0,6.593754753314585e-08,1.1393604499333427e-05
random,11,40,0.5952903222795828,0.15313430184839275,0.8418395522700621,0.06928574233316408,0.34278940357999244,0.29758443545554475,-2.0803555583840048,2.0803555583840048,10.510367729094133,9.118754704918275e-07,0.0,6.909317962211503e-08,1.1963284724300098e-05
random,11,41,0.5952903204701959,0.15313437311937628,0.8418399440747208,0.06928570849299982,0.3427892361566621,0.2975730354504458,-2.0803635075666684,2.0803635075666684,10.396761686608011,8.675098941587081e-07,1.3877787807814457e-17,1.8093868625612686e-09,6.280724480257552e-06
random,11,42,0.5952902581071734,0.1531343625755708,0.8418398861112706,0.06928567345321966,0.3427890627982635,0.29757836524063486,-2.0803558781494838,2.0803558781494838,10.541246742403835,6.034907167999245e-07,0.0,6.236302252382586e-08,6.59476070427043e-06
random,11,43,0.5952902092974658,0.15313436325288593,0.8418398898347386,0.06928563861705923,0.34278889044726807,0.2975819156462504,-2.08035000795646,2.08035000795646,10.534313868454145,5.831519240996475e-07,0.0,4.8809707609009934e-08,6.924498739483952e-06
random,11,44,0.5952901656432456,0.15313437604751465,0.8418399601718504,0.06928560142152337,0.34278870642332426,0.29758323456582564,-2.0803462808839788,2.0803462808839788,10.524759814505517,5.655054216719843e-07,0.0,4.365422023866472e-08,7.27072367645815e-06
random,11,45,0.5952901210607087,0.15313439196366196,0.841840047669179,0.0692855621397429,0.3427885120777397,0.29758411872494006,-2.080342724935323,2.080342724935323,10.516634789356301,5.85543648591902e-07,1.3877787807814457e-17,4.4582536884441026e-08,7.634259860281058e-06
random,11,46,0.5952900746444643,0.15313441335932854,0.8418401652895824,0.06928552046643437,0.3427883059001323,0.29758390496068243,-2.080339863602041,2.080339863602041,10.502136373983895,6.102499880355512e-07,1.3877787807814457e-17,4.6416244403602036e-08,8.015972853295112e-06
random,11,47,0.5952900259040377,0.15313443392689102,0.8418402783575717,0.06928547688258238,0.34278809027016105,0.2975841590171333,-2.0803364876419663,2.0803364876419663,10.507716703240991,6.408342735955573e-07,1.3877787807814457e-17,4.8740426583648855e-08,8.416771495959867e-06
random,11,48,0.5952899747518329,0.15313445806649403,0.8418404110624741,0.06928543088733449,0.34278786270987144,0.2975837865660151,-2.080333434284905,2.080333434284905,10.500599553084484,6.731973404388853e-07,0.0,5.1152204805227086e-08,8.83761007075786e-06
random,11,49,0.5952899210319536,0.15313447993312157,0.8418405312719355,0.06928538290982297,0.3427876253423842,0.2975842724793657,-2.08032954870349,2.08032954870349,10.509881664850155,7.072154368101687e-07,0.0,5.3719879322677855e-08,9.279490574295754e-06
random,11,50,0.5952898648658174,0.15313450888071878,0.8418406904082751,0.06928533198688347,0.34278737340246884,0.29758329604452993,-2.0803266093131465,2.0803266093131465,10.494703499087938,7.457167006902396e-07,1.3877787807814457e-17,5.6166136186419635e-08,9.743465103010541e-06
random,11,51,0.5952898055356525,0.15313453058889007,0.8418408097466401,0.06928527931050926,0.342787112787481,0.29758442685919473,-2.0803218631408327,2.0803218631408327,10.51601639374609,7.83779649362592e-07,1.3877787807814457e-17,5.933016489212406e-08,1.0230638358161069e-05
random,11,52,0.5952898028310184,0.1531345915380909,0.8418411448083951,0.06928525037026324,0.3427869696063684,0.29757456236366175,-2.080328755736099,2.080328755736099,10.39676663867773,7.418789135338275e-07,1.3877787807814457e-17,2.704634072259182e-09,5.371085138034562e-06
random,11,53,0.5952897504161729,0.15313458317669024,0.8418410988424835,0.06928522036051742,0.3427868211339334,0.29757904279645253,-2.080322282281248,2.080322282281248,10.53963515029035,5.114046991713501e-07,1.3877787807814457e-17,5.241484546392172e-08,5.63963939493629e-06
random,11,54,0.595289708885728,0.15313458377716016,0.841841102143503,0.06928519055210186,0.3427866736575747,0.2975820985189076,-2.080317209342191,2.080317209342191,10.53298671785178,4.990212689843117e-07,0.0,4.15304449719045e-08,5.921621364683104e-06
random,11,55,0.5952896716400542,0.15313459493530787,0.8418411634842344,0.06928515872346162,0.34278651618620704,0.29758318048333865,-2.080314043273745,2.080314043273745,10.523897531272885,4.827319141800533e-07,0.0,3.7245673767394294e-08,6.21770243291726e-06
random,11,56,0.5952896334190341,0.15313460844030352,0.841841237726513,0.06928512514008994,0.34278635003335134,0.29758395391019643,-2.0803109776358926,2.0803109776358926,10.517049891774356,5.010131753766138e-07,0.0,3.8221020126627536e-08,6.528587554563123e-06
random,11,57,0.5952895937177702,0.1531346255294038,0.8418413316720258,0.0692850896119987,0.3427861742590463,0.2975840752234254,-2.080308280833931,2.080308280833931,10.506504365466368,5.217611886350144e-07,0.0,3.970126383201489e-08,6.855016932291279e-06
random,11,58,0.5952895520335175,0.15313464441276528,0.8418414354812991,0.06928505222166481,0.34278598927134435,0.29758396571957907,-2.0803056305594048,2.0803056305594048,10.503274526493305,5.478233214577588e-07,1.3877787807814457e-17,4.1684252716223114e-08,7.197767778905843e-06
random,11,59,0.5952895082644886,0.15313466334674541,0.8418415395688429,0.06928501304332783,0.3427857954375437,0.2975840761295297,-2.080302672390479,2.080302672390479,10.506200468319623,5.752110469244494e-07,2.7755575615628914e-17,4.376902895675272e-08,7.5576561678511355e-06
random,11,60,0.5952894623087,0.1531346841884639,0.8418416541439756,0.0692849718182817,0.3427855914777029,0.2975839497860742,-2.0802997514808355,2.0802997514808355,10.503205228546848,6.039835436898114e-07,0.0,4.595578861898986e-08,7.935538976243693e-06
random,11,61,0.5952894140548564,0.1531347049502051,0.8418417682794417,0.06928492863435146,0.342785377826334,0.29758410019685066,-2.080296464372455,2.080296464372455,10.50653810770362,6.342098913357267e-07,0.0,4.8253843587531264e-08,8.332315925055877e-06
random,11,62,0.5952893633946477,0.153134728220247,0.8418418962040245,0.0692848831569285,0.3427851528279698,0.2975838878650453,-2.080293296212616,2.080293296212616,10.502382351537296,6.660149944236193e-07,0.0,5.066020869470833e-08,8.748931721308672e-06
random,11,63,0.5952893102032097,0.15313475062889997,0.8418420193932129,0.06928483559042123,0.3427849174939153,0.29758417596455927,-2.080289573356743,2.080289573356743,10.507838070670894,6.994654878264672e-07,0.0,5.319143792092973e-08,9.186378307374107e-06
random,11,64,0.5952892544093503,0.15313477744237614,0.8418421667974489,0.06928478534562874,0.3427846689091146,0.29758365560685346,-2.0802862947524017,2.0802862947524017,10.499421092195037,7.352326699017606e-07,0.0,5.57938594214491e-08,9.645697222742812e-06
random,11,65,0.5952891958376195,0.1531348005596328,0.841842293882111,0.06928473304838723,0.3427844101698759,0.2975843811626073,-2.0802818690048666,2.0802818690048666,10.5117328739768,7.728504894384706e-07,0.0,5.857173079881761e-08,1.0127982083879954e-05
random,11,66,0.5952891381967483,0.15313484256572263,0.8418425248061262,0.06928467670810538,0.3427841314278005,0.2975810079784984,-2.080280629447162,2.080280629447162,10.479209626582891,8.426567869379055e-07,0.0,5.76408711872034e-08,1.0634381188073953e-05
random,11,67,0.595289069438029,0.1531348571247441,0.8418426048427997,0.06928461985683021,0.342783850157599,0.29758419378295786,-2.080273688111821,2.080273688111821,10.527981059015454,8.782850964719635e-07,0.0,6.875871938483158e-08,1.1166100247477651e-05
random,11,68,0.595289001709314,0.15313489018984158,0.8418427866146596,0.06928455874023293,0.3427835477848275,0.2975834509570431,-2.08026977135845,2.08026977135845,10.498431392153485,8.942704053030856e-07,0.0,6.77287149697392e-08,1.1724405259851534e-05
random,11,69,0.595288930451516,0.15313491794615547,0.8418429392020458,0.0692844952034246,0.34278323343812506,0.2975844131430646,-2.080264316615408,2.080264316615408,10.514271623558589,9.399391871099109e-07,0.0,7.125779799554977e-08,1.2310625522844111e-05
random,11,70,0.595288928836965,0.15313499128776406,0.8418433423897457,0.06928446037694834,0.34278306113504187,0.2975727074571236,-2.080272400382145,2.080272400382145,10.396775024827814,8.927319501288574e-07,1.3877787807814457e-17,1.6145509373899358e-09,6.463078399493159e-06
random,11,71,0.5952888644590093,0.15313498029775158,0.8418432819733199,0.06928442432828084,0.34278288278519936,0.29757820797496776,-2.080264502472321,2.080264502472321,10.541557008600304,6.220541151896175e-07,0.0,6.437795574409932e-08,6.786232319467817e-06
random,11,72,0.5952888141869095,0.1531349809970119,0.8418432858174292,0.06928438848268201,0.3427827054400338,0.2975818558177984,-2.0802584339758132,2.0802584339758132,10.53457277250538,6.00005751179943e-07,0.0,5.027209981633973e-08,7.125543935441208e-06
random,11,73,0.5952887692456431,0.15313499411881282,0.8418433579531355,0.06928435020997746,0.34278251608682603,0.297583222566232,-2.080254548616196,2.080254548616196,10.52493718738398,5.821249502634933e-07,0.0,4.494126637499818e-08,7.481821132213269e-06
random,11,74,0.5952887233919648,0.15313501053074158,0.8418434481759698,0.06928430978305267,0.3427823160756697,0.29758412661450645,-2.080250845224441,2.080250845224441,10.516556791069346,6.024777889105442e-07,0.0,4.585367829879061e-08,7.855912188823932e-06
random,11,75,0.5952886756351258,0.15313503291178482,0.8418435712133768,0.0692842668644851,0.34278210373717577,0.29758381598494243,-2.080247914739166,2.080247914739166,10.501074999373326,6.282283778552898e-07,2.7755575615628914e-17,4.775683903890382e-08,8.248707798265129e-06
random,11,76,0.5952886254786705,0.15313505362960178,0.8418436851073741,0.06928422205404874,0.3427818820387103,0.2975841905628299,-2.0802442970572144,2.0802442970572144,10.509025089384812,6.598001457076267e-07,0.0,5.0156455322358795e-08,8.661143188178386e-06
random,11,77,0.5952885728934305,0.15313507934010828,0.8418438264481516,0.06928417464158448,0.34278164746677964,0.29758359359648473,-2.0802412555301046,2.0802412555301046,10.498269547696337,6.937450563606721e-07,0.0,5.2585239940228234e-08,9.094200347587305e-06
random,11,78,0.5952885176105372,0.15313510086493815,0.8418439447786165,0.06928412535817915,0.34278140363841686,0.29758434020206576,-2.0802370052907655,2.0802370052907655,10.512451609523952,7.290909683732268e-07,2.7755575615628914e-17,5.528289326317548e-08,9.548910364966671e-06
random,11,79,0.5952884611621113,0.15313513561808642,0.8418441358303562,0.06928407256699079,0.34278114245538893,0.29758220192387164,-2.080234870214566,2.080234870214566,10.485715821343586,7.791696139720134e-07,0.0,5.6448425933552926e-08,1.0026355883215006e-05
random,11,80,0.5952883985832562,0.15313515351786267,0.8418442342324741,0.06928401869794655,0.3427808759396972,0.2975843497170551,-2.080229076020923,2.080229076020923,10.52325015212381,8.167194380052508e-07,0.0,6.257885509786121e-08,1.0527673677375757e-05
random,11,81,0.5952883371265473,0.15313519342759602,0.8418444536319923,0.06928396038707332,0.34278058744817236,0.2975816586464946,-2.0802270116326276,2.0802270116326276,10.483777773563832,8.633718801186393e-07,0.0,6.145670894408539e-08,1.1054057361244545e-05
random,11,82,0.5952882674336447,0.15313521142766273,0.8418445525854464,0.06928390111734474,0.34278029421273565,0.2975844034553655,-2.080220284257639,2.080220284257639,10.525642720313789,9.051816844718536e-07,0.0,6.969290256009231e-08,1.1606760229306772e-05
random,11,83,0.5952882654151255,0.1531352805765399,0.8418449327240509,0.06928386828038488,0.3427801317527329,0.2975733176733451,-2.080227920412442,2.080227920412442,10.396781378717352,8.417052767135287e-07,1.3877787807814457e-17,2.018519240643002e-09,6.093549120386055e-06
random,11,84,0.5952882051156468,0.15313527049590658,0.8418448773068404,0.0692838342732689,0.34277996350341333,0.29757847105199714,-2.080220482655365,2.080220482655365,10.54095506857666,5.844590631925569e-07,0.0,6.02994786325084e-08,6.3982265764053585e-06
random,11,85,0.5952881578069505,0.15313527116588632,0.8418448809899828,0.06928380046911561,0.3427797962582464,0.2975819182835934,-2.080214724797681,2.080214724797681,10.534079835611777,5.658018055678248e-07,0.0,4.730869629376855e-08,6.7181379052256266e-06
random,11,86,0.5952881154686875,0.15313528362777987,0.8418449494979183,0.06928376437584968,0.34277961768775433,0.29758318758513147,-2.080211054673563,2.080211054673563,10.524629863214185,5.484761751115697e-07,0.0,4.23382630065916e-08,7.054044800486908e-06
random,11,87,0.5952880721841108,0.1531352990345059,0.8418450341947576,0.06928372626576677,0.34277942913911286,0.2975840517175629,-2.08020753194685,2.08020753194685,10.516795309480719,5.682053424466349e-07,0.0,4.328457670066399e-08,7.406747040511254e-06
random,11,88,0.5952880271430564,0.15313531943517675,0.8418451463452779,0.06928368586420211,0.34277922925342513,0.2975839343704978,-2.0802046078150873,2.0802046078150873,10.503313805087958,5.919314554322753e-07,0.0,4.5041054441696815e-08,7.777084392536816e-06
random,11,89,0.5952879798495926,0.15313533983165412,0.8418452584727448,0.06928364353608808,0.3427790198361847,0.2975840695127779,-2.080201337329158,2.080201337329158,10.50641808664823,6.215456022228582e-07,0.0,4.7293463811826086e-08,8.165938612163657e-06
random,11,90,0.5952879301956828,0.1531353625330784,0.8418453832714126,0.06928359897406056,0.34277879936671546,0.29758388766188204,-2.0801981491880333,2.0801981491880333,10.502711351691836,6.526846133020487e-07,1.3877787807814457e-17,4.965390976163775e-08,8.57423554277184e-06
random,11,91,0.5952878780600435,0.15313538465634804,0.8418455048917366,0.06928355234041712,0.34277856864798056,0.2975841290184875,-2.0801944677507764,2.0801944677507764,10.5074213609653,6.854198264970655e-07,0.0,5.213563936123933e-08,9.002947319910433e-06
random,11,92,0.5952878233498546,0.153135410522726,0.8418456470894008,0.0692835031340183,0.3427783252006054,0.29758372048515147,-2.0801911060090283,2.0801911060090283,10.500524569197403,7.201507441098068e-07,1.3877787807814457e-17,5.4710188823747785e-08,9.453094685905955e-06
random,11,93,0.5952877659126812,0.1531354337000919,0.8418457745045069,0.06928345183115617,0.3427780713810327,0.297584296991136,-2.0801868025538424,2.0801868025538424,10.510456619764222,7.567431908479249e-07,0.0,5.743717346184951e-08,9.925749420201254e-06
random,11,94,0.5952877062214293,0.1531354667078058,0.8418459559609068,0.06928339717049667,0.34277780094884513,0.29758277665533467,-2.080183894149826,2.080183894149826,10.489934600804801,8.030594752409818e-07,0.0,5.96912518302517e-08,1.0422036891211317e-05
random,11,95,0.5952876423087582,0.15313548813262268,0.841846073741561,0.06928334098618,0.34277752297840336,0.29758439487759947,-2.0801784037941147,2.0801784037941147,10.519944329241856,8.432944855632099e-07,0.0,6.391267115546384e-08,1.0943138735771884e-05
random,11,96,0.5952876399379006,0.15313555332842232,0.8418464321485417,0.06928331002517404,0.34277736979963375,0.29757389638128806,-2.080185616966457,2.080185616966457,10.39678736948615,7.935943369554039e-07,0.0,2.3708576213365973e-09,5.74514783628024e-06
random,11,97,0.5952875834564529,0.15313554408901242,0.8418463813558675,0.06928327794402431,0.3427772110789819,0.29757872390282925,-2.0801786127822584,2.0801786127822584,10.540352966847731,5.491500005312507e-07,0.0,5.648144763004126e-08,6.032405228094252e-06
random,11,98,0.5952875389371229,0.15313554473089672,0.8418463848845583,0.06928324606505917,0.3427770533586332,0.29758198155271687,-2.0801731496566838,2.0801731496566838,10.53358553639484,5.335704132949569e-07,2.7755575615628914e-17,4.4519330000269974e-08,6.3340254894989645e-06
random,11,99,0.5952874990532505,0.15313555656743452,0.8418464499546671,0.06928321202696834,0.3427768849560663,0.2975831597883808,-2.080169682866553,2.080169682866553,10.524314339463382,5.167691190444356e-07,0.0,3.9883872426926814e-08,6.650726763973913e-06
random,11,100,0.5952874582021669,0.1531355710465612,0.8418465295521275,0.06928317609950266,0.3427767072058666,0.29758398231698324,-2.0801663345584798,2.0801663345584798,10.516974852809602,5.35843229848802e-07,1.3877787807814457e-17,4.0851083626947116e-08,6.983263102172609e-06
random,11,101,0.5952874157342438,0.15313558976825878,0.8418466324726706,0.0692831380539806,0.3427765189766383,0.2975840009589387,-2.0801634536299853,2.0801634536299853,10.505055206573072,5.580278626679391e-07,1.3877787807814457e-17,4.246792306705771e-08,7.33242625728124e-06
random,11,102,0.5952873711428738,0.15313560958662195,0.8418467414220162,0.06928309809144595,0.34277632126304014,0.2975839800345552,-2.0801604577068864,2.0801604577068864,10.504540045552208,5.859297674093343e-07,0.0,4.459137004086955e-08,7.699047570145302e-06
random,11,103,0.5952873243218749,0.15313563021772758,0.8418468548393271,0.06928305614701052,0.34277611374403955,0.2975840030191548,-2.0801572754828435,2.0801572754828435,10.505086277741658,6.152272968681817e-07,0.0,4.682099885577884e-08,8.083999948652567e-06
random,11,104,0.595287275159808,0.15313565209852015,0.8418469751266592,0.06928301208534221,0.34277589575008444,0.2975839721436085,-2.0801539738410724,2.0801539738410724,10.50445144569834,6.45990701190358e-07,2.7755575615628914e-17,4.9162066972918694e-08,8.488199946085195e-06
random,11,105,0.5952872235396739,0.15313567478244633,0.841847099829133,0.06928296584711044,0.34277566698763845,0.29758401312881794,-2.080150448395823,2.080150448395823,10.505260036102392,6.782942334852172e-07,0.0,5.162013405612953e-08,8.912609943389455e-06
random,11,106,0.5952871693389626,0.15313569902780697,0.8418472331154268,0.06928291725782133,0.34277542659339755,0.29758394845505337,-2.0801468260684897,2.0801468260684897,10.50413164314101,7.122193127504711e-07,0.0,5.4200711252505585e-08,9.358240440558928e-06
random,11,107,0.5952871124294418,0.15313572381471682,0.8418473693788298,0.06928286630030023,0.3427751744823906,0.29758404988315806,-2.080142890019794,2.080142890019794,10.505821754069384,7.47855713090281e-07,0.0,5.690952087356038e-08,9.826152462586874e-06
random,11,108,0.5952870526815158,0.1531357510251103,0.8418475189650765,0.06928281268652843,0.3427749092296526,0.29758385841512525,-2.0801389809887647,2.0801389809887647,10.502984096509168,7.853504501232056e-07,1.3877787807814457e-17,5.974792594010125e-08,1.0317460085716219e-05
random,11,109,0.5952869899663051,0.1531357774891725,0.8418476644484464,0.06928275658460385,0.3427746316668436,0.2975841908660188,-2.0801344647540745,2.0801344647540745,10.507798816872056,8.248800563541811e-07,0.0,6.271521069134423e-08,1.083333309000203e-05
random,11,110,0.5952869243138895,0.15313581019074027,0.8418478442218403,0.06928269722807341,0.34277433800195695,0.2975833201990948,-2.0801306445253793,2.0801306445253793,10.497127585513624,8.685772150158665e-07,1.3877787807814457e-17,6.565241561506951e-08,1.1374999744502132e-05
random,11,111,0.595286855106492,0.15313583657472432,0.841847989264989,0.06928263563081323,0.3427740332511183,0.29758438484384003,-2.0801251248826125,2.0801251248826125,10.515389079468221,9.129122505606177e-07,0.0,6.920739747950932e-08,1.194374973172724e-05
random,11,112,0.5952868532692656,0.15313590773259247,0.841848380447808,0.06928260183672633,0.34277386605575455,0.2975730017484326,-2.080132873216539,2.080132873216539,10.396794913519166,8.661775894069012e-07,0.0,1.8372264820598616e-09,6.270468609156801e-06
random,11,113,0.5952867910220923,0.15313589722342993,0.8418483226748036,0.06928256685043556,0.3427736929619932,0.29757832036938026,-2.0801251659321283,2.0801251659321283,10.541265488578698,6.024332763147658e-07,1.3877787807814457e-17,6.224717330471918e-08,6.583992039614641e-06
random,11,114,0.5952867422957974,0.15313589791508808,0.8418483264771207,0.06928253206673256,0.3427735208705296,0.29758186219722443,-2.0801192050979713,2.0801192050979713,10.534339206839375,5.821478527620425e-07,0.0,4.872629488783531e-08,6.913191641595374e-06
random,11,115,0.5952866987086438,0.1531359106952751,0.8418483967348409,0.06928249492825106,0.34277333712886077,0.2975831776792984,-2.0801153698518364,2.0801153698518364,10.524809502972424,5.645963069673384e-07,0.0,4.3587153553126257e-08,7.2588512236751436e-06
random,11,116,0.5952866541874996,0.1531359265772242,0.8418484840441683,0.06928245570759378,0.3427731430856816,0.2975840622574604,-2.0801116901553334,2.0801116901553334,10.51673330857226,5.846494204763538e-07,0.0,4.4521144215714514e-08,7.621793784858901e-06
random,11,117,0.5952866078397618,0.15313594787491516,0.8418486011259614,0.0692824141031515,0.3427729372487882,0.29758386523869884,-2.0801086728023073,2.0801086728023073,10.502402083446036,6.092595278714639e-07,0.0,4.6347737758800633e-08,8.002883474101846e-06
random,11,118,0.5952865591721276,0.15313596848935446,0.8418487144516509,0.0692823705783136,0.3427727219107876,0.29758409909083483,-2.0801051663525234,2.0801051663525234,10.50755069765979,6.3978243457928e-07,0.0,4.8667634255927794e-08,8.403027647806939e-06
random,11,119,0.5952865080908727,0.15313599245398524,0.8418488461946622,0.06928232466499966,0.3427724947558641,0.2975837615609606,-2.0801019254502533,2.0801019254502533,10.501049767926956,6.720273447991764e-07,0.0,5.108125489261539e-08,8.823179030197285e-06
random,11,120,0.595286454449578,0.15313601445169722,0.8418489671247462,0.06928227674545921,0.3427722576751872,0.29758420496112364,-2.080097912032399,2.080097912032399,10.509506225384541,7.059355385936333e-07,0.0,5.364129473939272e-08,9.264337981707149e-06
random,11,121,0.5952863983069789,0.15313604288679078,0.8418491234436516,0.0692822259415969,0.3427720063244031,0.2975833422951567,-2.0800947013252586,2.0800947013252586,10.495950341475151,7.436121488034033e-07,1.3877787807814457e-17,5.614259901420837e-08,9.727554880792507e-06
random,11,122,0.5952863391379322,0.15313606495685217,0.8418492447714688,0.06928217330975983,0.34277174592976156,0.29758437873170107,-2.080089853322439,2.080089853322439,10.515100784155381,7.816787528576363e-07,0.0,5.91690467732775e-08,1.0213932624832132e-05
random,11,123,0.5952863364113221,0.1531361258093188,0.8418495793014379,0.06928214440892091,0.3427716029436146,0.297574528879587,-2.080096565620325,2.080096565620325,10.396799858240762,7.40739536461773e-07,1.3877787807814457e-17,2.7266100488532174e-09,5.36231462803687e-06
random,11,124,0.5952862840934771,0.15313611747647177,0.8418495334924968,0.06928211444493981,0.3427714546975994,0.29757899984289965,-2.0800900204550365,2.0800900204550365,10.539653885423261,5.10510686527906e-07,0.0,5.231784505621562e-08,5.630430359438714e-06
random,11,125,0.5952862426337456,0.15313611808921426,0.8418495368609836,0.06928208468131807,0.3427713074428569,0.29758204818253814,-2.0800848647312127,2.0800848647312127,10.533011849508842,4.981638209306749e-07,0.0,4.145973142577475e-08,5.91195187741065e-06
random,11,126,0.5952862054458126,0.15313612923518494,0.841849598134773,0.06928205290140847,0.34277115021258286,0.29758312721346203,-2.080081600533319,2.080081600533319,10.523945059785714,4.819546197637245e-07,0.0,3.7187933066284984e-08,6.207549471281183e-06
random,11,127,0.5952861672790283,0.1531361427145456,0.8418496722361258,0.06928201937000132,0.3427709843168203,0.29758390025552145,-2.0800784244033066,2.0800784244033066,10.517135265652065,5.00239783364366e-07,0.0,3.8166784288584665e-08,6.517926944845242e-06
random,11,128,0.5952861276369691,0.15313615974589084,0.8418497658641366,0.06928198389867955,0.34277080882338073,0.2975840293210406,-2.0800755964058313,2.0800755964058313,10.506683689584445,5.209555982478672e-07,0.0,3.964205919082531e-08,6.843823292087504e-06
random,11,129,0.595286086015269,0.15313617861989354,0.8418498696219608,0.06928194656306295,0.34277062410639114,0.29758391510930277,-2.0800728148152627,2.0800728148152627,10.503271822694161,5.469715565706371e-07,0.0,4.162170008648047e-08,7.18601445669188e-06
random,11,130,0.5952860423118264,0.1531361975076449,0.8418499734553669,0.06928190744569887,0.3427704305742523,0.29758402970167197,-2.0800697138083786,2.0800697138083786,10.506321993742219,5.743150211470837e-07,0.0,4.370344264259529e-08,7.545315179526474e-06
random,11,131,0.5952859964250311,0.15313621832975116,0.8418500879226836,0.0692818662818244,0.34277022691705666,0.2975839005160932,-2.0800666448693534,2.0800666448693534,10.503231401250957,6.030416309751019e-07,0.0,4.588679525241446e-08,7.922580938502798e-06
random,11,132,0.5952859482435215,0.15313623904852997,0.8418502018219685,0.06928182316440867,0.34277001359476666,0.29758405351539596,-2.0800632006245143,2.0800632006245143,10.506636366458535,6.332202345276015e-07,1.3877787807814457e-17,4.818150955987477e-08,8.318709985427938e-06
random,11,133,0.5952858976592941,0.15313626228834776,0.8418503295803973,0.06928177775515325,0.3427697889336595,0.29758384022657164,-2.0800598650039905,2.0800598650039905,10.50243149336124,6.64974695315983e-07,0.0,5.058422747339364e-08,8.734645484699335e-06
random,11,134,0.5952858445472485,0.15313628466171608,0.8418504525756123,0.06928173026097494,0.34276955395745073,0.29758412807170437,-2.0800559708214936,2.0800559708214936,10.507905862564822,6.983697346548927e-07,0.0,5.311204553937188e-08,9.171377758934301e-06
random,11,135,0.5952857888346814,0.15313631140892786,0.8418505996155669,0.06928168009410761,0.3427693057581827,0.297583614780665,-2.08005249582616,2.08005249582616,10.49954966565454,7.340534093690794e-07,0.0,5.5712567115229206e-08,9.629946646881017e-06
random,11,136,0.5952857303443723,0.15313633453037068,0.8418507267232418,0.06928162787300193,0.342769047395624,0.29758432849393573,-2.0800478925848065,2.0800478925848065,10.5117012642518,7.715805686692912e-07,0.0,5.849030915161535e-08,1.0111443979225068e-05
random,11,137,0.5952856720940708,0.15313637491266743,0.8418509487206272,0.06928157172156786,0.3427687695878681,0.29758129398231575,-2.0800461149253757,2.0800461149253757,10.481221358872405,8.357701136845021e-07,0.0,5.825030147121879e-08,1.0617016178186322e-05
random,11,138,0.5952856041885919,0.15313639066684942,0.8418510353275687,0.0692815148839502,0.3427684883852367,0.29758423321891425,-2.080039213886975,2.080039213886975,10.526903413618577,8.733451184457152e-07,0.0,6.790547890656029e-08,1.1147866987095638e-05
random,11,139,0.5952855369203207,0.15313642611526618,0.841851230201473,0.06928145363645075,0.3427681853648302,0.2975829137169047,-2.080035485129831,2.080035485129831,10.493380528655516,8.974604054117004e-07,0.0,6.726827117553569e-08,1.170526033645042e-05
random,11,140,0.5952854653668707,0.15313645170724274,0.8418513708906448,0.06928139039081588,0.34276787245870083,0.2975843692197879,-2.080029433935747,2.080029433935747,10.518808026074314,9.428452001762393e-07,0.0,7.155345005394054e-08,1.2290523353272941e-05
random,11,141,0.5952854637232867,0.15313652493244737,0.8418517734384262,0.069281355611765,0.3427677003902535,0.29757268089468775,-2.0800372810053673,2.0800372810053673,10.396808231946848,8.913608647021143e-07,1.3877787807814457e-17,1.6435839356176984e-09,6.4525247604682945e-06
random,11,142,0.5952853994649963,0.1531365139783062,0.841851713219199,0.0692813196181375,0.3427675223127199,0.2975781699036809,-2.0800292884805898,2.0800292884805898,10.541575733898904,6.20963745551205e-07,0.0,6.42582904664124e-08,6.77515099849171e-06
random,11,143,0.595285349278861,0.1531365146923025,0.8418517171443178,0.06928128382653806,0.34276734523471497,0.29758180893446295,-2.0800231104818794,2.0800231104818794,10.534598123312131,5.989723480165531e-07,2.7755575615628914e-17,5.018613524754301e-08,7.113908548416295e-06
random,11,144,0.5952853044065123,0.15313652779919557,0.8418517891980698,0.06928124561256169,0.34276715617206327,0.2975831721445831,-2.0800190953662936,2.0800190953662936,10.524987234967604,5.811894124676883e-07,0.0,4.487234872563306e-08,7.46960397583711e-06
random,11,145,0.5952852586155891,0.15313654417500122,0.8418518792223213,0.06928120524861875,0.3427669564725081,0.2975840768174444,-2.080015243609912,2.080015243609912,10.516658049198334,6.0155964765748e-07,1.3877787807814457e-17,4.579092316436828e-08,7.843084174628967e-06
random,11,146,0.595285210928014,0.15313656644607132,0.8418520016551626,0.06928116240169017,0.3427667444884462,0.2975837856209594,-2.0800121256895068,2.0800121256895068,10.501366143514497,6.271870344825344e-07,0.0,4.768757511097732e-08,8.235238383360416e-06
random,11,147,0.5952851608466074,0.1531365872219541,0.8418521158683706,0.06928111765117545,0.34276652308644145,0.29758413692013747,-2.0800083521191284,2.0800083521191284,10.50883278529228,6.586873850908774e-07,0.0,5.0081406577362486e-08,8.647000302528438e-06
random,11,148,0.5952851083260016,0.15313661270692525,0.8418522559692914,0.06928107032702399,0.34276628895143607,0.29758358656379125,-2.0800050795715643,2.0800050795715643,10.49883864882903,6.92412139902048e-07,0.0,5.252060586435903e-08,9.07935031765486e-06
random,11,149,0.595285053129202,0.15313663439428324,0.8418523751932374,0.06928102110094145,0.34276604540667627,0.29758428292451544,-2.0800006778399274,2.0800006778399274,10.512007572482139,7.276411973617893e-07,1.3877787807814457e-17,5.519679957544099e-08,9.533317833537604e-06
random,11,150,0.5952849961851334,0.15313666747892613,0.8418525570725461,0.06928096849755941,0.34276578515281525,0.2975825072452714,-2.079997979837957,2.079997979837957,10.487932154856336,7.742408151202473e-07,1.3877787807814457e-17,5.694406857159606e-08,1.0009983725214484e-05
random,11,151,0.5952849343098412,0.15313668687306098,0.8418526636897417,0.06928091461074018,0.3427655185491822,0.2975843190379257,-2.0799922950144434,2.0799922950144434,10.52144038234457,8.122002145711539e-07,0.0,6.187529222323462e-08,1.0510482911475208e-05
random,11,152,0.5952848737183697,0.15313672857455707,0.8418528929392851,0.06928085625991048,0.34276522985997376,0.2975812318740252,-2.0799903124093673,2.0799903124093673,10.481566034255207,8.678450381264228e-07,0.0,6.05914715068323e-08,1.103600705704897e-05
random,11,153,0.5952848032268478,0.15313674499028887,0.8418529831830264,0.06928079718104257,0.34276493756881526,0.2975842850927006,-2.0799830886545565,2.0799830886545565,10.527105814389008,9.080279326748875e-07,0.0,7.049152184190888e-08,1.1587807409901419e-05
random,11,154,0.5952847344672444,0.15313678574982037,0.8418532072542196,0.06928073320354868,0.34276462104183236,0.2975820319218435,-2.079979865572707,2.079979865572707,10.487332145919035,9.422772246769149e-07,0.0,6.875960345542609e-08,1.216719778039649e-05
random,11,155,0.5952846588655931,0.15313680867680324,0.8418533332928717,0.06928066774973414,0.34276429721079166,0.29758436137614525,-2.0799728217072877,2.0799728217072877,10.523919267104205,9.88748568188852e-07,0.0,7.560165127262763e-08,1.2775557669416316e-05
random,11,156,0.5952846575098809,0.1531368847925859,0.8418537517312987,0.0692806315958715,0.34276411834049897,0.2975722473981982,-2.079980872430253,2.079980872430253,10.396815961010244,9.265585816809497e-07,0.0,1.3557122091611973e-09,6.707167776443566e-06
random,11,157,0.5952845904263487,0.15313687320642055,0.841853688037586,0.06928059419473052,0.3427639332993292,0.2975779757891227,-2.07997251286484,2.07997251286484,10.541984357911275,6.469440143415428e-07,0.0,6.708353217366181e-08,7.042526165265745e-06
random,11,158,0.595284538196132,0.1531368739468452,0.8418536921079918,0.06928055699487157,0.342763749253997,0.29758175151376726,-2.079966066964284,2.079966066964284,10.534935794955775,6.225291333486204e-07,0.0,5.223021670719419e-08,7.394652473529032e-06
random,11,159,0.5952844915279373,0.15313688750820326,0.8418537666601167,0.06928051727779297,0.34276355275478626,0.29758318204857204,-2.0799618405362725,2.0799618405362725,10.52520676877709,6.043980618820609e-07,0.0,4.666819475307449e-08,7.764385097205484e-06
random,11,160,0.5952844439691537,0.15313690458599985,0.8418538605434888,0.06928047531487204,0.3427633451443291,0.297584112524472,-2.079957794790218,2.079957794790218,10.5165044175653,6.25172758113439e-07,0.0,4.755878357798338e-08,8.15260435206576e-06
random,11,161,0.5952843944247308,0.1531369283405244,0.8418539911314633,0.06928043072039222,0.342763124514303,0.2975836601847654,-2.0799546092450254,2.0799546092450254,10.499640462645985,6.525061615003612e-07,0.0,4.954442289761829e-08,8.560234569669049e-06
random,11,162,0.5952843423644237,0.15313694921663257,0.8418541058956497,0.06928038426857124,0.34276289469512994,0.29758420690339155,-2.0799504930055193,2.0799504930055193,10.51083707485059,6.854522924110935e-07,0.0,5.206030706528253e-08,8.988246298152501e-06
random,11,163,0.5952842879516012,0.15313697740109938,0.8418542608367611,0.06928033492021012,0.3427626505454,0.29758322605206744,-2.0799473295474673,2.0799473295474673,10.4944388699399,7.226975248547611e-07,0.0,5.441282258100699e-08,9.437658613060127e-06
random,11,164,0.5952842304398808,0.1531369983318066,0.8418543759010999,0.06928028389792237,0.3427623981139618,0.2975843432349959,-2.0799423986553354,2.0799423986553354,10.51607463736893,7.594903351492505e-07,0.0,5.751172038603869e-08,9.909541543713135e-06
random,11,165,0.5952841775978284,0.15313704693777788,0.8418546431072621,0.06928022824989176,0.34276212279678137,0.29757946458066836,-2.0799421732279786,2.0799421732279786,10.46964467704483,8.594369715373268e-07,0.0,5.284205240041473e-08,1.0405018620898791e-05
random,11,166,0.595284106785438,0.153137056128512,0.8418546936323463,0.06928017290464343,0.34276184897760836,0.2975835480460701,-2.079934169209941,2.079934169209941,10.531988498077132,8.772251095512854e-07,1.3877787807814457e-17,7.081239039585796e-08,1.0925269551943732e-05
random,11,167,0.5952840404668693,0.15313708238562268,0.8418548379780222,0.06928011365394184,0.3427615558363072,0.2975843559704671,-2.079928801600881,2.079928801600881,10.512419277627206,8.75358160296508e-07,0.0,6.631856863670293e-08,1.1471533029540918e-05
random,11,168,0.5952840383552503,0.15313715073268663,0.8418552137087436,0.06928008118880373,0.34276139521588295,0.29757338929370847,-2.0799360662134534,2.0799360662134534,10.396821887422815,8.319974852305454e-07,1.3877787807814457e-17,2.1116189907743887e-09,6.022554840508982e-06
random,11,169,0.5952839788389016,0.1531371408355038,0.8418551593000327,0.06928004757041388,0.3427612288897757,0.2975784743997396,-2.0799285784577144,2.0799285784577144,10.540877371282132,5.772375531098453e-07,1.3877787807814457e-17,5.9516348738242186e-08,6.323682582534432e-06
random,11,170,0.5952839321001998,0.1531371415170962,0.8418551630470146,0.06928001415369535,0.34276106356143216,0.2975818795976378,-2.0799227284451054,2.0799227284451054,10.534027893995225,5.591702636834662e-07,1.3877787807814457e-17,4.673870179772166e-08,6.639866711661154e-06
random,11,171,0.5952838902563331,0.1531371538564002,0.8418552308810271,0.06927997847523919,0.34276088704320057,0.29758312942192966,-2.0799189257690442,2.0799189257690442,10.524636328135943,5.420414720886431e-07,0.0,4.184386670491591e-08,6.971860047244212e-06
random,11,172,0.595283847455898,0.15313716906643993,0.8418553144966042,0.06927994080633629,0.3427607006772857,0.2975839868953131,-2.0799152431672203,2.0799152431672203,10.516941198763575,5.616772565299823e-07,0.0,4.280043508497755e-08,7.320453049606423e-06
random,11,173,0.5952838029315998,0.1531371890707959,0.8418554244684255,0.0692799008843156,0.3427605031641293,0.2975839115322406,-2.0799120942298583,2.0799120942298583,10.503910767430916,5.850409476716076e-07,0.0,4.452429824830517e-08,7.686475702086745e-06
random,11,174,0.5952837561810276,0.1531372094237612,0.8418555363566895,0.06927985902584256,0.3427602960704254,0.2975839967470076,-2.0799086613096454,2.0799086613096454,10.505909330316861,6.142992236936582e-07,0.0,4.675057219127865e-08,8.070799487191082e-06
random,11,175,0.5952837070941002,0.15313723158648504,0.8418556581939088,0.06927981500178831,0.34276007826256494,0.2975838865863313,-2.079905202380408,2.079905202380408,10.50359777778732,6.450343087058901e-07,0.0,4.908692741167897e-08,8.474339461550638e-06
random,11,176,0.5952836555535758,0.1531372538199991,0.8418557804202899,0.06927976887152054,0.34275985003426795,0.29758403262968797,-2.0799013703537863,2.0799013703537863,10.506483574908192,6.773240303185481e-07,0.0,5.154052440392576e-08,8.89805643462817e-06
random,11,177,0.5952836014445528,0.15313727869491264,0.8418559171674838,0.06927972029446224,0.34275960970053865,0.29758380105415694,-2.0798976297739262,2.0798976297739262,10.502434688011425,7.11325195968245e-07,0.0,5.4109022928905404e-08,9.34295925635958e-06
random,11,178,0.5952835446383448,0.15313730249566185,0.8418560480095735,0.06927966950089323,0.34275935840068045,0.2975841433217777,-2.079893258887436,2.079893258887436,10.508283668980038,7.471303104680926e-07,0.0,5.6806208070803166e-08,9.81010721917756e-06
random,11,179,0.5952834851160645,0.15313733183504546,0.8418562092997173,0.06927961576897819,0.3427590925634318,0.2975834184489983,-2.079889470900005,2.079889470900005,10.49785181813747,7.861609554611475e-07,2.7755575615628914e-17,5.952228021577355e-08,1.0300612580136439e-05
random,11,180,0.59528342252534,0.15313735588885022,0.841856341532953,0.06927955996926356,0.34275881649579865,0.2975843510964109,-2.0798842237537074,2.0798842237537074,10.5139815263461,8.264493905535789e-07,0.0,6.259072460323978e-08,1.0815643209143261e-05
random,11,181,0.5952834200721545,0.15313742032866814,0.8418566957840046,0.06927952935885429,0.3427586650515969,0.29757396543538317,-2.079891062943279,2.079891062943279,10.396827809471471,7.844412773326712e-07,0.0,2.4531854325715585e-09,5.678212684800212e-06
random,11,182,0.5952833643237297,0.15313741125911634,0.8418566459251072,0.06927949764439932,0.34275850814515796,0.2975787288597139,-2.0798839993768587,2.0798839993768587,10.540275232196791,5.423680679730151e-07,0.0,5.574842476541164e-08,5.9621233190402235e-06
random,11,183,0.5952833203407667,0.1531374119118674,0.8418566495135368,0.0692794661307614,0.34275835223225604,0.29758194678703004,-2.0798784363343312,2.0798784363343312,10.533533271728409,5.273212316230483e-07,1.3877787807814457e-17,4.398296304941596e-08,6.260229484992235e-06
random,11,184,0.5952832809232049,0.15313742363237676,0.8418567139457916,0.06927943248379302,0.3427581857647573,0.29758310679304595,-2.079874829796001,2.079874829796001,10.52431849606191,5.107053317028279e-07,0.0,3.941756177017197e-08,6.5732409592418474e-06
random,11,185,0.595283240531087,0.15313743793071566,0.8418567925493904,0.069279396971883,0.34275801007050843,0.297583922113768,-2.079871315762687,2.079871315762687,10.517105763486825,5.296769089437922e-07,0.0,4.0392117872656286e-08,6.9019030072039405e-06
random,11,186,0.5952831985511027,0.153137456315582,0.8418568936182396,0.06927935937526658,0.34275782406222904,0.29758397108682916,-2.0798682141199616,2.0798682141199616,10.505547294905007,5.515827208621065e-07,0.0,4.197998437760475e-08,7.246998157564138e-06
random,11,187,0.5952831544722446,0.15313747602484623,0.8418570019678253,0.06927931986162193,0.3427576285695025,0.29758392035807285,-2.079865030135902,2.079865030135902,10.504230764228303,5.791615736213704e-07,0.0,4.4078858119078745e-08,7.609348065442345e-06
random,11,188,0.59528310818941,0.15313749628520115,0.8418571133469737,0.06927927841205543,0.34275742349885296,0.2975839766496619,-2.0798616015226763,2.0798616015226763,10.505576823398105,6.081222514706066e-07,0.0,4.6282834564870257e-08,7.989815468714462e-06
random,11,189,0.5952830595927872,0.1531375180752687,0.8418572331355546,0.06927923484257299,0.34275720793997466,0.29758390550225094,-2.079858094277831,2.079858094277831,10.504053969812341,6.385362440203497e-07,0.0,4.8596622836960535e-08,8.389306242150185e-06
random,11,190,0.595283008566681,0.1531375402879368,0.8418573552473371,0.06927918915568505,0.34275698190528786,0.2975839990368597,-2.0798542817040855,2.0798542817040855,10.505928314398123,6.704789760008245e-07,0.0,5.102610611817937e-08,8.808771554257695e-06
random,11,191,0.5952829549920244,0.15313756456922434,0.8418574887311352,0.0692791410965372,0.342756744133907,0.2975838559503394,-2.07985045277967,2.07985045277967,10.503367074487501,7.040517324774871e-07,0.0,5.357465659994176e-08,9.24921013197058e-06
random,11,192,0.5952828987427942,0.15313758861728977,0.8418576209328195,0.06927909076704128,0.34275649513003825,0.29758407113652485,-2.079846154652572,2.079846154652572,10.507056196098773,7.393551356199735e-07,0.0,5.624923027358619e-08,9.711670638569108e-06
random,11,193,0.5952828397174533,0.15313761642449422,0.8418577737999712,0.06927903768653629,0.34275623251562387,0.2975836559655853,-2.079842110814594,2.079842110814594,10.50085752567676,7.76829524394114e-07,0.0,5.902534083723765e-08,1.0197254170497563e-05
random,11,194,0.5952827777988645,0.1531376413523184,0.8418579108380357,0.06927898234341232,0.34275595870696113,0.2975843026366094,-2.0798370515899,2.0798370515899,10.510731173304771,8.16485873018435e-07,0.0,6.191858881177126e-08,1.0707116879022442e-05
random,11,195,0.5952827161903929,0.1531376840351546,0.8418581454823922,0.0692789228814948,0.3427556645206747,0.29758111888593675,-2.0798348041471018,2.0798348041471018,10.481355719473513,8.848075426811875e-07,0.0,6.160847165759264e-08,1.1242472722973566e-05
random,11,196,0.5952826442610061,0.1531377005295675,0.8418582361586744,0.06927886271073204,0.3427553668273948,0.29758427679715016,-2.079827196210267,2.079827196210267,10.527457942592896,9.258444897284752e-07,0.0,7.192938678013405e-08,1.1804596359122245e-05
random,11,197,0.5952825746881899,0.1531377432166045,0.8418584708261244,0.06927879745096678,0.3427550439564079,0.2975817296923726,-2.0798238503206052,2.0798238503206052,10.486096432521192,9.626925325866084e-07,0.0,6.957281617481215e-08,1.2394826177078358e-05
random,11,198,0.5952824971755915,0.15313776544605856,0.8418585930301861,0.06927873084503948,0.3427547144253193,0.2975843447838768,-2.079816213913123,2.079816213913123,10.525192265708398,1.0098368983438666e-06,0.0,7.751259845090175e-08,1.3014567485932277e-05
random,11,199,0.5952824959572898,0.1531378429880602,0.8418590193091005,0.06927869400855453,0.3427545321777705,0.2975720213854314,-2.0798241515883014,2.0798241515883014,10.396836677602671,9.439502498407804e-07,0.0,1.218301681760181e-09,6.832647930114446e-06
random,11,200,0.595282427478358,0.15313783109297113,0.8418589539171122,0.06927865591225287,0.34275434369731134,0.2975778671146334,-2.0798155081433776,2.0798155081433776,10.542198337763736,6.597619141993324e-07,1.3877787807814457e-17,6.847893174732889e-08,7.174280326620168e-06
random,11,201,0.5952823742408916,0.15313783185492885,0.8418589581058938,0.06927861801618249,0.3427541562074913,0.2975817084199073,-2.0798088164473514,2.0798088164473514,10.535117487525259,6.341093660765784e-07,1.3877787807814457e-17,5.323746643526306e-08,7.532994342951177e-06
random,11,202,0.5952823266847751,0.15313784564175917,0.8418590338975285,0.06927857755656242,0.342753956034576,0.2975831718722846,-2.0798043552291814,2.0798043552291814,10.525341190784573,6.158520307094705e-07,0.0,4.755611648921132e-08,7.909644060098736e-06
random,11,203,0.5952822782511008,0.15313786306504984,0.8418591296802175,0.06927853480362299,0.34275374451552293,0.29758411532306084,-2.079800066527298,2.079800066527298,10.516471130564291,6.368334767896413e-07,0.0,4.8433674293413276e-08,8.305126263103674e-06
random,11,204,0.5952822277955687,0.15313788757122765,0.841859264400326,0.06927848934317869,0.34275351960116013,0.2975835794825684,-2.079796675949547,2.079796675949547,10.498816307243402,6.651083134375257e-07,0.0,5.045553208571363e-08,8.720382576258858e-06
random,11,205,0.5952821747521656,0.15313790849203018,0.8418593794102148,0.06927844205092776,0.3427532856239818,0.2975842235067268,-2.0797922200899652,2.0797922200899652,10.511820242776288,6.987776513781311e-07,0.0,5.304340311429456e-08,9.156401705071801e-06
random,11,206,0.5952821194767305,0.15313793820916863,0.8418595427770257,0.06927839168298414,0.3427530364298941,0.29758298732705823,-2.0797889353851446,2.0797889353851446,10.491915599967296,7.387335548509014e-07,0.0,5.5275435117962957e-08,9.614221790325392e-06
random,11,207,0.5952820606567997,0.15313795874686675,0.8418596556808388,0.06927833977496468,0.3427527796163213,0.2975843008219592,-2.079783572355077,2.079783572355077,10.518057663246593,7.757385880467639e-07,0.0,5.881993081491288e-08,1.0094932879841662e-05
random,11,208,0.5952820026651237,0.15313799948612905,0.8418598796406043,0.06927828367719303,0.34275250207405883,0.2975811807792113,-2.079781450051462,2.079781450051462,10.480736857349289,8.359464122780682e-07,0.0,5.799167601683308e-08,1.0599679523833745e-05
random,11,209,0.5952819346662163,0.1531380149227121,0.8418599645015793,0.06927822694460849,0.34275222139107603,0.2975841719888641,-2.079774166494489,2.079774166494489,10.527232801900281,8.727779044170642e-07,0.0,6.799890739372927e-08,1.1129663500025433e-05
random,11,210,0.5952818673191332,0.15313804926929026,0.841860153318243,0.06927816588432378,0.3427519192969096,0.29758310115570114,-2.0797698185013678,2.0797698185013678,10.495650830704815,8.937637266991902e-07,2.7755575615628914e-17,6.734708302147396e-08,1.1686146675026704e-05
random,11,211,0.5952817960722346,0.15313807574761562,0.8418602988800231,0.06927810265039079,0.342751606448675,0.29758434078856044,-2.0797635158023393,2.0797635158023393,10.517091407175643,9.392268587618534e-07,0.0,7.124689860305011e-08,1.227045400877804e-05
random,11,212,0.5952817943986937,0.15313814885679794,0.8418607007899843,0.06927806791814307,0.34275143461178503,0.29757266978090213,-2.0797709515412612,2.0797709515412612,10.39684339668469,8.899970042851389e-07,0.0,1.6735409724688566e-09,6.4419883546084706e-06
random,11,213,0.5952817302599938,0.15313813793901113,0.8418606407706114,0.06927803197927433,0.342751256805169,0.29757814721034836,-2.0797627786805593,2.0797627786805593,10.541596558844258,6.198745318972541e-07,0.0,6.413869990673504e-08,6.764087772338895e-06
random,11,214,0.5952816801597468,0.15313813866861442,0.841860644781528,0.06927799624133432,0.34275107999264265,0.2975817772661432,-2.0797563955102376,2.0797563955102376,10.534625780622076,5.979374921560767e-07,1.3877787807814457e-17,5.010024695106807e-08,7.1022921609558395e-06
random,11,215,0.5952816353559237,0.15313815176087428,0.8418607167548354,0.06927795808578346,0.3427508912190497,0.2975831368981188,-2.0797521418559484,2.0797521418559484,10.525040641975895,5.802567908665594e-07,0.0,4.4803823096017936e-08,7.4574067690036315e-06
random,11,216,0.5952815896271303,0.1531381681004146,0.8418608065797222,0.06927791778452048,0.34275069182960194,0.29758404224682,-2.0797480195296862,2.0797480195296862,10.516764219270744,6.006460092041069e-07,0.0,4.572879341857572e-08,7.830277107453813e-06
random,11,217,0.5952815420085503,0.15313819026066638,0.8418609284033515,0.06927787500894594,0.3427504801985623,0.29758377075934184,-2.0797445713372937,2.0797445713372937,10.50166496098346,6.261525756604463e-07,1.3877787807814457e-17,4.761857996804508e-08,8.221790962826504e-06
random,11,218,0.5952814920016113,0.15313821109642936,0.8418610429457444,0.0692778303177627,0.34275025909009854,0.29758409836898453,-2.0797404954302934,2.0797404954302934,10.50863879386453,6.575824580741226e-07,0.0,5.000693903411957e-08,8.63288051096783e-06
random,11,219,0.5952814395467277,0.15313823635878476,0.8418611818228589,0.06927778308129023,0.34275002538888266,0.2975835940857022,-2.0797368284007636,2.0797368284007636,10.499406009082453,6.911066386711528e-07,0.0,5.245488354788108e-08,9.064524536516222e-06
random,11,220,0.5952813844335954,0.15313825821158497,0.8418613019563059,0.06927773391176811,0.34274978212395407,0.29758423934653266,-2.0797321110126292,2.0797321110126292,10.511558734705936,7.262132527414412e-07,0.0,5.511313239114912e-08,9.517750763342034e-06
random,11,221,0.5952813271482188,0.1531382898952866,0.8418614761340889,0.06927768148162324,0.34274952272717935,0.2975827717584697,-2.079728701669385,2.079728701669385,10.489984375682681,7.702343765858354e-07,0.0,5.72853765534731e-08,9.993638301509136e-06
random,11,222,0.5952812657950141,0.15313831058142155,0.8418615898539177,0.06927762758470338,0.3427492560735737,0.2975842831268423,-2.0797229130943173,2.0797229130943173,10.519649280040944,8.082957641969801e-07,0.0,6.135320473887873e-08,1.0493320216584593e-05
random,11,223,0.595281204543762,0.15313835046436206,0.841861809106145,0.06927756943872825,0.3427489683978779,0.29758157917505984,-2.0797200886193448,2.0797200886193448,10.483750243775612,8.610196260403017e-07,0.0,6.125125207034898e-08,1.1017986227413823e-05
random,11,224,0.595281135037548,0.15313836831135647,0.8418619072181004,0.06927751035933669,0.3427486761041286,0.29758433764335046,-2.079712719979329,2.079712719979329,10.525766152198935,9.026832692201813e-07,0.0,6.950621400658719e-08,1.1568885538784514e-05
random,11,225,0.5952811329649838,0.15313843724109255,0.8418622861520001,0.06927747761122689,0.3427485140837093,0.2975732847129047,-2.0797196728414273,2.0797196728414273,10.396849731786025,8.391266144354584e-07,0.0,2.0725642313479398e-09,6.07366490786187e-06
random,11,226,0.595281072889284,0.15313842722763282,0.8418622311040692,0.06927744370765111,0.3427483463466522,0.29757841639233196,-2.079711938878421,2.079711938878421,10.540994595722402,5.824129941530019e-07,1.3877787807814457e-17,6.00756997481966e-08,6.377348153254964e-06
random,11,227,0.595281025742091,0.1531384279262168,0.8418622349444603,0.06927741000494504,0.3427481796033927,0.29758184681643834,-2.079705843514753,2.079705843514753,10.534132664760682,5.638529706571495e-07,0.0,4.7147193038554747e-08,6.696215560917713e-06
random,11,228,0.5952809835338485,0.15313844036045632,0.8418623033003709,0.0692773740220802,0.3427480015791072,0.29758310941094446,-2.0797017802919893,2.0797017802919893,10.52473150525548,5.467146630732979e-07,0.0,4.22082424567094e-08,7.031026338963599e-06
random,11,229,0.5952809403687652,0.1531384557027231,0.8418623876428523,0.0692773360301607,0.34274781361507606,0.2975839739801123,-2.079697813297235,2.079697813297235,10.516990656546094,5.664695778236424e-07,1.3877787807814457e-17,4.316508328550128e-08,7.382577655911779e-06
random,11,230,0.5952808954618203,0.15313847592930907,0.8418624988363593,0.06927729576060028,0.3427476143824759,0.29758388524026436,-2.079694355096601,2.079694355096601,10.503803122465838,5.900499985690294e-07,0.0,4.490694494041492e-08,7.751706538707368e-06
random,11,231,0.5952808483094192,0.15313849639451738,0.8418626113416674,0.06927725354844355,0.3427474055389312,0.2975839869119853,-2.0796905754341375,2.0796905754341375,10.506153096597115,6.195617193507902e-07,1.3877787807814457e-17,4.715240109476326e-08,8.139291865642736e-06
random,11,232,0.5952807988012965,0.1531385188333242,0.8418627346966234,0.06927720913835173,0.3427471858211598,0.29758385424048356,-2.079686772641095,2.079686772641095,10.503402943558436,6.505702825534072e-07,0.0,4.950812271253824e-08,8.546256458924873e-06
random,11,233,0.5952807468187123,0.15313854114034273,0.8418628573270875,0.0692771626227954,0.3427469556866578,0.297584031183978,-2.0796825415015108,2.0796825415015108,10.506861331594438,6.831538999206761e-07,0.0,5.1982584126086806e-08,8.973569281871116e-06
random,11,234,0.5952806922509524,0.15313856643906312,0.8418629964041147,0.06927711360908267,0.34274671319259215,0.2975837452598945,-2.079678430269609,2.079678430269609,10.501936797296025,7.175235384701312e-07,0.0,5.456775997725316e-08,9.422247745964672e-06
random,11,235,0.5952806349649035,0.15313859015810008,0.8418631267969999,0.06927706240580195,0.34274645986569585,0.29758416335555393,-2.079673582038523,2.079673582038523,10.509054800223417,7.537402709726297e-07,0.0,5.728604890453681e-08,9.893360133262906e-06
random,11,236,0.5952805750339105,0.15313862062211425,0.8418632942696807,0.06927700813175951,0.34274619134628603,0.29758322259272785,-2.079669470343608,2.079669470343608,10.495836707493137,7.943702847799729e-07,0.0,5.993099294610005e-08,1.0388028139926051e-05
random,11,237,0.5952805117825638,0.1531386441509973,0.841863423617215,0.06927695192065265,0.3427459132433006,0.29758433523060623,-2.0796636302716336,2.0796636302716336,10.51592608525171,8.349349837399975e-07,1.3877787807814457e-17,6.325134671580912e-08,1.0907429546922355e-05
random,11,238,0.5952805093622326,0.1531387091401818,0.841863780888351,0.06927692104342481,0.34274576047902094,0.2975738678546691,-2.079670114872359,2.079670114872359,10.396855704839709,7.911630324449958e-07,0.0,2.4203311577153386e-09,5.726400512134236e-06
random,11,239,0.5952804530900894,0.15313869996323565,0.8418637304390647,0.06927688905991342,0.3427456022414323,0.2975786749840918,-2.0796627881421186,2.0796627881421186,10.540392472058311,5.472292535951746e-07,0.0,5.627214327841301e-08,6.012720537740948e-06
random,11,240,0.5952804087225251,0.15313870063208435,0.8418637341159894,0.06927685727654215,0.3427454449940317,0.2975819167514596,-2.0796569589342724,2.0796569589342724,10.533638191105569,5.317340493317468e-07,0.0,4.4367564289160555e-08,6.313356564627996e-06
random,11,241,0.5952803689615799,0.15313871244270452,0.8418637990436187,0.0692768233424909,0.34274527710619795,0.29758308866715316,-2.079653067657875,2.079653067657875,10.524414266176901,5.151083539280315e-07,0.0,3.976094520297124e-08,6.629024392859396e-06
random,11,242,0.5952803282246276,0.15313872686412155,0.8418638783238265,0.06927678752617597,0.34274509990591373,0.2975839109757464,-2.0796492421419974,2.0796492421419974,10.517159746704259,5.341993392990663e-07,0.0,4.073695225592644e-08,6.9604756125023665e-06
random,11,243,0.5952802858837057,0.1531387454439712,0.8418639804645757,0.06927674960329573,0.3427449122834526,0.2975839509691595,-2.0796457989425607,2.0796457989425607,10.50547519922658,5.562898221300599e-07,1.3877787807814457e-17,4.234092187971328e-08,7.3084993931274855e-06
random,11,244,0.5952802414257852,0.1531387652849726,0.8418640895383726,0.06927670975370585,0.34274471512864574,0.297583909227605,-2.07964223583768,2.07964223583768,10.50440508811185,5.841045356769977e-07,0.0,4.445792056717579e-08,7.67392436278386e-06
random,11,245,0.5952801947449359,0.15313878575736226,0.8418642020831592,0.06927666794470236,0.3427445082796911,0.2975839563510775,-2.079638420366076,2.079638420366076,10.505513521875828,6.133119582101362e-07,0.0,4.668084929715377e-08,8.057620580923054e-06
random,11,246,0.595280145730258,0.1531388076870887,0.8418643226395001,0.06927662400534015,0.34274429089084235,0.2975838965086742,-2.07963448249468,2.07963448249468,10.504246109721432,6.439835198821735e-07,0.0,4.901467787199465e-08,8.460501609969207e-06
random,11,247,0.5952800942651264,0.15313883014689952,0.8418644461099235,0.06927657792096378,0.34274406288959186,0.29758397653687163,-2.0796302340433646,2.0796302340433646,10.50582479720785,6.761948851230552e-07,0.0,5.146513160081412e-08,8.883526690467669e-06
random,11,248,0.5952800402287083,0.15313885455074022,0.8418645802674446,0.06927652945686176,0.3427438231147108,0.2975838537630621,-2.0796259083228845,2.0796259083228845,10.503648223882635,7.1004088077167e-07,0.0,5.40364181178532e-08,9.327703024991052e-06
random,11,249,0.5952799834940083,0.15313887891866096,0.8418647142274994,0.0692764786848572,0.34274357192154215,0.29758404194874605,-2.079621125085861,2.079621125085861,10.506823286467576,7.456220202326602e-07,0.0,5.673469993805469e-08,9.794088176240604e-06
random,11,250,0.5952799239496415,0.15313890673219246,0.8418648671294334,0.06927642516953526,0.34274330715588225,0.2975836806983626,-2.079616484349605,2.079616484349605,10.501468510752765,7.832814935264613e-07,0.0,5.954436688160314e-08,1.0283792585052636e-05
random,11,251,0.5952798614787809,0.1531389321530725,0.8418650068780202,0.06927636932592286,0.342743030871066,0.29758426042377384,-2.0796109078397254,2.0796109078397254,10.510143884692615,8.231336510458165e-07,0.0,6.247086059563145e-08,1.0797982214305268e-05
random,11,252,0.5952797975089101,0.1531389707136618,0.8418652188607625,0.06927630965694168,0.3427427356603374,0.29758202483602075,-2.0796071314923714,2.0796071314923714,10.486712512231229,8.794942781696015e-07,0.0,6.396987073387095e-08,1.1337881325020531e-05
random,11,253,0.5952797269350146,0.15313899150345608,0.8418653331504473,0.06927624869656723,0.3427424340604744,0.29758433295538594,-2.0795996768925415,2.0795996768925415,10.523855928041876,9.22776381928957e-07,0.0,7.057389550535476e-08,1.1904775391271559e-05
random,11,254,0.5952797250414288,0.153139062435812,0.8418657230935366,0.06927621499393004,0.3427422673175557,0.29757298358827194,-2.0796064605161066,2.0796064605161066,10.396863226564403,8.635238652822376e-07,0.0,1.893585843681933e-09,6.250007080417568e-06
random,11,255,0.595279663025408,0.15313905199620453,0.8418656657029039,0.06927618011418164,0.34274209475091,0.2975782798501047,-2.0795983188831495,2.0795983188831495,10.541304973704941,6.003234840398588e-07,0.0,6.201602076316703e-08,6.562507434438447e-06
random,11,256,0.595279614465564,0.15313905271725162,0.8418656696667837,0.06927614543490906,0.34274192317611313,0.2975818044115664,-2.0795918646088447,2.0795918646088447,10.53439206082166,5.801421037461658e-07,0.0,4.855984403473457e-08,6.89063280616037e-06
random,11,257,0.5952795710120362,0.15313906546889558,0.8418657397675914,0.06927610841006802,0.3427417399966775,0.29758311299016915,-2.0795874570982185,2.0795874570982185,10.524911852696698,5.627835541326573e-07,0.0,4.345352777601619e-08,7.235164446468389e-06
random,11,258,0.5952795266130824,0.1531390812828391,0.8418658267030654,0.06927606931115797,0.34274154655583955,0.29758399836299176,-2.0795831290224323,2.0795831290224323,10.516933756767129,5.82867051219087e-07,0.0,4.439895384678039e-08,7.596922668791809e-06
random,11,259,0.5952794804021714,0.1531391023871449,0.841865942721744,0.06927602784375182,0.34274134139692886,0.2975838342835036,-2.0795793319344007,2.0795793319344007,10.502932087452812,6.072945436677398e-07,0.0,4.6210910986665965e-08,7.9767688022314e-06
random,11,260,0.5952794318794461,0.15313912309269562,0.8418660565483089,0.06927598443652824,0.34274112664082207,0.29758402848806553,-2.0795750722454964,2.0795750722454964,10.507228702098091,6.376989780557339e-07,0.0,4.852272528221846e-08,8.375607242342971e-06
random,11,261,0.5952793809420689,0.15313914672386936,0.8418661864581755,0.06927593868513982,0.34274090028702076,0.29758375694708256,-2.079570916838241,2.079570916838241,10.501912508972676,6.697388526674961e-07,1.3877787807814457e-17,5.093737720507363e-08,8.79438760446012e-06
random,11,262,0.5952793274567203,0.15313916897334895,0.8418663087723253,0.06927589088167944,0.34274066378064705,0.29758411802341334,-2.0795660809708574,2.0795660809708574,10.508783648142309,7.034387001647922e-07,1.3877787807814457e-17,5.3485348594506377e-08,9.234106984683126e-06
random,11,263,0.595279271394992,0.15313919650002605,0.8418664600973077,0.06927584030517332,0.34274041355470175,0.29758345689873617,-2.079561707054509,2.079561707054509,10.498166911776016,7.399260093339305e-07,0.0,5.606172825967093e-08,9.695812333917283e-06
random,11,264,0.5952792125099196,0.153139219171367,0.8418665847305954,0.06927578777251248,0.342740153650732,0.297584331925587,-2.079555992550134,2.079555992550134,10.513327110671797,7.779374504015094e-07,0.0,5.8885072484748946e-08,1.0180602950613148e-05
random,11,265,0.5952792097387639,0.1531392798309797,0.8418669182003705,0.06927575894988476,0.34274001105153296,0.29757451128121626,-2.0795617324830658,2.0795617324830658,10.39686815666328,7.384700916761148e-07,0.0,2.771155638292555e-09,5.344816549071903e-06
random,11,266,0.5952791576144508,0.15313927155547533,0.8418668727066646,0.06927572907705727,0.34273986325649786,0.29757896328695665,-2.079554736978067,2.079554736978067,10.539693347424626,5.087270222888163e-07,1.3877787807814457e-17,5.212431308798671e-08,5.612057376525498e-06
random,11,267,0.5952791162958101,0.15313927219336515,0.8418668762133962,0.06927569940260438,0.3427397164429159,0.2975819967654029,-2.079549072275579,2.079549072275579,10.53306428360477,4.964509728968517e-07,1.3877787807814457e-17,4.1318640731091705e-08,5.892660245351773e-06
random,11,268,0.5952790792229221,0.15313928331528184,0.8418669373549513,0.06927566771975198,0.3427395596928298,0.2975830699031541,-2.0795452211805534,2.0795452211805534,10.524043037726685,4.804047207255289e-07,0.0,3.707288798171504e-08,6.187293257619362e-06
random,11,269,0.5952790411641081,0.15313929674367083,0.8418670111760929,0.06927563429184687,0.3427393943091409,0.29758384214911426,-2.079541387011667,2.079541387011667,10.517309425663347,4.986981826998557e-07,0.0,3.8058813989216844e-08,6.49665792050033e-06
random,11,270,0.595279001639752,0.15313931366033687,0.8418671041736668,0.06927559893357405,0.34273921937500806,0.2975839865414472,-2.079537796696987,2.079537796696987,10.507044908292725,5.193521041032678e-07,0.0,3.952435612131211e-08,6.821490816525347e-06
random,11,271,0.5952789601425481,0.15313933251201994,0.8418672078087913,0.06927556170721086,0.34273903519854687,0.2975838638878936,-2.079534200515539,2.079534200515539,10.503282611416335,5.4527360250259e-07,0.0,4.14972038953465e-08,7.162565357351615e-06
random,11,272,0.5952789165696383,0.1531393513123181,0.8418673111614328,0.06927552271085259,0.34273884226508117,0.2975839856381292,-2.07953023328366,2.07953023328366,10.506553554387189,5.725282591335144e-07,2.7755575615628914e-17,4.3572909835809526e-08,7.520693625219196e-06
random,11,273,0.5952788708201221,0.15313937208870904,0.8418674253774342,0.06927548166936524,0.34273863921339265,0.29758385247085783,-2.0795262261082037,2.0795262261082037,10.503308113130394,6.011624256752776e-07,0.0,4.574951617541956e-08,7.896728306480156e-06
random,11,274,0.5952788227825576,0.15313939273017224,0.8418675388516849,0.06927543868364888,0.34273842654268183,0.2975840085374315,-2.0795217907153827,2.0795217907153827,10.506811914062276,6.312448125219921e-07,0.0,4.8037564481795414e-08,8.291564721804164e-06
random,11,275,0.5952787723493095,0.15313941589689123,0.8418676662082607,0.06927539341128983,0.34273820255886583,0.29758379657462264,-2.079517361856732,2.079517361856732,10.502569957279574,6.628948932146125e-07,0.0,5.043324813325256e-08,8.706142957894372e-06
random,11,276,0.5952787193951222,0.15313943821615889,0.8418677889060631,0.06927534605965179,0.34273796828787134,0.2975840798155062,-2.0795123323470364,2.0795123323470364,10.508001218438407,6.961754278095896e-07,0.0,5.295418725737022e-08,9.141450105789091e-06
random,11,277,0.595278663842484,0.15313946479927576,0.8418679350439233,0.06927529605090306,0.342737720870891,0.29758358850768263,-2.0795075456880925,2.0795075456880925,10.499893017831512,7.316693534796255e-07,0.0,5.5552638267286625e-08,9.598522611078547e-06
random,11,278,0.5952786055151501,0.15313948796442325,0.8418680623918601,0.0692752439781176,0.3427374632421427,0.29758426981486213,-2.079501660398625,2.079501660398625,10.511554362936767,7.690026470555255e-07,0.0,5.83273338516932e-08,1.0078448741632475e-05
random,11,279,0.5952785462547232,0.15313952538414013,0.8418682681027774,0.06927518818485799,0.3427371872064456,0.2975818600111741,-2.079497656468102,2.079497656468102,10.484913115777006,8.245354374315819e-07,0.0,5.9260426898966045e-08,1.0582371178714099e-05
random,11,280,0.5952784798735741,0.15313954346722009,0.841868367512588,0.06927513137249124,0.34273690612874247,0.2975843052908841,-2.079489773850389,2.079489773850389,10.524594548684712,8.644165376464377e-07,0.0,6.638114913304349e-08,1.1111489737649804e-05
random,11,281,0.5952784182903865,0.15313959263664717,0.8418686378162885,0.06927506932083126,0.34273659912977267,0.2975799817355916,-2.0794865274355203,2.0794865274355203,10.475819751857559,9.373835779177477e-07,1.3877787807814457e-17,6.158318754945213e-08,1.1667064224532295e-05
random,11,282,0.5952783411096287,0.1531396060092491,0.8418687113307467,0.06927500710004209,0.34273629129404065,0.29758397972350903,-2.0794765381398728,2.0794765381398728,10.530764703931466,9.729509927546644e-07,0.0,7.71807577848449e-08,1.225041743575891e-05
random,11,283,0.5952782665974183,0.15313963976787554,0.8418688969152083,0.06927494025418446,0.34273596057590305,0.2975837851862689,-2.0794692054643575,2.0794692054643575,10.503481201695623,9.792128395083699e-07,0.0,7.451221040177813e-08,1.2862938307546856e-05
random,11,284,0.5952781884468883,0.1531396726263684,0.8418690775512813,0.06927487030389774,0.34273561449868345,0.2975842421905968,-2.0794608474872414,2.0794608474872414,10.508226834597535,1.0286564250205264e-06,0.0,7.815053004733841e-08,1.35060852229242e-05
random,11,285,0.5952781079393086,0.1531397186670432,0.8418693306549987,0.06927479581394427,0.34273524596158095,0.29758196310187696,-2.07945339016634,2.07945339016634,10.488817359979501,1.0954148005305446e-06,1.3877787807814457e-17,8.050757971389544e-08,1.418138948407041e-05
random,11,286,0.5952780201367966,0.153139746868539,0.8418694856897252,0.06927471941200795,0.3427348679649932,0.29758433094374653,-2.0794415702432563,2.0794415702432563,10.52418886766844,1.1496322694577726e-06,0.0,8.780251192774813e-08,1.4890458958273931e-05
random,11,287,0.5952780200822065,0.15313974729199908,0.8418694880176519,0.0692747193880846,0.34273486784663304,0.29758421500641064,-2.079441661339321,2.079441661339321,10.396879584063607,5.322884933960581e-09,0.0,5.45901102100288e-11,6.107414807104542e-08
random,11,288,0.5952780199716166,0.15313974717505818,0.8418694873747817,0.06927471931243243,0.3427348674723459,0.29758425480527523,-2.079441618286656,2.079441618286656,10.491399741785568,2.2698039696424874e-09,0.0,1.1058998161672662e-10,6.412785547459769e-08
random,11,289,0.5952780199301105,0.1531397471362242,0.8418694871612961,0.06927471926117683,0.3427348672187601,0.2975842740082475,-2.079441596557472,2.079441596557472,10.48691611386784,1.6989768171863844e-09,0.0,4.1506020842518865e-11,6.733424824832757e-08
random,11,290,0.5952780199289669,0.1531397471500259,0.8418694872371695,0.0692747192606399,0.3427348672161037,0.29758427023303063,-2.079441600189055,2.079441600189055,10.48374307448638,2.930526723894658e-10,0.0,1.1436407376663738e-12,7.070096066074395e-08
random,11,291,0.5952780199280265,0.1531397471628434,0.8418694873076322,0.06927471926014125,0.34273486721363666,0.2975842667392032,-2.0794416035494914,2.0794416035494914,10.484417968471556,2.721551237743839e-10,0.0,9.403589018575076e-13,7.423600869378115e-08
random,11,292,0.5952780199272507,0.1531397471747693,0.8418694873731937,0.0692747192596773,0.3427348672113413,0.2975842634983265,-2.079441606666255,2.079441606666255,10.485006521480832,2.5322446545974654e-10,0.0,7.758238496080594e-13,7.794780912847021e-08
random,11,293,0.5952780199266101,0.1531397471858752,0.8418694874342472,0.06927471925924523,0.34273486720920365,0.29758426048846737,-2.079441609560536,2.079441609560536,10.485524780916375,2.3581205168895275e-10,0.0,6.405986852087153e-13,8.184519958489373e-08
random,11,294,0.595278019926081,0.15313974719621765,0.8418694874911037,0.06927471925884289,0.342734867207213,0.2975842576922622,-2.0794416122491075,2.0794416122491075,10.485984477231575,2.196027495874906e-10,0.0,5.291322935363496e-13,8.593745956413842e-08
random,11,295,0.5952780199256449,0.15313974720584278,0.8418694875440168,0.06927471925846844,0.34273486720536045,0.2975842550956251,-2.0794416147455763,2.0794416147455763,10.486394446329594,2.0437094644799464e-10,0.0,4.360956040727615e-13,9.023433254234534e-08
random,11,296,0.5952780199252864,0.15313974721478887,0.841869487593197,0.0692747192581204,0.34273486720363855,0.29758425268685235,-2.0794416170612475,2.0794416170612475,10.486761513870885,1.8995350766793275e-10,0.0,3.5849101465146305e-13,9.474604916946261e-08
random,11,297,0.5952780199249926,0.15313974722308876,0.8418694876388247,0.0692747192577975,0.342734867202041,0.29758425045597886,-2.0794416192057446,2.0794416192057446,10.487091068813074,1.762323637185056e-10,0.0,2.937650123158164e-13,9.948335162793575e-08
random,11,298,0.5952780199247534,0.15313974723077123,0.8418694876810583,0.06927471925749865,0.34273486720056245,0.29758424839430303,-2.0794416211874687,2.0794416211874687,10.487387448991429,1.631230238776577e-10,0.0,2.3925306180672123e-13,1.0445751920933254e-07
random,11,299,0.5952780199245596,0.15313974723786236,0.841869487720041,0.0692747192572228,0.34273486719919766,0.297584246494027,-2.079441623013948,2.079441623013948,10.487654208422835,1.5056642306838316e-10,0.0,1.9373391779708982e-13,1.0968039516979918e-07
random,11,300,0.5952780199244037,0.15313974724438628,0.8418694877559056,0.06927471925696899,0.34273486719794194,0.2975842447479809,-2.0794416246920995,2.0794416246920995,10.48789430756768,1.385232467376221e-10,0.0,1.559863349598345e-13,1.1516441492828914e-07
random,11,301,0.595278019924279,0.15313974725036608,0.8418694877887789,0.06927471925673634,0.3427348671967909,0.2975842431494061,-2.079441626228443,2.079441626228443,10.488110251681764,1.2696958269004007e-10,0.0,1.2467804566540508e-13,1.209226356747036e-07
random,11,302,0.5952780199241803,0.15313974725582424,0.8418694878187846,0.069274719256524,0.34273486719574037,0.2975842416917872,-2.079441627629259,2.079441627629259,10.48830419377994,1.15893648963334e-10,0.0,9.869882688917642e-14,1.2696876745843877e-07
random,11,303,0.595278019924103,0.15313974726078317,0.8418694878460458,0.06927471925633108,0.3427348671947859,0.29758424036871967,-2.0794416289007196,2.0794416289007196,10.48847801221241,1.052930679449685e-10,0.0,7.72715225139109e-14,1.3331720583136072e-07
random,11,304,0.5952780199240431,0.15313974726526544,0.8418694878706866,0.0692747192561567,0.3427348671939232,0.2975842391738083,-2.0794416300489837,2.0794416300489837,10.488633370021585,9.517273665000483e-11,0.0,5.995204332975845e-14,1.3998306612292877e-07
random,11,305,0.595278019923997,0.1531397472692942,0.8418694878928342,0.06927471925599998,0.34273486719314783,0.29758423810059287,-2.079441631080272,2.079441631080272,10.488771761093815,8.554278531723743e-11,0.0,4.6074255521943996e-14,1.4698221942907522e-07
random,11,306,0.595278019923962,0.15313974727289312,0.841869487912619,0.06927471925585997,0.3427348671924551,0.2975842371424963,-2.079441632000915,2.079441632000915,10.488894545771576,7.641679358431123e-11,0.0,3.497202527569243e-14,1.54331330400529e-07
random,11,307,0.5952780199239359,0.15313974727608676,0.8418694879301756,0.06927471925573572,0.34273486719184043,0.29758423629279485,-2.0794416328173804,2.0794416328173804,10.489002978835181,6.781025803193742e-11,0.0,2.609024107869118e-14,1.6204789692055545e-07
random,11,308,0.5952780199239167,0.15313974727890023,0.8418694879456423,0.06927471925562627,0.34273486719129886,0.29758423554460783,-2.0794416335362875,2.0794416335362875,10.489098230949441,5.973899049788208e-11,0.0,1.9206858326015208e-14,1.7015029176658324e-07
random,11,309,0.5952780199239027,0.15313974728135948,0.8418694879591618,0.0692747192555306,0.3427348671908256,0.297584234890906,-2.0794416341643958,2.0794416341643958,10.489181405101519,5.221770950764412e-11,0.0,1.3988810110276972e-14,1.786578063549124e-07
random,11,310,0.5952780199238928,0.153139747283491,0.8418694879708797,0.06927471925544768,0.3427348671904153,0.29758423432453696,-2.0794416347085827,2.0794416347085827,10.489253548793613,4.5258733895134934e-11,0.0,9.880984919163893e-15,1.8759069667265804e-07
random,11,311,0.595278019923886,0.15313974728532168,0.8418694879809436,0.06927471925537645,0.34273486719006296,0.29758423383826604,-2.0794416351758014,2.0794416351758014,10.489315662459768,3.887070077898501e-11,0.0,6.8833827526759706e-15,1.9697023150629096e-07
random,11,312,0.5952780199238812,0.15313974728687857,0.8418694879895025,0.06927471925531589,0.3427348671897633,0.2975842334248313,-2.079441635573034,2.079441635573034,10.489368704909316,3.3057592383346586e-11,0.0,4.773959005888173e-15,2.0681874308160552e-07
random,11,313,0.595278019923878,0.1531397472881887,0.8418694879967047,0.0692747192552649,0.34273486718951107,0.2975842330770089,-2.079441635907222,2.079441635907222,10.48941359601829,2.781783458130109e-11,0.0,3.219646771412954e-15,2.171596802356858e-07
random,11,314,0.5952780199238759,0.15313974728927865,0.8418694880026967,0.06927471925522252,0.34273486718930135,0.29758423278768653,-2.079441636185201,2.079441636185201,10.489451217236928,2.3143657435636283e-11,0.0,2.1094237467877974e-15,2.280176642474701e-07
random,11,315,0.5952780199238745,0.15313974729017446,0.8418694880076213,0.06927471925518768,0.34273486718912893,0.29758423254994326,-2.0794416364136215,2.0794416364136215,10.489482410271137,1.9020777093789317e-11,1.3877787807814457e-17,1.3322676295501878e-15,2.3941854745984363e-07
random,11,316,0.5952780199238737,0.15313974729090107,0.8418694880116158,0.0692747192551594,0.3427348671889891,0.297584232357128,-2.079441636598875,2.079441636598875,10.489507974316787,1.542828812151693e-11,0.0,7.771561172376096e-16,2.513894748328358e-07
random,11,317,0.5952780199238733,0.15313974729148222,0.8418694880148105,0.0692747192551368,0.34273486718887725,0.29758423220293767,-2.079441636747018,2.079441636747018,10.489528662489413,1.2338985482728346e-11,0.0,4.440892098500626e-16,2.639589485744776e-07
random,11,318,0.5952780199238729,0.15313974729193996,0.841869488017327,0.06927471925511898,0.3427348671887891,0.29758423208148577,-2.079441636863706,2.079441636863706,10.489545177593866,9.71992613110003e-12,0.0,4.440892098500626e-16,2.7715689600320146e-07
random,11,319,0.5952780199238726,0.15313974729229476,0.8418694880192774,0.06927471925510517,0.34273486718872076,0.2975842319873626,-2.0794416369541366,2.0794416369541366,10.489558168164058,7.533266282717393e-12,0.0,2.220446049250313e-16,2.9101474080336157e-07
random,11,320,0.5952780199238726,0.15313974729256496,0.8418694880207628,0.06927471925509467,0.3427348671886688,0.29758423191568045,-2.0794416370230064,2.0794416370230064,10.489568224781607,5.7374559783358096e-12,0.0,0.0,3.055654778435297e-07
random,11,321,0.5952780199238725,0.15313974729276694,0.8418694880218731,0.0692747192550868,0.3427348671886299,0.29758423186210253,-2.0794416370744826,2.0794416370744826,10.489575877334032,4.288561821339738e-12,0.0,1.1102230246251565e-16,3.208437517357062e-07
random,11,322,0.5952780199238726,0.1531397472929149,0.8418694880226866,0.06927471925508105,0.34273486718860147,0.2975842318228549,-2.07944163711219,2.07944163711219,10.489581593556734,3.1415873247756642e-12,0.0,-1.1102230246251565e-16,3.368859393224915e-07
random,11,323,0.5952780199238725,0.15313974729302096,0.8418694880232696,0.06927471925507693,0.34273486718858104,0.29758423179472115,-2.0794416371392206,2.0794416371392206,10.489585778939258,2.252026196000575e-12,0.0,1.1102230246251565e-16,3.537302362886161e-07
random,11,324,0.5952780199238725,0.15313974729309526,0.841869488023678,0.06927471925507403,0.3427348671885667,0.2975842317750191,-2.0794416371581494,2.0794416371581494,10.489588778128908,1.5771276696517024e-12,0.0,0.0,3.714167481030469e-07
random,11,325,0.5952780199238725,0.15313974729314597,0.8418694880239568,0.06927471925507206,0.34273486718855695,0.297584231761564,-2.0794416371710764,2.0794416371710764,10.489590877957413,1.0770648287180603e-12,0.0,0.0,3.8998758550819927e-07
random,11,326,0.5952780199238726,0.1531397472931797,0.8418694880241422,0.06927471925507075,0.3427348671885505,0.29758423175262144,-2.0794416371796682,2.0794416371796682,10.489592311748726,7.158491729110848e-13,0.0,-1.1102230246251565e-16,4.0948696478360923e-07
random,11,327,0.5952780199238726,0.15313974729320146,0.8418694880242619,0.06927471925506991,0.3427348671885463,0.2975842317468498,-2.0794416371852136,2.0794416371852136,10.489593264581398,4.620270430659253e-13,1.3877787807814457e-17,0.0,4.299613130227897e-07
random,11,328,0.5952780199238725,0.15313974729321506,0.8418694880243366,0.06927471925506938,0.3427348671885437,0.29758423174324106,-2.0794416371886806,2.0794416371886806,10.489593879495716,2.8886972133281466e-13,0.0,1.1102230246251565e-16,4.5145937867392923e-07
random,11,329,0.5952780199238725,0.15313974729322327,0.8418694880243818,0.06927471925506905,0.34273486718854207,0.2975842317410615,-2.0794416371907745,2.0794416371907745,10.489594263960765,1.7447278830642083e-13,0.0,0.0,4.740323476076257e-07
random,11,330,0.5952780199238724,0.15313974729322805,0.841869488024408,0.06927471925506887,0.3427348671885412,0.2975842317397937,-2.0794416371919926,2.0794416371919926,10.489594496149936,1.0149977434553726e-13,1.3877787807814457e-17,1.1102230246251565e-16,4.977339649880071e-07
random,11,331,0.5952780199238725,0.1531397472932307,0.8418694880244226,0.06927471925506877,0.3427348671885407,0.2975842317390858,-2.079441637192673,2.079441637192673,10.4895946312178,5.666426127321243e-14,0.0,-1.1102230246251565e-16,5.226206632374074e-07
random,11,332,0.5952780199238726,0.15313974729323215,0.8418694880244306,0.06927471925506871,0.3427348671885404,0.29758423173870796,-2.0794416371930358,2.0794416371930358,10.48959470663103,3.0245206654957884e-14,0.0,-1.1102230246251565e-16,5.487516963992778e-07
random,11,333,0.5952780199238725,0.15313974729323288,0.8418694880244345,0.06927471925506869,0.3427348671885403,0.2975842317385161,-2.07944163719322,2.07944163719322,10.489594746882695,1.5352949350426732e-14,0.0,1.1102230246251565e-16,5.761892812192417e-07
random,11,334,0.5952780199238725,0.1531397472932332,0.8418694880244364,0.06927471925506866,0.3427348671885401,0.297584231738424,-2.079441637193309,2.079441637193309,10.489594767321185,7.377044338081083e-15,0.0,0.0,6.049987452802038e-07
random,11,335,0.5952780199238725,0.15313974729323337,0.8418694880244373,0.06927471925506867,0.3427348671885402,0.2975842317383822,-2.079441637193349,2.079441637193349,10.489594777135235,3.339267337855513e-15,0.0,0.0,6.352486825442141e-07
random,11,336,0.5952780199238725,0.15313974729323343,0.8418694880244376,0.06927471925506866,0.3427348671885401,0.29758423173836457,-2.0794416371933657,2.0794416371933657,10.489594781582817,1.412934196233603e-15,0.0,0.0,6.670111166714248e-07
random,11,337,0.5952780199238725,0.15313974729323346,0.8418694880244377,0.06927471925506866,0.3427348671885401,0.2975842317383577,-2.0794416371933724,2.0794416371933724,10.489594783462922,5.527140657341223e-16,0.0,0.0,7.00361672504996e-07
random,11,338,0.5952780199238725,0.15313974729323346,0.8418694880244377,0.06927471925506869,0.3427348671885403,0.29758423173835524,-2.0794416371933746,2.0794416371933746,10.489594784202673,1.9454361896748806e-16,0.0,0.0,7.353797561302458e-07
random,11,339,0.5952780199238727,0.15313974729323349,0.841869488024438,0.06927471925506869,0.3427348671885403,0.29758423173835447,-2.0794416371933755,2.0794416371933755,10.48959478445926,6.97421394435743e-17,0.0,-2.220446049250313e-16,7.721487439367582e-07
random,11,340,0.5952780199238727,0.15313974729323349,0.841869488024438,0.06927471925506869,0.3427348671885403,0.2975842317383541,-2.079441637193376,2.079441637193376,10.489594784538717,2.801258562119604e-17,0.0,0.0,8.107561811335962e-07
random,11,341,0.5952780199238727,0.15313974729323349,0.841869488024438,0.06927471925506869,0.3427348671885403,0.29758423173835413,-2.079441637193376,2.079441637193376,10.489594784584513,2.3244701655026137e-18,0.0,0.0,8.51293990190276e-07
random,11,342,0.5952780199238727,0.15313974729323349,0.841869488024438,0.06927471925506869,0.3427348671885403,0.29758423173835424,-2.0794416371933755,2.0794416371933755,10.48959478458014,6.16396463628795e-18,0.0,0.0,8.938586896997898e-07
random,11,343,0.5952780199238727,0.15313974729323349,0.841869488024438,0.06927471925506869,0.3427348671885403,0.29758423173835413,-2.0794416371933755,2.0794416371933755,10.489594784568538,5.10697339723299e-18,0.0,0.0,9.385516241847793e-07
random,11,344,0.5952780199238727,0.15313974729323349,0.841869488024438,0.06927471925506869,0.3427348671885403,0.2975842317383541,-2.079441637193376,2.079441637193376,10.489594784578149,1.4041449373264318e-17,1.3877787807814457e-17,0.0,9.854792053940183e-07
random,11,345,0.5952780199238726,0.15313974729323349,0.841869488024438,0.06927471925506866,0.3427348671885401,0.2975842317383541,-2.0794416371933755,2.0794416371933755,10.489594784582172,1.570293205091066e-18,1.3877787807814457e-17,1.1102230246251565e-16,1.0347531656637192e-06
random,11,346,0.5952780199238727,0.15313974729323349,0.841869488024438,0.06927471925506869,0.3427348671885403,0.29758423173835397,-2.079441637193376,2.079441637193376,10.489594784579216,6.76546390795691e-18,0.0,-1.1102230246251565e-16,1.0864908239469053e-06
random,11,347,0.5952780199238727,0.15313974729323349,0.841869488024438,0.06927471925506869,0.3427348671885403,0.29758423173835397,-2.079441637193376,2.079441637193376,10.489594784591949,1.1735641484208331e-18,1.3877787807814457e-17,0.0,1.1408153651442507e-06
random,11,348,0.5952780199238727,0.15313974729323349,0.841869488024438,0.06927471925506869,0.3427348671885403,0.297584231738354,-2.079441637193376,2.079441637193376,10.489594784589741,1.3882771471434116e-17,0.0,0.0,1.1978561334014631e-06
random,11,349,0.5952780199238727,0.15313974729323349,0.841869488024438,0.06927471925506869,0.3427348671885403,0.2975842317383542,-2.0794416371933755,2.0794416371933755,10.489594784590441,1.6441494921462162e-17,0.0,0.0,1.2577489400715363e-06
random,11,350,0.5952780199238727,0.15313974729323349,0.841869488024438,0.06927471925506869,0.3427348671885403,0.2975842317383542,-2.0794416371933755,2.0794416371933755,10.489594784573848,1.3966786812612055e-17,0.0,0.0,1.3206363870751133e-06
random,11,351,0.5952780199238726,0.15313974729323349,0.841869488024438,0.06927471925506866,0.3427348671885401,0.2975842317383541,-2.0794416371933755,2.0794416371933755,10.489594784570885,1.4399856213421055e-17,1.3877787807814457e-17,1.1102230246251565e-16,1.386668206428869e-06
random,11,352,0.5952780199238727,0.15313974729323349,0.841869488024438,0.06927471925506869,0.3427348671885403,0.297584231738354,-2.079441637193376,2.079441637193376,10.489594784578117,4.263328581767707e-18,1.3877787807814457e-17,-1.1102230246251565e-16,1.4560016167503124e-06
random,11,353,0.5952780199238727,0.15313974729323349,0.841869488024438,0.06927471925506869,0.3427348671885403,0.297584231738354,-2.079441637193376,2.079441637193376,10.48959478458614,1.9248823726353975e-19,1.3877787807814457e-17,0.0,1.5288016975878282e-06
random,11,354,0.5952780199238727,0.15313974729323349,0.841869488024438,0.06927471925506869,0.3427348671885403,0.2975842317383541,-2.079441637193376,2.079441637193376,10.489594784586503,1.3893545983440432e-17,0.0,0.0,1.6052417824672196e-06
random,11,355,0.5952780199238727,0.15313974729323349,0.841869488024438,0.06927471925506869,0.3427348671885403,0.29758423173835424,-2.0794416371933755,2.0794416371933755,10.489594784587748,9.730290981583775e-18,0.0,0.0,1.6855038715905808e-06
random,11,356,0.5952780199238727,0.15313974729323349,0.841869488024438,0.06927471925506869,0.3427348671885403,0.29758423173835397,-2.079441637193376,2.079441637193376,10.489594784569434,1.865757037315998e-17,0.0,0.0,1.7697790651701098e-06
random,11,357,0.5952780199238727,0.15313974729323349,0.841869488024438,0.06927471925506869,0.3427348671885403,0.2975842317383541,-2.079441637193376,2.079441637193376,10.489594784592905,1.4585378784298387e-17,0.0,0.0,1.8582680184286153e-06
random,11,358,0.5952780199238727,0.15313974729323349,0.841869488024438,0.06927471925506869,0.3427348671885403,0.29758423173835424,-2.0794416371933755,2.0794416371933755,10.489594784584458,7.665012897940977e-18,0.0,0.0,1.951181419350046e-06
random,11,359,0.5952780199238727,0.15313974729323349,0.841869488024438,0.06927471925506869,0.3427348671885403,0.29758423173835397,-2.079441637193376,2.079441637193376,10.489594784570032,1.8206558577182683e-17,0.0,0.0,2.0487404903175485e-06
random,11,360,0.5952780199238727,0.15313974729323349,0.841869488024438,0.06927471925506869,0.3427348671885403,0.2975842317383542,-2.0794416371933755,2.0794416371933755,10.489594784592212,1.6152676673636222e-17,0.0,0.0,2.151177514833426e-06
random,11,361,0.5952780199238727,0.15313974729323349,0.841869488024438,0.06927471925506869,0.3427348671885403,0.297584231738354,-2.079441637193376,2.079441637193376,10.489594784576658,1.4730272424535506e-17,1.3877787807814457e-17,0.0,2.2587363905750974e-06
random,11,362,0.5952780199238727,0.15313974729323349,0.841869488024438,0.06927471925506869,0.3427348671885403,0.297584231738354,-2.079441637193376,2.079441637193376,10.48959478458595,8.419507495707745e-19,1.3877787807814457e-17,0.0,2.3716732101038523e-06
random,11,363,0.5952780199238727,0.15313974729323349,0.841869488024438,0.06927471925506869,0.3427348671885403,0.29758423173835413,-2.0794416371933755,2.0794416371933755,10.489594784587537,1.4471261358706276e-17,0.0,0.0,2.4902568706090448e-06
random,11,364,0.5952780199238727,0.15313974729323349,0.841869488024438,0.06927471925506869,0.3427348671885403,0.29758423173835413,-2.079441637193376,2.079441637193376,10.489594784579817,1.301677881693046e-18,0.0,0.0,2.614769714139497e-06
random,11,365,0.5952780199238727,0.15313974729323349,0.841869488024438,0.06927471925506869,0.3427348671885403,0.29758423173835413,-2.0794416371933755,2.0794416371933755,10.489594784582266,1.8880364394298355e-18,0.0,0.0,2.745508199846472e-06
random,11,366,0.5952780199238727,0.15313974729323349,0.841869488024438,0.06927471925506869,0.3427348671885403,0.297584231738354,-2.079441637193376,2.079441637193376,10.489594784578712,6.176987767851985e-18,0.0,0.0,2.8827836098387954e-06
random,11,367,0.5952780199238727,0.15313974729323349,0.841869488024438,0.06927471925506869,0.3427348671885403,0.29758423173835435,-2.0794416371933755,2.0794416371933755,10.489594784590338,2.24073050481023e-17,0.0,0.0,3.0269227903307355e-06
random,11,368,0.5952780199238726,0.15313974729323349,0.841869488024438,0.06927471925506866,0.3427348671885401,0.2975842317383536,-2.0794416371933764,2.0794416371933764,10.489594784557228,5.694783038103627e-17,0.0,1.1102230246251565e-16,3.1782689298472726e-06
random,11,369,0.5952780199238725,0.15313974729323346,0.8418694880244377,0.06927471925506869,0.3427348671885403,0.2975842317383551,-2.0794416371933746,2.0794416371933746,10.489594784630354,1.1717650626405186e-16,0.0,1.1102230246251565e-16,3.3371823763396365e-06
random,23,0,0.8364981427653365,0.1587455086072355,0.8726865651766516,0.16118066058765032,0.7974371155005087,0.14363024267563923,-3.1384250093366317,3.1384250093366317,10.460622465722311,0.10737386992551638,5.551115123125783e-17,0.10233095725004104,0.1
random,23,1,0.7679331605964407,0.16156684631887458,0.8881965694493736,0.13045756745141082,0.6454354133081213,0.11171692176931808,-3.050354453852219,3.050354453852219,10.350220645437943,0.06462725750414787,8.326672684688674e-17,0.06856498216889584,0.1
random,23,2,0.6885172541535638,0.16382463149930027,0.9006085035651753,0.09572865449516982,0.47361502200731154,0.14054913673203362,-2.8467365273484733,2.8467365273484733,10.498837168172633,0.07995369186545292,5.551115123125783e-17,0.07941590644287688,0.1
random,23,3,0.6750718830968859,0.1609702112707887,0.8849166316713145,0.09326156683237194,0.4614091701244885,0.19089821989843753,-2.7391110637650717,2.7391110637650717,10.791015999897125,0.03483994888866953,2.7755575615628914e-17,0.013445371056677868,0.1
random,23,4,0.6606584947293257,0.1588119220007606,0.8730516657504294,0.08972313858213463,0.44390288862032307,0.21812175439494957,-2.617222313522993,2.617222313522993,10.810481704467508,0.036272772141068804,2.7755575615628914e-17,0.014413388367560231,0.1
random,23,5,0.6484961226168557,0.1576890108235831,0.8668785808751018,0.08601036433033366,0.42553403481946217,0.22898147695737683,-2.512845624201096,2.512845624201096,10.802503843009301,0.03075412375688332,1.3877787807814457e-17,0.012162372112469955,0.1
random,23,6,0.6396179330750033,0.15704780170769672,0.8633536018957763,0.08313628682988779,0.41131461132706293,0.22838264635837632,-2.4427175029663504,2.4427175029663504,10.784181939588379,0.026418139610658878,1.3877787807814457e-17,0.008878189541852488,0.1
random,23,7,0.6365803922640552,0.15624370805391857,0.8589331824775981,0.08272654862256199,0.409287442230169,0.24700799101715806,-2.3986925189527573,2.3986925189527573,10.75751932966977,0.01579182542041107,2.7755575615628914e-17,0.0030375408109480917,0.1
random,23,8,0.6343584006118924,0.15587757550376038,0.8569204076885648,0.08221291969971357,0.4067462765271588,0.2525058504030636,-2.37254671895474,2.37254671895474,10.750127891322276,0.014337786204669068,1.3877787807814457e-17,0.002221991652162747,0.1
random,23,9,0.6315961190784348,0.15559714426254728,0.8553787667387853,0.08138861092032874,0.40266803033485626,0.2572720541614105,-2.3344332989024377,2.3344332989024377,10.743043822416208,0.015520321123060813,1.3877787807814457e-17,0.002762281533457589,0.1
random,23,10,0.62886824451102,0.15582466006066623,0.8566295106629809,0.08003561427602304,0.3959741147162993,0.2566431821379988,-2.304230934155401,2.304230934155401,10.735162948919873,0.016025258927332524,5.551115123125783e-17,0.0027278745674148563,0.1
random,23,11,0.6267130401017539,0.15584550656302454,0.856744112094534,0.0791574991885878,0.39162966321790726,0.2526152445533237,-2.28795574266246,2.28795574266246,10.727684601343382,0.013469945778967329,1.3877787807814457e-17,0.002155204409266087,0.1
random,23,12,0.6243758724511624,0.15577599871640269,0.8563620000936754,0.07831025801351145,0.38743795959587907,0.24758926063852532,-2.2778228971261916,2.2778228971261916,10.714795060149555,0.01485245204012328,0.0,0.002337167650591443,0.1
random,23,13,0.6214106595552361,0.15566952086075714,0.8557766493966639,0.07724841916218649,0.3821845395662069,0.2430065073800683,-2.258246171478234,2.258246171478234,10.698446462934198,0.01667252720162229,2.7755575615628914e-17,0.002965212895926328,0.1
random,23,14,0.6186853740224537,0.155323299262263,0.8538733329486541,0.07651030456260896,0.37853273683100325,0.24823391326250802,-2.2297904908556982,2.2297904908556982,10.679861603035308,0.01470675205141642,0.0,0.0027252855327823955,0.1
random,23,15,0.6166546001439154,0.15474467777003473,0.8506924227797912,0.07625839193149432,0.3772864056571404,0.2665185925449568,-2.208503680849701,2.208503680849701,10.661488663163702,0.014178154839945136,1.3877787807814457e-17,0.002030773878538339,0.1
random,23,16,0.6146005940600314,0.15415675023056233,0.8474603536050697,0.07596177287405502,0.37581889060474827,0.29609719551225083,-2.1737978610977717,2.1737978610977717,10.641769621862386,0.014424639706076194,0.0,0.0020540060838839524,0.1
random,23,17,0.6135434000589207,0.15400540733929532,0.8466283621421145,0.07569280653371206,0.3744881866491507,0.2985125663288116,-2.1517108364883817,2.1517108364883817,10.596829507976478,0.009895539416708827,0.0,0.0010571940011107062,0.1
random,23,18,0.6135406446262696,0.15403219291596215,0.8467756130035891,0.07567795729756116,0.3744147204404853,0.2945477904232417,-2.1537286157060938,2.1537286157060938,10.38263854824098,0.0008815939591730715,0.0,2.755432651158074e-06,0.00625
random,23,19,0.6133964851923408,0.15398985524452327,0.8465428661536799,0.07565091473366936,0.37428092806076063,0.2984588085120441,-2.14857079240769,2.14857079240769,10.596791521489275,0.0009111055804347776,1.3877787807814457e-17,0.00014415943392875885,0.006562500000000001
random,23,20,0.6133925177252894,0.15401968836370422,0.8467068705562922,0.0756336600369194,0.37419556089850337,0.29413019978915333,-2.1506497349521063,2.1506497349521063,10.382289319013834,0.0009805884350544852,1.3877787807814457e-17,3.9674670514466825e-06,0.006890625000000001
random,23,21,0.613230857598985,0.1539728275134185,0.8464492580113082,0.07560311063478567,0.3740444185280169,0.2984019329322408,-2.144942247679224,2.144942247679224,10.597548667611884,0.0010140117103915156,0.0,0.00016166012630436377,0.007235156250000001
random,23,22,0.6132252240529549,0.15400608731484747,0.8466321002354578,0.07558298603994212,0.37394485261977367,0.2936747625339173,-2.1470497046521695,2.1470497046521695,10.38190771280056,0.0010917529174355356,0.0,5.6335460301149e-06,0.0075969140625000015
random,23,23,0.6130436877873081,0.1539541964889094,0.8463468359338131,0.07554839177289029,0.373773698385574,0.29834206276146075,-2.140719123528938,2.140719123528938,10.598280631697342,0.0011297052340718036,1.3877787807814457e-17,0.0001815362656467645,0.007976759765625003
random,23,24,0.6130357860055835,0.15399131599938426,0.8465508964983075,0.07552482793098048,0.3736571168921482,0.2931779310355593,-2.1428013161909245,2.1428013161909245,10.381491124825823,0.0012168282266768692,0.0,7.901781724606316e-06,0.008375597753906254
random,23,25,0.6128316133956697,0.153933825876292,0.8462348506555423,0.07548554952484668,0.37346278800197863,0.2982794066909308,-2.135758518407896,2.135758518407896,10.598985772069028,0.0012600459184217668,0.0,0.0002041726099137886,0.008794377641601566
random,23,26,0.6128206460329505,0.15397530101953547,0.8464628558483499,0.07545784503062192,0.3733257207391914,0.29263577391798123,-2.137724005311823,2.137724005311823,10.381036831279548,0.0013578604741668933,0.0,1.096736271921639e-05,0.009234096523681646
random,23,27,0.6125906142291103,0.1539115706079997,0.8461125046829633,0.07541311867086498,0.37310443824052575,0.2982142767365906,-2.1298571292687702,2.1298571292687702,10.599662496221763,0.001407226284988666,0.0,0.00023003180384018052,0.009695801349865729
random,23,28,0.6125755260796912,0.15395797098950298,0.8463675858497456,0.07538040495147227,0.3729425879668347,0.2920439171401042,-2.131536088297293,2.131536088297293,10.380542007950886,0.0015172671931228269,1.3877787807814457e-17,1.5088149419084651e-05,0.010180591417359016
random,23,29,0.6123158520179202,0.15388727678913527,0.8459789519952317,0.07532931259818271,0.3726898098811586,0.2981471079725021,-2.1226951590659553,2.1226951590659553,10.600309314122445,0.001573845071670062,1.3877787807814457e-17,0.00025967406177107577,0.010689620988226968
random,23,30,0.6122952461619341,0.15393925866322405,0.8462647168244101,0.07529050818763333,0.3724978260717836,0.2913974713837288,-2.1236853520540313,2.1236853520540313,10.3800037575409,0.0016979205799132868,1.3877787807814457e-17,2.060585598606668e-05,0.011224102037638316
random,23,31,0.612001463301483,0.1538607817312604,0.845833298229945,0.07523193945087903,0.372208058773861,0.29807847995799175,-2.1136212360655184,2.1136212360655184,10.600924908486656,0.0017630000065268327,0.0,0.00029378286045111945,0.011785307139520232
random,23,32,0.6119830814086263,0.1538895399923742,0.8459913937145483,0.07521778536709821,0.3721380318134206,0.291836864464186,-2.11456649268875,2.11456649268875,10.379419148292929,0.0015581077912124991,0.0,1.838189285663372e-05,0.012374572496496244
random,23,33,0.6117052729955866,0.15380382821104738,0.8455202023044888,0.07517606856559599,0.3719316390257465,0.2979352330468922,-2.105337954969073,2.105337954969073,10.598497505620804,0.001656645056852692,1.3877787807814457e-17,0.00027780841303970405,0.012993301121321056
random,23,34,0.6116957759647315,0.15380158518846204,0.8455078715261708,0.07519658254432368,0.37203313140060346,0.2925274501344341,-2.1082284153385276,2.1082284153385276,10.378195434116853,0.0015721505291623587,0.0,9.497030855176725e-06,0.01364296617738711
random,23,35,0.6114306933147606,0.15371574624833567,0.8450359810741226,0.07516365828113632,0.3718702394669782,0.29775830442102114,-2.0993507897411496,2.0993507897411496,10.594284263257585,0.0016318512238032929,0.0,0.000265082649970827,0.014325114486256466
random,23,36,0.6114215858015749,0.15371379176813152,0.8450252365268844,0.07518586016965348,0.3719800827315066,0.29189261723792964,-2.102046871474984,2.102046871474984,10.376324669815622,0.0017362368684497996,0.0,9.107513185724336e-06,0.01504137021056929
random,23,37,0.6111260148923365,0.15361832618535748,0.8445004246298135,0.07514924319151964,0.3717989211869706,0.29763419839444355,-2.0916832004183865,2.0916832004183865,10.593237921770879,0.0018025981561490085,0.0,0.00029557090923837404,0.015793438721097754
random,23,38,0.6111174842603343,0.15361680270603134,0.8444920494641038,0.07517319144357688,0.37191740453957745,0.2912757258493632,-2.093659595019762,2.093659595019762,10.37426918312607,0.0019180084910753415,0.0,8.530632002234917e-06,0.016583110657152643
random,23,39,0.6107877111331154,0.1535105417785514,0.8439078913066318,0.07513245109802714,0.3717158427422673,0.2975844108665813,-2.0802542475379537,2.0802542475379537,10.59198021108629,0.001991847775810887,0.0,0.00032977312721893526,0.017412266190010278
random,23,40,0.6107852551475733,0.15351048486445681,0.8439075784274446,0.07513406643429153,0.3717238345763158,0.2969548645693122,-2.080296645526309,2.080296645526309,10.372011691341784,0.00013247143592041782,0.0,2.455985542049177e-06,0.0011426799687194245
random,23,41,0.6107735746013863,0.15350604665256173,0.8438831798291584,0.07513173154142475,0.3717122827547393,0.29758433094374653,-2.079441541671836,2.079441541671836,10.561939579800075,7.228315210705262e-05,0.0,1.1680546187053942e-05,0.0011998139671553958
random,23,42,0.6107735746006527,0.15350604666008888,0.8438831798705381,0.0751317315460436,0.37171228277759094,0.2975843276588209,-2.0794415450353667,2.0794415450353667,10.371917923783435,1.4091821898777533e-10,0.0,7.335243523698409e-13,2.4028867063773453e-09
random,23,43,0.6107735746001133,0.153506046659021,0.8438831798646677,0.07513173154574862,0.3717122827761315,0.2975843279713668,-2.079441544694185,2.079441544694185,10.429124691058265,1.64573658449394e-11,0.0,5.394573676653636e-13,2.5230310416962126e-09
random,23,44,0.6107735746000915,0.15350604665878614,0.8438831798633765,0.07513173154581017,0.37171228277643603,0.29758432801853335,-2.0794415446478522,2.0794415446478522,10.428126827019986,7.60032620702288e-12,1.3877787807814457e-17,2.1760371282653068e-14,2.6491825937810235e-09
random,23,45,0.6107735746000694,0.15350604665856132,0.8438831798621406,0.07513173154588808,0.3717122827768215,0.297584328058844,-2.0794415446080974,2.0794415446080974,10.427973150307682,7.868605342289779e-12,0.0,2.2093438190040615e-14,2.781641723470075e-09
random,23,46,0.6107735746000466,0.1535060466583448,0.8438831798609502,0.07513173154598182,0.3717122827772853,0.2975843280928829,-2.0794415445742374,2.0794415445742374,10.427841700719043,8.181071920550728e-12,0.0,2.2870594307278225e-14,2.9207238096435787e-09
random,23,47,0.6107735746000229,0.15350604665813472,0.8438831798597953,0.07513173154609079,0.3717122827778244,0.2975843281213079,-2.079441544545499,2.079441544545499,10.427731316715976,8.53368216902515e-12,0.0,2.3647750424515834e-14,3.0667600001257578e-09
random,23,48,0.6107735745999983,0.15350604665792905,0.8438831798586647,0.07513173154621432,0.37171228277843554,0.29758432814481867,-2.0794415445210417,2.0794415445210417,10.427640367394254,8.922519797437458e-12,0.0,2.4646951146678475e-14,3.220098000132046e-09
random,23,49,0.6107735745999723,0.15350604665772571,0.8438831798575468,0.07513173154635172,0.37171228277911533,0.297584328164126,-2.079441544499981,2.079441544499981,10.427566883172988,9.344253044420282e-12,0.0,2.5979218776228663e-14,3.3811029001386486e-09
random,23,50,0.6107735745999454,0.1535060466575228,0.8438831798564314,0.07513173154650245,0.37171228277986107,0.2975843281799234,-2.0794415444813974,2.0794415444813974,10.427508693792216,9.796377898780034e-12,0.0,2.6867397195928788e-14,3.5501580451455813e-09
random,23,51,0.6107735745999172,0.1535060466573183,0.843883179855307,0.07513173154666594,0.3717122827806699,0.2975843281928647,-2.079441544464325,2.079441544464325,10.42746356413728,1.0277232921725195e-11,0.0,2.8199664825478976e-14,3.72766594740286e-09
random,23,52,0.6107735745998875,0.15350604665711037,0.8438831798541641,0.07513173154684176,0.3717122827815398,0.29758432820354547,-2.0794415444477017,2.0794415444477017,10.42742930605011,1.0785986168319925e-11,0.0,2.9753977059954195e-14,3.914049244773004e-09
random,23,53,0.6107735745998563,0.1535060466568974,0.8438831798529933,0.07513173154702964,0.3717122827824693,0.2975843282124939,-2.0794415444302015,2.0794415444302015,10.427403877228915,1.1322512120940488e-11,1.3877787807814457e-17,3.11972669919669e-14,4.109751707011654e-09
random,23,54,0.6107735745998235,0.15350604665667783,0.8438831798517862,0.07513173154722938,0.3717122827834575,0.2975843282201634,-2.0794415444095655,2.0794415444095655,10.427385436627338,1.188718958946841e-11,0.0,3.275157922644212e-14,4.315239292362236e-09
random,23,55,0.6107735745997955,0.15350604665660236,0.8438831798513713,0.07513173154747027,0.37171228278464935,0.2975843281785207,-2.0794415444370618,2.0794415444370618,10.427372389718462,1.0441448457191026e-11,0.0,2.7977620220553945e-14,4.531001256980349e-09
random,23,56,0.6107735745997814,0.15350604665679535,0.8438831798524322,0.075131731547759,0.3717122827860778,0.2975843280526317,-2.079441544562951,2.079441544562951,10.42753722666697,8.608864186643714e-12,0.0,1.4099832412739488e-14,4.757551319829366e-09
random,23,57,0.6107735745997714,0.15350604665696105,0.8438831798533432,0.07513173154800691,0.37171228278730434,0.2975843279447685,-2.079441544670814,2.079441544670814,10.427990312872208,7.391352502660499e-12,0.0,9.992007221626409e-15,4.995428885820834e-09
random,23,58,0.6107735745997646,0.1535060466571031,0.8438831798541241,0.07513173154821948,0.371712282788356,0.2975843278524473,-2.079441544763135,2.079441544763135,10.42836324890782,6.337112560215751e-12,1.3877787807814457e-17,6.8833827526759706e-15,5.245200330111877e-09
random,23,59,0.6107735745997597,0.1535060466572245,0.8438831798547916,0.07513173154840114,0.3717122827892548,0.2975843277736512,-2.079441544841931,2.079441544841931,10.428672049963186,5.4163524158423935e-12,0.0,4.884981308350689e-15,5.50746034661747e-09
random,23,60,0.6107735745997563,0.1535060466573278,0.8438831798553594,0.07513173154855571,0.3717122827900195,0.297584327706689,-2.079441544908893,2.079441544908893,10.42892847467437,4.60830054128794e-12,0.0,3.3306690738754696e-15,5.782833363948344e-09
random,23,61,0.6107735745997541,0.1535060466574152,0.8438831798558399,0.07513173154868644,0.3717122827906663,0.29758432765010495,-2.0794415449654773,2.0794415449654773,10.429141476527006,3.897890670578615e-12,0.0,2.220446049250313e-15,6.0719750321457615e-09
random,23,62,0.6107735745997526,0.1535060466574886,0.8438831798562433,0.07513173154879624,0.37171228279120955,0.29758432760261905,-2.0794415450129633,2.0794415450129633,10.429318093553611,3.2737829524456773e-12,0.0,1.5543122344752192e-15,6.3755737837530496e-09
random,23,63,0.6107735745997517,0.15350604665754974,0.8438831798565795,0.07513173154888772,0.37171228279166213,0.2975843275630893,-2.079441545052493,2.079441545052493,10.429464009233756,2.7270945127695624e-12,0.0,8.881784197001252e-16,6.694352472940702e-09
random,23,64,0.6107735745997509,0.15350604665760018,0.8438831798568567,0.07513173154896319,0.3717122827920355,0.29758432753048497,-2.079441545085097,2.079441545085097,10.429583920059004,2.250536043010196e-12,0.0,7.771561172376096e-16,7.029070096587737e-09
random,23,65,0.6107735745997506,0.1535060466576414,0.8438831798570833,0.07513173154902483,0.3717122827923405,0.29758432750387087,-2.0794415451117114,2.0794415451117114,10.429681782698864,1.837877002737884e-12,0.0,3.3306690738754696e-16,7.3805236014171246e-09
random,23,66,0.6107735745997502,0.15350604665767464,0.8438831798572661,0.07513173154907458,0.3717122827925866,0.2975843274823959,-2.0794415451331867,2.0794415451331867,10.429760982196951,1.483530717589298e-12,0.0,3.3306690738754696e-16,7.749549781487981e-09
random,23,67,0.6107735745997501,0.15350604665770115,0.8438831798574118,0.07513173154911425,0.37171228279278284,0.29758432746528696,-2.0794415451502957,2.0794415451502957,10.429824447389333,1.1822439963667848e-12,0.0,1.1102230246251565e-16,8.13702727056238e-09
random,23,68,0.6107735745997501,0.15350604665772197,0.8438831798575263,0.0751317315491454,0.371712282792937,0.2975843274518457,-2.0794415451637365,2.0794415451637365,10.429874731292463,9.290176406131682e-13,0.0,0.0,8.5438786340905e-09
random,23,69,0.61077357459975,0.1535060466577381,0.8438831798576149,0.07513173154916952,0.37171228279305635,0.2975843274414456,-2.0794415451741366,2.0794415451741366,10.429914064112197,7.189466069279385e-13,0.0,1.1102230246251565e-16,8.971072565795026e-09
random,23,70,0.61077357459975,0.15350604665775036,0.8438831798576824,0.07513173154918787,0.3717122827931471,0.29758432743353114,-2.079441545182051,2.079441545182051,10.429944395138866,5.471849853471957e-13,0.0,0.0,9.419626194084778e-09
random,23,71,0.6107735745997499,0.15350604665775952,0.8438831798577326,0.07513173154920158,0.37171228279321494,0.29758432742761576,-2.079441545187967,2.079441545187967,10.429967417367124,4.09023994988364e-13,0.0,1.1102230246251565e-16,9.890607503789018e-09
random,23,72,0.61077357459975,0.15350604665776624,0.8438831798577696,0.07513173154921166,0.3717122827932648,0.2975843274232799,-2.0794415451923025,2.0794415451923025,10.429984590905407,2.998265284642145e-13,0.0,-1.1102230246251565e-16,1.038513787897847e-08
random,23,73,0.6107735745997499,0.15350604665777107,0.8438831798577962,0.07513173154921887,0.3717122827933005,0.2975843274201683,-2.0794415451954142,2.0794415451954142,10.429997160564037,2.1517995268426442e-13,0.0,1.1102230246251565e-16,1.0904394772927394e-08
random,23,74,0.61077357459975,0.15350604665777445,0.8438831798578148,0.07513173154922391,0.3717122827933254,0.2975843274179857,-2.0794415451975965,2.0794415451975965,10.430006171660924,1.5093351373463505e-13,0.0,-1.1102230246251565e-16,1.1449614511573763e-08
random,23,75,0.61077357459975,0.15350604665777678,0.8438831798578276,0.07513173154922739,0.3717122827933427,0.2975843274164922,-2.0794415451990904,2.0794415451990904,10.430012487751315,1.0328886277071793e-13,0.0,0.0,1.2022095237152452e-08
random,23,76,0.61077357459975,0.1535060466577783,0.843883179857836,0.0751317315492297,0.37171228279335405,0.29758432741549734,-2.079441545200085,2.079441545200085,10.430016807327862,6.881739764868769e-14,1.3877787807814457e-17,0.0,1.2623199999010076e-08
random,23,77,0.6107735745997501,0.1535060466577793,0.8438831798578414,0.07513173154923121,0.37171228279336155,0.29758432741485324,-2.079441545200729,2.079441545200729,10.430019683856742,4.4530730629093514e-14,0.0,-1.1102230246251565e-16,1.325435999896058e-08
random,23,78,0.61077357459975,0.15350604665777995,0.843883179857845,0.07513173154923213,0.37171228279336604,0.29758432741444946,-2.079441545201133,2.079441545201133,10.430021545855721,2.7936088156691334e-14,0.0,1.1102230246251565e-16,1.391707799890861e-08
random,23,79,0.61077357459975,0.1535060466577803,0.843883179857847,0.0751317315492327,0.3717122827933689,0.29758432741420465,-2.0794415452013775,2.0794415452013775,10.430022712818227,1.692538103954095e-14,0.0,0.0,1.461293189885404e-08
random,23,80,0.61077357459975,0.15350604665778053,0.8438831798578482,0.07513173154923304,0.3717122827933706,0.2975843274140618,-2.0794415452015205,2.0794415452015205,10.430023420379037,9.88351904068383e-15,0.0,0.0,1.5343578493796742e-08
random,23,81,0.61077357459975,0.15350604665778067,0.843883179857849,0.07513173154923322,0.3717122827933715,0.29758432741398155,-2.079441545201601,2.079441545201601,10.430023833009761,5.543081230781008e-15,0.0,0.0,1.611075741848658e-08
random,23,82,0.6107735745997499,0.15350604665778073,0.8438831798578492,0.0751317315492333,0.37171228279337193,0.2975843274139388,-2.0794415452016435,2.0794415452016435,10.430024064966247,2.9696593913177625e-15,1.3877787807814457e-17,1.1102230246251565e-16,1.691629528941091e-08
random,23,83,0.61077357459975,0.15350604665778075,0.8438831798578494,0.07513173154923337,0.37171228279337226,0.29758432741391666,-2.0794415452016657,2.0794415452016657,10.430024188475336,1.5310133029311817e-15,1.3877787807814457e-17,-1.1102230246251565e-16,1.7762110053881456e-08
random,23,84,0.61077357459975,0.15350604665778078,0.8438831798578496,0.0751317315492334,0.3717122827933724,0.29758432741390606,-2.0794415452016763,2.0794415452016763,10.430024252449773,7.287242004643701e-16,0.0,0.0,1.865021555657553e-08
random,23,85,0.61077357459975,0.15350604665778078,0.8438831798578496,0.0751317315492334,0.3717122827933724,0.29758432741390123,-2.0794415452016812,2.0794415452016812,10.430024283002856,3.346483079253121e-16,0.0,0.0,1.958272633440431e-08
random,23,86,0.61077357459975,0.15350604665778078,0.8438831798578496,0.07513173154923342,0.37171228279337243,0.29758432741389906,-2.0794415452016835,2.0794415452016835,10.430024297026492,1.4515771154790932e-16,0.0,0.0,2.0561862651124525e-08
random,23,87,0.61077357459975,0.15350604665778078,0.8438831798578496,0.07513173154923342,0.37171228279337243,0.29758432741389845,-2.079441545201684,2.079441545201684,10.430024303399565,5.0177605892707494e-17,1.3877787807814457e-17,0.0,2.158995578368075e-08
random,23,88,0.61077357459975,0.15350604665778078,0.8438831798578496,0.07513173154923342,0.37171228279337243,0.29758432741389806,-2.0794415452016843,2.0794415452016843,10.430024305054472,1.8944063918909838e-17,0.0,0.0,2.266945357286479e-08
random,23,89,0.61077357459975,0.15350604665778078,0.8438831798578496,0.07513173154923342,0.37171228279337243,0.2975843274138981,-2.079441545201684,2.079441545201684,10.430024306173813,2.9885770833744873e-18,0.0,0.0,2.3802926251508028e-08
random,23,90,0.61077357459975,0.15350604665778078,0.8438831798578496,0.07513173154923342,0.37171228279337243,0.2975843274138981,-2.079441545201684,2.079441545201684,10.430024305997227,3.5821883607221416e-19,0.0,0.0,2.499307256408343e-08
random,23,91,0.61077357459975,0.15350604665778078,0.8438831798578496,0.07513173154923342,0.37171228279337243,0.297584327413898,-2.0794415452016843,2.0794415452016843,10.430024306018394,1.4533259280784568e-17,0.0,0.0,2.6242726192287604e-08
random,23,92,0.61077357459975,0.15350604665778078,0.8438831798578496,0.07513173154923342,0.37171228279337243,0.297584327413898,-2.0794415452016843,2.0794415452016843,10.430024306273376,2.1655290651617745e-18,0.0,0.0,2.7554862501901984e-08
random,23,93,0.61077357459975,0.15350604665778078,0.8438831798578496,0.07513173154923342,0.37171228279337243,0.297584327413898,-2.0794415452016843,2.0794415452016843,10.430024306401332,8.380729268591259e-19,0.0,0.0,2.8932605626997086e-08
random,23,94,0.61077357459975,0.15350604665778078,0.8438831798578496,0.07513173154923342,0.37171228279337243,0.29758432741389795,-2.0794415452016843,2.0794415452016843,10.430024306351811,1.402901072317563e-17,1.3877787807814457e-17,0.0,3.037923590834694e-08
random,23,95,0.61077357459975,0.15350604665778078,0.8438831798578496,0.07513173154923342,0.37171228279337243,0.2975843274138978,-2.079441545201685,2.079441545201685,10.430024306473193,8.931959120074147e-18,0.0,0.0,3.1898197703764285e-08
random,23,96,0.61077357459975,0.15350604665778078,0.8438831798578496,0.07513173154923342,0.37171228279337243,0.29758432741389795,-2.0794415452016843,2.0794415452016843,10.430024307000954,1.661722058525008e-17,0.0,0.0,3.34931075889525e-08
random,23,97,0.61077357459975,0.15350604665778078,0.8438831798578496,0.07513173154923342,0.37171228279337243,0.2975843274138981,-2.079441545201684,2.079441545201684,10.430024306460902,6.7258121781135684e-18,0.0,0.0,3.516776296840013e-08
random,23,98,0.61077357459975,0.15350604665778078,0.8438831798578496,0.07513173154923342,0.37171228279337243,0.2975843274138979,-2.0794415452016843,2.0794415452016843,10.430024306063498,1.8019047308032566e-17,1.3877787807814457e-17,0.0,3.692615111682014e-08
random,23,99,0.61077357459975,0.15350604665778078,0.8438831798578496,0.07513173154923342,0.37171228279337243,0.29758432741389795,-2.0794415452016843,2.0794415452016843,10.430024306742592,3.550854759118633e-18,1.3877787807814457e-17,0.0,3.877245867266115e-08
random,23,100,0.61077357459975,0.15350604665778078,0.8438831798578496,0.07513173154923342,0.37171228279337243,0.2975843274138979,-2.0794415452016843,2.0794415452016843,10.430024306532783,2.6238268291855544e-18,1.3877787807814457e-17,0.0,4.071108160629421e-08
random,23,101,0.61077357459975,0.15350604665778078,0.8438831798578496,0.07513173154923342,0.37171228279337243,0.297584327413898,-2.0794415452016843,2.0794415452016843,10.430024306687816,5.098648651548257e-18,1.3877787807814457e-17,0.0,4.274663568660892e-08
random,23,102,0.61077357459975,0.15350604665778078,0.8438831798578496,0.07513173154923342,0.37171228279337243,0.29758432741389784,-2.0794415452016843,2.0794415452016843,10.430024306386553,6.8124014446356194e-18,0.0,0.0,4.488396747093937e-08
random,23,103,0.61077357459975,0.15350604665778078,0.8438831798578496,0.07513173154923342,0.37171228279337243,0.29758432741389795,-2.0794415452016843,2.0794415452016843,10.430024306789075,3.3280652416560507e-18,1.3877787807814457e-17,0.0,4.712816584448634e-08
random,23,104,0.61077357459975,0.15350604665778078,0.8438831798578496,0.07513173154923342,0.37171228279337243,0.29758432741389784,-2.0794415452016843,2.0794415452016843,10.430024306592431,4.080422404719982e-18,0.0,0.0,4.948457413671066e-08
random,23,105,0.61077357459975,0.15350604665778078,0.8438831798578496,0.07513173154923342,0.37171228279337243,0.2975843274138981,-2.079441545201684,2.079441545201684,10.43002430683353,1.908686508413534e-17,0.0,0.0,5.1958802843546194e-08
random,23,106,0.61077357459975,0.15350604665778078,0.8438831798578496,0.07513173154923342,0.37171228279337243,0.29758432741389784,-2.0794415452016843,2.0794415452016843,10.430024306059257,1.855663036536106e-17,0.0,0.0,5.455674298572351e-08
random,23,107,0.61077357459975,0.15350604665778078,0.8438831798578496,0.07513173154923342,0.37171228279337243,0.297584327413898,-2.0794415452016843,2.0794415452016843,10.430024306787141,7.031564602292769e-18,1.3877787807814457e-17,0.0,5.7284580135009685e-08
random,23,108,0.61077357459975,0.15350604665778078,0.8438831798578496,0.07513173154923342,0.37171228279337243,0.2975843274138979,-2.0794415452016843,2.0794415452016843,10.430024306371669,4.776332762783294e-18,1.3877787807814457e-17,0.0,6.014880914176018e-08
random,23,109,0.61077357459975,0.15350604665778078,0.8438831798578496,0.07513173154923342,0.37171228279337243,0.297584327413898,-2.0794415452016843,2.0794415452016843,10.430024306653886,1.4426396798192453e-17,0.0,0.0,6.315624959884818e-08
random,23,110,0.61077357459975,0.15350604665778078,0.8438831798578496,0.07513173154923342,0.37171228279337243,0.297584327413898,-2.0794415452016843,2.0794415452016843,10.430024306421052,1.448697655045771e-18,0.0,0.0,6.631406207879059e-08
random,23,111,0.61077357459975,0.15350604665778078,0.8438831798578496,0.07513173154923342,0.37171228279337243,0.29758432741389795,-2.0794415452016843,2.0794415452016843,10.430024306335453,3.9122003379062976e-18,0.0,0.0,6.962976518273012e-08
random,23,112,0.61077357459975,0.15350604665778078,0.8438831798578496,0.07513173154923342,0.37171228279337243,0.29758432741389806,-2.0794415452016843,2.0794415452016843,10.430024306566612,5.633252172718828e-18,0.0,0.0,7.311125344186663e-08
random,23,113,0.61077357459975,0.15350604665778078,0.8438831798578496,0.07513173154923342,0.37171228279337243,0.297584327413898,-2.0794415452016843,2.0794415452016843,10.430024306233761,1.406901195377654e-17,1.3877787807814457e-17,0.0,7.676681611395995e-08
random,23,114,0.61077357459975,0.15350604665778078,0.8438831798578496,0.07513173154923342,0.37171228279337243,0.2975843274138978,-2.079441545201685,2.079441545201685,10.430024306370354,1.0190739415200193e-17,0.0,0.0,8.060515691965796e-08
random,23,115,0.61077357459975,0.15350604665778078,0.8438831798578496,0.07513173154923342,0.37171228279337243,0.2975843274138982,-2.079441545201684,2.079441545201684,10.430024306972491,3.332520230035779e-17,0.0,0.0,8.463541476564086e-08
random,23,116,0.61077357459975,0.15350604665778078,0.8438831798578496,0.07513173154923342,0.37171228279337243,0.2975843274138976,-2.079441545201685,2.079441545201685,10.430024305882672,4.003248063852802e-17,0.0,0.0,8.886718550392291e-08
random,23,117,0.61077357459975,0.15350604665778078,0.8438831798578496,0.07513173154923342,0.37171228279337243,0.2975843274138988,-2.079441545201684,2.079441545201684,10.430024307587225,8.048515847579842e-17,0.0,0.0,9.331054477911906e-08
random,23,118,0.6107735745997499,0.15350604665778078,0.8438831798578496,0.07513173154923342,0.37171228279337243,0.29758432741389634,-2.079441545201686,2.079441545201686,10.430024304143746,1.6282525920090724e-16,0.0,1.1102230246251565e-16,9.797607201807502e-08
random,23,119,0.61077357459975,0.15350604665778078,0.8438831798578496,0.0751317315492334,0.3717122827933724,0.2975843274139016,-2.079441545201681,2.079441545201681,10.430024311181292,3.5914557293050603e-16,0.0,-1.1102230246251565e-16,1.0287487561897877e-07
random,23,120,0.61077357459975,0.15350604665778078,0.8438831798578496,0.07513173154923343,0.37171228279337254,0.2975843274138897,-2.0794415452016928,2.0794415452016928,10.430024295934473,8.245547315611183e-16,0.0,0.0,1.0801861939992772e-07
random,23,121,0.6107735745997499,0.15350604665778075,0.8438831798578494,0.07513173154923335,0.3717122827933721,0.2975843274139183,-2.079441545201664,2.079441545201664,10.430024330395534,1.970531407844031e-15,0.0,1.1102230246251565e-16,1.1341955036992412e-07
random,37,0,0.9078811449656049,0.14660636937089358,0.8059529371369761,0.2029767544802713,1.0042222002085797,0.2793576292826946,-3.128331595244901,3.128331595244901,10.593403925416306,0.13116109841613752,8.326672684688674e-17,0.07388169473917361,0.1
random,37,1,0.8054987725710465,0.1577793234875064,0.8673750651483431,0.14973022185096638,0.7407863684189065,0.1418055787421708,-3.0629463502533456,3.0629463502533456,10.053376244247412,0.09638687590132998,2.7755575615628914e-17,0.10238237239455839,0.1
random,37,2,0.7025591560089701,0.14798347650117177,0.8135234372534624,0.11844846937363,0.5860207137033847,0.27870805305465396,-2.7262651877394193,2.7262651877394193,10.452867599531942,0.08313999674646654,1.3877787807814457e-17,0.1029396165620764,0.1
random,37,3,0.6661594633617941,0.1435368684867734,0.7890786821935047,0.10823573689619904,0.5354934860664674,0.38733792318080384,-2.531067231023758,2.531067231023758,10.517882134989401,0.056625770332720954,4.163336342344337e-17,0.03639969264717602,0.1
random,37,4,0.6498312358234756,0.1424989789053323,0.7833729945062929,0.10272925579305621,0.508250314389178,0.4019581375740136,-2.4006644800499974,2.4006644800499974,10.503471119171436,0.03256491426921351,2.7755575615628914e-17,0.01632822753831853,0.1
random,37,5,0.6451211737952199,0.14346448567834008,0.7886807653955825,0.09977736718903098,0.4936459224907304,0.3957829852063524,-2.391239083501794,2.391239083501794,10.509008385760142,0.01782235160978011,5.551115123125783e-17,0.004710062028255635,0.1
random,37,6,0.6434420716929673,0.1463360767733643,0.8044670323035101,0.09622940118819485,0.4760924532141725,0.3162328934125975,-2.4602745889165636,2.4602745889165636,10.290121197982137,0.021618232244593905,1.3877787807814457e-17,0.0016791021022526387,0.1
random,37,7,0.6361562578234085,0.14751187402044752,0.8109308527284393,0.09191917002680472,0.45476769693170127,0.33069829933381834,-2.432912446740459,2.432912446740459,10.582110012528418,0.02497209424468763,5.551115123125783e-17,0.007285813869558844,0.1
random,37,8,0.6301850318913608,0.15098172514078828,0.8300059905540805,0.08600436195321043,0.42550433821515593,0.24298675067425438,-2.4929544257797787,2.4929544257797787,10.348003501508927,0.030264481663402735,1.3877787807814457e-17,0.005971225932047686,0.1
random,37,9,0.6146011537083627,0.15291291655121853,0.8406225101233795,0.07756247930380429,0.383738343927799,0.24207266827734103,-2.4378788872269355,2.4378788872269355,10.667017486425792,0.036425242276048576,1.3877787807814457e-17,0.015583878182998112,0.1
random,37,10,0.6004226025120233,0.15401953554730538,0.846706030464378,0.07055094777653048,0.3490489745210421,0.2545100019313219,-2.360950398352013,2.360950398352013,10.701191569307749,0.0300160110427277,0.0,0.014178551196339373,0.1
random,37,11,0.5970360085505981,0.1539712252627672,0.8464404498086087,0.06936550731562788,0.34318403875087444,0.22237642708565367,-2.3658644543359264,2.3658644543359264,10.489250080996479,0.02330080200244404,1.3877787807814457e-17,0.003386593961425155,0.1
random,37,12,0.5930618067619893,0.15268542189909892,0.8393718824470682,0.06902539448353537,0.341501339382478,0.26251958472161685,-2.3193583540403813,2.3193583540403813,10.75300588328267,0.017871684135267102,5.551115123125783e-17,0.003974201788608855,0.1
random,37,13,0.5902404257883276,0.15157469426711084,0.8332657753167888,0.06906016235026669,0.3416733524965653,0.2770861881650502,-2.302067278200032,2.302067278200032,10.710606280698258,0.01625415628654179,0.0,0.0028213809736616913,0.1
random,37,14,0.5880903913665921,0.1507388715539512,0.8286709287662094,0.06919215513589744,0.34232638336178517,0.25917353025948475,-2.3061218828762957,2.3061218828762957,10.47831930132334,0.0194816223504464,1.3877787807814457e-17,0.0021500344217354472,0.1
random,37,15,0.5837703273044084,0.14922179536759222,0.8203309636371138,0.06896130275534013,0.3411842472284124,0.3012721871645245,-2.2418876207060023,2.2418876207060023,10.73015641657402,0.01887180598512175,0.0,0.0043200640621837705,0.1
random,37,16,0.5837703272674885,0.14922179558861953,0.8203309648521879,0.06896130296711253,0.34118424827615085,0.30127207033190273,-2.24188773582076,2.24188773582076,10.467207841221713,7.669294511378538e-09,1.3877787807814457e-17,3.691991157239727e-11,9.5367431640625e-08
random,37,17,0.5837703271165522,0.14922179540830693,0.8203309638609385,0.0689613030124547,0.34118424850048007,0.3012720935842959,-2.241887711873625,2.241887711873625,10.565800980067626,3.156116745636843e-09,0.0,1.5093626348772204e-10,1.0013580322265626e-07
random,37,18,0.5837703270282495,0.14922179529478416,0.8203309632368592,0.06896130307572121,0.3411842488134894,0.3012721003075244,-2.2418877063071605,2.2418877063071605,10.563521336762417,3.049042499529268e-09,0.0,8.830269848658645e-11,1.0514259338378908e-07
random,37,19,0.5837703269359742,0.14922179517770556,0.820330962593232,0.0689613031433255,0.3411842491479599,0.3012721065378183,-2.2418877012530416,2.2418877012530416,10.562816246977704,3.1935105428095524e-09,1.3877787807814457e-17,9.227529851330019e-11,1.1039972305297853e-07
random,37,20,0.5837703268394662,0.14922179505693017,0.8203309619292821,0.06896130321550487,0.34118424950506543,0.3012721122292395,-2.2418876967575097,2.2418876967575097,10.562133366300293,3.3462231938348097e-09,0.0,9.65080237946836e-11,1.1591970920562746e-07
random,37,21,0.5837703267384468,0.14922179493226184,0.8203309612439312,0.06896130329248179,0.34118424988590673,0.301272117352775,-2.241887692850768,2.241887692850768,10.561486660351738,3.507720348218574e-09,0.0,1.0101941505524792e-10,1.2171569466590885e-07
random,37,22,0.5837703266326224,0.14922179480343978,0.8203309605357456,0.0689613033744595,0.34118425029148935,0.3012721219004956,-2.2418876895429896,2.2418876895429896,10.560889969493061,3.6784853918556355e-09,0.0,1.0582434928352313e-10,1.278014793992043e-07
random,37,23,0.5837703265216895,0.1492217946701334,0.820330959802908,0.06896130346162,0.34118425072271363,0.30127212588786084,-2.2418876868221003,2.2418876868221003,10.56035545468204,3.858933099030198e-09,0.0,1.1093292950903333e-10,1.3419155336916452e-07
random,37,24,0.5837703264053371,0.14922179453194379,0.8203309590432253,0.0689613035541256,0.34118425118038265,0.3012721293533158,-2.241887684654148,2.241887684654148,10.559891990919631,4.049415870760058e-09,0.0,1.1635237218143857e-10,1.4090113103762277e-07
random,37,25,0.5837703262832507,0.14922179438841182,0.8203309582541736,0.06896130365212451,0.34118425166522975,0.30127213235490075,-2.241887682986539,2.241887682986539,10.559503934144198,4.250247981579625e-09,0.0,1.2208645205902258e-10,1.4794618758950392e-07
random,37,26,0.583770326155111,0.14922179423903198,0.8203309574329737,0.06896130375575937,0.3411842521779605,0.3012721349643937,-2.2418876817536404,2.2418876817536404,10.559190647906558,4.461740260185399e-09,0.0,1.2813961003388386e-10,1.5534349696897913e-07
random,37,27,0.5837703260205939,0.1492217940832687,0.8203309565766815,0.06896130386517718,0.34118425271930225,0.3012721372602015,-2.241887680883584,2.241887680883584,10.558946945061933,4.68423369275644e-09,0.0,1.345171751765406e-10,1.631106718174281e-07
random,37,28,0.5837703258793666,0.14922179392057158,0.8203309556822715,0.06896130398053912,0.3411842532900525,0.30127213932045843,-2.2418876803048815,2.2418876803048815,10.558764281475774,4.91812269543847e-09,0.0,1.412272521150726e-10,1.712662054082995e-07
random,37,29,0.5837703257310857,0.14922179375038785,0.8203309547467046,0.06896130410202818,0.3411842538911164,0.30127214121752355,-2.2418876799517014,2.2418876799517014,10.558632308624546,5.163864976156139e-09,0.0,1.4828094307972606e-10,1.7982951567871448e-07
random,37,30,0.5837703255753947,0.14922179357216925,0.8203309537669667,0.06896130422985436,0.34118425452353307,0.3012721430144707,-2.2418876797672387,2.2418876797672387,10.558540356954866,5.421980471257625e-09,0.0,1.556910156352842e-10,1.888209914626502e-07
random,37,31,0.5837703254119204,0.14922179338537436,0.8203309527400817,0.0689613043642572,0.3411842551884876,0.30127214476357234,-2.2418876797051803,2.2418876797051803,10.558478557905884,5.693044994664614e-09,0.0,1.6347423414941886e-10,1.9826204103578272e-07
random,37,32,0.5837703252402733,0.1492217931894676,0.8203309516631051,0.06896130450550632,0.341184255887314,0.3012721465063744,-2.2418876797296456,2.2418876797296456,10.55843850218128,5.977682956770157e-09,0.0,1.7164714094519695e-10,2.0817514308757186e-07
random,37,33,0.583770325060044,0.1492217929839149,0.820330950533101,0.06896130465390059,0.34118425662149077,0.30127214827481114,-2.2418876798141323,2.2418876798141323,10.55841348318255,6.276561537575831e-09,0.0,1.8022927594785187e-10,2.1858390024195046e-07
random,37,34,0.5837703248708034,0.1492217927681789,0.8203309493471153,0.06896130480976675,0.3411842573926346,0.30127215009284886,-2.241887679939956,2.241887679939956,10.558398445724325,6.590387536174063e-09,1.3877787807814457e-17,1.8924062317182688e-10,2.29513095254048e-07
random,37,35,0.5837703246721007,0.14922179254171325,0.8203309481021444,0.06896130497345783,0.3411842582024919,0.30127215197826235,-2.2418876800945626,2.2418876800945626,10.558389766875964,6.919906123746108e-09,0.0,1.987027209437997e-10,2.409887500167504e-07
random,37,36,0.5837703244634629,0.1492217923039575,0.8203309467951073,0.06896130514535175,0.34118425905293254,0.30127215394429674,-2.2418876802699486,2.2418876802699486,10.558384970524441,7.265901077912977e-09,0.0,2.0863777372426284e-10,2.5303818751758794e-07
random,37,37,0.5837703242443933,0.1492217920543324,0.8203309454228199,0.06896130532585047,0.3411842599459453,0.3012721560010775,-2.241887680461327,2.241887680461327,10.558382441117269,7.629195871986904e-09,0.0,2.1906954028594328e-10,2.6569009689346737e-07
random,37,38,0.5837703240143703,0.14922179179223571,0.8203309439819713,0.06896130551537942,0.3411842608836348,0.30127215815672514,-2.241887680666072,2.241887680666072,10.558381173498786,8.010655443581586e-09,0.0,2.3002300064689507e-10,2.7897460173814075e-07
random,37,39,0.5837703237728461,0.14922179151703907,0.820330942469107,0.0689613057143874,0.3411842618682216,0.3012721604181821,-2.2418876808829413,2.2418876808829413,10.55838057255647,8.411187990357984e-09,0.0,2.415242450481969e-10,2.929233318250478e-07
random,37,40,0.5837703235192455,0.14922179122808488,0.820330940880612,0.06896130592334693,0.3411842629020434,0.30127216279179203,-2.2418876811115336,2.2418876811115336,10.558380304247516,8.831747119312948e-09,0.0,2.536005849762546e-10,3.075694984163002e-07
random,37,41,0.5837703232529652,0.14922179092468407,0.8203309392126983,0.06896130614275486,0.34118426398755847,0.30127216528368284,-2.2418876813519386,2.2418876813519386,10.558380191665886,9.273334207893087e-09,0.0,2.6628033111819605e-10,3.229479733371152e-07
random,37,42,0.5837703229733708,0.14922179060611365,0.8203309374613913,0.06896130637313334,0.34118426512735,0.3012721679000078,-2.241887681604517,2.241887681604517,10.558380146947872,9.737000602904934e-09,0.0,2.7959434767410585e-10,3.39095372003971e-07
random,37,43,0.5837703226797967,0.149221790271615,0.8203309356225205,0.06896130661503072,0.34118426632413096,0.30127217064709066,-2.2418876818697813,2.2418876818697813,10.558380129485098,1.0223850287244577e-08,0.0,2.9357416497788336e-10,3.560501406041696e-07
random,37,44,0.5837703223715437,0.14922178992039153,0.8203309336917067,0.06896130686902288,0.34118426758075054,0.30127217353150837,-2.2418876821483273,2.2418876821483273,10.55838012191666,1.0735042428941055e-08,0.0,3.0825297869796486e-10,3.7385264763437807e-07
random,37,45,0.5837703220478784,0.1492217895516071,0.8203309316643534,0.06896130713571451,0.3411842689002004,0.3012721765601416,-2.241887682440807,2.241887682440807,10.55838011754512,1.1271794130537398e-08,0.0,3.236653167704162e-10,3.92545280016097e-07
random,37,46,0.5837703217080297,0.1492217891643835,0.8203309295356329,0.06896130741574061,0.34118427028562226,0.3012721797402054,-2.2418876827479126,2.2418876827479126,10.558380113989111,1.1835383378414726e-08,0.0,3.3984870473346973e-10,4.121725440169019e-07
random,37,47,0.5837703213511884,0.1492217887577989,0.8203309273004773,0.06896130770976783,0.34118427174031424,0.3012721830792723,-2.241887683070374,2.241887683070374,10.558380110497088,1.2427152040551816e-08,0.0,3.5684122323687006e-10,4.32781171217747e-07
random,37,48,0.5837703209765055,0.14922178833088526,0.820330924953565,0.06896130801849627,0.3411842732677402,0.3012721865852928,-2.24188768340896,2.24188768340896,10.558380106902353,1.304850908856761e-08,0.0,3.746829513318062e-10,4.544202297786344e-07
random,37,49,0.5837703205830882,0.14922178788262608,0.8203309224893077,0.06896130834266093,0.34118427487153635,0.30127219026661456,-2.2418876837644754,2.2418876837644754,10.558380103111256,1.3700933939262735e-08,0.0,3.934172987385409e-10,4.771412412675661e-07
random,37,50,0.5837703201700003,0.1492217874119542,0.820330919901839,0.06896130868303361,0.34118427655552136,0.30127219413200307,-2.2418876841377675,2.2418876841377675,10.558380099160965,1.4385979948438857e-08,0.0,4.1308789722194206e-10,5.009983033309445e-07
random,37,51,0.5837703197362577,0.14922178691774887,0.8203309171849978,0.0689613090404247,0.34118427832370446,0.30127219819066103,-2.2418876845297255,2.2418876845297255,10.55838009497058,1.510527820470925e-08,0.0,4.3374259739437093e-10,5.260482184974917e-07
random,37,52,0.5837703192808282,0.14922178639883354,0.820330914332316,0.06896130941568511,0.3411842801802955,0.30127220245225234,-2.2418876849412825,2.2418876849412825,10.558380090610381,1.5860541287120497e-08,0.0,4.554294719127938e-10,5.523506294223663e-07
random,37,53,0.5837703188026273,0.14922178585397272,0.8203309113370014,0.06896130980970824,0.3411842821297147,0.30127220692692397,-2.2418876853734186,2.2418876853734186,10.558380086044597,1.6653567437333916e-08,0.0,4.78200923303973e-10,5.799681608934846e-07
random,37,54,0.5837703183005165,0.1492217852818692,0.8203309081919231,0.06896131022343224,0.3411842841766034,0.30127221162532924,-2.2418876858271624,2.2418876858271624,10.558380081187831,1.7486244811864887e-08,0.0,5.021107973846028e-10,6.089665689381588e-07
random,37,55,0.5837703177733001,0.14922178468116076,0.8203309048895924,0.06896131065784208,0.34118428632583475,0.3012722165586559,-2.2418876863035955,2.2418876863035955,10.558380076174227,1.836055595177599e-08,0.0,5.27216381662754e-10,6.394148973850668e-07
random,37,56,0.583770317219723,0.14922178405041725,0.8203309014221469,0.06896131111397207,0.341184288582526,0.3012722217386489,-2.2418876868038513,2.2418876868038513,10.558380070812008,1.927858252820073e-08,0.0,5.535771840925463e-10,6.713856422543202e-07
random,37,57,0.5837703166384671,0.14922178338813702,0.8203308977813317,0.06896131159290814,0.34118429095204966,0.30127222717764274,-2.241887687329122,2.241887687329122,10.558380065268874,2.0242510308494396e-08,0.0,5.812558212525687e-10,7.049549243670362e-07
random,37,58,0.5837703160281484,0.14922178269274317,0.8203308939584779,0.06896131209579055,0.3411842934400473,0.30127223288858673,-2.241887687880658,2.241887687880658,10.558380059391084,2.1254634358346377e-08,0.0,6.103186844796937e-10,7.40202670585388e-07
random,37,59,0.5837703153873139,0.1492217819625801,0.820330889944484,0.0689613126238166,0.34118429605244244,0.3012722388850791,-2.241887688459773,2.241887688459773,10.558380053268914,2.2317364439931414e-08,0.0,6.408344965791457e-10,7.772128041146575e-07
random,37,60,0.5837703147144381,0.14922178119590945,0.8203308857297936,0.0689613131782434,0.3411842987954546,0.3012722451813965,-2.2418876890678456,2.2418876890678456,10.55838004676568,2.3433230855368853e-08,0.0,6.728758661367351e-10,8.160734443203903e-07
random,37,61,0.5837703140079181,0.14922178039090578,0.8203308813043715,0.06896131376039093,0.34118430167561425,0.3012722517925313,-2.241887689706325,2.241887689706325,10.558380040023774,2.4604890418456268e-08,0.0,7.065199536526734e-10,8.568771165364099e-07
random,37,62,0.5837703132660725,0.14922177954565263,0.8203308766576821,0.06896131437164517,0.3411843046997787,0.3012722587342236,-2.2418876903767315,2.2418876903767315,10.558380032877242,2.5835132754850827e-08,0.0,7.418455849617089e-10,8.997209723632304e-07
random,37,63,0.5837703124871348,0.14922177865813752,0.820330871778662,0.06896131501346138,0.34118430787514764,0.3012722660230019,-2.2418876910806613,2.2418876910806613,10.558380025417346,2.7126886986007564e-08,0.0,7.789376921252256e-10,9.447070209813919e-07
random,37,64,0.5837703116692503,0.1492217777262474,0.8203308666556951,0.0689613156873676,0.3411843112092811,0.30127227367622056,-2.241887691819791,2.241887691819791,10.558380017572912,2.848322867209422e-08,0.0,8.17884537873681e-10,9.919423720304616e-07
random,37,65,0.5837703108104718,0.14922177674776366,0.8203308612765847,0.06896131639496822,0.34118431471011673,0.3012722817121014,-2.2418876925958813,2.2418876925958813,10.558380009307625,2.9907387186079664e-08,0.0,8.58778492762724e-10,1.0415394906319846e-06
random,37,66,0.5837703099087546,0.14922177572035672,0.8203308556285243,0.06896131713794791,0.3411843183859894,0.3012722901497782,-2.2418876934107796,2.2418876934107796,10.558380000684458,3.140275330762257e-08,0.0,9.017172564185216e-10,1.093616465163584e-06
random,37,67,0.5837703089619516,0.14922177464158043,0.8203308496980662,0.06896131791807548,0.3411843222456502,0.30127229900934044,-2.2418876942664285,2.2418876942664285,10.55837999156107,3.29728874211052e-08,0.0,9.468029693593394e-10,1.1482972884217633e-06
random,37,68,0.5837703079678088,0.14922177350886648,0.8203308434710916,0.06896131873720826,0.34118432629828827,0.30127230831188306,-2.2418876951648645,2.2418876951648645,10.558379982048976,3.462152786735598e-08,0.0,9.941427681070536e-10,1.2057121528428516e-06
random,37,69,0.583770306923959,0.1492217723195181,0.8203308369327754,0.06896131959729632,0.34118433055355146,0.30127231807955485,-2.241887696108228,2.241887696108228,10.558379972013133,3.635259993165284e-08,1.3877787807814457e-17,1.0438497843878736e-09,1.2659977604849943e-06
random,37,70,0.5837703058279171,0.14922177107070372,0.820330830067551,0.06896132050038736,0.34118433502157086,0.30127232833561257,-2.241887697098766,2.241887697098766,10.558379961492689,3.8170225158066406e-08,0.0,1.0960419238870145e-09,1.3292976485092441e-06
random,37,71,0.5837703046770734,0.14922176975945017,0.820330822859074,0.06896132144863133,0.3411843397129832,0.3012723391044764,-2.2418876981388376,2.2418876981388376,10.558379950481356,4.007873116311516e-08,0.0,1.1508437536278393e-09,1.3957625309347064e-06
random,37,72,0.5837703034686877,0.14922176838263565,0.8203308152901824,0.06896132244428574,0.3411843446389574,0.30127235041178524,-2.2418876992309213,2.2418876992309213,10.558379938808956,4.208266191696859e-08,0.0,1.208385613793439e-09,1.4655506574814417e-06
random,37,73,0.5837703021998831,0.14922176693698225,0.8203308073428565,0.0689613234897209,0.3411843498112206,0.3012723622844654,-2.241887700377615,2.241887700377615,10.558379926783072,4.418678861847757e-08,0.0,1.2688046169273548e-09,1.5388281903555139e-06
random,37,74,0.5837703008676388,0.1492217654190483,0.8203307989981758,0.06896132458742568,0.3411843552420864,0.30127237475077695,-2.2418877015816596,2.2418877015816596,10.558379913650935,4.639612100521293e-08,0.0,1.3322443148666707e-09,1.6157695998732897e-06
random,37,75,0.5837702994687828,0.14922176382521987,0.8203307902362734,0.06896132574001332,0.3411843609444837,0.30127238784042354,-2.2418877028459008,2.2418877028459008,10.558379901038355,4.8715919288537196e-08,0.0,1.3988560310096432e-09,1.6965580798669542e-06
random,37,76,0.5837702979999845,0.14922176215170266,0.8203307810362904,0.06896132695022777,0.34118436693198817,0.30127240158451674,-2.241887704173404,2.241887704173404,10.558379884943323,5.11517066825745e-08,0.0,1.4687983052041886e-09,1.781385983860302e-06
random,37,77,0.5837702964577466,0.14922176039451207,0.8203307713763218,0.06896132822094991,0.3411843732188528,0.30127241601593024,-2.2418877055671893,2.2418877055671893,10.55837987540268,5.3709282585702926e-08,0.0,1.5422378929486058e-09,1.8704552830533171e-06
random,37,78,0.5837702948383975,0.14922175854946582,0.8203307612333761,0.06896132955520544,0.34118437982004723,0.30127243116859187,-2.2418877070309913,2.2418877070309913,10.558379845028973,5.6394736296277724e-08,0.0,1.6193490992577608e-09,1.963978047205983e-06
random,37,79,0.5837702931380818,0.14922175661216813,0.820330750583288,0.06896133095616883,0.34118438675127705,0.30127244707992973,-2.241887708567006,2.241887708567006,10.558379873409107,5.92144616340957e-08,0.0,1.7003156660422292e-09,2.0621769495662822e-06
random,37,80,0.5837702913527508,0.14922175457801773,0.8203307394007623,0.06896133242718125,0.34118439402907264,0.30127246378333905,-2.241887710183186,2.241887710183186,10.558379712542438,6.217517206913073e-08,0.0,1.7853309941529005e-09,2.1652857970445966e-06
random,37,81,0.5837702894781543,0.14922175244213334,0.8203307276589649,0.06896133397172308,0.34118440167065306,0.30127248133453327,-2.241887711868142,2.241887711868142,10.558380187357987,6.528391672499702e-08,0.0,1.874596478046442e-09,2.2735500868968263e-06
random,37,82,0.5837702875098287,0.14922175019957662,0.8203307153307475,0.06896133559355232,0.34118440969461095,0.30127249971494036,-2.2418877136835924,2.2418877136835924,10.558378368323998,6.85480972267871e-08,0.0,1.9683256136104887e-09,2.387227591241668e-06
random,37,83,0.583770285443088,0.14922174784441794,0.820330702383513,0.06896133729620245,0.3411844181184281,0.3012725192117422,-2.241887715401156,2.241887715401156,10.558385345820147,7.19754859242915e-08,0.0,2.0667407785168734e-09,2.5065889708037515e-06
random,37,84,0.5837702832730126,0.14922174537358868,0.8203306888003916,0.06896133908513255,0.3411844269691131,0.3012725388260281,-2.241887718024257,2.241887718024257,10.558356369940626,7.557425624867494e-08,0.0,2.170075341645372e-09,2.631918419343939e-06
random,37,85,0.5837702809944679,0.14922174276965422,0.8203306744855386,0.06896134095820204,0.3411844362360756,0.3012725633660881,-2.2418877170069296,2.2418877170069296,10.558483112238982,7.935325254724607e-08,0.0,2.2785446862627623e-09,2.763514340311136e-06
random,37,86,0.583770278602803,0.14922174008327269,0.8203306597174417,0.06896134295136347,0.3411844460971898,0.30127256954873005,-2.2418877346579276,2.2418877346579276,10.55788087671985,8.332839171806202e-08,0.0,2.391664977174912e-09,2.901690057326693e-06
random,37,87,0.5837702761220145,0.14922173705132483,0.8203306430496304,0.06896134492715904,0.3411844558723868,0.3012726661005831,-2.2418876669601167,2.2418876669601167,10.560626246973268,8.762391386638087e-08,0.0,2.480788463543604e-09,3.0467745601930276e-06
random,37,88,0.5837702760865708,0.1492217372830337,0.8203306443234254,0.0689613451491513,0.3411844569706877,0.30127254395142267,-2.241887787308573,2.241887787308573,10.467206832232057,8.039650151673995e-09,0.0,3.54436480165532e-11,9.997229025633373e-08
random,37,89,0.5837702759275253,0.14922173709262015,0.8203306432766472,0.06896134519590301,0.3411844572019906,0.30127256882064385,-2.2418877617363293,2.2418877617363293,10.566290063618291,3.3162354752270974e-09,0.0,1.590455545041891e-10,1.0497090476915042e-07
random,37,90,0.5837702758346698,0.14922173697233992,0.8203306426154193,0.06896134526150863,0.34118445752657267,0.30127257636736915,-2.2418877554254864,2.2418877554254864,10.563947862958639,3.201632088923101e-09,0.0,9.285550106596929e-11,1.1021945000760794e-07
random,37,91,0.5837702757377203,0.14922173684847465,0.8203306419344831,0.0689613453317399,0.3411844578740401,0.30127258334587187,-2.24188774970064,2.24188774970064,10.563177165104928,3.3518300835180466e-09,0.0,9.694944846927456e-11,1.1573042250798834e-07
random,37,92,0.5837702756363973,0.1492217367208994,0.8203306412331517,0.06896134540685828,0.3411844582456863,0.3012725896978301,-2.2418877446200147,2.2418877446200147,10.562427076554993,3.5107738278233567e-09,1.3877787807814457e-17,1.013230610524829e-10,1.2151694363338775e-07
random,37,93,0.5837702755303985,0.14922173658942467,0.8203306405103834,0.06896134548710584,0.341184458642709,0.30127259538522216,-2.24188774022259,2.24188774022259,10.561714198328207,3.6790894139509153e-09,0.0,1.0599876532069175e-10,1.2759279081505714e-07
random,37,94,0.5837702754194037,0.14922173645378276,0.8203306397647064,0.06896134557269876,0.3411844590661777,0.30127260039616116,-2.241887736522502,2.241887736522502,10.561055443533096,3.857324215280101e-09,0.0,1.1099476893150495e-10,1.3397243035581e-07
random,37,95,0.5837702753030825,0.14922173631362054,0.8203306389941796,0.06896134566382414,0.3411844595170182,0.30127260474835665,-2.241887733505708,2.241887733505708,10.56046602327217,4.045924944207227e-09,0.0,1.1632128593674906e-10,1.406710518736005e-07
random,37,96,0.5837702751810986,0.14922173616850087,0.8203306381963996,0.06896134576064165,0.3411844599960203,0.3012726084888543,-2.241887731130217,2.241887731130217,10.559957247715039,4.245242615203007e-09,1.3877787807814457e-17,1.219838674515472e-10,1.4770460446728055e-07
random,37,97,0.5837702750531135,0.14922173601791372,0.8203306373685627,0.06896134586329067,0.34118446050387363,0.3012726116895325,-2.2418877293303834,2.2418877293303834,10.55953476517834,4.4555658157757265e-09,0.0,1.2798506698885603e-10,1.550898346906446e-07
random,37,98,0.5837702749187877,0.14922173586129514,0.8203306365075687,0.06896134597190184,0.34118446104122463,0.3012726144391041,-2.2418877280245506,2.2418877280245506,10.559197846429441,4.677170870977318e-09,0.0,1.3432577272709523e-10,1.6284432642517683e-07
random,37,99,0.583770274777778,0.1492217356980497,0.8203306356101442,0.06896134608661046,0.3411844616087425,0.3012726168334551,-2.241887727124304,2.241887727124304,10.558939975202996,4.910370390543443e-09,0.0,1.4100975942454852e-10,1.709865427464357e-07
random,37,100,0.5837702746297342,0.149221735527571,0.8203306346729557,0.0689613462075691,0.3411844622071822,0.30127261896652335,-2.241887726543209,2.241887726543209,10.558750502491572,5.155545321733926e-09,0.0,1.4804379944166612e-10,1.795358698837575e-07
random,37,101,0.5837702744742964,0.1492217353492571,0.820330633692694,0.06896134633495705,0.3411844628374308,0.30127262092339474,-2.241887726203429,2.241887726203429,10.558616758761124,5.413156231938283e-09,0.0,1.554377737633672e-10,1.8851266337794537e-07
random,37,102,0.58377027431109,0.14922173516251822,0.8203306326661168,0.06896134646898622,0.3411844635005366,0.30127262277632727,-2.241887726039549,2.241887726039549,10.558525992483494,5.683739196002356e-09,0.0,1.6320644835587927e-10,1.9793829654684264e-07
random,37,103,0.5837702741397247,0.14922173496677882,0.8203306315900603,0.06896134660990311,0.34118446419771925,0.30127262458349646,-2.2418877259997885,2.2418877259997885,10.558466740427338,5.96789484902046e-09,0.0,1.7136525531924462e-10,2.0783521137418478e-07
random,37,104,0.5837702739597919,0.14922173476147427,0.8203306304614203,0.06896134675798866,0.34118446493036864,0.3012726263897366,-2.241887726045309,2.241887726045309,10.558429538919535,6.266277395248366e-09,0.0,1.7993284640027696e-10,2.1822697194289403e-07
random,37,105,0.5837702737708624,0.14922173454604498,0.8203306292771207,0.06896134691355627,0.3411844657000353,0.30127262822844325,-2.241887726148405,2.241887726148405,10.5584070936051,6.579586810022613e-09,1.3877787807814457e-17,1.8892942765802445e-10,2.2913832054003874e-07
random,37,106,0.5837702735724868,0.1492217343199297,0.820330628034076,0.0689613470769495,0.34118446650841905,0.30127263012392347,-2.24188772629027,2.24188772629027,10.558394101281735,6.908564578376002e-09,0.0,1.9837564924074513e-10,2.405952365670407e-07
random,37,107,0.5837702733641923,0.14922173408255834,0.8203306267291521,0.06896134724853983,0.3411844673573578,0.3012726320937263,-2.2418877264587804,2.2418877264587804,10.558386903963562,7.2539922048454544e-09,0.0,2.0829449276504874e-10,2.526249983953927e-07
random,37,108,0.583770273145483,0.14922173383334603,0.8203306253591339,0.06896134742872488,0.3411844682488186,0.30127263415067423,-2.2418877266465627,2.2418877266465627,10.558383100605692,7.616691506821986e-09,0.0,2.187092729144524e-10,2.6525624831516235e-07
random,37,109,0.5837702729158383,0.14922173357168764,0.8203306239206948,0.06896134761792716,0.3411844691848919,0.3012726363044922,-2.2418877268494484,2.2418877268494484,10.558381191029822,7.99752584256602e-09,0.0,2.2964474766240528e-10,2.7851906073092047e-07
random,37,110,0.5837702726747114,0.14922173329695365,0.8203306224103739,0.0689613478165935,0.34118447016778847,0.30127263856302533,-2.2418877270653237,2.2418877270653237,10.558380284403164,8.397401896698154e-09,0.0,2.4112689622768357e-10,2.924450137674665e-07
random,37,111,0.5837702724215282,0.14922173300848643,0.820330620824556,0.06896134802519494,0.34118447119983863,0.30127264093309425,-2.2418877272933226,2.2418877272933226,10.55837987939095,8.817271728482242e-09,0.0,2.5318314111899554e-10,3.070672644558398e-07
random,37,112,0.5837702721556858,0.14922173270559735,0.8203306191594555,0.06896134824422719,0.34118447228349497,0.30127264342106086,-2.241887727533302,2.241887727533302,10.558379709809302,9.258135039322822e-09,0.0,2.658424591572839e-10,3.2242062767863183e-07
random,37,113,0.5837702718765513,0.14922173238756453,0.8203306174111038,0.06896134847421126,0.3411844734213352,0.30127264603318205,-2.241887727785513,2.241887727785513,10.558379643118286,9.721041472430723e-09,0.0,2.791344932973061e-10,3.3854165906256344e-07
random,37,114,0.5837702715834602,0.1492217320536304,0.8203306155753364,0.06896134871569456,0.34118447461606755,0.30127264877582005,-2.2418877280504206,2.2418877280504206,10.558379617937087,1.0207093217099483e-08,0.0,2.9309110693986895e-10,3.5546874201569164e-07
random,37,115,0.5837702712757145,0.14922173170299974,0.8203306136477816,0.06896134896925198,0.34118447587053624,0.30127265165556044,-2.241887728328603,2.241887728328603,10.558379607909462,1.071744750091065e-08,0.0,3.0774571779801363e-10,3.7324217911647623e-07
random,37,116,0.5837702709525815,0.14922173133483768,0.8203306116238498,0.06896134923548712,0.34118447718772765,0.30127265467927933,-2.2418877286207026,2.2418877286207026,10.558379602860366,1.1253319462073813e-08,0.0,3.2313296483010845e-10,3.919042880723001e-07
random,37,117,0.5837702706132919,0.14922173094826766,0.8203306094987222,0.06896134951503388,0.341184478570778,0.3012726578541824,-2.2418877289274106,2.2418877289274106,10.558379599154563,1.181598498225861e-08,0.0,3.392895964182685e-10,4.114995024759151e-07
random,37,118,0.5837702702570379,0.14922173054236926,0.8203306072673389,0.06896134980855785,0.3411844800229802,0.3012726611878304,-2.241887729249455,2.241887729249455,10.558379595642545,1.2406783723125168e-08,0.0,3.562540262791458e-10,4.320744775997109e-07
random,37,119,0.5837702698829712,0.14922173011617615,0.8203306049243876,0.06896135011675784,0.3411844815477916,0.3012726646881611,-2.241887729587602,2.241887729587602,10.55837959202615,1.3027122352315209e-08,0.0,3.7406666653083676e-10,4.5367820147969647e-07
random,37,120,0.5837702694902012,0.14922172966867356,0.8203306024642896,0.06896135044036764,0.3411844831488426,0.30127266836350836,-2.2418877299426576,2.2418877299426576,10.558379588247512,1.3678477862353679e-08,0.0,3.9277003871518446e-10,4.763621115536813e-07
random,37,121,0.5837702690777926,0.149221729198796,0.8203305998811877,0.0689613507801577,0.3411844848299451,0.3012726722226237,-2.241887730315466,2.241887730315466,10.558379584316054,1.436240108513139e-08,0.0,4.124085517531739e-10,5.001802171313654e-07
random,37,122,0.5837702686447639,0.14922172870542483,0.8203305971689321,0.06896135113693708,0.34118448659510175,0.3012726762746949,-2.2418877307069165,2.2418877307069165,10.558379580124425,1.5080520387421376e-08,0.0,4.3302872398953696e-10,5.251892279879337e-07
random,37,123,0.5837702681900836,0.14922172818738533,0.8203305943210649,0.06896135151155515,0.3411844884485149,0.3012726805293702,-2.2418877311179406,2.2418877311179406,10.558379575782347,1.583454558858747e-08,0.0,4.5468029341577676e-10,5.514486893873303e-07
random,37,124,0.5837702677126694,0.1492217276434441,0.8203305913308059,0.06896135190490385,0.34118449039459736,0.3012726849967798,-2.2418877315495167,2.2418877315495167,10.558379571204794,1.6626271966277736e-08,0.0,4.774142192687236e-10,5.790211238566968e-07
random,37,125,0.5837702672113845,0.1492217270723061,0.8203305881910354,0.0689613523179197,0.34118449243798243,0.3012726896875601,-2.2418877320026738,2.2418877320026738,10.558379566378493,1.7457584558344005e-08,0.0,5.012849024765842e-10,6.079721800495317e-07
random,37,126,0.5837702666850354,0.14922172647261153,0.8203305848942782,0.06896135275158599,0.34118449458353517,0.3012726946128802,-2.2418877324784896,2.2418877324784896,10.558379561349065,1.8330462692434195e-08,0.0,5.263490754359168e-10,6.383707890520083e-07
random,37,127,0.583770266132369,0.14922172584293258,0.8203305814326851,0.06896135320693522,0.3411844968363636,0.301272699784467,-2.2418877329780975,2.2418877329780975,10.558379556051046,1.924698461185592e-08,0.0,5.526663571231438e-10,6.702893285046088e-07
random,37,128,0.5837702655520695,0.1492217251817701,0.8203305777980147,0.0689613536850515,0.3411844992018314,0.30127270521463373,-2.241887733502688,2.241887733502688,10.558379550466093,2.020933251949077e-08,0.0,5.80299586161459e-10,7.038037949298392e-07
random,37,129,0.5837702649427547,0.1492217244875499,0.8203305739816128,0.06896135418707317,0.3411845016855705,0.3012727109163095,-2.2418877340535097,2.2418877340535097,10.558379544614835,2.1219797657206477e-08,0.0,6.093147097985252e-10,7.389939846763313e-07
random,37,130,0.5837702643029746,0.1492217237586192,0.8203305699743938,0.06896135471419541,0.3411845042934941,0.30127271690307,-2.241887734631875,2.241887734631875,10.558379538489861,2.2280785924315357e-08,0.0,6.397801177726592e-10,7.759436839101478e-07
random,37,131,0.5837702636312055,0.1492217229932425,0.8203305657668166,0.06896135526767322,0.3411845070318111,0.3012727231891694,-2.2418877352391604,2.2418877352391604,10.558379532041847,2.3394823431575604e-08,0.0,6.717690848034863e-10,8.147408681056552e-07
random,37,132,0.5837702629258481,0.1492217221895975,0.8203305613488637,0.06896135584882432,0.341184509907041,0.30127272978957464,-2.241887735876814,2.241887735876814,10.558379525257346,2.4564562631762384e-08,0.0,7.053574391235884e-10,8.55477911510938e-07
random,37,133,0.5837702621852229,0.14922172134577089,0.8203305567100165,0.0689613564590323,0.3411845129260291,0.3012727367200016,-2.241887736546351,2.241887736546351,10.558379518186657,2.5792788587071925e-08,0.0,7.40625227813041e-10,8.98251807086485e-07
random,37,134,0.5837702614075666,0.1492217204597537,0.8203305518392313,0.06896135709974995,0.34118451609596295,0.30127274399695086,-2.2418877372493697,2.2418877372493697,10.558379510687978,2.7082425616685537e-08,0.0,7.776562727102032e-10,9.431643974408092e-07
random,37,135,0.5837702605910277,0.1492217195294364,0.8203305467249107,0.06896135777250267,0.34118451942438954,0.3012727516377489,-2.2418877379875424,2.2418877379875424,10.558379502866169,2.8436544253637308e-08,0.0,8.165389475678353e-10,9.903226173128498e-07
random,37,136,0.5837702597336618,0.1492217185526041,0.8203305413548789,0.06896135847889215,0.341184522919233,0.3012727596605886,-2.2418877387626273,2.2418877387626273,10.558379494656704,2.9858368549286116e-08,0.0,8.57365844986191e-10,1.0398387481784922e-06
random,37,137,0.583770258833428,0.14922171752693114,0.8203305357163508,0.06896135922060012,0.3411845265888139,0.30127276808457154,-2.2418877395764714,2.2418877395764714,10.558379485983819,3.135128375868968e-08,0.0,9.002337764130175e-10,1.0918306855874168e-06
random,37,138,0.5837702578881827,0.14922171644997556,0.8203305297959019,0.0689613599993924,0.34118453044186836,0.30127277692975624,-2.241887740431011,2.241887740431011,10.558379476968275,3.291884440723904e-08,0.0,9.452453264557903e-10,1.1464222198667876e-06
random,37,139,0.5837702568956753,0.14922171531917333,0.8203305235794369,0.06896136081712309,0.34118453448756964,0.30127278621720055,-2.2418877413282847,2.2418877413282847,10.5583794673421,3.4564782724007925e-08,0.0,9.925074095917807e-10,1.203743330860127e-06
random,37,140,0.5837702558535427,0.14922171413183227,0.8203305170521555,0.06896136167573899,0.34118453873554944,0.3012727959690223,-2.241887742270425,2.241887742270425,10.558379457540624,3.629301755314904e-08,0.0,1.0421326024356858e-09,1.2639304974031335e-06
random,37,141,0.583770254759304,0.1492217128851256,0.8203305101985181,0.06896136257728427,0.34118454319592123,0.3012728062084322,-2.2418877432596833,2.2418877432596833,10.55837944668765,3.810766367214783e-08,0.0,1.0942386996504183e-09,1.3271270222732903e-06
random,37,142,0.5837702536103535,0.14922171157608508,0.8203305030022069,0.0689613635239052,0.3411845478793035,0.30127281695982516,-2.241887744298402,2.241887744298402,10.558379436291506,4.001304162564644e-08,0.0,1.148950490303946e-09,1.3934833733869547e-06
random,37,143,0.5837702524039557,0.14922171020159428,0.8203304954460898,0.06896136451785542,0.34118455279684634,0.3012728282487717,-2.241887745389083,2.241887745389083,10.55837942355458,4.201368793293298e-08,1.3877787807814457e-17,1.2063977594678477e-09,1.4631575420563024e-06
random,37,144,0.5837702511372387,0.14922170875838073,0.8203304875121767,0.06896136556150116,0.34118455796025643,0.30127284010220795,-2.241887746534269,2.241887746534269,10.558379413671675,4.411436597563824e-08,0.0,1.2667170645741521e-09,1.5363154191591176e-06
random,37,145,0.583770249807186,0.14922170724300876,0.8203304791815803,0.06896136665732716,0.341184563381827,0.30127285254823266,-2.2418877477368064,2.2418877477368064,10.558379396118198,4.632007725417804e-08,0.0,1.3300527346160607e-09,1.6131311901170736e-06
random,37,146,0.5837702484106312,0.14922170565186996,0.8203304704344638,0.06896136780794182,0.34118456907446304,0.30127286561677125,-2.2418877489992814,2.2418877489992814,10.558379393665696,4.863607338097689e-08,0.0,1.3965547607242002e-09,1.6937877496229274e-06
random,37,147,0.5837702469442491,0.14922170398117807,0.8203304612500127,0.06896136901608532,0.3411845750517215,0.30127287933820346,-2.2418877503254055,2.2418877503254055,10.558379352734276,5.1067868531782295e-08,0.0,1.466382126835697e-09,1.7784771371040738e-06
random,37,148,0.5837702454045485,0.1492217022269507,0.8203304516063341,0.06896137028463115,0.34118458132781887,0.30127289374719607,-2.2418877517164297,2.2418877517164297,10.558379408577451,5.362125254795527e-08,0.0,1.5397005892481275e-09,1.8674009939592775e-06
random,37,149,0.5837702437878635,0.1492217003850257,0.8203304414805471,0.06896137161660698,0.3411845879177346,0.3012729088722617,-2.2418877531812074,2.2418877531812074,10.558379194463974,5.630230481457638e-08,0.0,1.6166850080878703e-09,1.9607710436572417e-06
random,37,150,0.5837702420903449,0.14922169845097422,0.8203304308483047,0.06896137301515952,0.34118459483703684,0.3012729247674146,-2.2418877547060205,2.2418877547060205,10.55837977507878,5.911740864157295e-08,0.0,1.6975185701539885e-09,2.058809595840104e-06
random,37,151,0.583770240307951,0.14922169642033695,0.820330419685092,0.06896137448369848,0.341184602102595,0.30127294141074684,-2.241887756351625,2.241887756351625,10.55837784283725,6.207326651021848e-08,0.0,1.7823938991412547e-09,2.1617500756321094e-06
random,37,152,0.5837702384364385,0.14922169428776572,0.8203304079615084,0.06896137602543514,0.34118460973029696,0.3012729590535773,-2.241887757919566,2.241887757919566,10.55838437597086,6.517691653904326e-08,0.0,1.871512500528638e-09,2.269837579413715e-06
random,37,153,0.5837702364713516,0.14922169205012595,0.8203303956603215,0.06896137764511558,0.3411846177436237,0.3012729769379022,-2.241887760178387,2.241887760178387,10.558360465406919,6.843575553452822e-08,1.3877787807814457e-17,1.9650868710030522e-09,2.383329458384401e-06
random,37,154,0.5837702344080244,0.1492216896942883,0.8203303827093544,0.06896137934227371,0.3411846261402693,0.3012729983212532,-2.2418877600599267,2.2418877600599267,10.558452906170634,7.185766412170289e-08,0.0,2.0633271757830585e-09,2.502495931303621e-06
random,37,155,0.5837702322417813,0.14922168724834495,0.8203303692630407,0.06896138113961657,0.34118463503257623,0.30127300939728036,-2.2418877708103984,2.2418877708103984,10.558067295029785,7.545314863097726e-08,0.0,2.1662431848312735e-09,2.627620727868802e-06
random,37,156,0.5837702299737471,0.14922168455841972,0.8203303544754625,0.06896138295941505,0.34118464403598175,0.30127307180249346,-2.2418877335285057,2.2418877335285057,10.559682304299304,7.927364660129447e-08,0.0,2.268034204888636e-09,2.7590017642622425e-06
random,37,157,0.5837702277450689,0.14922168255586865,0.8203303434666509,0.06896138532543167,0.3411846557417873,0.3012728140849827,-2.2418880027305166,2.2418880027305166,10.549322195212877,8.573754986590572e-08,0.0,2.2286781309333037e-09,2.8969518524753547e-06
random,37,158,0.583770225102325,0.14922167892292434,0.8203303234949255,0.06896138696211372,0.3411846638392291,0.30127314352476653,-2.2418877130833925,2.2418877130833925,10.576438432681043,9.017217851490576e-08,0.0,2.6427439125953356e-09,3.0417994450991226e-06
random,37,159,0.5837702250668265,0.149221679154264,0.8203303247666907,0.06896138718373784,0.34118466493570865,0.30127302156268304,-2.2418878332477696,2.2418878332477696,10.467205826513018,8.026562288099499e-09,0.0,3.549849303396968e-11,9.980904429231497e-08
random,37,160,0.5837702249080691,0.14922167896421396,0.8203303237219108,0.06896138723043505,0.34118466516674184,0.3012730463742722,-2.2418878077333932,2.2418878077333932,10.566272110461584,3.3105369389896316e-09,0.0,1.5875745162929888e-10,1.0479949650693071e-07
random,37,161,0.5837702248153769,0.14922167884418147,0.820330323062045,0.06896138729595301,0.34118466549089027,0.3012730538909321,-2.2418878014498063,2.2418878014498063,10.563932110837921,3.1961860606832898e-09,0.0,9.269218725904693e-11,1.1003947133227726e-07
random,37,162,0.5837702247185951,0.1492216787205649,0.820330322382476,0.06896138736608594,0.34118466583787105,0.30127306084215455,-2.2418877957494967,2.2418877957494967,10.563163779854227,3.346184160873715e-09,0.0,9.678180479255616e-11,1.1554144489889112e-07
random,37,163,0.5837702246174445,0.14922167859323873,0.820330321682514,0.06896138744109434,0.3411846662089732,0.30127306717009494,-2.2418877906902277,2.2418877906902277,10.562416126677308,3.504909966959942e-09,0.0,1.0115053239445615e-10,1.213185171438357e-07
random,37,164,0.5837702245116236,0.14922167846201312,0.820330320961115,0.06896138752121954,0.34118466660539054,0.3012730728370821,-2.2418877863106377,2.2418877863106377,10.561705653619045,3.672986161151197e-09,0.0,1.058209075921468e-10,1.273844430010275e-07
random,37,165,0.5837702244008137,0.14922167832662064,0.8203303202168093,0.06896138760667725,0.34118466702819034,0.3012730778313841,-2.241887782624708,2.241887782624708,10.561049156553258,3.8509576305904135e-09,0.0,1.1080991679790486e-10,1.3375366515107888e-07
random,37,166,0.5837702242846852,0.14922167818670906,0.8203303194476603,0.06896138769765439,0.34118466747829734,0.3012730821706224,-2.2418877796184744,2.2418877796184744,10.560461728828102,4.039269814695215e-09,0.0,1.1612855121967414e-10,1.4044134840863283e-07
random,37,167,0.5837702241629023,0.14922167804184258,0.8203303186512722,0.06896138779431074,0.3411846679565021,0.3012730859015051,-2.2418877772502617,2.2418877772502617,10.559954586183148,4.238273896781446e-09,0.0,1.2178291708409006e-10,1.474634158290645e-07
random,37,168,0.5837702240351279,0.14922167789151322,0.8203303178248526,0.06896138789678602,0.3411846684634959,0.30127308909536954,-2.2418877754549342,2.2418877754549342,10.559533327529987,4.448259575891843e-09,0.0,1.2777434665878218e-10,1.5483658662051773e-07
random,37,169,0.5837702239010232,0.14922167773515924,0.8203303169653131,0.06896138800521141,0.3411846689999277,0.30127309184026985,-2.2418877741514605,2.2418877741514605,10.559197228980436,4.669504690650095e-09,0.0,1.3410472732289236e-10,1.6257841595154362e-07
random,37,170,0.5837702237602453,0.14922167757218746,0.8203303160693931,0.06896138811972266,0.3411846695664691,0.30127309423142135,-2.2418877732520612,2.2418877732520612,10.558939828279886,4.902323051361601e-09,0.0,1.4077783383470432e-10,1.707073367491208e-07
random,37,171,0.5837702236124451,0.1492216774019936,0.8203303151337704,0.06896138824047264,0.3411846701638765,0.30127309636216537,-2.2418877726708653,2.2418877726708653,10.55875055962591,5.147096205657156e-09,0.0,1.4780021651006336e-10,1.7924270358657685e-07
random,37,172,0.5837702234572629,0.14922167722397744,0.8203303141551456,0.06896138836764082,0.3411846707930377,0.3012730983171188,-2.241887772330481,2.241887772330481,10.558616843299415,5.4042846374569985e-09,0.0,1.551822004230985e-10,1.882048387659057e-07
random,37,173,0.5837702232943249,0.14922167703755085,0.8203303131302851,0.06896138850143897,0.3411846714550006,0.30127310016821174,-2.241887772165799,2.241887772165799,10.558526006271142,5.674423875305422e-09,0.0,1.629379964285249e-10,1.97615080704201e-07
random,37,174,0.5837702231232417,0.14922167684213938,0.8203303120560314,0.06896138864211336,0.34118467215098347,0.30127310197341806,-2.241887772125226,2.241887772125226,10.558466643518642,5.95811362533699e-09,0.0,1.7108325867098984e-10,2.0749583473941106e-07
random,37,175,0.5837702229436047,0.1492216766371795,0.8203303109292862,0.06896138878994444,0.3411846728823739,0.3012731037774686,-2.241887772170017,2.241887772170017,10.558429328252279,6.256007039144509e-09,0.0,1.7963697196421435e-10,2.1787062647638163e-07
random,37,176,0.5837702227549862,0.14922167642211254,0.8203303097469784,0.06896138894524506,0.34118467365071964,0.3012731056137189,-2.241887772272497,2.241887772272497,10.55840678516731,6.56880288524869e-09,0.0,1.8861845418882695e-10,2.2876415780020072e-07
random,37,177,0.5837702225569368,0.14922167619637797,0.8203303085060266,0.06896138910835815,0.34118467445771744,0.30127310750647524,-2.241887772413854,2.241887772413854,10.558393717932914,6.897241441054566e-09,0.0,1.9804946571611026e-10,2.402023656902108e-07
random,37,178,0.5837702223489849,0.14922167595940666,0.820330307203302,0.06896138927965452,0.34118467530520175,0.30127310947330244,-2.241887772581941,2.241887772581941,10.55838646802651,7.242102897730659e-09,0.0,2.0795187793964942e-10,2.522124839747213e-07
random,37,179,0.5837702221306355,0.14922167571061462,0.8203303058355942,0.06896138945953098,0.3411846761951358,0.30127311152704245,-2.241887772769358,2.241887772769358,10.55838263041848,7.60420774043567e-09,0.0,2.183494496321714e-10,2.6482310817345743e-07
random,37,180,0.5837702219013686,0.14922167544939768,0.8203303043995819,0.06896138964840934,0.3411846771296066,0.30127311367743675,-2.241887772971914,2.241887772971914,10.55838070010526,7.984417883058654e-09,1.3877787807814457e-17,2.2926682774482288e-10,2.780642635821303e-07
random,37,181,0.5837702216606383,0.14922167517512724,0.8203303028918092,0.0689613898467356,0.3411846781108206,0.3012731159323416,-2.241887773187475,2.241887773187475,10.558379781788044,8.383638546741807e-09,0.0,2.4073032456328747e-10,2.9196747676123686e-07
random,37,182,0.5837702214078717,0.14922167488714683,0.8203303013086675,0.06896139005497998,0.34118467914110423,0.3012731182985819,-2.2418877734151623,2.2418877734151623,10.558379370632988,8.802820222087292e-09,0.0,2.527665854401562e-10,3.0656585059929874e-07
random,37,183,0.5837702211424667,0.14922167458476893,0.8203302996463772,0.06896139027363732,0.3411846802229057,0.30127312078251844,-2.241887773654823,2.241887773654823,10.558379198054517,9.242960950176451e-09,0.0,2.6540503128558157e-10,3.218941431292637e-07
random,37,184,0.5837702208637913,0.14922167426727284,0.8203302979009761,0.06896139050322778,0.34118468135879854,0.3012731233904037,-2.2418877739067042,2.2418877739067042,10.558379130058093,9.70510869108551e-09,0.0,2.786754160766236e-10,3.379888502857269e-07
random,37,185,0.5837702205711824,0.1492216739339023,0.820330296068307,0.06896139074429777,0.34118468255148604,0.3012731261285917,-2.2418877741712677,2.2418877741712677,10.558379104300345,1.0190363779491669e-08,0.0,2.926088260579718e-10,3.5488829280001327e-07
random,37,186,0.5837702202639429,0.14922167358386335,0.820330294144005,0.0689613909974212,0.34118468380380756,0.30127312900365877,-2.241887774449089,2.241887774449089,10.558379094115908,1.069988159646414e-08,0.0,3.07239567121087e-10,3.7263270744001397e-07
random,37,187,0.5837702199413415,0.14922167321632263,0.820330292123489,0.06896139126320067,0.34118468511874456,0.3012731320224707,-2.2418877747408104,2.2418877747408104,10.558379089012123,1.1234875268741937e-08,0.0,3.226013900459179e-10,3.912643428120147e-07
random,37,188,0.5837702196026101,0.14922167283040502,0.820330290001948,0.06896139154226898,0.34118468649942774,0.30127313519222104,-2.2418877750471213,2.2418877750471213,10.558379085266184,1.1796618573149746e-08,0.0,3.3873137628148697e-10,4.1082755995261546e-07
random,37,189,0.5837702192469422,0.1492216724251917,0.8203302877743307,0.06896139183529056,0.34118468794914436,0.30127313852045895,-2.241887775368748,2.241887775368748,10.558379081768987,1.2386449000344738e-08,0.0,3.556679395444462e-10,4.313689379502463e-07
random,37,190,0.5837702188734908,0.1492216719997178,0.8203302854353333,0.06896139214296304,0.341184689471346,0.30127314201510874,-2.2418877757064575,2.2418877757064575,10.558379078151933,1.3005770904424118e-08,0.0,3.734513809305895e-10,4.529373848477586e-07
random,37,191,0.5837702184813669,0.14922167155297048,0.8203302829793873,0.06896139246601897,0.34118469106965676,0.30127314568449126,-2.241887776061053,2.241887776061053,10.558379074392985,1.3656058843879308e-08,0.0,3.921238889148526e-10,4.7558425409014654e-07
random,37,192,0.5837702180696368,0.14922167108388593,0.8203302804006448,0.06896139280522748,0.34118469274788205,0.30127314953734363,-2.241887776433378,2.241887776433378,10.558379070469126,1.4338861103629778e-08,0.0,4.117300944628255e-10,4.993634667946539e-07
random,37,193,0.5837702176373203,0.1492216705913474,0.8203302776929665,0.06896139316139618,0.34118469451001743,0.3012731535828386,-2.2418877768243224,2.2418877768243224,10.55837906626928,1.505580342539425e-08,0.0,4.323165159192399e-10,5.243316401343865e-07
random,37,194,0.5837702171833882,0.14922167007418216,0.8203302748499057,0.06896139353537309,0.3411846963602584,0.3012731578306089,-2.2418877772348136,2.2418877772348136,10.558379061944072,1.5808592773092158e-08,0.0,4.5393211411948187e-10,5.505482221411059e-07
random,37,195,0.5837702167067593,0.14922166953115892,0.8203302718646931,0.06896139392804856,0.34118469830301007,0.30127316229076817,-2.2418877776658315,2.2418877776658315,10.558379057377126,1.659902152247546e-08,0.0,4.766288475011038e-10,5.780756332481612e-07
random,37,196,0.5837702162062991,0.14922166896098485,0.8203302687302217,0.0689613943403575,0.3411847003428978,0.301273166973936,-2.2418877781184,2.2418877781184,10.558379052578598,1.7428971605354937e-08,0.0,5.004602288138926e-10,6.069794149105693e-07
random,37,197,0.5837702156808158,0.14922166836230233,0.8203302654390282,0.06896139477328156,0.3411847024847783,0.30127317189126246,-2.2418877785936,2.2418877785936,10.55837904751565,1.8300419091541143e-08,0.0,5.254833235213141e-10,6.373283856560977e-07
random,37,198,0.5837702151290587,0.14922166773368611,0.8203302619832774,0.06896139522785145,0.34118470473375095,0.3012731770544563,-2.241887779092561,2.241887779092561,10.55837904225275,1.9215438837086095e-08,0.0,5.517570844659758e-10,6.691948049389027e-07
random,37,199,0.5837702145497137,0.14922166707363943,0.8203302583547408,0.06896139570514942,0.34118470709517024,0.30127318247581025,-2.2418877796164716,2.2418877796164716,10.558379036671742,2.017620945112239e-08,1.3877787807814457e-17,5.793450164048863e-10,7.026545451858478e-07
random,37,200,0.5837702139414015,0.14922166638059087,0.82033025454478,0.06896139620631186,0.34118470957465835,0.3012731881682326,-2.24188778016658,2.24188778016658,10.558379030836447,2.1185018444939032e-08,0.0,6.083121784072887e-10,7.377872724451403e-07
random,37,201,0.5837702133026739,0.14922166565289036,0.8203302505443238,0.0689613967325319,0.34118471217811824,0.3012731941452771,-2.2418877807441957,2.2418877807441957,10.558379024727026,2.2244267762773914e-08,0.0,6.387276263453145e-10,7.746766360673974e-07
random,37,202,0.5837702126320098,0.14922166488880534,0.8203302463438477,0.06896139728506241,0.34118471491174857,0.30127320042117456,-2.241887781350695,2.241887781350695,10.558379018277293,2.3356479362892636e-08,0.0,6.706640798270769e-10,8.134104678707673e-07
random,37,203,0.5837702119278128,0.14922166408651666,0.8203302419333508,0.06896139786521885,0.3411847177820574,0.30127320701086796,-2.241887781987522,2.241887781987522,10.558379011536625,2.452430136569274e-08,0.0,7.041970340182502e-10,8.540809912643057e-07
random,37,204,0.5837702111884059,0.14922166324411415,0.8203302373023326,0.06896139847438246,0.34118472079587847,0.30127321393004725,-2.2418877826561925,2.2418877826561925,10.55837900444378,2.575051427208664e-08,0.0,7.394068690658173e-10,8.96785040827521e-07
random,37,205,0.583770210412029,0.14922166235959225,0.8203302324397674,0.06896139911400351,0.3411847239603869,0.3012732211951866,-2.2418877833582993,2.2418877833582993,10.558378996991216,2.7038037594617224e-08,0.0,7.763768516966252e-10,9.416242928688971e-07
random,37,206,0.5837702095968332,0.149221661430845,0.8203302273340781,0.06896139978560478,0.3411847272831167,0.30127322882358426,-2.241887784095516,2.241887784095516,10.558378989161715,2.838993683905777e-08,0.0,8.151957997526438e-10,9.88705507512342e-07
random,37,207,0.5837702087408778,0.14922166045566126,0.8203302219731091,0.06896140049078524,0.34118473077197864,0.3012732368334035,-2.2418877848695966,2.2418877848695966,10.558378980970495,2.9809430786966576e-08,0.0,8.559554176557072e-10,1.0381407828879592e-06
random,37,208,0.5837702078421251,0.14922165943171928,0.8203302163440969,0.06896140123122377,0.34118473443527897,0.30127324524371496,-2.241887785682386,2.241887785682386,10.558378972313461,3.1299899126085665e-08,0.0,8.987527388981675e-10,1.0900478220323573e-06
random,37,209,0.5837702068984347,0.14922165835658124,0.8203302104336397,0.06896140200868311,0.3411847382817388,0.30127325407454436,-2.2418877865358193,2.2418877865358193,10.558378963318068,3.2864890549761224e-08,0.0,9.436903480875003e-10,1.1445502131339751e-06
random,37,210,0.58377020590756,0.14922165722768743,0.820330204227666,0.06896140282501426,0.3411847423205158,0.3012732633469166,-2.2418877874319296,2.2418877874319296,10.55837895375279,3.450813118186567e-08,1.3877787807814457e-17,9.90874715611767e-10,1.201777723790674e-06
random,37,211,0.583770204867142,0.14922165604235021,0.8203301977114006,0.06896140368216064,0.3411847465612252,0.30127327308291013,-2.2418877883728507,2.2418877883728507,10.558378943816928,3.623353345407584e-08,0.0,1.0404179739964547e-09,1.2618666099802077e-06
random,37,212,0.5837702037747032,0.14922165479774752,0.8203301908693295,0.06896140458216289,0.3411847510139629,0.3012732833057056,-2.2418877893608244,2.2418877893608244,10.558378933318647,3.804520540203165e-08,0.0,1.092438806082896e-09,1.3249599404792182e-06
random,37,213,0.5837702026276429,0.14922165349091623,0.8203301836851634,0.06896140552716366,0.3411847556893296,0.3012732940396435,-2.241887790398204,2.241887790398204,10.558378922317127,3.9947460464353244e-08,0.0,1.1470603356045217e-09,1.391207937503179e-06
random,37,214,0.5837702014232299,0.14922165211874505,0.8203301761417982,0.06896140651941272,0.3411847605984559,0.3012733053102814,-2.2418877914874598,2.2418877914874598,10.558378910772914,4.1944827734554936e-08,0.0,1.2044130137667253e-09,1.460768334378338e-06
random,37,215,0.5837702001585966,0.14922165067796722,0.8203301682212751,0.0689614075612723,0.341184765753029,0.3012733171444538,-2.2418877926311866,2.2418877926311866,10.558378898606865,4.404206278848351e-08,1.3877787807814457e-17,1.2646332869792332e-09,1.533806751097255e-06
random,37,216,0.5837701988307319,0.14922164916515251,0.820330159904737,0.0689614086552227,0.3411847711653201,0.3012733295703399,-2.2418877938321087,2.2418877938321087,10.558378885957044,4.624415894733564e-08,0.0,1.3278647070791294e-09,1.6104970886521176e-06
random,37,217,0.5837701974364746,0.14922164757669937,0.8203301511723846,0.06896140980386828,0.34118477684821413,0.301273342617521,-2.2418877950930898,2.2418877950930898,10.558378872411463,4.855635918571732e-08,0.0,1.3942572651970409e-09,1.6910219430847237e-06
random,37,218,0.5837701959725049,0.14922164590882603,0.8203301420034281,0.06896141100994353,0.34118478281524,0.3012733563170738,-2.241887796417123,2.241887796417123,10.558378858783577,5.0984168672667234e-08,0.0,1.463969723225489e-09,1.7755730402389599e-06
random,37,219,0.5837701944353371,0.14922164415756184,0.8203301323760394,0.06896141227631972,0.3411847890806032,0.30127337070158633,-2.241887797807393,2.241887797807393,10.558378842950205,5.35333677502177e-08,0.0,1.53716783746205e-09,1.8643516922509079e-06
random,37,220,0.5837701928213116,0.1492216423187373,0.8203301222672968,0.06896141360601146,0.3411847956592184,0.3012733858053964,-2.241887799267125,2.241887799267125,10.558378830503294,5.6210025813371034e-08,0.0,1.6140254688323807e-09,1.957569276863453e-06
random,37,221,0.5837701911265855,0.14922164038797542,0.8203301116531386,0.06896141500218458,0.3411848025667485,0.30127340166419325,-2.24188780080006,2.24188780080006,10.558378805180642,5.902051573347034e-08,0.0,1.6947261372024514e-09,2.055447740706626e-06
random,37,222,0.5837701893471238,0.14922163836067742,0.8203301005082833,0.06896141646816159,0.3411848098196315,0.3012734183166408,-2.2418878024089843,2.2418878024089843,10.558378817119172,6.19715289729045e-08,0.0,1.7794616891109172e-09,2.1582201277419574e-06
random,37,223,0.5837701874786898,0.14922163623202472,0.8203300888062413,0.0689614180074366,0.3411848174351545,0.30127343579919313,-2.241887804100787,2.241887804100787,10.558378700190746,6.507009160287856e-08,0.0,1.868433963103655e-09,2.2661311341290555e-06
random,37,224,0.5837701855168351,0.1492216339969205,0.8203300765189934,0.06896141962365775,0.34118482543136647,0.30127345416552154,-2.2418878058679836,2.2418878058679836,10.558379041441492,6.832358094208763e-08,0.0,1.961854678711461e-09,2.3794376908355084e-06
random,37,225,0.5837701834568886,0.14922163165016114,0.820330063617933,0.06896142132073751,0.3411848338276244,0.3012734734109876,-2.2418878077610254,2.2418878077610254,10.558377627743209,7.173974322054979e-08,0.0,2.059946546673075e-09,2.498409575377284e-06
random,37,226,0.5837701812939458,0.14922162918565804,0.8203300500695891,0.06896142310243779,0.34118484264254,0.3012734937881263,-2.2418878095868067,2.2418878095868067,10.558383345277765,7.532671243106155e-08,0.0,2.1629428248459703e-09,2.6233300541461482e-06
random,37,227,0.5837701790228584,0.14922162659982652,0.8203300358542551,0.06896142497426413,0.34118485190335207,0.3012735144054828,-2.2418878122482875,2.2418878122482875,10.5583581971011,7.909303954752223e-08,0.0,2.271087318206355e-09,2.754496556853456e-06
random,37,228,0.58377017663825,0.14922162387551682,0.820330020877652,0.06896142693458274,0.34118486160197725,0.3012735398435394,-2.241887811419665,2.241887811419665,10.558474531037216,8.304794415636792e-08,0.0,2.3846083996303946e-09,2.8922213846961286e-06
random,37,229,0.5837701741352784,0.14922162106347187,0.8203300054187337,0.06896142901975885,0.3411848719183317,0.3012735466745748,-2.2418878295500844,2.2418878295500844,10.557890296365436,8.720787389364778e-08,0.0,2.5029716077540343e-09,3.036832453930935e-06
random,37,230,0.5837701715375027,0.1492216178974375,0.8203299880137962,0.0689614310909857,0.3411848821656725,0.3012736447768301,-2.2418877615248665,2.2418877615248665,10.56069213455234,9.169297559112072e-08,0.0,2.5977757722728256e-09,3.188674076627482e-06
random,37,231,0.5837701715037007,0.14922161813995746,0.820329989347024,0.06896143132330482,0.3411848833150653,0.3012735172656136,-2.2418878871516865,2.2418878871516865,10.467204770691133,8.414172631741167e-09,1.3877787807814457e-17,3.380196123003998e-11,1.0462836813933926e-07
random,37,232,0.5837701713363886,0.14922161793927152,0.8203299882437743,0.06896143137144048,0.34118488355321525,0.3012735437893824,-2.2418878599176377,2.2418878599176377,10.566761288785052,3.4789482985277585e-09,0.0,1.673120531009431e-10,1.0985978654630623e-07
random,37,233,0.5837701712388956,0.14922161781210933,0.8203299875447136,0.0689614314393733,0.3411848838893111,0.3012735521883192,-2.2418878528356414,2.2418878528356414,10.564358343578068,3.3565465664489833e-09,0.0,9.749301366213103e-11,1.1535277587362154e-07
random,37,234,0.5837701711371964,0.1492216176813428,0.8203299868258386,0.0689614315122281,0.3411848842497583,0.30127355993979477,-2.2418878464170455,2.2418878464170455,10.563523264956139,3.5123677227981805e-09,0.0,1.016992046132259e-10,1.2112041466730262e-07
random,37,235,0.5837701710309904,0.1492216175468671,0.8203299860865728,0.06896143159029267,0.34118488463598073,0.30127356697135577,-2.2418878407337335,2.2418878407337335,10.562706578815574,3.677446922939703e-09,0.0,1.0620604395938926e-10,1.2717643540066775e-07
random,37,236,0.5837701709199495,0.14922161740850226,0.8203299853259267,0.06896143167383056,0.3411848850492823,0.3012735732345045,-2.2418878358348735,2.2418878358348735,10.561927668558669,3.852513750828836e-09,0.0,1.110408431870269e-10,1.3353525717070114e-07
random,37,237,0.5837701708037256,0.14922161726597494,0.8203299845423979,0.0689614317630717,0.3411848854908005,0.301273578712646,-2.241887831739292,2.241887831739292,10.561206824826991,4.03819336591363e-09,0.0,1.1622391937748944e-10,1.402120200292362e-07
random,37,238,0.5837701706819585,0.14922161711890786,0.8203299837339123,0.06896143185820763,0.34118488596148305,0.30127358342607763,-2.2418878284306705,2.2418878284306705,10.560562704127358,4.234970082210843e-09,0.0,1.2176715191714038e-10,1.47222621030698e-07
random,37,239,0.5837701705542835,0.1492216169668213,0.8203299828978325,0.06896143195939305,0.34118488646209527,0.3012735874319659,-2.241887825857535,2.241887825857535,10.560009398654119,4.443189383392015e-09,0.0,1.2767498169807823e-10,1.545837520822329e-07
random,37,240,0.5837701704203381,0.149221616809148,0.8203299820310404,0.06896143206675528,0.3411848869932671,0.3012735908184344,-2.241887823938892,2.241887823938892,10.55955399901823,4.6631028390036725e-09,0.0,1.3394541031885865e-10,1.6231293968634455e-07
random,37,241,0.5837701702797604,0.14922161664525885,0.8203299811300772,0.06896143218040936,0.34118488755556764,0.30127359369380274,-2.2418878225745145,2.2418878225745145,10.559195567164688,4.894939093602362e-09,0.0,1.405776606233644e-10,1.704285866706618e-07
random,37,242,0.5837701701321887,0.14922161647449284,0.8203299801913092,0.06896143230047591,0.3411848881495938,0.3012735961737117,-2.241887821657267,2.241887821657267,10.558925936047357,5.138972288448633e-09,0.0,1.475717326115955e-10,1.7895001600419488e-07
random,37,243,0.5837701699772552,0.1492216162961839,0.8203299792110748,0.0689614324270971,0.3411848887760488,0.3012735983693404,-2.2418878210843936,2.2418878210843936,10.558731971065571,5.395564805160465e-09,0.0,1.5493351046558246e-10,1.8789751680440464e-07
random,37,244,0.5837701698145829,0.1492216161096794,0.8203299781857861,0.06896143256044805,0.3411848894357992,0.30127360037902007,-2.241887820765561,2.241887820765561,10.55859838542857,5.665179083608352e-09,0.0,1.626723200587321e-10,1.9729239264462488e-07
random,37,245,0.58377016964378,0.14922161591434868,0.8203299771119762,0.06896143270074288,0.3411848901299042,0.30127360228398203,-2.2418878206269452,2.2418878206269452,10.55851020339433,5.948368284994009e-09,0.0,1.7080281633496952e-10,2.0715701227685613e-07
random,37,246,0.5837701694644384,0.1492216157095832,0.8203299759862998,0.06896143284823618,0.34118489085962345,0.3012736041476776,-2.2418878206119017,2.2418878206119017,10.55845437071251,6.24575924818942e-09,0.0,1.7934165263966406e-10,2.1751486289069895e-07
random,37,247,0.5837701692761302,0.14922161549479107,0.8203299748055028,0.06896143300322125,0.341184891626408,0.3012736060174789,-2.2418878206793513,2.2418878206793513,10.558420466103323,6.558037180940261e-09,0.0,1.8830814685344421e-10,2.2839060603523392e-07
random,37,248,0.5837701690784066,0.14922161526938854,0.8203299735663764,0.0689614331660271,0.3411848924318857,0.30127360792755886,-2.2418878208010438,2.2418878208010438,10.558400738740454,6.885935603657234e-09,0.0,1.9772361525838278e-10,2.3981013633699565e-07
random,37,249,0.583770168870797,0.14922161503279147,0.820329972265709,0.06896143333701502,0.341184893277844,0.30127360990205215,-2.241887820958543,2.241887820958543,10.5583897618229,7.230231212299553e-09,0.0,2.0760959618115749e-10,2.5180064315384545e-07
random,37,250,0.583770168652807,0.1492216147844066,0.8203299709002396,0.06896143351657558,0.34118489416621517,0.3012736119579506,-2.2418878211404754,2.2418878211404754,10.55838393754739,7.591742303135534e-09,0.0,2.1799007043910024e-10,2.643906753115377e-07
random,37,251,0.5837701684239173,0.1492216145236248,0.8203299694666195,0.0689614337051264,0.3411848950990655,0.3012736141074809,-2.2418878213402644,2.2418878213402644,10.558381001896802,7.971329150526623e-09,0.0,2.288896849833577e-10,2.7761020907711465e-07
random,37,252,0.5837701681835833,0.14922161424981514,0.8203299679613799,0.06896143390311085,0.3411848960785884,0.30127361635990674,-2.241887821554423,2.241887821554423,10.558379602788264,8.36989536043826e-09,0.0,2.403339749434963e-10,2.9149071953097037e-07
random,37,253,0.5837701679312325,0.1492216139623203,0.8203299663809076,0.06896143411099737,0.3411848971071015,0.30127361872280223,-2.2418878217813463,2.2418878217813463,10.558378975563079,8.78838987304807e-09,0.0,2.5235080691743406e-10,3.060652555075189e-07
random,37,254,0.5837701676662642,0.14922161366045306,0.8203299647214245,0.06896143432927937,0.341184898187046,0.3012736212029002,-2.2418878220205176,2.2418878220205176,10.558378712430459,9.22780908314578e-09,0.0,2.6496826954769404e-10,3.2136851828289487e-07
random,37,255,0.5837701673880477,0.1492216133434935,0.820329962978973,0.0689614345584759,0.3411848993209899,0.301273623806622,-2.2418878222720124,2.2418878222720124,10.55837860935972,9.689199238650766e-09,0.0,2.7821656090054603e-10,3.374369441970396e-07
random,37,256,0.5837701670959201,0.14922161301068637,0.8203299611494012,0.06896143479913233,0.3411849005116313,0.3012736265403891,-2.2418878225362167,2.2418878225362167,10.558378571197998,1.0173658854282379e-08,0.0,2.921275443767968e-10,3.543087914068916e-07
random,37,257,0.5837701667891864,0.14922161266123912,0.8203299592283521,0.06896143505182156,0.34118490176180466,0.30127362941079777,-2.241887822813677,2.241887822813677,10.558378557042168,1.0682341426683769e-08,0.0,3.067337495110678e-10,3.720242309772362e-07
random,37,258,0.5837701664671158,0.14922161229431963,0.8203299572112511,0.06896143531714513,0.3411849030744861,0.30127363242471333,-2.241887823105024,2.241887823105024,10.558378550805505,1.121645809285433e-08,0.0,3.2207059241784464e-10,3.90625442526098e-07
random,37,259,0.5837701661289418,0.14922161190905436,0.8203299550932963,0.06896143559573474,0.3411849044528009,0.30127363558932135,-2.2418878234109423,2.2418878234109423,10.558378546798853,1.17772805405759e-08,1.3877787807814457e-17,3.381739333008227e-10,4.1015671465240294e-07
random,37,260,0.5837701657738591,0.14922161150452595,0.8203299528694443,0.06896143588825368,0.34118490590003075,0.30127363891215914,-2.2418878237321573,2.2418878237321573,10.558378543230303,1.2366144070672223e-08,0.0,3.550827409881663e-10,4.306645503850231e-07
random,37,261,0.5837701654010224,0.1492216110797713,0.8203299505344008,0.0689614361953984,0.3411849074196213,0.30127364240113913,-2.241887824069435,2.241887824069435,10.558378539661083,1.2984450719833906e-08,0.0,3.7283665044185454e-10,4.521977779042743e-07
random,37,262,0.5837701650095438,0.14922161063377906,0.8203299480826058,0.06896143651790017,0.34118490901519033,0.30127364606456863,-2.2418878244235763,2.2418878244235763,10.558378535898797,1.3633672657279387e-08,0.0,3.9147862729294047e-10,4.7480766679948804e-07
random,37,263,0.5837701645984914,0.14922161016548746,0.8203299455082225,0.06896143685652684,0.34118491069053697,0.30127364991116956,-2.241887824795426,2.241887824795426,10.55837853192189,1.4315355616590264e-08,0.0,4.110524143285943e-10,4.985480501394625e-07
random,37,264,0.5837701641668862,0.14922160967378145,0.820329942805121,0.06896143721208459,0.34118491244964966,0.3012736539501012,-2.241887825185869,2.241887825185869,10.558378527808589,1.5031122652004207e-08,0.0,4.316051960273626e-10,5.234754526464357e-07
random,37,265,0.583770163713701,0.1492216091574904,0.8203299399668657,0.06896143758541998,0.34118491429671677,0.3012736581909795,-2.2418878255958363,2.2418878255958363,10.558378523443622,1.5782677976840736e-08,0.0,4.5318515606851406e-10,5.496492252787575e-07
random,37,266,0.5837701632378566,0.14922160861538505,0.8203299369866992,0.06896143797742188,0.34118491623613595,0.3012736626439025,-2.2418878260263018,2.2418878260263018,10.55837851890893,1.6571810986876304e-08,0.0,4.758444749342061e-10,5.771316865426954e-07
random,37,267,0.5837701627382199,0.14922160804617474,0.820329933857526,0.06896143838902356,0.34118491827252456,0.30127366731947197,-2.2418878264782927,2.2418878264782927,10.558378514091823,1.7400400544075542e-08,0.0,4.996366653742257e-10,6.059882708698302e-07
random,37,268,0.5837701622136017,0.1492216074485042,0.8203299305718958,0.068961438821205,0.341184920410731,0.30127367222882073,-2.2418878269528837,2.2418878269528837,10.55837850908229,1.82704194807745e-08,0.0,5.246182377405262e-10,6.362876844133217e-07
random,37,269,0.5837701616627524,0.14922160682095054,0.8203299271219862,0.06896143927499514,0.3411849226558458,0.3012736773836372,-2.2418878274512073,2.2418878274512073,10.558378503771788,1.9183939252654128e-08,0.0,5.508492550987398e-10,6.681020686339878e-07
random,37,270,0.5837701610843608,0.14922160616201954,0.820329923499583,0.06896143975147438,0.34118492501321446,0.3012736827961953,-2.2418878279744474,2.2418878279744474,10.558378498241021,2.0143134896978196e-08,0.0,5.783916678936407e-10,7.015071720656872e-07
random,37,271,0.5837701604770497,0.14922160547014246,0.8203299196960623,0.06896144025177715,0.34118492748844936,0.30127368847938224,-2.2418878285238524,2.2418878285238524,10.558378492414166,2.1150290181344358e-08,0.0,6.073110903059842e-10,7.365825306689716e-07
random,37,272,0.583770159839373,0.149221604743672,0.8203299157023681,0.06896144077709454,0.34118493008744344,0.301273694446729,-2.2418878291007287,2.2418878291007287,10.5583784862897,2.220780307775382e-08,0.0,6.376766892302044e-10,7.734116572024202e-07
random,37,273,0.5837701591698128,0.14922160398087853,0.820329911508992,0.06896144132867728,0.3411849328163847,0.3012737007124444,-2.241887829706452,2.241887829706452,10.558378479891614,2.3318191460496174e-08,0.0,6.695601850736921e-10,8.120822400625413e-07
random,37,274,0.5837701584667746,0.14922160317994593,0.8203299071059502,0.06896144190783855,0.34118493568176994,0.30127370729144626,-2.241887830342464,2.241887830342464,10.558378473129792,2.44840990723054e-08,0.0,7.030381832251464e-10,8.526863520656684e-07
random,37,275,0.5837701577285845,0.14922160233896736,0.8203299024827599,0.0689614425159572,0.34118493869042116,0.3012737141993995,-2.2418878310102794,2.2418878310102794,10.558378466066982,2.570830187809053e-08,0.0,7.381900646308281e-10,8.953206696689518e-07
random,37,276,0.5837701569534853,0.14922160145594057,0.820329897628414,0.0689614431544811,0.3411849418495015,0.30127372145275155,-2.2418878317114883,2.2418878317114883,10.558378458621483,2.6993714589809014e-08,0.0,7.750992070398866e-10,9.400867031523995e-07
random,37,277,0.583770156139631,0.1492216005287632,0.8203298925313549,0.06896144382493036,0.3411849451665317,0.3012737290687726,-2.2418878324477616,2.2418878324477616,10.558378450823584,2.8343397699610974e-08,0.0,8.138543172719892e-10,9.870910383100195e-07
random,37,278,0.5837701552850844,0.14922159955522782,0.8203298871794475,0.06896144452890121,0.3411849486494091,0.3012737370655962,-2.2418878332208525,2.2418878332208525,10.558378442619825,2.9760564696566836e-08,0.0,8.545466556597603e-10,1.0364455902255205e-06
random,37,279,0.5837701543878104,0.14922159853301661,0.8203298815599501,0.06896144526806963,0.3411849523064256,0.30127374546226243,-2.2418878340326023,2.2418878340326023,10.558378434012974,3.1248589743847535e-08,0.0,8.972739218293668e-10,1.0882678697367965e-06
random,37,280,0.5837701534456731,0.14922159745969588,0.8203298756594833,0.06896144604419538,0.3411849561462875,0.3012737542787642,-2.2418878348849436,2.2418878348849436,10.558378425002727,3.281101571336297e-08,0.0,9.421373681206546e-10,1.1426812632236364e-06
random,37,281,0.5837701524564292,0.14922159633271026,0.8203298694639998,0.06896144685912625,0.34118496017813676,0.3012737635360924,-2.2418878357799072,2.2418878357799072,10.558378415471779,3.44515626372831e-08,1.3877787807814457e-17,9.89243909010895e-10,1.1998153263848183e-06
random,37,282,0.5837701514177233,0.1492215951493766,0.8203298629587487,0.06896144771480235,0.3411849644115719,0.30127377325629007,-2.2418878367196244,2.2418878367196244,10.558378405581822,3.617413649003556e-08,0.0,1.0387058990701803e-09,1.2598060927040594e-06
random,37,283,0.5837701503270822,0.14922159390687767,0.8203298561282428,0.06896144861326081,0.34118496885667177,0.3012737834624987,-2.241887837706335,2.241887837706335,10.558378395031191,3.798283862551709e-08,0.0,1.0906410219391205e-09,1.3227963973392623e-06
random,37,284,0.5837701491819096,0.14922159260225532,0.8203298489562201,0.0689614495566406,0.34118497352401866,0.30127379417902284,-2.241887838742386,2.241887838742386,10.558378384194354,3.9881975359351115e-08,0.0,1.1451726233957515e-09,1.3889362172062256e-06
random,37,285,0.5837701479794785,0.1492215912324035,0.8203298414256053,0.06896145054718764,0.3411849784247243,0.30127380543137144,-2.241887839830251,2.241887839830251,10.558378372390711,4.1876068402536545e-08,0.0,1.202431154645467e-09,1.458383028066537e-06
random,37,286,0.5837701467169264,0.14922158979406097,0.8203298335184701,0.06896145158726008,0.34118498357045557,0.3012738172463504,-2.2418878409725087,2.2418878409725087,10.558378360829503,4.396986552280582e-08,0.0,1.2625520628972708e-09,1.5313021794698638e-06
random,37,287,0.5837701453912468,0.14922158828380339,0.8203298252159894,0.06896145267933404,0.341184988973463,0.30127382965206057,-2.241887842171909,2.241887842171909,10.55837834695555,4.616835184296584e-08,0.0,1.3256795661220622e-09,1.607867288443357e-06
random,37,288,0.583770143999284,0.1492215866980351,0.8203298164983968,0.0689614538260093,0.34118499464660895,0.3012738426781107,-2.2418878434312406,2.2418878434312406,10.558378336267483,4.847676176681061e-08,0.0,1.3919628782943505e-09,1.688260652865525e-06
random,37,289,0.5837701425377233,0.14922158503298116,0.8203298073449398,0.0689614550300159,0.34118500060340023,0.30127385635533843,-2.2418878447536734,2.2418878447536734,10.558378315766568,5.090059141090879e-08,0.0,1.4615606502843548e-09,1.7726736855088012e-06
random,37,290,0.5837701410030854,0.1492215832846765,0.8203297977338206,0.06896145629421949,0.3411850068580145,0.3012738707167874,-2.2418878461419016,2.2418878461419016,10.558378318004237,5.3445611672549334e-08,0.0,1.5346378612335343e-09,1.8613073697842414e-06
random,37,291,0.583770139391716,0.14922158144896208,0.8203297876421757,0.06896145762163151,0.3411850134253509,0.3012738857952702,-2.2418878476005526,2.2418878476005526,10.558378255088341,5.6117881980819556e-08,0.0,1.61136948229057e-09,1.9543727382734534e-06
random,37,292,0.5837701376997787,0.14922157952145734,0.8203297770459231,0.06896145901540626,0.3411850203210151,0.3012739016309627,-2.2418878491290153,2.2418878491290153,10.558378380899683,5.892376476128328e-08,0.0,1.691937256964593e-09,2.052091375187126e-06
random,37,293,0.5837701359232456,0.14922157749760778,0.8203297659200253,0.06896146047888072,0.3411850275615168,0.30127391824744687,-2.2418878507444333,2.2418878507444333,10.55837791019423,6.186994051469903e-08,0.0,1.776533142816561e-09,2.1546959439464823e-06
random,37,294,0.5837701340578864,0.14922157537247424,0.8203297542373295,0.06896146201547179,0.34118503516376114,0.30127393573409955,-2.241887852403034,2.241887852403034,10.558379437523307,6.496342380878031e-08,0.0,1.8653592004369557e-09,2.2624307411438065e-06
random,37,295,0.5837701320992601,0.1492215731414525,0.8203297419725246,0.06896146362908934,0.34118504314709186,0.3012739539451863,-2.2418878542878953,2.2418878542878953,10.558373810465032,6.82115802945282e-08,0.0,1.9586262611781535e-09,2.3755522782009968e-06
random,37,296,0.5837701300427042,0.14922157079740922,0.8203297290863957,0.06896146532256547,0.34118505152552087,0.3012739736745918,-2.241887855686005,2.241887855686005,10.558395442391447,7.162215009420137e-08,0.0,2.0565559255558696e-09,2.494329892111047e-06
random,37,297,0.5837701278833352,0.14922156834254968,0.8203297155910662,0.06896146710424385,0.3411850603403282,0.30127399176379394,-2.2418878596650913,2.2418878596650913,10.558306246514217,7.520337776560712e-08,0.0,2.159369016929702e-09,2.6190463867165994e-06
random,37,298,0.5837701256163076,0.1492215657360229,0.8203297012619623,0.06896146895897558,0.341185069516565,0.30127402270439807,-2.2418878524205432,2.2418878524205432,10.558691344141515,7.896629794786902e-08,0.0,2.2670275656722083e-09,2.7499987060524293e-06
random,37,299,0.5837701232429942,0.14922156314831042,0.8203296870362878,0.06896147098904162,0.3411850795602639,0.3012739944718335,-2.241887902831188,2.241887902831188,10.556801461345506,8.298943905465043e-08,0.0,2.373313434667068e-09,2.8874986413550507e-06
random,37,300,0.5837701207677252,0.1492215600588242,0.8203296700521656,0.06896147291433535,0.3411850890856044,0.3012741198840158,-2.2418878074551207,2.2418878074551207,10.564290363103382,8.733684971423612e-08,0.0,2.47526898977668e-09,3.0318735734228036e-06
random,37,301,0.5837701207321178,0.1492215602894275,0.8203296713198828,0.06896147313522477,0.34118509017844906,0.3012739982951804,-2.2418879272522325,2.2418879272522325,10.467203770026858,8.00045228077535e-09,0.0,3.560740591268541e-11,9.948335162793575e-08
random,37,302,0.5837701205739346,0.14922156010010268,0.8203296702790897,0.06896147318181285,0.34118509040894235,0.30127402299186135,-2.2418879018532376,2.2418879018532376,10.566236161441175,3.2991706514350327e-09,0.0,1.581831332586603e-10,1.0445751920933254e-07
random,37,303,0.5837701204815686,0.14922155998056452,0.8203296696219413,0.06896147324715565,0.34118509073222414,0.30127403044859097,-2.2418878956239796,2.2418878956239796,10.563900563426866,3.185322291590275e-09,0.0,9.236600373441206e-11,1.0968039516979918e-07
random,37,304,0.5837701203851211,0.14922155985744429,0.820329668945101,0.06896147331709204,0.34118509107823264,0.30127403734543046,-2.2418878899725834,2.2418878899725834,10.563136964822887,3.3349209403711844e-09,0.0,9.644751663984152e-11,1.1516441492828914e-07
random,37,305,0.5837701202843144,0.14922155973061524,0.8203296682478717,0.06896147339188072,0.34118509144824766,0.30127404362548166,-2.2418878849558963,2.2418878849558963,10.562394178342712,3.4932112938425264e-09,0.0,1.0080669632372974e-10,1.209226356747036e-07
random,37,306,0.5837701201788489,0.14922155959988692,0.8203296675292067,0.06896147347176154,0.3411850918434559,0.30127404925176665,-2.2418878806118836,2.2418878806118836,10.561688509746805,3.660809352258312e-09,0.0,1.0546552520196428e-10,1.2696876745843877e-07
random,37,307,0.5837701200684078,0.1492215594649924,0.8203296667876384,0.06896147355694923,0.34118509226491983,0.30127405421286046,-2.2418878769542188,2.2418878769542188,10.561036522039688,3.838254987667743e-09,0.0,1.1044110070912438e-10,1.3331720583136072e-07
random,37,308,0.5837701199526631,0.14922155932558112,0.8203296660212397,0.06896147364763035,0.3411850927135623,0.3012740585262105,-2.241887873969091,2.241887873969091,10.560453074918005,4.025991237608075e-09,0.0,1.1574463609775876e-10,1.3998306612292877e-07
random,37,309,0.5837701198312817,0.1492215591812203,0.8203296652276314,0.0689614737439649,0.3411850931901749,0.3012740622378569,-2.241887871615451,2.241887871615451,10.559949196859513,4.2243695277822834e-09,0.0,1.213814604383856e-10,1.4698221942907522e-07
random,37,310,0.5837701197039279,0.1492215590314057,0.8203296644040415,0.06896147384609339,0.34118509369545297,0.3012740654180647,-2.241887869829177,2.241887869829177,10.559530388558962,4.4336817890260865e-09,0.0,1.2735379417705417e-10,1.54331330400529e-07
random,37,311,0.5837701195702639,0.14922155887558006,0.8203296635474067,0.06896147395414785,0.3411850942300496,0.30127406815358376,-2.2418878685304695,2.2418878685304695,10.559195936579233,4.6542087575538334e-09,0.0,1.3366396878211617e-10,1.6204789692055545e-07
random,37,312,0.5837701194299488,0.1492215587131547,0.8203296626544906,0.068961474068265,0.34118509479464126,0.30127407053829813,-2.241887867632814,2.241887867632814,10.558939485118213,4.886266650317991e-09,1.3877787807814457e-17,1.4031509287804056e-10,1.7015029176658324e-07
random,37,313,0.5837701192826346,0.1492215585435296,0.8203296617219945,0.06896147418859838,0.3411850953899875,0.30127407266436357,-2.24188786705146,2.24188786705146,10.55875063317788,5.130238170369161e-09,0.0,1.4731427189218493e-10,1.786578063549124e-07
random,37,314,0.5837701191279625,0.149221558366108,0.8203296607466382,0.06896147431532772,0.3411850960169776,0.30127407461546263,-2.2418878667098974,2.2418878667098974,10.558616979223084,5.386583692670706e-09,0.0,1.5467205294328323e-10,1.8759069667265804e-07
random,37,315,0.5837701189655603,0.14922155818030486,0.8203296597252051,0.06896147444866457,0.3411850966766582,0.30127407646286963,-2.2418878665436335,2.2418878665436335,10.558526006384083,5.655837578488419e-09,0.0,1.624022027968408e-10,1.9697023150629096e-07
random,37,316,0.5837701187950396,0.14922155798554818,0.820329658654551,0.06896147458885468,0.3411850973702451,0.3012740782641536,-2.2418878665014494,2.2418878665014494,10.558466425985605,5.938597756458632e-09,0.0,1.7052070866441227e-10,2.0681874308160552e-07
random,37,317,0.5837701186159933,0.14922155778127638,0.8203296575315885,0.06896147473617761,0.34118509809912145,0.3012740800638345,-2.241887866544788,2.241887866544788,10.558428885179934,6.235515211330211e-09,0.0,1.7904633331511377e-10,2.171596802356858e-07
random,37,318,0.5837701184279949,0.14922155756693264,0.8203296563532565,0.06896147489094508,0.34118509886482945,0.30127408189518706,-2.2418878666460396,2.2418878666460396,10.558406147391002,6.547286395322142e-09,0.0,1.879983946295738e-10,2.280176642474701e-07
random,37,319,0.5837701182305965,0.1492215573419582,0.8203296551164834,0.06896147505349876,0.3411850996690596,0.30127408378251325,-2.2418878667863815,2.2418878667863815,10.558392930415973,6.874649071060718e-09,0.0,1.973983199121676e-10,2.3941854745984363e-07
random,37,320,0.5837701180233286,0.14922155710578558,0.8203296538181496,0.06896147522420804,0.34118510051363926,0.30127408574340725,-2.2418878669536237,2.2418878669536237,10.558385574986787,7.218380912854051e-09,0.0,2.0726798055648032e-10,2.513894748328358e-07
random,37,321,0.583770117805697,0.14922155685783256,0.8203296524550542,0.06896147540346831,0.34118510140052477,0.3012740877907503,-2.2418878671403144,2.2418878671403144,10.558381668538775,7.579299653925324e-09,0.0,2.1763157942444877e-10,2.639589485744776e-07
random,37,322,0.583770117577184,0.14922155659749686,0.8203296510238863,0.0689614755916998,0.34118510233179516,0.30127408993431726,-2.2418878673422125,2.2418878673422125,10.55837969639351,7.95826439524636e-09,0.0,2.285129863111024e-10,2.7715689600320146e-07
random,37,323,0.5837701173372453,0.14922155632415193,0.8203296495212017,0.06896147578934692,0.34118510330964913,0.30127409218198553,-2.241887867557148,2.241887867557148,10.558378754354914,8.356177380667723e-09,0.0,2.3993873554672973e-10,2.9101474080336157e-07
random,37,324,0.5837701170853097,0.14922155603714332,0.8203296479434024,0.06896147599687828,0.34118510433640514,0.30127409454058895,-2.2418878677842144,2.2418878677842144,10.558378330685539,8.773985991734395e-09,1.3877787807814457e-17,2.5193558350622425e-10,3.055654778435297e-07
random,37,325,0.5837701168207773,0.14922155573578594,0.8203296462867221,0.06896147621478697,0.34118510541450275,0.3012740970164866,-2.2418878680232432,2.2418878680232432,10.558378152008899,9.212685026141991e-09,0.0,2.645323959882262e-10,3.208437517357062e-07
random,37,326,0.5837701165430184,0.14922155541936138,0.8203296445472118,0.06896147644359137,0.3411851065465065,0.30127409961592155,-2.2418878682744703,2.2418878682744703,10.55837808130769,9.673318964443869e-09,0.0,2.7775892696979554e-10,3.368859393224915e-07
random,37,327,0.5837701162513713,0.1492215550871159,0.8203296427207275,0.068961476683836,0.3411851077351105,0.30127410234523255,-2.2418878685383508,2.2418878685383508,10.558378054449165,1.0156984579705352e-08,0.0,2.91647039851739e-10,3.537302362886161e-07
random,37,328,0.583770115945142,0.14922155473825835,0.8203296408029201,0.06896147693609278,0.3411851089831444,0.30127410521097736,-2.241887868815456,2.241887868815456,10.558378043857777,1.0664833435911791e-08,0.0,3.0622926416867813e-10,3.714167481030469e-07
random,37,329,0.5837701156236014,0.14922155437195808,0.8203296387892234,0.06896147720096231,0.3411851102935795,0.30127410822000006,-2.2418878691064266,2.2418878691064266,10.55837803861523,1.119807470726323e-08,0.0,3.2154068296819105e-10,3.8998758550819927e-07
random,37,330,0.5837701152859837,0.14922155398734294,0.8203296366748425,0.06896147747907516,0.3411851116695356,0.30127411137947174,-2.2418878694119484,2.2418878694119484,10.558378034856839,1.1757977989319811e-08,0.0,3.376177115654855e-10,4.0948696478360923e-07
random,37,331,0.5837701149314852,0.14922155358349717,0.8203296344547434,0.06896147777109352,0.3411851131142888,0.3012741146969169,-2.2418878697327473,2.2418878697327473,10.558378031347795,1.2345876387336671e-08,0.0,3.5449843061030606e-10,4.299613130227897e-07
random,37,332,0.5837701145592618,0.14922155315945929,0.8203296321236401,0.0689614780777126,0.3411851146312787,0.30127411818023425,-2.2418878700695872,2.2418878700695872,10.558378027749498,1.2963169663690308e-08,0.0,3.7222347426535407e-10,4.5145937867392923e-07
random,37,333,0.5837701141684272,0.1492215527142197,0.8203296296759828,0.06896147839966248,0.3411851162241173,0.30127412183771785,-2.2418878704232696,2.2418878704232696,10.55837802402577,1.3611327544318589e-08,0.0,3.908345869163554e-10,4.740323476076257e-07
random,37,334,0.5837701137580509,0.1492215522467183,0.8203296271059435,0.06896147873770964,0.34118511789659683,0.3012741256780762,-2.2418878707946375,2.2418878707946375,10.558378020082696,1.4291893246976942e-08,1.3877787807814457e-17,4.103762885065976e-10,4.977339649880071e-07
random,37,335,0.5837701133271558,0.14922155175584204,0.8203296244074034,0.06896147909265893,0.3411851196526992,0.3012741297104525,-2.2418878711845744,2.2418878711845744,10.55837801592426,1.5006487182019134e-08,1.3877787807814457e-17,4.3089509738081233e-10,5.226206632374074e-07
random,37,336,0.5837701128747161,0.14922155124042225,0.8203296215739379,0.06896147946535543,0.3411851214966054,0.30127413394444813,-2.2418878715940096,2.2418878715940096,10.55837801161806,1.5756810731558847e-08,0.0,4.5243964130747827e-10,5.487516963992778e-07
random,37,337,0.5837701123996544,0.14922155069923168,0.8203296185988003,0.0689614798566865,0.3411851234327057,0.30127413839014416,-2.2418878720239173,2.2418878720239173,10.558378007067269,1.654465037535331e-08,1.3877787807814457e-17,4.750617677018454e-10,5.761892812192417e-07
random,37,338,0.5837701119008398,0.14922155013098193,0.8203296154749077,0.06896148026758381,0.3411851254656094,0.3012741430581254,-2.2418878724753215,2.2418878724753215,10.558378002260545,1.7371881915793477e-08,0.0,4.988145452244908e-10,6.049987452802038e-07
random,37,339,0.5837701113770845,0.14922154953431999,0.820329612194822,0.06896148069902566,0.34118512760015673,0.3012741479595062,-2.2418878729492975,2.2418878729492975,10.55837799725564,1.8240474916622294e-08,0.0,5.237553724057875e-10,6.352486825442141e-07
random,37,340,0.5837701108271413,0.14922154890782527,0.8203296087507339,0.06896148115203922,0.34118512984142946,0.3012741531059567,-2.2418878734469745,2.2418878734469745,10.558377991984113,1.9152497472703867e-08,0.0,5.499432020883432e-10,6.670111166714248e-07
random,37,341,0.583770110249701,0.14922154825000622,0.8203296051344435,0.06896148162770308,0.341185132194764,0.3012741585097305,-2.241887873969536,2.241887873969536,10.558377986457046,2.011012103042624e-08,0.0,5.77440206761537e-10,7.00361672504996e-07
random,37,342,0.583770109643389,0.14922154755929667,0.8203296013373412,0.06896148212714966,0.34118513466576295,0.30127416418369357,-2.2418878745182287,2.2418878745182287,10.558377980614491,2.111562562783938e-08,0.0,6.06312000606124e-10,7.353797561302458e-07
random,37,343,0.5837701090067614,0.14922154683405212,0.8203295973503864,0.0689614826515681,0.3411851372603095,0.3012741701413557,-2.241887875094357,2.241887875094357,10.558377974537827,2.2171405311673943e-08,0.0,6.366276394942361e-10,7.721487439367582e-07
random,37,344,0.5837701083383026,0.14922154607254584,0.8203295931640865,0.06896148320220691,0.34118513998458067,0.301274176396902,-2.241887875699295,2.241887875699295,10.558377968124892,2.327997379988037e-08,0.0,6.684588438332639e-10,8.107561811335962e-07
random,37,345,0.5837701076364209,0.14922154527296483,0.8203295887684748,0.06896148378037706,0.3411851428450624,0.3012741829652261,-2.2418878763344825,2.2418878763344825,10.558377961366627,2.444397054472983e-08,0.0,7.018816639003944e-10,8.51293990190276e-07
random,37,346,0.5837701068994452,0.1492215444334054,0.8203295841530861,0.06896148438745506,0.34118514584856496,0.3012741898619683,-2.2418878770014317,2.2418878770014317,10.558377954365154,2.5666166922614468e-08,0.0,7.369757026864932e-10,8.938586896997898e-07
random,37,347,0.5837701061256209,0.14922154355186867,0.8203295793069316,0.06896148502488623,0.3411851490022391,0.30127419710354814,-2.241887877701732,2.241887877701732,10.558377946875531,2.6949472904343842e-08,0.0,7.738243379407095e-10,9.385516241847793e-07
random,37,348,0.5837701053131056,0.14922154262625595,0.820329574218474,0.06896148569418818,0.34118515231359303,0.3012742047072086,-2.24188787843705,2.24188787843705,10.558377939122401,2.8296943946908257e-08,0.0,8.125152772819888e-10,9.854792053940183e-07
random,37,349,0.5837701044599645,0.14922154165436335,0.8203295688755977,0.06896148639695432,0.3411851557905102,0.3012742126910535,-2.2418878792091386,2.2418878792091386,10.558377930926149,2.9711788267763685e-08,0.0,8.531411133105848e-10,1.0347531656637192e-06
random,37,350,0.5837701035641667,0.14922154063387713,0.8203295632655832,0.06896148713485781,0.3411851594412684,0.30127422107409246,-2.241887880019835,2.241887880019835,10.558377922365452,3.1197374513438105e-08,0.0,8.957977692958252e-10,1.0864908239469053e-06
random,37,351,0.5837701026235792,0.1492215395623676,0.8203295573750734,0.06896148790965541,0.3411851632745594,0.30127422987628477,-2.2418878808710714,2.2418878808710714,10.558377913315386,3.275723973375738e-08,0.0,9.40587496778278e-10,1.1408153651442507e-06
random,37,352,0.5837701016359625,0.14922153843728375,0.8203295511900445,0.06896148872319169,0.34118516729950893,0.30127423911858936,-2.241887881764874,2.241887881764874,10.558377903899945,3.439509787036448e-08,0.0,9.87616655123702e-10,1.1978561334014631e-06
random,37,353,0.5837701005989653,0.14922153725594695,0.8203295446957709,0.06896148957740347,0.34118517152569944,0.3012742488230101,-2.241887882703374,2.241887882703374,10.558377893869439,3.611484851871757e-08,0.0,1.0369972658352822e-09,1.2577489400715363e-06
random,37,354,0.5837700995101184,0.14922153601554466,0.8203295378767912,0.06896149047432443,0.3411851759631925,0.3012742590126565,-2.241887883688803,2.241887883688803,10.558377883584015,3.792058625304467e-08,0.0,1.0888469015313262e-09,1.3206363870751133e-06
random,37,355,0.5837700983668295,0.14922153471312383,0.8203295307168711,0.06896149141608984,0.3411851806225523,0.30127426971178406,-2.241887884723514,2.241887884723514,10.55837787237821,3.981661040111921e-08,0.0,1.14328890798987e-09,1.386668206428869e-06
random,37,356,0.5837700971663765,0.1492215333455836,0.820329523198964,0.06896149240494177,0.3411851855148714,0.301274280945878,-2.2418878858099607,2.2418878858099607,10.558377861304113,4.180743522513897e-08,0.0,1.2004529592601898e-09,1.4560016167503124e-06
random,37,357,0.5837700959059012,0.14922153190966828,0.8203295153051721,0.0689614934432344,0.3411851906517972,0.30127429274166556,-2.241887886950752,2.241887886950752,10.558377848379155,4.3897800715029814e-08,1.3877787807814457e-17,1.260475279707407e-09,1.5288016975878282e-06
random,37,358,0.5837700945824026,0.14922153040195912,0.8203295070167012,0.0689614945334395,0.34118519604555847,0.30127430512727726,-2.241887888148563,2.241887888148563,10.558377837429076,4.609268382855253e-08,0.0,1.3234986440124885e-09,1.6052417824672196e-06
random,37,359,0.5837700931927294,0.14922152881886697,0.8203294983138203,0.06896149567815259,0.3411852017089966,0.3012743181320997,-2.2418878894063448,2.2418878894063448,10.558377820215298,4.839731037817436e-08,0.0,1.3896731543283636e-09,1.6855038715905808e-06
random,37,360,0.5837700917335732,0.14922152715662224,0.8203294891758065,0.06896149688009852,0.34118520765559274,0.3012743317873557,-2.2418878907268462,2.2418878907268462,10.558377815671056,5.081716749903654e-08,0.0,1.459156240279924e-09,1.7697790651701098e-06
random,37,361,0.5837700902014596,0.14922152541126923,0.8203294795809138,0.06896149814213959,0.34118521389950807,0.3012743461248641,-2.2418878921138785,2.2418878921138785,10.558377776349744,5.335801659524442e-08,0.0,1.532113547142444e-09,1.8582680184286153e-06
random,37,362,0.5837700885927408,0.14922152357864793,0.820329469506273,0.06896149946727753,0.34118522045559346,0.3012743611807642,-2.241887893568831,2.241887893568831,10.558377829748826,5.6025907199449626e-08,0.0,1.6087188248192774e-09,1.951181419350046e-06
random,37,363,0.583770086903587,0.1492215216544104,0.8203294589279817,0.0689615008586753,0.3411852273394977,0.3012743769847288,-2.2418878951010743,2.2418878951010743,10.558377608105246,5.8827191286757855e-08,0.0,1.6891538168195552e-09,2.0487404903175485e-06
random,37,364,0.583770085129976,0.14922151963392621,0.8203294478205845,0.06896150231961784,0.34118523456747274,0.30127439359474606,-2.241887896694795,2.241887896694795,10.558378245835947,6.176853843617834e-08,0.0,1.7736110358157475e-09,2.151177514833426e-06
random,37,365,0.5837700832676853,0.14922151751255913,0.8203294361585943,0.06896150385367933,0.341185242157202,0.3012744109787143,-2.2418878984222887,2.2418878984222887,10.558376002686868,6.485695171625897e-08,0.0,1.8622906550191942e-09,2.2587363905750974e-06
random,37,366,0.5837700813122811,0.14922151528460623,0.82032942391066,0.06896150546415017,0.3411852501249645,0.3012744294468896,-2.241887900030636,2.241887900030636,10.558384040208859,6.809978516754833e-08,0.0,1.9554041719160864e-09,2.3716732101038523e-06
random,37,367,0.5837700792591091,0.1492215129473749,0.8203294110619792,0.06896150715631054,0.3411852584968838,0.3012744479677552,-2.241887902551831,2.241887902551831,10.558352941347088,7.150477323777389e-08,0.0,2.0531720767991146e-09,2.4902568706090448e-06
random,37,368,0.5837700771033072,0.14922151048421767,0.820329397521034,0.06896150892804966,0.34118526726251686,0.30127447115318057,-2.241887901624978,2.241887901624978,10.558479895099081,7.508027262189727e-08,1.3877787807814457e-17,2.1558018703515813e-09,2.614769714139497e-06
random,37,369,0.5837700748403146,0.14922150794008485,0.8203293835349341,0.06896151081173053,0.3411852765819789,0.3012744781858057,-2.241887917199513,2.241887917199513,10.557917608505491,7.884026069577082e-08,0.0,2.2629925711115106e-09,2.745508199846472e-06
random,37,370,0.5837700724862134,0.14922150507788207,0.8203293678002785,0.06896151268386766,0.3411852858443285,0.30127456639098416,-2.2418878561911075,2.2418878561911075,10.56034234561033,8.28961365395835e-08,0.0,2.3541012472705347e-09,2.8827836098387954e-06
random,37,371,0.5837700709223637,0.14922150442381382,0.8203293642046079,0.0689615159519294,0.34118530201297875,0.30127378135703553,-2.241888627169277,2.241888627169277,10.532122595752995,1.0749097366432701e-07,0.0,1.563849716390564e-09,3.0269227903307355e-06
random,37,372,0.5837700673790197,0.14922149923929373,0.8203293357032596,0.06896151689212411,0.3411853066645676,0.3012746195106076,-2.241887855771945,2.241887855771945,10.58737113908293,1.1120857367756406e-07,0.0,3.543343951584177e-09,3.1782689298472726e-06
random,37,373,0.5837700673450926,0.1492214994810418,0.8203293370322439,0.06896151712367313,0.3411853078101503,0.3012744923895625,-2.241887981014866,2.241887981014866,10.467202717811297,8.386801638727598e-09,0.0,3.3927083364915234e-11,1.0428694926061364e-07
random,37,374,0.5837700671783876,0.14922149928112083,0.8203293359331996,0.06896151717169709,0.34118530804774755,0.3012745187914063,-2.2418879539031518,2.2418879539031518,10.566725332661735,3.4669702973860457e-09,0.0,1.6670498315107807e-10,1.0950129672364433e-07
random,37,375,0.5837700670812391,0.14922149915448105,0.8203293352370108,0.0689615172394487,0.3411853083829469,0.30127452712602554,-2.2418879468795234,2.2418879468795234,10.56432681882471,3.3451080941562457e-09,0.0,9.714851145758985e-11,1.1497636155982656e-07
random,37,376,0.5837700669798922,0.14922149902423826,0.820329334521015,0.06896151731209944,0.34118530874238456,0.30127453481924116,-2.2418879405133896,2.2418879405133896,10.563496558962678,3.500523764970169e-09,0.0,1.0134693084751234e-10,1.2072517963781788e-07
random,37,377,0.5837700668740479,0.14922149889028602,0.8203293337846268,0.0689615173899351,0.34118530912747447,0.3012745417997198,-2.2418879348755523,2.2418879348755523,10.562684878205149,3.6651593843292167e-09,0.0,1.0584433329796639e-10,1.2676143861970877e-07
random,37,378,0.5837700667633803,0.14922149875244356,0.8203293330268525,0.06896151747321749,0.3411853095395119,0.3012745480198,-2.241887930014367,2.241887930014367,10.561910944914052,3.8397361404372795e-09,0.0,1.1066758620614792e-10,1.330995105506942e-07
random,37,379,0.583770066647543,0.14922149861043793,0.8203293322461916,0.06896151756217547,0.3411853099796292,0.3012745534632647,-2.2418879259482853,2.2418879259482853,10.561194784079587,4.024872874401647e-09,0.0,1.158372286980125e-10,1.397544860782289e-07
random,37,380,0.5837700665261784,0.1492214984638937,0.8203293314405803,0.06896151765700026,0.34118531044877237,0.3012745581502008,-2.2418879226611743,2.2418879226611743,10.56055477812134,4.221050919041233e-09,0.0,1.2136469607071376e-10,1.4674221038214034e-07
random,37,381,0.5837700663989241,0.14922149831233458,0.8203293306074001,0.06896151775784701,0.34118531094770904,0.30127456213695586,-2.2418879201023296,2.2418879201023296,10.560004797245483,4.428616382392929e-09,0.0,1.272542071717453e-10,1.5407932090124735e-07
random,37,382,0.5837700662654192,0.1492214981551978,0.8203293297435574,0.06896151786484403,0.341185311477074,0.30127456551034376,-2.241887918191995,2.241887918191995,10.559551818913272,4.647824092418824e-09,0.0,1.3350498484498985e-10,1.6178328694630973e-07
random,37,383,0.5837700661253037,0.14922149799185944,0.820329328845622,0.06896151797810768,0.34118531203744296,0.3012745683771163,-2.241887916831431,2.241887916831431,10.559194926618693,4.878906817213988e-09,0.0,1.4011547477821296e-10,1.698724512936252e-07
random,37,384,0.5837700659782168,0.14922149782166355,0.8203293279099882,0.06896151809775972,0.3411853126294183,0.3012745708513549,-2.2418879159149805,2.2418879159149805,10.558926091048248,5.122141997217971e-09,0.0,1.470868982167417e-10,1.7836607385830648e-07
random,37,385,0.5837700658237928,0.1492214976439487,0.8203293269330199,0.06896151822394316,0.34118531325370755,0.3012745730429034,-2.2418879153411533,2.2418879153411533,10.55873237971783,5.3778935759290295e-09,0.0,1.5442402911958197e-10,1.8728437755122182e-07
random,37,386,0.5837700656616552,0.14922149745806612,0.82032932591115,0.06896151835683338,0.3411853139111785,0.3012745750490928,-2.24188791502056,2.24188791502056,10.558598713706305,5.646623918501154e-09,0.0,1.6213752562777017e-10,1.9664859642878292e-07
random,37,387,0.5837700654914141,0.14922149726338815,0.8203293248409286,0.06896151849664431,0.3411853146028894,0.30127457695050086,-2.241887914879989,2.241887914879989,10.55851028918527,5.928884898535613e-09,0.0,1.7024115450681165e-10,2.0648102625022208e-07
random,37,388,0.5837700653126621,0.14922149705930865,0.8203293237190232,0.06896151864362984,0.3411853153300965,0.3012745788102162,-2.24188791486313,2.24188791486313,10.55845417060128,6.225301375969609e-09,0.0,1.7875201319128564e-10,2.168050775627332e-07
random,37,389,0.5837700651249729,0.14922149684523767,0.8203293225421907,0.0689615187980823,0.34118531609424596,0.3012745806754538,-2.241887914929041,2.241887914929041,10.558420004444082,6.5365562547260485e-09,0.0,1.876891975172157e-10,2.2764533144086986e-07
random,37,390,0.5837700649278995,0.14922149662059336,0.8203293213072326,0.0689615189603294,0.3411853168969593,0.3012745825803568,-2.2418879150494857,2.2418879150494857,10.558400069101939,6.863380550659341e-09,0.0,1.9707335763285982e-10,2.3902759801291335e-07
random,37,391,0.5837700647209725,0.14922149638479315,0.8203293200109459,0.06896151913073105,0.34118531774001704,0.30127458454909334,-2.241887915205982,2.241887915205982,10.558388942568355,7.206548389796629e-09,0.0,2.0692703106561794e-10,2.50978977913559e-07
random,37,392,0.5837700645036991,0.1492214961372456,0.8203293186500796,0.06896151930967637,0.3411853186253443,0.30127458659871015,-2.241887915387087,2.241887915387087,10.55838301918935,7.56687532960255e-09,0.0,2.172734214767047e-10,2.63527926809237e-07
random,37,393,0.5837700642755621,0.1492214958773434,0.8203293172212949,0.0689615194975814,0.3411853195549996,0.3012745887414851,-2.241887915586161,2.241887915586161,10.558380022604581,7.94521882162908e-09,0.0,2.2813695377266185e-10,2.7670432314969883e-07
random,37,394,0.5837700640360182,0.1492214956044575,0.8203293157211335,0.06896151969488791,0.3411853205311684,0.3012745909867185,-2.241887915799663,2.241887915799663,10.558378588650639,8.34247952318405e-09,0.0,2.39543940239173e-10,2.905395393071838e-07
random,37,395,0.5837700637844971,0.14922149531793275,0.8203293141459942,0.06896151990206263,0.34118532155615994,0.3012745933420057,-2.2418879160259513,2.2418879160259513,10.558377942960362,8.759603242035192e-09,0.0,2.515210262288292e-10,3.05066516272543e-07
random,37,396,0.5837700635204,0.14922149501708418,0.8203293124921112,0.06896152011959733,0.34118532263240714,0.3012745958140853,-2.241887916264484,2.241887916264484,10.558377670758047,9.197583129855369e-09,0.0,2.6409718856257314e-10,3.2031984208617015e-07
random,37,397,0.5837700632430982,0.14922149470119428,0.82032931075554,0.0689615203480092,0.34118532376246896,0.3012745984093736,-2.2418879165153216,2.2418879165153216,10.558377563592325,9.65746197636088e-09,0.0,2.773017371282549e-10,3.363358341904787e-07
random,37,398,0.5837700629519312,0.1492214943695103,0.8203293089321426,0.06896152058784175,0.3411853249490342,0.3012746011342793,-2.2418879167788424,2.2418879167788424,10.558377523742406,1.0140334742563373e-08,0.0,2.911669794158911e-10,3.5315262590000263e-07
random,37,399,0.5837700626462059,0.14922149402124235,0.8203293070175766,0.06896152083966588,0.34118532619492753,0.3012746039953809,-2.2418879170555868,2.2418879170555868,10.558377508963737,1.0647351113924903e-08,0.0,3.0572533393780077e-10,3.7081025719500276e-07
random,37,400,0.5837700623251942,0.14922149365556114,0.820329305007283,0.06896152110408112,0.34118532750311503,0.30127460699952313,-2.2418879173461823,2.2418879173461823,10.558377502533752,1.1179718257743481e-08,0.0,3.2101166169695716e-10,3.893507700547529e-07
random,37,401,0.5837700619881322,0.14922149327159606,0.8203293028964758,0.06896152138171699,0.34118532887671127,0.30127461015386886,-2.2418879176513133,2.2418879176513133,10.55837749847677,1.173870371976743e-08,0.0,3.370620449416606e-10,4.088183085574906e-07
random,37,402,0.583770061634217,0.14922149286843284,0.8203293006801288,0.0689615216732345,0.3411853303189865,0.30127461346593154,-2.241887917971701,2.241887917971701,10.55837749493014,1.2325638415254e-08,0.0,3.5391523045547046e-10,4.2925922398536513e-07
random,37,403,0.583770061262606,0.14922149244511163,0.8203292983529654,0.0689615219793277,0.3411853318333747,0.3012746169435972,-2.2418879183081097,2.2418879183081097,10.55837749131481,1.2941919786321626e-08,0.0,3.7161096422266837e-10,4.507221851846334e-07
random,37,404,0.5837700608724148,0.14922149200062457,0.820329295909445,0.06896152230072541,0.3411853334234815,0.3012746205951466,-2.241887918661339,2.241887918661339,10.55837748759268,1.3589015177893994e-08,0.0,3.9019121267358514e-10,4.732582944438651e-07
random,37,405,0.5837700604627136,0.1492214915339133,0.8203292933437494,0.06896152263819277,0.34118533509309246,0.30127462442927383,-2.2418879190322314,2.2418879190322314,10.558377483674608,1.4268465277109193e-08,0.0,4.09701161885323e-10,4.969212091660584e-07
random,37,406,0.5837700600325277,0.1492214910438667,0.8203292906497703,0.06896152299253329,0.3411853368461829,0.3012746284551079,-2.2418879194216688,2.2418879194216688,10.55837747953793,1.498188780801891e-08,0.0,4.301858869126818e-10,5.217672696243613e-07
random,37,407,0.5837700595808325,0.14922149052931805,0.8203292878210937,0.06896152336459058,0.34118533868692663,0.30127463268223376,-2.24188791983058,2.24188791983058,10.558377475188435,1.5730981395092302e-08,0.0,4.516952367694671e-10,5.478556331055795e-07
random,37,408,0.5837700591065527,0.14922148998904217,0.8203292848509846,0.06896152375525048,0.34118534061970635,0.30127463712071667,-2.241887920259937,2.241887920259937,10.558377470674833,1.6517529575650438e-08,0.0,4.742798376256019e-10,5.752484147608584e-07
random,37,409,0.5837700586085587,0.14922148942175278,0.8203292817323714,0.06896152416544306,0.3411853426491234,0.301274641781124,-2.241887920710764,2.241887920710764,10.558377465888281,1.7343405071308248e-08,0.0,4.979939793869903e-10,6.040108354989014e-07
random,37,410,0.5837700580856653,0.1492214888260993,0.8203292784578298,0.06896152459614495,0.3411853447800098,0.3012746466745524,-2.2418879211841327,2.2418879211841327,10.558377460889703,1.821057424824788e-08,0.0,5.228933952494685e-10,6.342113772738466e-07
random,37,411,0.5837700575366271,0.14922148820066347,0.8203292750195627,0.06896152504838154,0.3411853470174385,0.3012746518126529,-2.2418879216811725,2.2418879216811725,10.558377455623015,1.9121101768993832e-08,0.0,5.490381482786688e-10,6.659219461375389e-07
random,37,412,0.5837700569601372,0.1492214875439562,0.8203292714093843,0.06896152552322958,0.34118534936673683,0.30127465720765895,-2.241887922203065,2.241887922203065,10.558377450090111,2.007715554729991e-08,0.0,5.764899668747603e-10,6.992180434444159e-07
random,37,413,0.5837700563548228,0.14922148685441405,0.8203292676186995,0.06896152602181957,0.3411853518334978,0.3012746628724161,-2.2418879227510544,2.2418879227510544,10.5583774442916,2.1081011876026695e-08,0.0,6.053143541961958e-10,7.341789456166367e-07
random,37,414,0.5837700557192429,0.14922148613039524,0.820329263638483,0.06896152654533859,0.3411853544235945,0.3012746688204119,-2.2418879233264457,2.2418879233264457,10.55837743819529,2.2135060875965537e-08,0.0,6.355799220258973e-10,7.708878928974685e-07
random,37,415,0.5837700550518841,0.14922148537017602,0.8203292594592586,0.068961527095033,0.34118535714319326,0.3012746750658085,-2.2418879239306087,2.2418879239306087,10.558377431809445,2.3241812171518292e-08,0.0,6.673588348604653e-10,8.094322875423419e-07
random,37,416,0.5837700543511574,0.1492214845719464,0.8203292550710761,0.06896152767221153,0.341185359998769,0.30127468162347576,-2.2418879245649825,2.2418879245649825,10.558377425083972,2.4403900834794134e-08,0.0,7.007266988878769e-10,8.49903901919459e-07
random,37,417,0.5837700536153944,0.14922148373380592,0.8203292504634879,0.06896152827824835,0.3411853629971203,0.30127468850902767,-2.2418879252310777,2.2418879252310777,10.558377418048591,2.5624093734973117e-08,0.0,7.357630060766951e-10,8.92399097015432e-07
random,37,418,0.5837700528428436,0.14922148285375914,0.8203292456255242,0.06896152891458628,0.34118536614538564,0.30127469573885823,-2.241887925930481,2.241887925930481,10.558377410620526,2.6905296076141562e-08,0.0,7.72550801109162e-10,9.370190518662037e-07
random,37,419,0.5837700520316651,0.14922148192971074,0.8203292405456664,0.0689615295827403,0.3411853694510602,0.30127470333018175,-2.241887926664858,2.241887926664858,10.55837740286778,2.8250558283001375e-08,0.0,8.111784577380377e-10,9.83870004459514e-07
random,37,420,0.5837700511799281,0.1492214809594608,0.8203292352118204,0.06896153028430115,0.34118537292201423,0.30127471130107275,-2.2418879274359576,2.2418879274359576,10.558377394693508,2.9663083335745066e-08,0.0,8.517370142513414e-10,1.0330635046824897e-06
random,37,421,0.5837700502856044,0.1492214799406993,0.8203292296112873,0.06896153102093908,0.3411853765665112,0.3012747196705103,-2.241887928245616,2.241887928245616,10.558377386145755,3.114623434424481e-08,0.0,8.943237261860304e-10,1.0847166799166142e-06
random,37,422,0.5837700493465647,0.14922147887100076,0.8203292237307334,0.06896153179440782,0.34118538039322766,0.30127472845842096,-2.2418879290957623,2.2418879290957623,10.558377377105206,3.270354257983201e-08,0.0,9.390396238373455e-10,1.1389525139124449e-06
random,37,423,0.5837700483605732,0.1492214777478184,0.8203292175561576,0.06896153260654883,0.3411853844112741,0.3012747376857299,-2.2418879299884207,2.2418879299884207,10.558377367712149,3.433871586453201e-08,0.0,9.859915106602557e-10,1.1959001396080672e-06
random,37,424,0.5837700473252825,0.14922147656847823,0.8203292110728604,0.0689615334592956,0.34118538863021647,0.3012747473744051,-2.2418879309257185,2.2418879309257185,10.558377357702803,3.605564742377245e-08,0.0,1.0352907420241309e-09,1.2556951465884707e-06
random,37,425,0.5837700462382274,0.14922147533017238,0.8203292042654056,0.06896153435467825,0.3411853930600988,0.30127475754751903,-2.2418879319098854,2.2418879319098854,10.558377347438324,3.78584251362667e-08,0.0,1.0870551125918837e-09,1.3184799039178942e-06
random,37,426,0.5837700450968198,0.14922147402995276,0.8203291971175863,0.06896153529482849,0.3411853977114676,0.3012747682292868,-2.2418879329432713,2.2418879329432713,10.558377336220271,3.975134125259328e-08,0.0,1.1414075240523402e-09,1.384403899113789e-06
random,37,427,0.5837700438983422,0.14922147266472383,0.8203291896123853,0.06896153628198447,0.3411854025953961,0.30127477944515413,-2.2418879340283264,2.2418879340283264,10.558377325243976,4.173890264827155e-08,0.0,1.1984776504547767e-09,1.4536240940694786e-06
random,37,428,0.5837700426399413,0.14922147123123536,0.8203291817319348,0.06896153731849634,0.3411854077235116,0.3012747912218012,-2.2418879351676586,2.2418879351676586,10.558377312198083,4.382584153678362e-08,0.0,1.2584009390081974e-09,1.5263052987729526e-06
random,37,429,0.5837700413186205,0.1492214697260744,0.8203291734574724,0.06896153840683167,0.3411854131080222,0.3012748035873215,-2.241887936363931,2.241887936363931,10.558377301614591,4.6017126721131963e-08,0.0,1.3213207195050813e-09,1.6026205637116003e-06
random,37,430,0.5837700399312341,0.14922146814565782,0.8203291647693002,0.06896153954958154,0.3411854187617474,0.30127481657103283,-2.2418879376201115,2.2418879376201115,10.558377283622683,4.8317975462866546e-08,0.0,1.3873864279645431e-09,1.6827515918971803e-06
random,37,431,0.5837700384744788,0.14922146648622236,0.82032915564673,0.06896154074946602,0.34118542469814456,0.30127483020416096,-2.241887938938896,2.241887938938896,10.55837728107032,5.0733865860022683e-08,0.0,1.4567552719668697e-09,1.7668891714920395e-06
random,37,432,0.5837700369448865,0.14922146474381937,0.8203291460680547,0.06896154200934272,0.34118543093135173,0.30127484451832987,-2.241887940324225,2.241887940324225,10.558377236696593,5.327054992266117e-08,0.0,1.5295923416758228e-09,1.8552336300666416e-06
random,37,433,0.5837700353388151,0.14922146291429483,0.820329136010438,0.06896154333220772,0.3411854374761918,0.3012748595500276,-2.2418879417770987,2.2418879417770987,10.558377304115016,5.593406724447287e-08,0.0,1.6060713869947563e-09,1.947995311569974e-06
random,37,434,0.5837700336524408,0.14922146099331116,0.8203291254500343,0.06896154472122012,0.34118544434829445,0.3012748753276396,-2.241887943308057,2.241887943308057,10.558377041320352,5.873075938568198e-08,0.0,1.6863742624551037e-09,2.0453950771484728e-06
random,37,435,0.5837700318817485,0.14922145897623595,0.8203291143613778,0.06896154617965386,0.3411854515638573,0.30127489191308937,-2.241887944897463,2.241887944897463,10.558377808550311,6.166728499054697e-08,0.0,1.7706923705063105e-09,2.1476648310058964e-06
random,37,436,0.5837700300225224,0.14922145685847488,0.8203291027192113,0.06896154771109585,0.34118545914062665,0.30127490926033773,-2.24188794663087,2.24188794663087,10.558375131257458,6.475063569339996e-08,0.0,1.8592261064043214e-09,2.2550480725561914e-06
random,37,437,0.583770028070336,0.14922145463420877,0.8203290904915448,0.06896154931876114,0.34118546709450875,0.30127492773091885,-2.2418879482062657,2.2418879482062657,10.558384719346627,6.798815380153534e-08,0.0,1.9521864125238153e-09,2.367800476184001e-06
random,37,438,0.5837700260205431,0.1492214523012464,0.820329077666332,0.06896155100819602,0.34118547545294375,0.3012749460905227,-2.2418879508494403,2.2418879508494403,10.55834771281182,7.138756676150745e-08,0.0,2.049792890979063e-09,2.486190499993201e-06
random,37,439,0.5837700238683008,0.14922144984089497,0.8203290641408115,0.0689615527761448,0.34118548419982425,0.3012749697982894,-2.241887949389384,2.241887949389384,10.558498384806809,7.49573186785596e-08,0.0,2.152242273290028e-09,2.6105000249928614e-06
random,37,440,0.5837700216092798,0.14922144730755207,0.8203290502140281,0.06896155466019024,0.34118549352108996,0.30127497417206933,-2.2418879674692023,2.2418879674692023,10.557830452225538,7.871361731181038e-08,0.0,2.259020970285519e-09,2.7410250262425047e-06
random,37,441,0.5837700192676999,0.1492214444340037,0.8203290344170012,0.06896155652015189,0.3411855027232017,0.30127506975983875,-2.24188789932791,2.24188789932791,10.560671248873081,8.278675764815552e-08,0.0,2.3415799299542073e-09,2.8780762775546302e-06
random,37,442,0.5837700192305001,0.14922144465292642,0.8203290356205056,0.06896155672982568,0.34118550376055734,0.30127495399686594,-2.2418880133901085,2.2418880133901085,10.467201769664689,7.594690525569789e-09,0.0,3.719979879690527e-11,9.443687785726131e-08
random,37,443,0.5837700190811912,0.149221444474672,0.8203290346405709,0.06896155677484903,0.34118550398330916,0.3012749769251138,-2.241887989768718,2.241887989768718,10.565693260143334,3.123815951473644e-09,0.0,1.493088985782265e-10,9.915872175012439e-08
random,37,444,0.5837700189938124,0.1492214443625488,0.8203290340241856,0.06896155683760873,0.3411855042938111,0.3012749834814069,-2.2418879843534043,2.2418879843534043,10.563426727674855,3.018144105051205e-09,0.0,8.73787708854934e-11,1.0411665783763061e-07
random,37,445,0.5837700189024866,0.14922144424687767,0.8203290333882958,0.06896155690464645,0.34118550462547853,0.3012749895599363,-2.2418879794356013,2.2418879794356013,10.562735566424555,3.1614349672821355e-09,0.0,9.132583578264075e-11,1.0932249072951214e-07
random,37,446,0.5837700188069574,0.14922144412751479,0.820329032732111,0.06896155697619463,0.34118550497946126,0.30127499511713135,-2.241887975059259,2.241887975059259,10.562066865511245,3.3128690567315793e-09,0.0,9.55291401538716e-11,1.1478861526598775e-07
random,37,447,0.5837700187069513,0.14922144400426307,0.8203290320545478,0.06896155705247194,0.3411855053568413,0.30127500012567887,-2.241887971252922,2.241887971252922,10.561434057435537,3.472970362912729e-09,0.0,1.0000611450067254e-10,1.2052804602928713e-07
random,37,448,0.5837700186021798,0.14922144387686334,0.8203290313541813,0.0689615571336789,0.34118550575861056,0.30127500457838113,-2.241887968026031,2.241887968026031,10.560850376457246,3.6422105510388927e-09,0.0,1.047715247892711e-10,1.2655444833075148e-07
random,37,449,0.5837700184923441,0.14922144374498955,0.8203290306292191,0.06896155721999632,0.3411855061856638,0.30127500849025995,-2.2418879653668933,2.2418879653668933,10.560327392475862,3.820998454877164e-09,0.0,1.0983569609379629e-10,1.3288217074728907e-07
random,37,450,0.5837700183771389,0.1492214436082503,0.8203290298775097,0.06896155731158682,0.34118550663880537,0.3012750118981345,-2.2418879632430766,2.2418879632430766,10.559873512857251,4.0096864223168475e-09,0.0,1.152051787300934e-10,1.3952627928465353e-07
random,37,451,0.5837700182562539,0.14922144346619642,0.8203290290965836,0.06896155740860001,0.3411855071187756,0.3012750148574322,-2.2418879616044505,2.2418879616044505,10.559492843386169,4.208592961336257e-09,0.0,1.208850797240757e-10,1.465025932488862e-07
random,37,452,0.5837700181293742,0.14922144331833376,0.8203290282837243,0.06896155751118051,0.34118550762628996,0.3012750174367132,-2.241887960388424,2.241887960388424,10.55918475761402,4.418034698130454e-09,0.0,1.2687961792323676e-10,1.5382772291133052e-07
random,37,453,0.5837700179961793,0.1492214431641385,0.8203290274360522,0.06896155761947742,0.3411855081620861,0.30127501971102005,-2.2418879595263155,2.2418879595263155,10.558944312870121,4.6383574501048225e-09,0.0,1.3319489955421204e-10,1.6151910905689706e-07
random,37,454,0.5837700178563402,0.14922144300307158,0.820329026550604,0.06896155773365335,0.34118550872696857,0.3012750217553875,-2.241887958949566,2.241887958949566,10.558763362784903,4.869957904749171e-09,0.0,1.3983914026738375e-10,1.695950645097419e-07
random,37,455,0.5837700177095168,0.1492214428345902,0.8203290256243956,0.06896155785389192,0.3411855093218457,0.30127502363961456,-2.2418879585947606,2.2418879585947606,10.558632008561164,5.113293026314434e-09,0.0,1.4682344229299815e-10,1.78074817735229e-07
random,37,456,0.583770017555356,0.14922144265815473,0.8203290246544602,0.06896155798040268,0.34118550994775443,0.3012750254248667,-2.2418879584068843,2.2418879584068843,10.55853999649925,5.368879587843309e-09,0.0,1.5416079524044335e-10,1.8697855862199046e-07
random,37,457,0.5837700173934889,0.14922144247323113,0.8203290236378624,0.06896155811342373,0.3411855106058726,0.30127502716213633,-2.241887958340813,2.241887958340813,10.558477788545407,5.6372885290606206e-09,0.0,1.6186707529897149e-10,1.9632748655308999e-07
random,37,458,0.5837700172235291,0.1492214422792899,0.8203290225716912,0.06896155825322237,0.3411855112975227,0.301275028892209,-2.2418879583613576,2.2418879583613576,10.558437204718683,5.9191382415799715e-09,0.0,1.6995982399237164e-10,2.061438608807445e-07
random,37,459,0.5837700170450715,0.1492214420758026,0.8203290214530413,0.0689615584000945,0.3411855120241688,0.301275030646641,-2.241887958442338,2.241887958442338,10.558411675912721,6.2150893397993635e-09,0.0,1.7845758204515505e-10,2.1645105392478175e-07
random,37,460,0.5837700168576911,0.14922144186223696,0.8203290202789869,0.0689615585543634,0.3411855127874101,0.30127503244926723,-2.241887958565156,2.241887958565156,10.558396213641963,6.52584161749105e-09,0.0,1.8738033347176497e-10,2.2727360662102084e-07
random,37,461,0.5837700166609419,0.14922144163805173,0.8203290190465524,0.06896155871637814,0.3411855135889738,0.3012750343178698,-2.2418879587172067,2.2418879587172067,10.558387214784263,6.852132856804713e-09,0.0,1.9674928353197174e-10,2.386372869520719e-07
random,37,462,0.583770016454355,0.14922144140269164,0.8203290177526853,0.06896155888651259,0.3411855144307096,0.30127503626575886,-2.2418879588903815,2.2418879588903815,10.558382195974128,7.194739123344094e-09,0.0,2.065868587308728e-10,2.505691512996755e-07
random,37,463,0.5837700162374391,0.1492214411555828,0.8203290163942307,0.06896155906516437,0.3411855153145846,0.301275038303135,-2.241887959079775,2.241887959079775,10.558379522753556,7.554475846080714e-09,0.0,2.169159296627754e-10,2.6309760886465925e-07
random,37,464,0.583770016009677,0.14922144089612877,0.8203290149679098,0.0689615592527543,0.34118551624268084,0.3012750404381769,-2.241887959282656,2.241887959282656,10.558378168308458,7.93219942043398e-09,0.0,2.2776203145724594e-10,2.762524893078922e-07
random,37,465,0.5837700157705271,0.14922144062370724,0.8203290134703013,0.06896155944972651,0.34118551721719576,0.30127504267785715,-2.241887959497703,2.241887959497703,10.55837751840493,8.328809158652881e-09,0.0,2.3914992208773356e-10,2.9006511377328683e-07
random,37,466,0.5837700155194196,0.14922144033766715,0.8203290118978264,0.06896155965654857,0.3411855182404425,0.3012750450285223,-2.2418879597244574,2.2418879597244574,10.558377224414839,8.745249351909069e-09,0.0,2.5110746815215634e-10,3.0456836946195117e-07
random,37,467,0.5837700152557568,0.14922144003732618,0.8203290102467338,0.06896155987371229,0.34118551931485436,0.30127504749628,-2.2418879599629715,2.2418879599629715,10.55837709935468,9.182511555406063e-09,0.0,2.636628693153398e-10,3.1979678793504876e-07
random,37,468,0.583770014978911,0.14922143972196872,0.8203290085130897,0.0689615601017343,0.34118552044298733,0.3012750500872458,-2.241887960213584,2.241887960213584,10.558377049066847,9.641636832456793e-09,1.3877787807814457e-17,2.7684576853204135e-10,3.357866273318012e-07
random,37,469,0.5837700146882228,0.14922143939084365,0.8203290066927648,0.06896156034115743,0.34118552162752697,0.3012750528076926,-2.241887960476792,2.241887960476792,10.558377029326682,1.0123718335388173e-08,0.0,2.906882512476727e-10,3.5257595869839126e-07
random,37,470,0.5837700143830001,0.14922143904316243,0.8203290047814242,0.06896156059255162,0.3411855228712932,0.3012750556641396,-2.241887960753182,2.241887960753182,10.558377020997929,1.0629903891755551e-08,0.0,3.052226249522505e-10,3.702047566333108e-07
random,37,471,0.5837700140625164,0.14922143867809734,0.8203290027745177,0.06896156085651542,0.3411855241772472,0.3012750586634023,-2.241887961043399,2.241887961043399,10.558377016363979,1.1161398684522206e-08,0.0,3.204837506487479e-10,3.887149944649764e-07
random,37,472,0.5837700137260086,0.14922143829477913,0.8203290006672666,0.06896156113367727,0.34118552554849824,0.30127506181262653,-2.2418879613481284,2.2418879613481284,10.558377012750046,1.171946816654625e-08,0.0,3.365078216077677e-10,4.0815074418822524e-07
random,37,473,0.5837700133726754,0.14922143789229514,0.8203289984546536,0.06896156142469705,0.341185526988311,0.30127506511931196,-2.2418879616680956,2.2418879616680956,10.55837700929809,1.2305441085813121e-08,0.0,3.533331405236595e-10,4.285582813976365e-07
random,37,474,0.5837700130016756,0.14922143746968713,0.820328996131411,0.06896156173026766,0.34118552850011363,0.3012750685913318,-2.2418879620040624,2.2418879620040624,10.558377005717494,1.292071259229018e-08,0.0,3.709997864476122e-10,4.499861954675184e-07
random,37,475,0.5837700126121257,0.14922143702594887,0.820328993692007,0.0689615620511166,0.3411855300875054,0.3012750722369529,-2.241887962356828,2.241887962356828,10.558377001989916,1.356674762566267e-08,0.0,3.8954994785456165e-10,4.7248550524089433e-07
random,37,476,0.5837700122030984,0.1492214365600239,0.820328991130634,0.06896156238800781,0.34118553175426586,0.3012750760648555,-2.2418879627272332,2.2418879627272332,10.558376998075815,1.4245084346321648e-08,0.0,4.0902725650937555e-10,4.961097805029391e-07
random,37,477,0.5837700117736199,0.1492214360708029,0.8203289884411935,0.06896156274174334,0.34118553350436315,0.3012750800841535,-2.241887963116159,2.241887963116159,10.558376993948796,1.4957337836123796e-08,0.0,4.294785638236931e-10,5.20915269528086e-07
random,37,478,0.5837700113226675,0.14922143555712108,0.8203289856172823,0.06896156311316541,0.3411855353419642,0.30127508430441685,-2.2418879635245323,2.2418879635245323,10.558376989630235,1.570520392470006e-08,0.0,4.509523865436904e-10,5.469610330044903e-07
random,37,479,0.5837700108491676,0.14922143501775548,0.8203289826521772,0.06896156350315831,0.3411855372714439,0.30127508873569386,-2.2418879639533253,2.2418879639533253,10.558376985102324,1.6490463233700932e-08,0.0,4.734999059508027e-10,5.743090846547149e-07
random,37,480,0.5837700103519923,0.1492214344514218,0.820328979538818,0.06896156391265054,0.34118553929739603,0.3012750933885352,-2.2418879644035594,2.2418879644035594,10.55837698033269,1.731498542838114e-08,0.0,4.971753009286317e-10,6.030245388874507e-07
random,37,481,0.5837700098299589,0.14922143385677183,0.8203289762697931,0.06896156434261708,0.34118554142464425,0.30127509827401905,-2.241887964876307,2.241887964876307,10.558376975331003,1.8180733626199507e-08,0.0,5.220334164945939e-10,6.331757658318232e-07
random,37,482,0.5837700092818234,0.14922143323238968,0.8203289728373184,0.06896156479408155,0.341185543658253,0.30127510340377794,-2.241887965372693,2.241887965372693,10.55837697008856,1.9089769125008375e-08,0.0,5.481354259373461e-10,6.648345541234143e-07
random,37,483,0.5837700087062815,0.14922143257678877,0.8203289692332222,0.06896156526811886,0.34118554600354023,0.3012751087900252,-2.2418879658939,2.2418879658939,10.558376964561692,2.004425626335257e-08,0.0,5.755419474340329e-10,6.980762818295851e-07
random,37,484,0.5837700081019624,0.1492214318884083,0.8203289654489236,0.0689615657658576,0.3411855484660896,0.30127511444558563,-2.24188796644117,2.24188796644117,10.558376958771937,2.104646764074655e-08,0.0,6.043190392546194e-10,7.329800959210644e-07
random,37,485,0.5837700074674278,0.1492214311656093,0.8203289614754129,0.06896156628848278,0.34118555105176407,0.3012751203839251,-2.2418879670158054,2.2418879670158054,10.558376952717516,2.2098789440105965e-08,0.0,6.345346470482127e-10,7.696291007171177e-07
random,37,486,0.5837700068011662,0.1492214304066708,0.8203289573032292,0.06896156683723867,0.34118555376671955,0.30127512661918215,-2.2418879676191743,2.2418879676191743,10.558376946289098,2.3203727161149963e-08,1.3877787807814457e-17,6.662616014452283e-10,8.081105557529736e-07
random,37,487,0.5837700061015917,0.14922142960978596,0.8203289529224395,0.06896156741343178,0.3411855566174199,0.3012751331662033,-2.2418879682527146,2.2418879682527146,10.558376939615837,2.436391159008703e-08,0.0,6.995745094329209e-10,8.485160835406224e-07
random,37,488,0.5837700053670388,0.14922142877305752,0.8203289483226138,0.0689615680184339,0.3411855596106521,0.3012751400405763,-2.2418879689179354,2.2418879689179354,10.558376932576266,2.558210504664741e-08,0.0,7.345528629798537e-10,8.909418877176536e-07
random,37,489,0.5837700045957582,0.14922142789449336,0.8203289434928006,0.06896156865368538,0.3411855627535423,0.3012751472586696,-2.2418879696164193,2.2418879696164193,10.558376925195594,2.6861207947506263e-08,1.3877787807814457e-17,7.712805949466883e-10,9.354889821035363e-07
random,37,490,0.5837700037859137,0.14922142697200175,0.820328938421501,0.06896156932069865,0.34118556605357303,0.30127515483766826,-2.2418879703498313,2.2418879703498313,10.558376917408344,2.8204265754424427e-08,0.0,8.098445247739505e-10,9.82263431208713e-07
random,37,491,0.5837700029355772,0.1492214260033864,0.820328933096641,0.06896157002106171,0.341185569518601,0.30127516279561917,-2.241887971119917,2.241887971119917,10.558376909321803,2.961447619653832e-08,0.0,8.503364679057768e-10,1.0313766027691487e-06
random,37,492,0.5837700020427242,0.14922142498634122,0.8203289275055433,0.06896157075644195,0.3411855731568756,0.30127517115146846,-2.241887971928512,2.241887971928512,10.558376900689419,3.109519686440869e-08,0.0,8.928530137453095e-10,1.0829454329076063e-06
random,37,493,0.5837700011052285,0.1492214239184448,0.8203289216348962,0.06896157152859014,0.34118557697705865,0.3012751799251125,-2.241887972777541,2.241887972777541,10.558376891758755,3.264995323776085e-08,0.0,9.374957476993018e-10,1.1370927045529866e-06
random,37,494,0.5837700001208583,0.1492214227971547,0.820328915470723,0.06896157233934457,0.341185580988245,0.3012751891374403,-2.2418879736690274,2.2418879736690274,10.558376882293416,3.42824470826267e-08,0.0,9.843701409550931e-10,1.193947339780636e-06
random,37,495,0.5837699990872701,0.14922142161980134,0.8203289089983481,0.06896157319063542,0.3411855851999843,0.3012751988103871,-2.2418879746050924,2.2418879746050924,10.558376872432827,3.599656521957424e-08,0.0,1.0335882150158682e-09,1.2536447067696678e-06
random,37,496,0.5837699980020024,0.14922142038358166,0.8203289022023617,0.06896157408448939,0.3411855896223035,0.3012752089669831,-2.241887975587968,2.241887975587968,10.558376861989853,3.779638884292634e-08,0.0,1.0852677645445397e-09,1.3163269421081512e-06
random,37,497,0.5837699968624718,0.14922141908555253,0.8203288950665845,0.06896157502303447,0.3411855942657308,0.30127521963141246,-2.2418879766199926,2.2418879766199926,10.558376851125551,3.9686203170003745e-08,0.0,1.139530581006909e-09,1.382143289213559e-06
random,37,498,0.5837699956659651,0.14922141772262365,0.8203288875740278,0.0689615760085051,0.341185599141321,0.30127523082906427,-2.2418879777036285,2.2418879777036285,10.558376839553013,4.1670507683430434e-08,0.0,1.1965066715191597e-09,1.4512504536742369e-06
random,37,499,0.5837699944096333,0.1492214162915501,0.8203288797068531,0.06896157704324732,0.34118560426068123,0.30127524258660593,-2.24188797884145,2.24188797884145,10.558376827757648,4.375402684819517e-08,0.0,1.2563318163572035e-09,1.5238129763579487e-06
random,37,500,0.5837699930904852,0.14922141478892495,0.8203288714463309,0.06896157812972455,0.341185609635999,0.30127525493201923,-2.241887980036181,2.241887980036181,10.558376814616093,4.5941721331066774e-08,0.0,1.3191481240681924e-09,1.6000036251758462e-06
random,37,501,0.5837699917053802,0.14922141321117074,0.8203288627727948,0.0689615792705233,0.341185615280071,0.30127526789472847,-2.2418879812906374,2.2418879812906374,10.558376802472445,4.823879983225771e-08,0.0,1.3851049196489384e-09,1.6800038064346385e-06
random,37,502,0.5837699902510205,0.14922141155453142,0.8203288536655962,0.06896158046835948,0.34118562120633433,0.301275281505523,-2.24188798260788,2.24188798260788,10.558376785808575,5.065073149332667e-08,0.0,1.454359743746636e-09,1.7640039967563704e-06
random,37,503,0.5837699887239434,0.1492214098150625,0.8203288441030506,0.06896158172608446,0.34118562742889585,0.3012752957970104,-2.241887983990855,2.241887983990855,10.558376778286863,5.318325886986468e-08,0.0,1.5270771314135345e-09,1.852204196594189e-06
random,37,504,0.5837699871205129,0.14922140798862416,0.8203288340623999,0.06896158304669317,0.341185633962573,0.3012753108026443,-2.2418879854434066,2.2418879854434066,10.55837674313761,5.584241168642706e-08,0.0,1.6034304994860804e-09,1.9448144064238984e-06
random,37,505,0.5837699854369115,0.14922140607086393,0.8203288235197168,0.06896158443332703,0.3411856408229079,0.3012753265599169,-2.241887986967309,2.241887986967309,10.558376785820096,5.8634521095141366e-08,0.0,1.6836013694288e-09,2.0420551267450933e-06
random,37,506,0.5837699836691308,0.14922140405723025,0.8203288124499797,0.06896158588929485,0.3411856480262707,0.3012753431005582,-2.2418879885717256,2.2418879885717256,10.558376582307265,6.156623484064916e-08,0.0,1.7677806996019285e-09,2.144157883082348e-06
random,37,507,0.5837699818129619,0.14922140194288008,0.8203288008265643,0.06896158741803542,0.3411856555896748,0.30127536048423065,-2.2418879902410933,2.2418879902410933,10.558377195811417,6.464453301213211e-08,0.0,1.8561688852614111e-09,2.2513657772364658e-06
random,37,508,0.5837699798639855,0.1492213997229639,0.8203287886228109,0.06896158902328979,0.34118566353162894,0.30127537867655224,-2.2418879920518267,2.2418879920518267,10.558374901032325,6.787674476751943e-08,0.0,1.9489764246927166e-09,2.3639340660982893e-06
random,37,509,0.5837699778175612,0.1492213973914645,0.8203287758056408,0.0689615907084738,0.34118567186903287,0.3012753980224388,-2.2418879937199123,2.2418879937199123,10.558383615297565,7.127056672272081e-08,0.0,2.0464242522777454e-09,2.482130769403204e-06
random,37,510,0.5837699756688189,0.14922139494593667,0.8203287623616113,0.06896159247931889,0.34118568063024285,0.3012754172891832,-2.2418879964718177,2.2418879964718177,10.55834790396835,7.483409886950651e-08,0.0,2.1487422952048973e-09,2.6062373078733643e-06
random,37,511,0.5837699734126883,0.149221392366612,0.820328748182048,0.06896159433231586,0.341185689797897,0.3012754422715756,-2.241887994817942,2.241887994817942,10.55850206864394,7.857622641032799e-08,0.0,2.25613061566321e-09,2.7365491732670326e-06
random,37,512,0.5837699710448773,0.14922138971532667,0.8203287336068887,0.06896159630952643,0.34118569958009476,0.30127544513855276,-2.2418880154129335,2.2418880154129335,10.557776016321498,8.251577412280829e-08,0.0,2.3678110583347234e-09,2.8733766319303843e-06
random,37,513,0.5837699685884425,0.14922138670587315,0.8203287170627378,0.06896159826062868,0.34118570923312225,0.3012755440512503,-2.2418879452241818,2.2418879452241818,10.561001575248078,8.677903873561691e-08,0.0,2.456434722297729e-09,3.0170454635269036e-06
random,37,514,0.5837699685526738,0.14922138693537562,0.8203287183244032,0.0689615984804211,0.3411857103205395,0.3012754230202464,-2.241888064472395,2.241888064472395,10.467200770971465,7.96144317260679e-09,0.0,3.5768721318163443e-11,9.899680427197652e-08
random,37,515,0.5837699683953482,0.1492213867471332,0.8203287172895605,0.06896159852684632,0.34118571055022706,0.3012754475454463,-2.2418880392456018,2.2418880392456018,10.566182321843607,3.282199422076329e-09,0.0,1.5732559699443982e-10,1.0394664448557535e-07
random,37,516,0.5837699683034688,0.1492213866283323,0.8203287166364651,0.06896159859192759,0.34118571087221494,0.301275454912881,-2.2418880330972804,2.2418880330972804,10.563853320180495,3.1691018563338484e-09,0.0,9.187939298271885e-11,1.0914397670985413e-07
random,37,517,0.5837699682075203,0.14922138650595237,0.8203287159636946,0.06896159866157069,0.3411857112167724,0.3012754617286765,-2.241888027518763,2.241888027518763,10.563096802646369,3.3181020972653163e-09,0.0,9.594858241257498e-11,1.1460117554534684e-07
random,37,518,0.583769968107227,0.14922138637986487,0.820328715270542,0.06896159873603153,0.3411857115851654,0.3012754679373319,-2.241888022565547,2.241888022565547,10.562361291892984,3.475740358339641e-09,0.0,1.002932181748406e-10,1.203312343226142e-07
random,37,519,0.5837699680022922,0.14922138624987863,0.8203287145559564,0.0689615988155478,0.3411857119785701,0.3012754735028917,-2.2418880182746017,2.2418880182746017,10.561662801566918,3.6426227931194025e-09,0.0,1.0493483859619346e-10,1.2634779603874492e-07
random,37,520,0.5837699678924017,0.14922138611572736,0.8203287138184739,0.06896159890033278,0.34118571239804163,0.30127547841438235,-2.2418880146591516,2.2418880146591516,10.56101754978611,3.8192819310185656e-09,0.0,1.0989054111121277e-10,1.3266518584068217e-07
random,37,521,0.5837699677772308,0.14922138597706303,0.8203287130561816,0.06896159899057246,0.34118571284450006,0.3012754826889944,-2.241888011705611,2.241888011705611,10.56044005106293,4.006157233539451e-09,0.0,1.1517087283863248e-10,1.3929844513271628e-07
random,37,522,0.583769967656449,0.14922138583345707,0.8203287122667231,0.06896159908642722,0.34118571331873904,0.3012754863717847,-2.2418880093738505,2.2418880093738505,10.559941057569525,4.203600459282666e-09,0.0,1.2078182898278556e-10,1.4626336738935209e-07
random,37,523,0.5837699675297229,0.14922138568441104,0.8203287114473584,0.06896159918803858,0.34118571382145857,0.3012754895314392,-2.241888007601239,2.241888007601239,10.559525924754139,4.411906763710801e-09,1.3877787807814457e-17,1.267260740789311e-10,1.535765357588197e-07
random,37,524,0.5837699673967175,0.14922138552937428,0.8203287105950603,0.06896159929554,0.341185714353319,0.3012754922527855,-2.2418880063098006,2.2418880063098006,10.559193953571297,4.6313611245468365e-09,0.0,1.3300538448390853e-10,1.6125536254676068e-07
random,37,525,0.5837699672570936,0.14922138536776478,0.8203287097066292,0.06896159940906951,0.3411857149150033,0.3012754946277397,-2.2418880054148813,2.2418880054148813,10.55893894417512,4.862283211035391e-09,0.0,1.3962386802290894e-10,1.6931813067409873e-07
random,37,526,0.583769967110505,0.1492213851989886,0.8203287087788,0.06896159952878161,0.34118571550727583,0.301275496746701,-2.2418880048333953,2.2418880048333953,10.558750737954382,5.105057436763711e-09,0.0,1.4658863012328993e-10,1.7778403720780368e-07
random,37,527,0.5837699669565948,0.14922138502245452,0.8203287078083228,0.06896159965485642,0.3411857161310276,0.3012754986919598,-2.241888004490146,2.241888004490146,10.558617196526262,5.360143965523341e-09,0.0,1.5391021790378545e-10,1.8667323906819387e-07
random,37,528,0.5837699667949927,0.14922138483758185,0.8203287067920049,0.06896159978750527,0.34118571678730436,0.30127550053380897,-2.241888004321561,2.241888004321561,10.558526035043226,5.628075435271601e-09,0.0,1.6160206506299346e-10,1.9600690102160358e-07
random,37,529,0.583769966625312,0.14922138464380233,0.8203287057267226,0.06896159992697302,0.34118571747731746,0.30127550232920636,-2.2418880042769898,2.2418880042769898,10.558466138474376,5.909447120733808e-09,0.0,1.6968071392398087e-10,2.0580724607268377e-07
random,37,530,0.5837699664471478,0.1492213844405574,0.8203287046094052,0.06896160007353794,0.34118571820244353,0.3012755041223489,-2.241888004318162,2.241888004318162,10.558428265410496,6.204906796791589e-09,0.0,1.7816415009974662e-10,2.1609760837631796e-07
random,37,531,0.5837699662600756,0.14922138422729297,0.8203287034370066,0.06896160022751013,0.34118571896421696,0.3012755059463844,-2.2418880044175715,2.2418880044175715,10.558405238437425,6.515147437401236e-09,0.0,1.870722465824315e-10,2.2690248879513386e-07
random,37,532,0.5837699660636501,0.1492213840034529,0.8203287022064696,0.06896160038922933,0.34118571976431844,0.30127550782560203,-2.241888004556386,2.241888004556386,10.5583917975306,6.840903135380325e-09,0.0,1.9642554249799105e-10,2.3824761323489058e-07
random,37,533,0.5837699658574032,0.14922138376847216,0.820328700914688,0.06896160055906286,0.3411857206045654,0.3012755097776377,-2.2418880047223544,2.2418880047223544,10.558384283484713,7.182947658075727e-09,0.0,2.0624690844073257e-10,2.5015999389663513e-07
random,37,534,0.5837699656408437,0.1492213835217712,0.8203286995584756,0.06896160073740396,0.34118572148690335,0.3012755118154284,-2.2418880049079464,2.2418880049079464,10.55838027292669,7.542094718673038e-09,0.0,2.1655943704956826e-10,2.626679935914669e-07
random,37,535,0.5837699654134565,0.14922138326275058,0.8203286981345373,0.06896160092467052,0.3411857224133998,0.30127551394879815,-2.2418880051088514,2.2418880051088514,10.558378237176022,7.919199210243648e-09,0.0,2.2738722016413249e-10,2.7580139327104026e-07
random,37,536,0.5837699651746998,0.14922138299078672,0.8203286966394449,0.06896160112130462,0.34118572338624187,0.3012755161856561,-2.241888005322842,2.241888005322842,10.55837725890479,8.315158957204097e-09,0.0,2.3875668109241133e-10,2.895914629345923e-07
random,37,537,0.5837699649240056,0.1492213827052284,0.8203286950696184,0.06896160132777238,0.3411857244077357,0.30127551853285034,-2.241888005548973,2.241888005548973,10.55837681605269,8.7309166583142e-09,0.0,2.5069424314239086e-10,3.040710360813219e-07
random,37,538,0.5837699646607765,0.14922138240539384,0.8203286934213098,0.06896160154456435,0.34118572548030834,0.30127552099673766,-2.2418880057870494,2.2418880057870494,10.558376627946176,9.16746220758097e-09,0.0,2.6322910517961873e-10,3.1927458788538796e-07
random,37,539,0.5837699643843859,0.14922138209056834,0.8203286916905901,0.06896160177219617,0.3411857266065108,0.30127552358354653,-2.2418880060372897,2.2418880060372897,10.558376552954165,9.625835020028456e-09,0.0,2.7639057709194503e-10,3.3523831727965736e-07
random,37,540,0.5837699640941758,0.14922138176000188,0.8203286898733361,0.06896160201120963,0.3411857277890237,0.30127552629959375,-2.2418880063001407,2.2418880063001407,10.558376524369175,1.0107126437562313e-08,0.0,2.9021007819096667e-10,3.5200023314364024e-07
random,37,541,0.5837699637894554,0.14922138141290736,0.8203286879652207,0.0689616022621737,0.34118572903066186,0.3012755291514091,-2.2418880065761675,2.2418880065761675,10.558376513143104,1.061248239089722e-08,0.0,3.047203600559101e-10,3.696002448008223e-07
random,37,542,0.5837699634694988,0.14922138104845817,0.8203286859617,0.06896160252568585,0.3411857303343814,0.30127553214580505,-2.2418880068660063,2.2418880068660063,10.558376507695446,1.1143106105921803e-08,0.0,3.199566167566559e-10,3.880802570408634e-07
random,37,543,0.5837699631335445,0.14922138066578672,0.8203286838580044,0.06896160280237347,0.3411857317032862,0.3012755352899182,-2.24188800717034,2.24188800717034,10.558376503879142,1.1700260967180305e-08,0.0,3.3595437542999207e-10,4.074842698929066e-07
random,37,544,0.5837699627807924,0.1492213802639818,0.8203286816491245,0.06896160309289534,0.34118573314063555,0.30127553859123674,-2.241888007489892,2.241888007489892,10.558376500390183,1.2285273526273915e-08,0.0,3.527520497925707e-10,4.278584833875519e-07
random,37,545,0.5837699624104029,0.14922137984208683,0.8203286793298018,0.06896160339794313,0.3411857346498516,0.3012755420576213,-2.2418880078254224,2.2418880078254224,10.558376496823358,1.2899536669130094e-08,0.0,3.703894968509758e-10,4.492514075569295e-07
random,37,546,0.5837699620214938,0.14922137939909724,0.8203286768945136,0.06896160371824313,0.3411857362345274,0.3012755456973257,-2.24188800817773,2.24188800817773,10.55837649309475,1.3544512905631566e-08,0.0,3.88909127124748e-10,4.71713977934776e-07
random,37,547,0.5837699616131395,0.14922137893395843,0.8203286743374625,0.06896160405455794,0.3411857378984362,0.3012755495190152,-2.241888008547654,2.241888008547654,10.558376489153856,1.4221737889285198e-08,1.3877787807814457e-17,4.083542393118478e-10,4.952996768315148e-07
random,37,548,0.5837699611843674,0.14922137844556288,0.8203286716525598,0.06896160440768825,0.3411857396455392,0.3012755535317897,-2.241888008936075,2.241888008936075,10.558376485078213,1.4932824055717823e-08,0.0,4.287721289131241e-10,5.200646606730905e-07
random,37,549,0.5837699607341567,0.14922137793274776,0.8203286688334132,0.06896160477847482,0.3411857414799961,0.3012755577452035,-2.241888009343918,2.241888009343918,10.558376480773113,1.5679464471539284e-08,0.0,4.502107575632408e-10,5.460678937067451e-07
random,37,550,0.5837699602614355,0.14922137739429214,0.8203286658733107,0.06896160516780046,0.3411857434061745,0.3012755621692884,-2.241888009772154,2.241888009772154,10.558376476237155,1.6463436808065147e-08,0.0,4.727211955213306e-10,5.733712883920824e-07
random,37,551,0.5837699597650782,0.14922137682891404,0.8203286627652046,0.06896160557659207,0.34118574542866037,0.3012755668145779,-2.241888010221804,2.241888010221804,10.558376471464987,1.7286607679919102e-08,0.0,4.963572886040879e-10,6.020398528116865e-07
random,37,552,0.5837699592439032,0.14922137623526732,0.8203286595016949,0.06896160600582296,0.341185747552269,0.30127557169213254,-2.2418880106939376,2.2418880106939376,10.558376466488848,1.815093699135466e-08,1.3877787807814457e-17,5.211749920519537e-10,6.321418454522709e-07
random,37,553,0.5837699586966696,0.14922137561193866,0.8203286560750117,0.06896160645651503,0.34118574978205624,0.3012755768135653,-2.2418880111896793,2.2418880111896793,10.558376461235667,1.90584826740434e-08,0.0,5.472335917744431e-10,6.637489377248845e-07
random,37,554,0.5837699581220744,0.14922137495744395,0.8203286524769966,0.06896160692974128,0.3411857521233308,0.30127558219107076,-2.2418880117102096,2.2418880117102096,10.558376455751075,2.0011405488806812e-08,0.0,5.745951492386325e-10,6.969363846111288e-07
random,37,555,0.5837699575187496,0.14922137427022492,0.8203286486990831,0.06896160742662841,0.3411857545816669,0.30127558783745206,-2.2418880122567684,2.2418880122567684,10.558376449957343,2.1011974337445513e-08,0.0,6.033248345360676e-10,7.317832038416853e-07
random,37,556,0.5837699568852583,0.1492213735486454,0.8203286447322763,0.0689616079483594,0.3411857571629174,0.3012755937661531,-2.2418880128306578,2.2418880128306578,10.558376443883292,2.2062571477123405e-08,0.0,6.3349125944967e-10,7.683723640337696e-07
random,37,557,0.5837699562200929,0.1492213727909874,0.820328640567132,0.06896160849617643,0.34118575987322786,0.3012755999912903,-2.2418880134332433,2.2418880134332433,10.558376437528851,2.3165698308974286e-08,0.0,6.651654782530159e-10,8.067909822354581e-07
random,37,558,0.5837699555216691,0.1492213719954471,0.8203286361937338,0.0689616090713837,0.3411857627190508,0.3012756065276852,-2.241888014065961,2.241888014065961,10.558376430834711,2.4323981303694178e-08,0.0,6.984237632678969e-10,8.47130531347231e-07
random,37,559,0.5837699547883244,0.1492213711601304,0.8203286316016689,0.06896160967535069,0.34118576570716175,0.3012756133909009,-2.2418880147303173,2.2418880147303173,10.558376423807347,2.5540178244367632e-08,0.0,7.333447182844566e-10,8.894870579145926e-07
random,37,560,0.5837699540183126,0.1492213702830486,0.820328626780005,0.06896161030951531,0.34118576884467466,0.30127562059727875,-2.2418880154278944,2.2418880154278944,10.55837641643422,2.6817184828591158e-08,0.0,7.700118320741467e-10,9.339614108103223e-07
random,37,561,0.5837699532098003,0.14922136936211344,0.8203286217172617,0.06896161097538737,0.3411857721390594,0.3012756281639766,-2.241888016160354,2.241888016160354,10.55837640868364,2.8158041492090735e-08,0.0,8.085122571444003e-10,9.806594813508384e-07
random,37,562,0.5837699523608625,0.14922136839513234,0.8203286164013859,0.06896161167455214,0.3411857755981588,0.30127563610901115,-2.2418880169294404,2.2418880169294404,10.558376400568797,2.956594072591606e-08,0.0,8.48937808939354e-10,1.0296924554183804e-06
random,37,563,0.583769951469478,0.14922136737980313,0.8203286108197214,0.0689616124086742,0.34118577923020854,0.3012756444512987,-2.241888017736985,2.241888017736985,10.558376392001392,3.104423463313738e-08,0.0,8.913845217506378e-10,1.0811770781892996e-06
random,37,564,0.5837699505335244,0.14922136631370847,0.8203286049589793,0.06896161317950131,0.34118578304385555,0.3012756532107027,-2.2418880185849113,2.2418880185849113,10.5583763830719,3.259644292123997e-08,1.3877787807814457e-17,9.35953536895795e-10,1.1352359320987645e-06
random,37,565,0.5837699495507735,0.14922136519431023,0.8203285988052065,0.06896161398886859,0.3411857870481791,0.30127566240807824,-2.24188801947524,2.24188801947524,10.55837637361585,3.4226261262915584e-08,0.0,9.827508806736773e-10,1.191997728703703e-06
random,37,566,0.5837699485188854,0.14922136401894331,0.8203285923437518,0.06896161483870294,0.3411857912527124,0.301275672065326,-2.241888020410089,2.241888020410089,10.55837636381574,3.59375701316138e-08,0.0,1.0318881304982597e-09,1.2515976151388881e-06
random,37,567,0.583769947435403,0.1492213627848094,0.8203285855592317,0.06896161573102762,0.34118579566746543,0.3012756822054362,-2.241888021391689,2.241888021391689,10.558376353286823,3.7734444012205654e-08,0.0,1.08348241489864e-09,1.3141774958958327e-06
random,37,568,0.5837699462977467,0.1492213614889703,0.820328578435494,0.06896161666796694,0.3411858003029483,0.3012756928525587,-2.241888022422372,2.241888022422372,10.558376342651266,3.962116112158927e-08,0.0,1.1376563024967368e-09,1.3798863706906243e-06
random,37,569,0.5837699451032081,0.14922136012834097,0.8203285709555788,0.06896161765175149,0.34118580517019675,0.3012757040320325,-2.241888023504604,2.241888023504604,10.558376330743828,4.1602213559102754e-08,0.0,1.1945385791634067e-09,1.4488806892251555e-06
random,37,570,0.5837699438489428,0.14922135869968192,0.8203285631016775,0.06896161868472335,0.3411858102807981,0.30127571577049894,-2.2418880246409403,2.2418880246409403,10.558376319643468,4.3682318040251696e-08,0.0,1.2542653582414687e-09,1.5213247236864134e-06
random,37,571,0.5837699425319647,0.14922135719959206,0.8203285548550928,0.06896161976934176,0.34118581564691935,0.3012757280958574,-2.241888025834136,2.241888025834136,10.558376305098667,4.58664271132616e-08,0.0,1.31697808214426e-09,1.597390959870734e-06
random,37,572,0.583769941149138,0.14922135562449973,0.8203285461961901,0.06896162090818864,0.3411858212813346,0.3012757410375699,-2.2418880270869233,2.2418880270869233,10.55837629620688,4.815974095388666e-08,0.0,1.3828266309801052e-09,1.677260507864271e-06
random,37,573,0.5837699396971706,0.14922135397065572,0.8203285371043585,0.0689616221039756,0.34118582719745943,0.30127575462616335,-2.2418880284025606,2.2418880284025606,10.558376271763048,5.056771969606739e-08,0.0,1.4519674351731737e-09,1.7611235332574846e-06
random,37,574,0.5837699381726054,0.14922135223412086,0.8203285275579426,0.06896162335954834,0.3411858334093728,0.30127576889476004,-2.241888029783448,2.241888029783448,10.55837628449808,5.309609653066549e-08,0.0,1.52456525182032e-09,1.8491797099203589e-06
random,37,575,0.5837699365718123,0.14922135041076628,0.8203285175342445,0.06896162467789882,0.34118583993187745,0.3012757838751354,-2.2418880312349767,2.2418880312349767,10.558376193348682,5.57508912600252e-08,0.0,1.6007930536687809e-09,1.941638695416377e-06
random,37,576,0.5837699348909803,0.1492213484962347,0.8203285070093106,0.06896162606215647,0.3411858467804561,0.3012757996096911,-2.2418880327541677,2.2418880327541677,10.558376402010214,5.8538424718892057e-08,0.0,1.680832029116175e-09,2.0387206301871957e-06
random,37,577,0.5837699331261074,0.14922134648602184,0.820328495958379,0.06896162751564627,0.341185853971559,0.30127581611384424,-2.2418880343657173,2.2418880343657173,10.558375673651321,6.146533369069752e-08,0.0,1.7648729144781328e-09,2.1406566616965558e-06
random,37,578,0.5837699312729917,0.14922134437515483,0.8203284843541119,0.06896162904172473,0.34118586152179237,0.30127583350395826,-2.241888035999789,2.241888035999789,10.558378057761255,6.453858693498575e-08,0.0,1.8531156609213895e-09,2.2476894947813835e-06
random,37,579,0.5837699293272212,0.1492213421593061,0.820328472172719,0.06896163064441113,0.3411858694510415,0.30127585153408704,-2.2418880379349844,2.2418880379349844,10.55836939663293,6.77655024710845e-08,0.0,1.945770544686809e-09,2.360073969520453e-06
random,37,580,0.5837699272841647,0.14922133983043107,0.8203284593699759,0.0689616323259868,0.34118587777059334,0.30127587138800355,-2.2418880390852625,2.2418880390852625,10.558402447602866,7.115377851793343e-08,0.0,2.0430565017548474e-09,2.478077667996476e-06
random,37,581,0.5837699251389866,0.14922133739472995,0.8203284459799679,0.06896163409695968,0.3411858865324355,0.3012758882785014,-2.2418880440749946,2.2418880440749946,10.558267202465693,7.47117648759909e-08,0.0,2.1451780352066407e-09,2.6019815513963e-06
random,37,582,0.5837699228872415,0.14922133479426136,0.8203284316841681,0.06896163593266494,0.3411858956145393,0.3012759237887825,-2.2418880323180845,2.2418880323180845,10.558843213996152,7.845344690986879e-08,0.0,2.251745123693638e-09,2.732080628966115e-06
random,37,583,0.5837699205381444,0.1492213322902996,0.8203284179189044,0.06896163798561435,0.341185905771453,0.3012758692965544,-2.2418881076460258,2.2418881076460258,10.555954422035299,8.2551917520125e-08,0.0,2.3490971390316417e-09,2.8686846604144206e-06
random,37,584,0.5837699180702799,0.1492213291636836,0.8203284007306653,0.06896163986567148,0.3411859150729867,0.3012760168453829,-2.2418879909904437,2.2418879909904437,10.566461044144448,8.691545685945369e-08,0.0,2.467864468336245e-09,3.0121188934351417e-06
random,37,585,0.583769918034458,0.14922132939282026,0.8203284019903196,0.06896164008509949,0.341185916158601,0.30127589599975996,-2.2418881100562436,2.2418881100562436,10.467199775514759,7.94848231282106e-09,0.0,3.582190100104299e-11,9.883515119084059e-08
random,37,586,0.5837699178774172,0.1492213292049373,0.8203284009574531,0.06896164013147053,0.34118591638802054,0.3012759204680342,-2.241888084886618,2.241888084886618,10.566164379788201,3.2765629829305795e-09,0.0,1.5704082478862347e-10,1.0377690875038262e-07
random,37,587,0.5837699177856992,0.1492213290863811,0.820328400305703,0.06896164019646488,0.3411859167095784,0.3012759278058539,-2.241888078765137,2.241888078765137,10.563837575732759,3.1637145724704732e-09,0.0,9.171796655493836e-11,1.0896575418790176e-07
random,37,588,0.5837699176899163,0.14922132896424703,0.8203283996342838,0.06896164026601048,0.3411859170536534,0.3012759345947672,-2.241888073210791,2.241888073210791,10.563083415222156,3.3125155589850086e-09,0.0,9.57829371373009e-11,1.1441404189729685e-07
random,37,589,0.5837699175897937,0.1492213288384058,0.8203283989424851,0.06896164034036241,0.34118591742150767,0.3012759407797334,-2.241888068278633,2.241888068278633,10.562350324593641,3.469936757647243e-09,0.0,1.0012257689595572e-10,1.201347439921617e-07
random,37,590,0.583769917485035,0.149221328708666,0.8203283982292543,0.06896164041975758,0.3411859178143132,0.30127594632513327,-2.2418880640053036,2.2418880640053036,10.561654220773933,3.636581064020882e-09,0.0,1.0475864620218545e-10,1.2614148119176978e-07
random,37,591,0.5837699173753275,0.1492213285747616,0.8203283974931291,0.06896164050440881,0.34118591823312294,0.3012759512201413,-2.241888060403881,2.241888060403881,10.561011208047574,3.812978631019989e-09,1.3877787807814457e-17,1.0970757635675454e-10,1.3244855525135827e-07
random,37,592,0.5837699172603471,0.1492213284363454,0.8203283967322007,0.06896164059450192,0.3411859186788563,0.30127595548186337,-2.241888057460853,2.241888057460853,10.560435687189171,3.999567729141006e-09,0.0,1.149803585676068e-10,1.3907098301392618e-07
random,37,593,0.5837699171397644,0.14922132829299029,0.8203283959441212,0.06896164069019736,0.34118591915230695,0.30127595915503375,-2.241888055136393,2.241888055136393,10.559938319444836,4.196700212685656e-09,0.0,1.205826549721678e-10,1.460245321646225e-07
random,37,594,0.5837699170132471,0.1492213281441997,0.8203283951261607,0.06896164079163704,0.3411859196541771,0.30127596230781917,-2.2418880533683594,2.2418880533683594,10.559524412334232,4.404672295295531e-09,1.3877787807814457e-17,1.2651735215030158e-10,1.5332575877285364e-07
random,37,595,0.5837699168804605,0.14922132798942506,0.8203283942753037,0.06896164089895483,0.3411859201851291,0.30127596502441495,-2.241888052079375,2.241888052079375,10.559193271355014,4.623770310303784e-09,0.0,1.327865595257549e-10,1.6099204671149632e-07
random,37,596,0.5837699167410663,0.14922132782808664,0.8203283933883628,0.06896164101228922,0.341185920745848,0.30127596739608914,-2.2418880511854,2.2418880511854,10.558938747639035,4.854315075924358e-09,1.3877787807814457e-17,1.3939427390141645e-10,1.6904164904707114e-07
random,37,597,0.5837699165947187,0.14922132765959253,0.8203283924620843,0.068961641131795,0.34118592133709974,0.3012759695126603,-2.241888050603898,2.241888050603898,10.558750762169968,5.096691538164436e-09,1.3877787807814457e-17,1.463476007046438e-10,1.774937314994247e-07
random,37,598,0.5837699164410617,0.14922132748335332,0.820328391493228,0.06896164125765245,0.3411859219597762,0.3012759714559577,-2.241888050260108,2.241888050260108,10.558617263315343,5.35135979285132e-09,0.0,1.5365697603186845e-10,1.8636841807439594e-07
random,37,599,0.5837699162797254,0.14922132729878976,0.8203283904786095,0.0689616413900728,0.3411859226149224,0.30127597329594735,-2.241888050090764,2.241888050090764,10.558526042921484,5.618851917285329e-09,0.0,1.613362776708982e-10,1.9568683897811573e-07
random,37,600,0.5837699161103239,0.1492213271053348,0.8203283894151114,0.06896164152930064,0.34118592330374853,0.3012759750893825,-2.2418880500454046,2.2418880500454046,10.558466043644717,5.899762301026616e-09,0.0,1.6940149283328765e-10,2.0547118092702154e-07
random,37,601,0.5837699159324526,0.14922132690243095,0.820328388299669,0.06896164167561382,0.3411859240276292,0.30127597688035074,-2.2418880500858593,2.2418880500858593,10.558428061395023,6.1947376688291265e-09,0.0,1.778712732658505e-10,2.1574473997337263e-07
random,37,602,0.5837699157456882,0.14922132668952506,0.8203283871292415,0.06896164182932185,0.3411859247880957,0.30127597870195555,-2.241888050184656,2.241888050184656,10.558404938703418,6.504469810722158e-09,0.0,1.867644927600054e-10,2.2653197697204127e-07
random,37,603,0.5837699155495856,0.14922132646606173,0.8203283859007756,0.06896164199076388,0.34118592558682587,0.3012759805784805,-2.241888050322961,2.241888050322961,10.558391423320016,6.829691597320611e-09,0.0,1.961025786201276e-10,2.3785857582064335e-07
random,37,604,0.583769915343678,0.1492213262314769,0.8203283846111705,0.06896164216030656,0.3411859264256339,0.30127598252757465,-2.241888050488503,2.241888050488503,10.558383856308549,7.171175541063306e-09,0.0,2.0590762428440712e-10,2.4975150461167555e-07
random,37,605,0.5837699151274748,0.14922132598519183,0.8203283832572444,0.06896164233834234,0.3411859273064613,0.3012759845621933,-2.241888050673728,2.241888050673728,10.558379810824274,7.529734003406632e-09,0.0,2.1620316648096605e-10,2.622390798422593e-07
random,37,606,0.5837699149004617,0.14922132572660807,0.8203283818357077,0.06896164252528843,0.34118592823137217,0.301275986692176,-2.2418880508743015,2.2418880508743015,10.558377753625924,7.90622045788664e-09,0.0,2.270130750048338e-10,2.753510338343723e-07
random,37,607,0.5837699146620978,0.14922132545510294,0.8203283803431372,0.06896164272158607,0.34118592920254964,0.3012759889254431,-2.2418880510879773,2.2418880510879773,10.558376763109534,8.301531264906755e-09,0.0,2.3836388418629895e-10,2.8911858552609093e-07
random,37,608,0.5837699144118157,0.14922132517002634,0.8203283787759588,0.06896164292770057,0.34118593022229576,0.30127599126884685,-2.241888051313797,2.241888051313797,10.558376313717362,8.71660757407609e-09,0.0,2.5028212835565e-10,3.035745148023955e-07
random,37,609,0.5837699141490197,0.14922132487069767,0.8203283771304312,0.06896164314412162,0.34118593129303326,0.3012759937287437,-2.2418880515515553,2.2418880515515553,10.5583761223949,9.15243767530389e-09,0.0,2.6279600717771245e-10,3.187532405425153e-07
random,37,610,0.5837699138730837,0.1492213245564033,0.8203283754026314,0.06896164337136401,0.34118593241730905,0.30127599631135765,-2.2418880518014674,2.2418880518014674,10.558376045948338,9.610059259937923e-09,0.0,2.7593594076336103e-10,3.3469090256964107e-07
random,37,611,0.5837699135833511,0.14922132422639456,0.8203283735884433,0.06896164360996855,0.3411859335977988,0.30127599902299795,-2.2418880520639757,2.2418880520639757,10.558376016751277,1.0090561898435055e-08,0.0,2.8973268229037785e-10,3.5142544769812314e-07
random,37,612,0.5837699132791317,0.1492213238798856,0.8203283716835471,0.06896164386050326,0.3411859348373127,0.30127600187018505,-2.241888052339643,2.241888052339643,10.558376005300369,1.0595089617621935e-08,0.0,3.0421931640489674e-10,3.6899672008302934e-07
random,37,613,0.5837699129597015,0.1492213235160513,0.8203283696834067,0.06896164412356459,0.3411859361388018,0.3012760048597209,-2.241888052629106,2.241888052629106,10.558375999771341,1.1124843713244498e-08,0.0,3.194302600206811e-10,3.874465560871808e-07
random,37,614,0.5837699126242998,0.14922132313402547,0.8203283675832603,0.06896164439977885,0.34118593750536463,0.30127600799873105,-2.241888052933044,2.241888052933044,10.558375995958858,1.1681085456602584e-08,0.0,3.3540170640833367e-10,4.068188838915399e-07
random,37,615,0.583769912272128,0.14922132273289848,0.8203283653781074,0.06896164468980368,0.3411859389402549,0.30127601129469145,-2.2418880532521808,2.2418880532521808,10.558375992470715,1.226513923724798e-08,0.0,3.521717362175991e-10,4.2715982808611687e-07
random,37,616,0.5837699119023476,0.14922132231171528,0.8203283630626974,0.06896164499432958,0.3411859404468889,0.3012760147554498,-2.2418880535872754,2.2418880535872754,10.558375988884057,1.2878395660588717e-08,0.0,3.697804284996664e-10,4.4851781949042273e-07
random,37,617,0.5837699115140784,0.14922132186947312,0.8203283606315181,0.06896164531408161,0.3411859420288537,0.3012760183892465,-2.2418880539391255,2.2418880539391255,10.558375985176278,1.352231484911045e-08,0.0,3.8826919457335407e-10,4.7094371046494387e-07
random,37,618,0.5837699111063956,0.149221321405119,0.8203283580787808,0.06896164564982103,0.3411859436899157,0.30127602220473343,-2.2418880543085686,2.2418880543085686,10.558375981267819,1.4198429938168902e-08,0.0,4.076827764265545e-10,4.944908959881911e-07
random,37,619,0.5837699106783287,0.14922132091754742,0.8203283553984078,0.0689616460023472,0.34118594543402975,0.30127602621099486,-2.241888054696485,2.241888054696485,10.558375977166477,1.4908350716328166e-08,0.0,4.280669152478822e-10,5.192154407876007e-07
random,37,620,0.5837699102288586,0.14922132040559752,0.8203283525840176,0.06896164637249942,0.34118594726534823,0.30127603041757006,-2.2418880551037983,2.2418880551037983,10.558375972878908,1.5653767459749702e-08,0.0,4.4947012778351336e-10,5.451762128269808e-07
random,37,621,0.5837699097569151,0.14922131986805037,0.8203283496289093,0.06896164676115898,0.3411859491882313,0.3012760348344742,-2.2418880555314784,2.2418880555314784,10.558375968340458,1.6436454952530217e-08,0.0,4.719434842925807e-10,5.724350234683298e-07
random,37,622,0.5837699092613743,0.14922131930362614,0.820328346526047,0.06896164716925125,0.34118595120725714,0.30127603947222426,-2.2418880559805436,2.2418880559805436,10.558375963616506,1.725827672736416e-08,0.0,4.955408305917786e-10,6.010567746417463e-07
random,37,623,0.5837699087410566,0.14922131871098102,0.8203283432680435,0.06896164759774778,0.34118595332723256,0.3012760443418623,-2.241888056452064,2.241888056452064,10.558375958612618,1.8121189496514946e-08,1.3877787807814457e-17,5.203176778323382e-10,6.311096133738337e-07
random,37,624,0.5837699081947231,0.14922131808870398,0.8203283398471416,0.06896164804766879,0.34118595555320497,0.30127604945498265,-2.241888056947162,2.241888056947162,10.55837595337858,1.9027247805453322e-08,0.0,5.463335339683795e-10,6.626650940425254e-07
random,37,625,0.583769907621073,0.14922131743531347,0.8203283362551966,0.06896164852008543,0.341185957890474,0.3012760548237601,-2.2418880574670155,2.2418880574670155,10.55837594791198,1.997860891301848e-08,0.0,5.736501274000716e-10,6.957983487446518e-07
random,37,626,0.5837699070187403,0.14922131674925387,0.8203283324836569,0.06896164901612248,0.34118596034460436,0.30127606046097677,-2.241888058012865,2.241888058012865,10.558375942114647,2.0977537923838277e-08,0.0,6.023326282189601e-10,7.305882661818844e-07
random,37,627,0.5837699063862913,0.14922131602889177,0.8203283285235429,0.06896164953696089,0.3411859629214388,0.30127606638005533,-2.2418880585860084,2.2418880585860084,10.558375936085643,2.2026413242882754e-08,0.0,6.324489820741519e-10,7.671176794909786e-07
random,37,628,0.5837699057222201,0.14922131527251206,0.8203283243654258,0.0689616500838407,0.34118596562711245,0.30127607259508865,-2.2418880591878105,2.2418880591878105,10.558375929712227,2.31277321755714e-08,0.0,6.640712424399453e-10,8.054735634655276e-07
random,37,629,0.583769905024945,0.14922131447831394,0.8203283199994059,0.0689616506580639,0.3411859684680667,0.3012760791208745,-2.2418880598197064,2.2418880598197064,10.558375923029132,2.4284116875245767e-08,0.0,6.972751265266197e-10,8.45747241638804e-07
random,37,630,0.5837699042928065,0.14922131364440655,0.8203283154150887,0.0689616512609976,0.3411859714510655,0.30127608597295075,-2.2418880604831997,2.2418880604831997,10.558375916019047,2.549832060130519e-08,0.0,7.321384609682013e-10,8.880346037207443e-07
random,37,631,0.5837699035240613,0.14922131276880446,0.8203283106015592,0.06896165189407727,0.34118597458321065,0.30127609316763226,-2.2418880611798704,2.2418880611798704,10.558375908681091,2.6773234307887003e-08,0.0,7.687451786253519e-10,9.324363339067815e-07
random,37,632,0.5837699027168788,0.149221311849423,0.8203283055473574,0.06896165255881015,0.34118597787195926,0.3012761007220488,-2.2418880619113786,2.2418880619113786,10.558375900919858,2.8111893457359764e-08,1.3877787807814457e-17,8.071825430278068e-10,9.790581506021207e-07
random,37,633,0.5837699018693375,0.14922131088407337,0.8203283002404503,0.0689616532567788,0.341185981325141,0.3012761086541879,-2.2418880626794655,2.2418880626794655,10.558375892835242,2.951748531212814e-08,0.0,8.47541259396678e-10,1.0280110581322267e-06
random,37,634,0.5837699009794193,0.14922130987045712,0.8203282946682027,0.06896165398964492,0.34118598495097696,0.3012761169829353,-2.2418880634859617,2.2418880634859617,10.558375884293167,3.0993356458328e-08,0.0,8.899182502020153e-10,1.0794116110388382e-06
random,37,635,0.5837699000450054,0.14922130880616113,0.8203282888173486,0.06896165475915329,0.3411859887580996,0.30127612572812235,-2.241888064332786,2.241888064332786,10.558375875374017,3.254302084855307e-08,0.0,9.344138796052448e-10,1.1333821915907802e-06
random,37,636,0.5837698990638708,0.14922130768865144,0.8203282826739579,0.0689616555671359,0.3411859927555725,0.3012761349105699,-2.241888065221958,2.241888065221958,10.558375865926616,3.417016810222505e-08,0.0,9.81134617994428e-10,1.1900513011703192e-06
random,37,637,0.58376989803368,0.1492213065152675,0.8203282762234043,0.06896165641551637,0.3411859969529127,0.30127614455214324,-2.2418880661555924,2.2418880661555924,10.55837585614242,3.587867234383332e-08,0.0,1.0301908215382127e-09,1.249553866228835e-06
random,37,638,0.5837698969519798,0.14922130528321573,0.8203282694503307,0.06896165730631444,0.34118600136011296,0.3012761546757956,-2.2418880671359167,2.2418880671359167,10.558375845652376,3.7672601355547735e-08,1.3877787807814457e-17,1.0817001738772092e-09,1.312031559540277e-06
random,37,639,0.5837698958161948,0.14922130398956288,0.8203282623386116,0.06896165824165085,0.3411860059876654,0.30127616530563617,-2.2418880681652613,2.2418880681652613,10.558375834980659,3.9556226349139496e-08,0.0,1.135785021588731e-09,1.3776331375172908e-06
random,37,640,0.583769894623621,0.14922130263122907,0.8203282548713158,0.06896165922375234,0.341186010846587,0.30127617646696675,-2.241888069246085,2.241888069246085,10.558375823242338,4.153403207467977e-08,0.0,1.192573706454425e-09,1.4465147943931553e-06
random,37,641,0.5837698933714188,0.14922130120498034,0.820328247030665,0.06896166025495702,0.3411860159484452,0.30127618818637686,-2.2418880703809494,2.2418880703809494,10.558375811838562,4.361072750762763e-08,0.0,1.2522022307948077e-09,1.5188405341128132e-06
random,37,642,0.583769892056607,0.14922129970742126,0.820328238797993,0.06896166133771986,0.3411860213053861,0.3012762004917391,-2.2418880715725864,2.2418880715725864,10.558375798028575,4.5791257083911804e-08,0.0,1.3148118149786114e-09,1.5947825608184539e-06
random,37,643,0.5837698906760549,0.1492212981349863,0.8203282301536989,0.06896166247461846,0.3411860269301623,0.3012762134124254,-2.2418880728237656,2.2418880728237656,10.558375787567531,4.808081244676496e-08,1.3877787807814457e-17,1.3805521170695556e-09,1.6745216888593767e-06
random,37,644,0.5837698892264757,0.1492212964839324,0.8203282210772055,0.0689616636683596,0.34118603283616544,0.3012762269790179,-2.2418880741376417,2.2418880741376417,10.558375767003701,5.0484844810712686e-08,0.0,1.4495792344249026e-09,1.7582477733023456e-06
random,37,645,0.5837698877044181,0.1492212947503276,0.8203282115468974,0.06896166492178454,0.3411860390374527,0.30127624122430424,-2.2418880755168793,2.2418880755168793,10.558375769739936,5.300907794132797e-08,0.0,1.5220575910745993e-09,1.846160161967463e-06
random,37,646,0.5837698861062584,0.14922129293004813,0.8203282015401044,0.06896166623787903,0.34118604554879584,0.30127625618081544,-2.2418880769660916,2.2418880769660916,10.558375706542733,5.5659521798935716e-08,0.0,1.5981597156766725e-09,1.938468170065836e-06
random,37,647,0.583769884428191,0.14922129101875004,0.8203281910329462,0.06896166761977045,0.3411860523856676,0.3012762718884026,-2.2418880784846773,2.2418880784846773,10.558375832148371,5.844248681566116e-08,0.0,1.6780673517402533e-09,2.035391578569128e-06
random,37,648,0.5837698826662211,0.14922128901191684,0.8203281800005939,0.06896166907076716,0.34118605956443604,0.30127628837061504,-2.241888080089495,2.241888080089495,10.558375367816675,6.136459894576915e-08,0.0,1.761969903313343e-09,2.1371611574975845e-06
random,37,649,0.5837698808161536,0.14922128690465353,0.8203281684161379,0.06896167059425838,0.3411860671018691,0.30127630571500463,-2.241888081738187,2.241888081738187,10.558376857419368,6.443281547627283e-08,0.0,1.850067543607281e-09,2.2440192153724636e-06
random,37,650,0.5837698788735833,0.14922128469237977,0.8203281562543979,0.06896167219411249,0.34118607501710563,0.30127632378315533,-2.241888083606486,2.241888083606486,10.558371427380289,6.765444184266807e-08,0.0,1.9425702157960245e-09,2.356220176141087e-06
random,37,651,0.5837698768338865,0.14922128236810028,0.8203281434769184,0.06896167387318056,0.3411860833242511,0.30127634333016634,-2.2418880850180956,2.2418880850180956,10.558392077029037,7.103715433930824e-08,0.0,2.0396968558600292e-09,2.474031184948141e-06
random,37,652,0.5837698746922173,0.14922127993358886,0.8203281300934505,0.0689616756395068,0.3411860920631041,0.3012763613939976,-2.241888088852531,2.241888088852531,10.558307838344843,7.458911596850582e-08,0.0,2.141669175337313e-09,2.5977327441955485e-06
random,37,653,0.5837698724437281,0.14922127735051943,0.8203281158933009,0.06896167747927827,0.3411861011653255,0.3012763914414967,-2.241888082284648,2.241888082284648,10.55866801747303,7.832094585831048e-08,0.0,2.24848917262932e-09,2.727619381405326e-06
random,37,654,0.5837698700887355,0.14922127477456976,0.8203281017322913,0.06896167948650549,0.3411861110960298,0.30127636745749686,-2.241888128452681,2.241888128452681,10.556926969637335,8.22995589045017e-08,0.0,2.3549926453370063e-09,2.8640003504755923e-06
random,37,655,0.5837698676352129,0.14922127171857413,0.82032808493228,0.06896168139953693,0.34118612056070297,0.30127648887213704,-2.2418880366972402,2.2418880366972402,10.563866842592445,8.660627628653696e-08,0.0,2.453522607304137e-09,3.007200367999372e-06
random,37,656,0.583769867599338,0.14922127194734552,0.8203280861899265,0.06896168161860111,0.34118612164451734,0.30127636821161397,-2.2418881555809023,2.2418881555809023,10.46719878175717,7.935542496381092e-09,0.0,3.587485863931761e-11,9.867376207497941e-08
random,37,657,0.5837698674425814,0.1492212717598213,0.820328085159032,0.06896168166491806,0.3411861218736692,0.30127639262307937,-2.2418881304683294,2.2418881304683294,10.5661464395489,3.2709368139716944e-09,0.0,1.5675660769431943e-10,1.0360745017872839e-07
random,37,658,0.5837698673510248,0.1492212716415094,0.8203280845086248,0.06896168172982559,0.3411861221947975,0.3012763999313586,-2.24188812437362,2.24188812437362,10.563821832556393,3.1583370113688518e-09,0.0,9.155665114946032e-11,1.0878782268766481e-07
random,37,659,0.5837698672554071,0.14922127151962064,0.8203280838385544,0.06896168179927385,0.341186122538391,0.3012764066934555,-2.2418881188433852,2.2418881188433852,10.56307002743236,3.3069388599843825e-09,0.0,9.561762492893422e-11,1.1422721382204806e-07
random,37,660,0.5837698671554549,0.1492212713940252,0.8203280831481067,0.06896168187351703,0.3411861229057072,0.30127641285478707,-2.2418881139322346,2.2418881139322346,10.562339354404106,3.46414313377603e-09,0.0,9.995226868397822e-11,1.1993857451315047e-07
random,37,661,0.5837698670508722,0.14922127126453139,0.8203280824362283,0.06896168195279133,0.3411861232979147,0.3012764183800676,-2.241888109676486,2.241888109676486,10.56164563400131,3.6305495355788392e-09,0.0,1.0458267585278236e-10,1.25935503238808e-07
random,37,662,0.5837698669413472,0.1492212711308735,0.8203280817014582,0.06896168203730905,0.34118612371606394,0.3012764232586186,-2.2418881060890685,2.2418881060890685,10.561004857207433,3.806685819552536e-09,0.0,1.095249446692037e-10,1.322322784007484e-07
random,37,663,0.5837698668265571,0.149221270992705,0.8203280809418916,0.06896168212725586,0.3411861241610734,0.30127642750746236,-2.2418881031565445,2.2418881031565445,10.560431311813176,3.992989088507763e-09,0.0,1.1479017736348851e-10,1.3884389232078583e-07
random,37,664,0.5837698667061734,0.14922127084960035,0.820328080155189,0.06896168222279231,0.3411861246337375,0.301276431171012,-2.2418881008393887,2.2418881008393887,10.559935568577606,4.189811301282122e-09,0.0,1.2038370300615497e-10,1.4578608693682514e-07
random,37,665,0.5837698665798642,0.14922127070106472,0.8203280793386302,0.06896168232406061,0.34118612513475977,0.3012764343169194,-2.241888099075945,2.241888099075945,10.559522887474044,4.397449718361391e-09,0.0,1.2630918533318436e-10,1.530753912836664e-07
random,37,666,0.5837698664472961,0.14922127054655188,0.8203280784892122,0.06896168243119512,0.341186125664805,0.30127643702875184,-2.24188809778943,2.24188809778943,10.559192578305924,4.616191991471396e-09,0.0,1.3256806763450868e-10,1.6072916084784973e-07
random,37,667,0.5837698663081311,0.14922127038548408,0.8203280776037591,0.06896168254433475,0.34118612622456035,0.3012764393971327,-2.241888096896415,2.241888096896415,10.558938542752678,4.846360063192599e-09,0.0,1.3916501284683136e-10,1.6876561889024222e-07
random,37,668,0.5837698661620242,0.1492212702172716,0.820328076679029,0.06896168266363463,0.3411861268147934,0.30127644151130284,-2.241888096314912,2.241888096314912,10.558750780810675,5.088339430252111e-09,0.0,1.4610690435290508e-10,1.7720389983475434e-07
random,37,669,0.5837698660086199,0.14922127004132674,0.8203280757117907,0.0689616827892751,0.34118612743639637,0.30127644345263177,-2.241888095970591,2.241888095970591,10.558617327028115,5.342590118540347e-09,1.3877787807814457e-17,1.5340428927146377e-10,1.8606409482649207e-07
random,37,670,0.583769865847549,0.1492212698570718,0.8203280746988687,0.06896168292146737,0.34118612809041415,0.3012764452907585,-2.241888095800496,2.241888095800496,10.558526049638747,5.609643620029212e-09,0.0,1.6107093436801279e-10,1.953672995678167e-07
random,37,671,0.583769865678426,0.14922126966394086,0.820328073637152,0.06896168306045572,0.3411861287780554,0.3012764470822312,-2.2418880957543528,2.2418880957543528,10.558465949046507,5.890093467554041e-09,0.0,1.691229378764092e-10,2.0513566454620755e-07
random,37,672,0.5837698655008474,0.14922126946137754,0.8203280725235816,0.06896168320651759,0.3411861295006927,0.30127644887102734,-2.241888095794091,2.241888095794091,10.55842785838371,6.184585302069623e-09,0.0,1.7757861847655931e-10,2.1539244777351793e-07
random,37,673,0.5837698653143901,0.1492212692488295,0.8203280713551214,0.06896168335996197,0.3411861302598548,0.30127645069020553,-2.2418880958922753,2.2418880958922753,10.558404640390487,6.493809796217676e-09,0.0,1.8645729404909162e-10,2.2616207016219384e-07
random,37,674,0.5837698651186102,0.1492212690257423,0.8203280701287231,0.06896168352112733,0.3411861310572162,0.30127645256404306,-2.241888096030071,2.241888096030071,10.55839105063082,6.818498559433817e-09,0.0,1.9577994780917152e-10,2.3747017367030353e-07
random,37,675,0.5837698649130412,0.14922126879155267,0.8203280688412906,0.06896168369037965,0.34118613189458763,0.30127645451020135,-2.2418880961951873,2.2418880961951873,10.558383430569421,7.159422840073608e-09,0.0,2.0556900626189645e-10,2.4934368235381874e-07
random,37,676,0.5837698646971936,0.14922126854568277,0.8203280674896469,0.06896168386811069,0.3411861327739073,0.3012764565416537,-2.241888096380045,2.241888096380045,10.55837935007135,7.517393670590128e-09,0.0,2.158475620461786e-10,2.618108664715097e-07
random,37,677,0.5837698644705539,0.14922126828753504,0.8203280660705072,0.06896168405473686,0.34118613369723544,0.3012764586682555,-2.2418880965802868,2.2418880965802868,10.558377271322989,7.89326311692514e-09,0.0,2.2663970700165237e-10,2.749014097950852e-07
random,37,678,0.583769864232582,0.14922126801648788,0.8203280645804543,0.06896168425069862,0.34118613466675113,0.30127646089793797,-2.241888096793647,2.241888096793647,10.558376268449264,8.287926038438917e-09,1.3877787807814457e-17,2.379718644363038e-10,2.8864648028483947e-07
random,37,679,0.5837698639827117,0.14922126773189218,0.8203280630159197,0.06896168445646052,0.3411861356847527,0.3012764632375575,-2.241888097019155,2.241888097019155,10.558375812435013,8.702322104419617e-09,0.0,2.4987034663581653e-10,3.0307880429908144e-07
random,37,680,0.5837698637203479,0.14922126743306846,0.820328061373168,0.0689616846725113,0.3411861367536584,0.30127646569347066,-2.241888097256596,2.241888097256596,10.558375617888954,9.137437923598765e-09,0.0,2.623637973542259e-10,3.182327445140355e-07
random,37,681,0.5837698634448658,0.14922126711930433,0.820328059648283,0.06896168489936494,0.3411861378760108,0.30127646827189636,-2.2418880975061803,2.2418880975061803,10.558375539931982,9.594309528451378e-09,0.0,2.7548208159089427e-10,3.341443817397373e-07
random,37,682,0.5837698631556097,0.14922126678985234,0.8203280578371557,0.0689616851375613,0.3411861390544811,0.30127647097913685,-2.2418880977683457,2.2418880977683457,10.558375510133557,1.0074024675070873e-08,0.0,2.8925606354590627e-10,3.5085160082672414e-07
random,37,683,0.5837698628518908,0.14922126644392794,0.8203280559354731,0.06896168538766742,0.3411861402918746,0.30127647382170314,-2.241888098043655,2.241888098043655,10.558375498432966,1.0577725548498275e-08,0.0,3.037189388876982e-10,3.683941808680604e-07
random,37,684,0.5837698625329861,0.1492212660807075,0.8203280539387072,0.06896168565027873,0.3411861415911372,0.3012764768063868,-2.2418880983327405,2.2418880983327405,10.558375492846265,1.1106611424977324e-08,0.0,3.1890468044082354e-10,3.8681388991146344e-07
random,37,685,0.583769862198136,0.14922126569932612,0.8203280518421037,0.06896168592602046,0.34118614295536226,0.30127647994030227,-2.241888098636284,2.241888098636284,10.558375489015894,1.166194156455519e-08,0.0,3.348501476096999e-10,4.061545844070366e-07
random,37,686,0.5837698618465436,0.14922126529887586,0.820328049640671,0.06896168621554914,0.3411861443877978,0.30127648323091283,-2.2418880989550063,2.2418880989550063,10.558375485497479,1.2245038156036611e-08,0.0,3.515924218433497e-10,4.2646231362738846e-07
random,37,687,0.5837698614773713,0.1492212648784032,0.8203280473291672,0.06896168651955409,0.34118614589185436,0.3012764866860541,-2.241888099289665,2.241888099289665,10.558375481954327,1.2857289532044605e-08,0.0,3.6917224832677675e-10,4.477854293087579e-07
random,37,688,0.5837698610897406,0.14922126443690711,0.8203280449020893,0.06896168683875911,0.3411861474711129,0.3012764903139529,-2.2418880996410575,2.2418880996410575,10.558375478253943,1.3500153406812477e-08,0.0,3.8763070531189214e-10,4.7017470077419583e-07
random,37,689,0.5837698606827284,0.1492212639733364,0.8203280423536586,0.06896168717392416,0.34118614912933326,0.301276494123247,-2.24188810001002,2.24188810001002,10.558375474344123,1.4175160428349267e-08,0.0,4.070122017196809e-10,4.936834358129056e-07
random,37,690,0.5837698602553658,0.14922126348658743,0.8203280396778079,0.06896168752584726,0.3411861508704636,0.30127649812300594,-2.241888100397433,2.241888100397433,10.558375470245318,1.4883917740181803e-08,0.0,4.2736258976106e-10,5.18367607603551e-07
random,37,691,0.5837698598066349,0.14922126297550117,0.8203280368681655,0.06896168789536627,0.34118615269864927,0.3012765023227533,-2.241888100804217,2.241888100804217,10.558375465962293,1.5628112817921304e-08,0.0,4.4873094129371793e-10,5.442859879837286e-07
random,37,692,0.5837698593354675,0.14922126243886089,0.8203280339180425,0.06896168828336095,0.34118615461824287,0.30127650673248874,-2.241888101231341,2.241888101231341,10.558375461463795,1.6409517594817417e-08,1.3877787807814457e-17,4.711673273760653e-10,5.71500287382915e-07
random,37,693,0.583769858840742,0.14922126187538887,0.8203280308204149,0.06896168869075509,0.3411861566338147,0.301276511362711,-2.241888101679823,2.241888101679823,10.55837545668978,1.7229992510525353e-08,0.0,4.947255938247963e-10,6.000753017520608e-07
random,37,694,0.5837698583212801,0.14922126128374358,0.8203280275679079,0.06896168911851859,0.3411861587501635,0.3012765162244454,-2.24188810215073,2.24188810215073,10.55837545176032,1.8091491084825202e-08,0.0,5.194618069026546e-10,6.300790668396639e-07
random,37,695,0.5837698577758452,0.14922126066251634,0.8203280241527772,0.06896168956766992,0.34118616097232796,0.3012765213292668,-2.2418881026451842,2.2418881026451842,10.558375446499513,1.8996064467736577e-08,0.0,5.454349194522479e-10,6.61583020181647e-07
random,37,696,0.5837698572031387,0.14922126001022815,0.8203280205668921,0.06896169003927839,0.3411861633055986,0.30127652668932986,-2.2418881031643627,2.2418881031643627,10.558375441035329,1.994586640249181e-08,0.0,5.727065488514427e-10,6.946621711907294e-07
random,37,697,0.583769856601797,0.14922125932532598,0.8203280168017153,0.06896169053446688,0.34118616575553073,0.30127653231739715,-2.241888103709502,2.241888103709502,10.558375435299096,2.0943158296016325e-08,0.0,6.013416431471796e-10,7.293952797502659e-07
random,37,698,0.5837698559703881,0.14922125860617913,0.8203280128482818,0.06896169105441427,0.3411861683279569,0.3012765382268684,-2.2418881042819008,2.2418881042819008,10.55837542922988,2.1990314649934073e-08,0.0,6.314089251446831e-10,7.658650437377792e-07
random,37,699,0.583769855307409,0.14922125785107548,0.8203280086971798,0.06896169160035853,0.3411861710290019,0.3012765444318142,-2.2418881048829213,2.2418881048829213,10.558375422882419,2.3089828656957915e-08,0.0,6.629791160506215e-10,8.041582959246683e-07
random,37,700,0.583769854611281,0.1492212570582172,0.8203280043385257,0.0689616921735994,0.34118617386509614,0.30127655094700795,-2.2418881055139956,2.2418881055139956,10.558375416199338,2.424431819162481e-08,0.0,6.96128044097577e-10,8.443662107209017e-07
random,37,701,0.5837698538803467,0.14922125622571664,0.8203279997619423,0.0689616927755017,0.341186176842992,0.30127655778796286,-2.241888106176626,2.241888106176626,10.558375409245269,2.545653199673269e-08,0.0,7.309342020533904e-10,8.865845212569469e-07
random,37,702,0.583769853112866,0.14922125535159175,0.8203279949565336,0.06896169340749837,0.3411861799697791,0.30127656497096655,-2.241888106872392,2.241888106872392,10.558375401875871,2.6729356279931798e-08,0.0,7.674807456226063e-10,9.309137473197943e-07
random,37,703,0.5837698523070112,0.14922125443376133,0.8203279899108583,0.06896169407109408,0.34118618325290156,0.30127657251312195,-2.241888107602949,2.241888107602949,10.558375394176768,2.806582154118963e-08,1.3877787807814457e-17,8.058548273126576e-10,9.774594346857841e-07
random,37,704,0.5837698514608639,0.14922125347004025,0.8203279846129041,0.06896169476786872,0.3411861867001759,0.30127658043238603,-2.2418881083700377,2.2418881083700377,10.55837538603792,2.9469109805185168e-08,0.0,8.461472633669587e-10,1.0263324064200733e-06
random,37,705,0.5837698505724094,0.14922125245813406,0.8203279790500574,0.06896169549948113,0.34118619031980923,0.30127658874761565,-2.241888109175485,2.241888109175485,10.558375377596018,3.094256219667066e-08,0.0,8.884545321663495e-10,1.077649026741077e-06
random,37,706,0.5837698496395325,0.14922125139563355,0.8203279732090737,0.06896169626767311,0.34118619412041906,0.3012765974786076,-2.2418881100212094,2.2418881100212094,10.55837536859356,3.248968688694383e-08,0.0,9.328768868499537e-10,1.1315314780781309e-06
random,37,707,0.5837698486600118,0.14922125028000913,0.820327967076047,0.06896169707427352,0.34118619811105355,0.30127660664615263,-2.241888110909224,2.241888110909224,10.558375359324803,3.411416747026245e-08,0.0,9.795206867835304e-10,1.1881080519820375e-06
random,37,708,0.5837698476315153,0.14922124910860474,0.8203279606363758,0.06896169792120267,0.34118620230121344,0.3012766162720741,-2.2418881118416474,2.2418881118416474,10.558375349285003,3.581987168044177e-08,0.0,1.0284965101803323e-09,1.2475134545811394e-06
random,37,709,0.5837698465515944,0.14922124787863145,0.8203279538747283,0.06896169881047687,0.34118620670087435,0.3012766263792995,-2.2418881128206936,2.2418881128206936,10.558375339295553,3.7610860681610066e-08,0.0,1.079920930457945e-09,1.3098891273101964e-06
random,37,710,0.5837698454176776,0.14922124658716104,0.8203279467750071,0.06896169974421323,0.3411862113205107,0.3012766369918788,-2.2418881138487077,2.2418881138487077,10.558375327817227,3.949139867235697e-08,0.0,1.1339167382828919e-09,1.3753835836757062e-06
random,37,711,0.5837698442270653,0.14922124523111874,0.8203279393203086,0.06896170072463466,0.3411862161711201,0.30127664813510885,-2.241888114928112,2.241888114928112,10.558375317572043,4.146596303767399e-08,0.0,1.1906122754368198e-09,1.4441527628594916e-06
random,37,712,0.583769842976923,0.14922124380727622,0.8203279314928856,0.06896170175407532,0.3411862212642509,0.30127665983546487,-2.241888116061532,2.241888116061532,10.55837530334986,4.353925504598434e-08,0.0,1.2501423229949182e-09,1.5163604010024662e-06
random,37,713,0.5837698416642737,0.14922124231224337,0.8203279232741014,0.06896170283498582,0.3411862266120274,0.30127667212092696,-2.24188811725155,2.24188811725155,10.558375295511992,4.571621103237024e-08,0.0,1.3126493225712466e-09,1.5921784210525895e-06
random,37,714,0.5837698402859924,0.1492212407424616,0.8203279146443929,0.0689617039699398,0.34118623222718264,0.3012766850204665,-2.241888118501271,2.241888118501271,10.55837527171292,4.800201412642128e-08,0.0,1.3782812668949873e-09,1.671787342105219e-06
random,37,715,0.5837698388387975,0.14922123909419194,0.8203279055832056,0.06896170516163826,0.3411862381230797,0.3012766985654916,-2.241888119813006,2.241888119813006,10.55837528339784,5.040210660374273e-08,0.0,1.4471949194572176e-09,1.75537670921048e-06
random,37,716,0.5837698373192435,0.1492212373635148,0.820327896068992,0.06896170641292068,0.3411862443137669,0.3012767127864065,-2.2418881211916464,2.2418881211916464,10.558375202973393,5.2922202866445785e-08,0.0,1.5195540381540695e-09,1.843145544671004e-06
random,37,717,0.5837698357237122,0.14922123554629718,0.8203278860790312,0.0689617077267588,0.3411862508139467,0.30127672772233255,-2.2418881226354457,2.2418881226354457,10.558375369570589,5.5568303019606436e-08,0.0,1.5955312626658724e-09,1.9353028219045544e-06
random,37,718,0.5837698340484052,0.14922123363825174,0.8203278755897542,0.06896170910630195,0.34118625763920046,0.30127674339278854,-2.2418881241631823,2.2418881241631823,10.55837481680786,5.834670715635941e-08,0.0,1.6753070042341278e-09,2.0320679629997822e-06
random,37,719,0.5837698322893334,0.14922123163470907,0.8203278645754912,0.06896171055476388,0.34118626480542813,0.3012767598873778,-2.2418881257285035,2.2418881257285035,10.55837649123256,6.126403038802561e-08,0.0,1.7590717771298614e-09,2.1336713611497713e-06
random,37,720,0.583769830442309,0.1492212295313412,0.8203278530124498,0.06896171207583754,0.3411862723309004,0.30127677706338224,-2.2418881275091236,2.2418881275091236,10.558370787998033,6.432721893725736e-08,0.0,1.8470244222967835e-09,2.24035492920726e-06
random,37,721,0.5837698285029345,0.14922122732150128,0.8203278408640897,0.06896171367223582,0.34118628022903924,0.30127679563699744,-2.241888128863698,2.241888128863698,10.558391123712118,6.754357112970108e-08,0.0,1.9393745498419435e-09,2.352372675667623e-06
random,37,722,0.5837698264666009,0.1492212250064225,0.8203278281371901,0.06896171535135583,0.3411862885364417,0.3012768129784967,-2.241888132351712,2.241888132351712,10.558313326417043,7.092082900453655e-08,0.0,2.03633354622923e-09,2.469991309451004e-06
random,37,723,0.5837698243286187,0.1492212225534324,0.8203278146521377,0.06896171710215113,0.3411862971984558,0.30127684033219543,-2.241888127270697,2.241888127270697,10.558626134205657,7.446851766267575e-08,0.0,2.1379822356948353e-09,2.5934908749235543e-06
random,37,724,0.5837698220871542,0.1492212200822995,0.820327801067347,0.0689617189983594,0.3411863065798968,0.3012768263532286,-2.2418881627421183,2.2418881627421183,10.55722178639063,7.822938298387618e-08,0.0,2.241464458485609e-09,2.723165418669732e-06
random,37,725,0.5837698197582853,0.14922121718941284,0.8203277851640102,0.06896172082420701,0.3411863156132302,0.3012769369665176,-2.2418880801003818,2.2418880801003818,10.562728324490308,8.231941296990162e-08,0.0,2.3288688755229714e-09,2.859323689603219e-06
random,37,726,0.5837698197209039,0.1492212174069426,0.8203277863598569,0.06896172103249391,0.34118631664372423,0.30127682191133603,-2.2418881934660804,2.2418881934660804,10.467197838461505,7.545354068543183e-09,1.3877787807814457e-17,3.7381431283733946e-11,9.382155856510563e-08
random,37,727,0.5837698195726697,0.14922121723004714,0.8203277853873929,0.06896172107730629,0.3411863168654323,0.3012768446257045,-2.2418881700596587,2.2418881700596587,10.565621562913028,3.1024780432886184e-09,0.0,1.4823420269038934e-10,9.851263649336091e-08
random,37,728,0.5837698194859007,0.14922121711884706,0.8203277847760823,0.06896172113973083,0.34118631717427605,0.3012768510721541,-2.241888164743774,2.241888164743774,10.563363757773775,2.9977320014835145e-09,0.0,8.676903640036926e-11,1.0343826831802896e-07
random,37,729,0.5837698193952018,0.1492212170041045,0.8203277841452973,0.06896172120639403,0.3411863175040905,0.3012768570507888,-2.241888159915668,2.241888159915668,10.56268184464737,3.1402405366259967e-09,1.3877787807814457e-17,9.069889284063493e-11,1.0861018173393041e-07
random,37,730,0.5837698193003195,0.14922121688567386,0.8203277834942374,0.06896172127752524,0.34118631785601033,0.30127686251956576,-2.2418881556178114,2.2418881556178114,10.562022542587938,3.290825464335086e-09,0.0,9.488232421972498e-11,1.1404069082062694e-07
random,37,731,0.5837698192009829,0.14922121676335748,0.8203277828218161,0.06896172135334057,0.3411863182311047,0.30127686745226506,-2.241888151877684,2.241888151877684,10.561398935392639,3.4500005868504323e-09,0.0,9.93365389945211e-11,1.197427253616583e-07
random,37,732,0.5837698190969072,0.1492212166368972,0.8203277821266141,0.06896172143403881,0.34118631863035714,0.3012768718421568,-2.2418881487042546,2.2418881487042546,10.560823863566833,3.618230086699039e-09,0.0,1.0407574801973851e-10,1.257298616297412e-07
random,37,733,0.5837698189877969,0.14922121650597,0.8203277814068558,0.06896172151979998,0.3411863190546583,0.30127687570397904,-2.241888146086079,2.241888146086079,10.560308514920314,3.795918977052792e-09,0.0,1.0911027636950621e-10,1.3201635471122826e-07
random,37,734,0.58376981887335,0.1492212163701894,0.8203277806604163,0.06896172161078684,0.34118631950481343,0.30127687907350637,-2.2418881439917,2.2418881439917,10.559860995288346,3.9834194789125834e-09,0.0,1.1444689640427441e-10,1.3861717244678967e-07
random,37,735,0.5837698187532591,0.1492212162291126,0.8203277798848616,0.06896172170714984,0.34118631998156684,0.30127688200448643,-2.241888142372571,2.241888142372571,10.55948524858808,4.181052696741491e-09,0.0,1.2009093719456132e-10,1.4554803106912917e-07
random,37,736,0.5837698186272123,0.14922121608225292,0.8203277790775161,0.06896172180903488,0.34118632048564046,0.30127688456340695,-2.2418881411680607,2.2418881411680607,10.559180653348118,4.389138826474544e-09,0.0,1.2604672861016297e-10,1.5282543262258563e-07
random,37,737,0.5837698184948914,0.14922121592909415,0.820327778235542,0.06896172191659233,0.3411863210177781,0.3012768868231356,-2.241888140311544,2.241888140311544,10.55894242231511,4.608026666826545e-09,1.3877787807814457e-17,1.3232093198922712e-10,1.6046670425371492e-07
random,37,738,0.58376981835597,0.14922121576910463,0.8203277773560167,0.06896172202998578,0.34118632157878925,0.30127688885669246,-2.241888139736369,2.241888139736369,10.558762664226952,4.838114251784231e-09,0.0,1.389214299152286e-10,1.6849003946640067e-07
random,37,739,0.5837698182101101,0.14922121560174814,0.8203277764359922,0.06896172214939918,0.3411863221695839,0.3012768907322001,-2.2418881393806998,2.2418881393806998,10.558631770760037,5.079858038846737e-09,0.0,1.4585987972992598e-10,1.769145414397207e-07
random,37,740,0.5837698180569608,0.1492212154264907,0.820327775472533,0.0689617222750418,0.3411863227911975,0.3012768925095626,-2.241888139190707,2.241888139190707,10.558539759050333,5.333772707179086e-09,0.0,1.5314927104270737e-10,1.8576026851170675e-07
random,37,741,0.583769817896156,0.14922121524280318,0.8203277744627304,0.0689617224071508,0.3411863234448034,0.30127689423891435,-2.2418881391220635,2.2418881391220635,10.558477308520562,5.600425952125114e-09,0.0,1.6080481390901014e-10,1.950482819372921e-07
random,37,742,0.5837698177273115,0.1492212150501602,0.8203277734036961,0.068961722545992,0.34118632413171657,0.3012768959605232,-2.241888139140049,2.241888139140049,10.558436392279171,5.880432272083959e-09,0.0,1.688444939418332e-10,2.048006960341567e-07
random,37,743,0.5837698175500252,0.14922121484803702,0.8203277722925454,0.06896172269185935,0.34118632485339145,0.3012768977056789,-2.241888139218716,2.241888139218716,10.558410534582817,6.1744479182582055e-09,0.0,1.772862967541755e-10,2.1504073083586455e-07
random,37,744,0.5837698173638745,0.14922121463590476,0.8203277711263708,0.06896172284507379,0.34118632561141593,0.3012768994981164,-2.241888139339533,2.241888139339533,10.558394793982634,6.483168044580156e-09,0.0,1.861507614719926e-10,2.2579276737765778e-07
random,37,745,0.5837698171684165,0.1492212144132256,0.8203277699022159,0.06896172300598195,0.34118632640750485,0.3012769013556118,-2.241888139489874,2.241888139489874,10.558385582719197,6.8073255726561136e-09,0.0,1.9545798313203022e-10,2.3708240574654069e-07
random,37,746,0.5837698169631855,0.14922121417944767,0.8203277686170465,0.06896172317495491,0.3411863272434942,0.3012769032915129,-2.2418881396615644,2.2418881396615644,10.558380414716844,7.147691467479032e-09,0.0,2.052309433508981e-10,2.489365260338677e-07
random,37,747,0.5837698167476928,0.14922121393400065,0.8203277672677275,0.06896172335238743,0.3411863281213369,0.3012769053160666,-2.2418881398496247,2.2418881398496247,10.558377643953397,7.505075791777664e-09,0.0,2.154927347675084e-10,2.613833523355611e-07
random,37,748,0.5837698165214257,0.14922121367629193,0.8203277658510012,0.06896172353869737,0.3411863290431005,0.301276907437488,-2.241888140051256,2.241888140051256,10.55837622993226,7.88032936890535e-09,0.0,2.2626711615458817e-10,2.7445251995233916e-07
random,37,749,0.5837698162838453,0.1492212134057032,0.8203277643634685,0.0689617237343257,0.34118633001096654,0.3012769096627707,-2.241888140265081,2.241888140265081,10.558375546131298,8.274345609650732e-09,0.0,2.3758039979782097e-10,2.8817514594995613e-07
random,37,750,0.5837698160343857,0.1492212131215877,0.8203277628015737,0.06896172393973679,0.34118633102723256,0.3012769119982635,-2.241888140490606,2.241888140490606,10.558375234107352,8.68806265511975e-09,0.0,2.494595641167052e-10,3.025839032474539e-07
random,37,751,0.5837698157724532,0.1492212128232676,0.8203277611615907,0.06896172415541899,0.3411863320943146,0.3012769144500614,-2.2418881407278572,2.2418881407278572,10.55837510019055,9.122465501809185e-09,0.0,2.61932475709159e-10,3.1771309840982664e-07
random,37,752,0.5837698154974241,0.14922121251003206,0.8203277594396116,0.06896172438188547,0.3411863332147516,0.3012769170242552,-2.2418881409771565,2.2418881409771565,10.558375045884643,9.57858848264946e-09,0.0,2.750291105968472e-10,3.3359875333031797e-07
random,37,753,0.5837698152086436,0.14922121218113504,0.8203277576315351,0.06896172461967526,0.3411863343912104,0.3012769197270854,-2.2418881412389915,2.2418881412389915,10.55837502450031,1.0057517588630353e-08,0.0,2.887805550244593e-10,3.502786909968339e-07
random,37,754,0.5837698149054241,0.14922121183579334,0.8203277557330558,0.06896172486935448,0.34118633562649187,0.3012769225650325,-2.2418881415139422,2.2418881415139422,10.558375015554565,1.056039310446053e-08,0.0,3.0321944954891933e-10,3.677926255466756e-07
random,37,755,0.5837698145870437,0.14922121147318468,0.8203277537396533,0.06896172513151755,0.3411863369235368,0.30127692554486935,-2.2418881418026486,2.2418881418026486,10.558375010729947,1.1088412366488417e-08,0.0,3.1838043312859554e-10,3.8618225682400944e-07
random,37,756,0.5837698142527443,0.14922121109244574,0.8203277516465813,0.06896172540678862,0.3411863382854332,0.3012769286736963,-2.2418881421057923,2.2418881421057923,10.558375007089062,1.164283253852856e-08,0.0,3.3429936596718335e-10,4.054913696652099e-07
random,37,757,0.5837698139017298,0.14922121069266997,0.8203277494488566,0.0689617256958231,0.3411863397154238,0.3012769319589643,-2.241888142424095,2.241888142424095,10.558375003622565,1.2224973690418972e-08,0.0,3.510145507590323e-10,4.2576593814847044e-07
random,37,758,0.5837698135331647,0.14922121027290558,0.8203277471412465,0.06896172599930914,0.34118634121691305,0.30127693540849604,-2.2418881427583135,2.2418881427583135,10.55837500009526,1.2836221833884454e-08,0.0,3.6856506735460925e-10,4.47054235055894e-07
random,37,759,0.5837698131461714,0.14922120983215315,0.8203277447182568,0.0689617263179693,0.3411863427934759,0.3012769390305047,-2.241888143109244,2.241888143109244,10.558374996387174,1.3478032346768074e-08,0.0,3.8699332627345484e-10,4.694069468086887e-07
random,37,760,0.5837698127398284,0.14922120936936328,0.8203277421741186,0.06896172665256227,0.34118634444886586,0.3012769428336139,-2.241888143477721,2.241888143477721,10.55837499248128,1.4151933317537602e-08,0.0,4.0634295928043684e-10,4.928772941491232e-07
random,37,761,0.5837698123131684,0.14922120888343415,0.8203277395027749,0.06896172700388468,0.34118634618702437,0.30127694682687894,-2.2418881438646237,2.2418881438646237,10.558374988412005,1.485952926537602e-08,0.0,4.266600406310772e-10,5.175211588565793e-07
random,37,762,0.5837698118651755,0.1492212083732088,0.8203277366978652,0.06896172737277297,0.3411863480120895,0.3012769510198078,-2.241888144270872,2.241888144270872,10.558374984134725,1.5602504937230463e-08,0.0,4.4799286502694713e-10,5.433972167994083e-07
random,37,763,0.5837698113947828,0.14922120783747242,0.8203277337527114,0.06896172776010538,0.3411863499284066,0.3012769554223836,-2.241888144697434,2.241888144697434,10.558374979630003,1.6382629314347492e-08,0.0,4.703927247717843e-10,5.705670776393788e-07
random,37,764,0.5837698109008707,0.1492212072749495,0.8203277306603015,0.06896172816680414,0.34118635194053804,0.30127696004508836,-2.241888145145326,2.241888145145326,10.558374974886673,1.720175981488336e-08,0.0,4.939121334146535e-10,5.990954315213478e-07
random,37,765,0.5837698103822629,0.14922120668430075,0.8203277274132728,0.06896172859383749,0.34118635405327447,0.30127696489892936,-2.241888145615613,2.241888145615613,10.558374969947325,1.806184675704492e-08,0.0,5.186077123298105e-10,6.290502030974152e-07
random,37,766,0.5837698098377249,0.14922120606411993,0.8203277240038945,0.06896172904222217,0.34118635627164595,0.30127696999546266,-2.2418881461094164,2.2418881461094164,10.558374964698109,1.8964937934954965e-08,0.0,5.445380812929557e-10,6.60502713252286e-07
random,37,767,0.58376980926596,0.14922120541293044,0.8203277204240496,0.06896172951302568,0.341186358600934,0.3012769753468233,-2.2418881466279115,2.2418881466279115,10.55837495924806,1.9913183547969972e-08,0.0,5.717648576819556e-10,6.935278489149003e-07
random,37,768,0.5837698086656068,0.14922120472918188,0.8203277166652144,0.06896173000736891,0.34118636104668426,0.301276980965753,-2.2418881471723333,2.2418881471723333,10.558374953521167,2.090884131442028e-08,0.0,6.003532115883559e-10,7.282042413606453e-07
random,37,769,0.5837698080352364,0.14922120401124636,0.8203277127184403,0.06896173052642884,0.34118636361471977,0.30127698686562965,-2.2418881477439783,2.2418881477439783,10.558374947446225,2.1954281815746336e-08,0.0,6.303704225274487e-10,7.646144534286776e-07
random,37,770,0.5837698073733473,0.1492212032574146,0.8203277085743301,0.06896173107144123,0.3411863663111543,0.3012769930605011,-2.2418881483442084,2.2418881483442084,10.558374941140068,2.305199418413617e-08,0.0,6.618890990850446e-10,8.028451761001115e-07
random,37,771,0.5837698066783639,0.1492212024658918,0.8203277042230177,0.06896173164370366,0.34118636914240774,0.3012769995651173,-2.2418881489744518,2.2418881489744518,10.55837493449631,2.4204591993950828e-08,0.0,6.949834041591885e-10,8.429874349051171e-07
random,37,772,0.5837698059486315,0.14922120163479347,0.820327699654143,0.06896173224457855,0.3411863721152206,0.30127700639496513,-2.2418881496362104,2.2418881496362104,10.558374927494052,2.5414819514315135e-08,0.0,7.297323856292337e-10,8.851368066503731e-07
random,37,773,0.5837698051824126,0.14922120076214093,0.8203276948568284,0.06896173287549649,0.34118637523667067,0.3012770135663066,-2.2418881503310604,2.2418881503310604,10.558374920168228,2.6685558181492757e-08,0.0,7.662188661328173e-10,9.293936469828918e-07
random,37,774,0.583769804377883,0.14922119984585652,0.8203276898196522,0.06896173353795954,0.3411863785141893,0.3012770210962167,-2.241888151060656,2.241888151060656,10.55837491249018,2.801983355173275e-08,0.0,8.04529665110465e-10,9.758633293320364e-07
random,37,775,0.5837698035331269,0.1492211988837587,0.8203276845306217,0.06896173423354486,0.3411863819555796,0.30127702900262326,-2.241888151826735,2.241888151826735,10.558374904362012,2.942082243202393e-08,0.0,8.447560428948009e-10,1.0246564957986383e-06
random,37,776,0.5837698026461332,0.14922119787355692,0.8203276789771448,0.06896173496390852,0.34118638556903474,0.30127703730435235,-2.241888152631122,2.241888152631122,10.558374895918064,3.0891860464208464e-08,0.0,8.869937007105477e-10,1.0758893205885703e-06
random,37,777,0.58376980171479,0.14922119681284604,0.8203276731459994,0.06896173573078929,0.3411863893631573,0.30127704602116906,-2.241888153475733,2.241888153475733,10.558374886961829,3.2436450082037065e-08,0.0,9.313432247637365e-10,1.1296837866179988e-06
random,37,778,0.58376980073688,0.14922119569910075,0.820327667023303,0.06896173653601294,0.34118639334698037,0.30127705517382897,-2.2418881543625795,2.2418881543625795,10.558374877639752,3.4058268839150974e-08,0.0,9.779099752194043e-10,1.1861679759488988e-06
random,37,779,0.5837697997100747,0.14922119452966945,0.8203276605944787,0.0689617373814965,0.3411863975299882,0.3012770647841237,-2.241888155293774,2.241888155293774,10.558374867793644,3.576117814835588e-08,0.0,1.0268053074469208e-09,1.2454763747463438e-06
random,37,780,0.5837697986319293,0.14922119330176792,0.8203276538442205,0.06896173826925284,0.34118640192213956,0.301277074874936,-2.241888156271534,2.241888156271534,10.558374857507367,3.7549232495166754e-08,0.0,1.0781453507746619e-09,1.3077501934836612e-06
random,37,781,0.583769797499877,0.1492211920124728,0.8203276467564576,0.06896173920139542,0.3411864065338907,0.30127708547029053,-2.24188815729819,2.24188815729819,10.55837484660538,3.94266890747682e-08,0.0,1.1320523407576388e-09,1.3731377031578443e-06
random,37,782,0.5837697963112225,0.14922119065871456,0.8203276393143155,0.06896174018014344,0.34118641137622097,0.3012770965954176,-2.2418881583761836,2.2418881583761836,10.558374835352245,4.1398017997453194e-08,0.0,1.1886545081551958e-09,1.4417945883157366e-06
random,37,783,0.5837697950631354,0.14922118923727026,0.8203276315000766,0.06896174120782696,0.3411864164606584,0.30127710827680004,-2.2418881595080897,2.2418881595080897,10.558374823166211,4.3467912781862624e-08,0.0,1.2480870781317321e-09,1.5138843177315235e-06
random,37,784,0.5837697937526445,0.1492211877447557,0.8203276232951363,0.06896174228689256,0.3411864217993073,0.3012771205422644,-2.2418881606965906,2.2418881606965906,10.55837481114861,4.5641301680604226e-08,0.0,1.3104909379890728e-09,1.5895785336180998e-06
random,37,785,0.5837697923766295,0.1492211861776177,0.8203276146799617,0.06896174341990918,0.34118642740487753,0.3012771334209837,-2.241888161944548,2.241888161944548,10.558374796803918,4.792335934008136e-08,0.0,1.37601496863482e-09,1.6690574602990048e-06
random,37,786,0.5837697909318141,0.1492211845321251,0.820327605634041,0.06896174460957404,0.34118643329071335,0.30127714694369895,-2.2418881632548615,2.2418881632548615,10.558374785804071,5.031951912055855e-08,0.0,1.4448153784485385e-09,1.7525103333139551e-06
random,37,787,0.5837697894147585,0.14922118280436092,0.8203275961358409,0.06896174585871953,0.34118643947082816,0.30127716114240427,-2.2418881646308453,2.2418881646308453,10.55837476402436,5.2835486044442177e-08,0.0,1.517055592259453e-09,1.840135849979653e-06
random,37,788,0.5837697878218508,0.14922118099021042,0.8203275861627414,0.06896174717031864,0.34118644595993053,0.30127717605148446,-2.241888166075227,2.241888166075227,10.558374768770854,5.5477250397891445e-08,0.0,1.5929076946363807e-09,1.932142642478636e-06
random,37,789,0.5837697861492983,0.14922117908535892,0.8203275756910227,0.06896174854749614,0.3411864527734803,0.30127719170468104,-2.2418881675931264,2.2418881675931264,10.558374693916099,5.825110194893122e-08,0.0,1.6725525409100328e-09,2.028749774602568e-06
random,37,790,0.5837697843931188,0.14922117708525767,0.8203275646956786,0.0689617499935228,0.3411864599276595,0.3012772081449787,-2.2418881691826975,2.2418881691826975,10.558374862140521,6.116364494608025e-08,1.3877787807814457e-17,1.7561795351284104e-09,2.1301872633326963e-06
random,37,791,0.5837697825491313,0.14922117498519327,0.8203275531507978,0.06896175151186766,0.3411864674396311,0.30127722539167934,-2.241888170866696,2.241888170866696,10.558374223900275,6.422181386330763e-08,0.0,1.8439875182352239e-09,2.2366966264993314e-06
random,37,792,0.5837697806129449,0.1492211727799877,0.8203275410279144,0.06896175310604642,0.341186475326789,0.3012772435593336,-2.241888172578882,2.241888172578882,10.558376423313476,6.743288991986572e-08,0.0,1.9361863223821274e-09,2.348531457824298e-06
random,37,793,0.5837697785799506,0.14922117046509537,0.8203275283020398,0.06896175478024408,0.3411864836098382,0.3012772624011597,-2.2418881746006125,2.2418881746006125,10.558367962225637,7.080451932740308e-08,1.3877787807814457e-17,2.0329943284380647e-09,2.4659580307155126e-06
random,37,794,0.5837697764453094,0.1492211680320489,0.8203275149266254,0.06896175653680861,0.34118649230039544,0.301277283179904,-2.2418881757723996,2.2418881757723996,10.55840208142984,7.43447473177046e-08,0.0,2.1346412415468308e-09,2.5892559322512886e-06
random,37,795,0.5837697742039788,0.1492211654883124,0.8203275009427043,0.06896175838726361,0.3411865014554733,0.30127730048899626,-2.2418881813128357,2.2418881813128357,10.55825454523793,7.806236815501936e-08,0.0,2.2413305655888394e-09,2.718718728863853e-06
random,37,796,0.5837697718516428,0.1492211627658308,0.820327485976151,0.06896176030167504,0.34118651092697394,0.3012773400080294,-2.2418881667203703,2.2418881667203703,10.558915821805222,8.19740877511276e-08,0.0,2.3523359926613807e-09,2.8546546653070458e-06
random,37,797,0.5837697694069567,0.14922116020090365,0.8203274718757365,0.06896176247445213,0.3411865216767319,0.3012772630722469,-2.2418882645068043,2.2418882645068043,10.555332133432632,8.63643328638789e-08,0.0,2.4446861202065406e-09,2.9973873985723983e-06
random,37,798,0.5837697668169505,0.1492211568947193,0.8203274537003393,0.06896176441633395,0.34118653128414156,0.3012774324709992,-2.2418881281112,2.2418881281112,10.568164405648885,9.09343536195915e-08,0.0,2.590006209501894e-09,3.1472567685010185e-06
random,37,799,0.5837697667826549,0.14922115713416403,0.8203274550166614,0.06896176464558922,0.34118653241837604,0.30127730651361095,-2.2418882522091392,2.2418882522091392,10.467196795448958,8.305212335921233e-09,0.0,3.429556638678832e-11,1.0326936271643967e-07
random,37,800,0.5837697666177574,0.14922115693651994,0.820327453930134,0.06896176469328057,0.34118653265432775,0.301277332552657,-2.2418882254614894,2.2418882254614894,10.56661769642241,3.431299749049031e-09,0.0,1.648975400669883e-10,1.0843283085226166e-07
random,37,801,0.5837697665216343,0.1492211568114335,0.8203274532424845,0.06896176476049254,0.34118653298685725,0.3012773406963369,-2.2418882186110967,2.2418882186110967,10.564232457850922,3.3110450267980923e-09,0.0,9.612310947204605e-11,1.1385447239487476e-07
random,37,802,0.583769766421336,0.1492211566827483,0.8203274525350512,0.06896176483253591,0.34118653334328997,0.30127734821654834,-2.241888212400709,2.241888212400709,10.563416599717085,3.465246409764928e-09,1.3877787807814457e-17,1.0029821417845142e-10,1.195471960146185e-07
random,37,803,0.5837697663165691,0.14922115655035326,0.8203274518072237,0.06896176490969039,0.3411865337250097,0.3012773550452365,-2.24188820689796,2.24188820689796,10.562619857068144,3.6285543505441157e-09,0.0,1.0476697287487013e-10,1.2552455581534942e-07
random,37,804,0.5837697662070128,0.14922115641406522,0.8203274510579946,0.0689617649922128,0.3411865341332872,0.30127736113718273,-2.241888202148833,2.241888202148833,10.56186076200312,3.8016656915265885e-09,0.0,1.0955625295849813e-10,1.318007836061169e-07
random,37,805,0.5837697660923276,0.1492211562736125,0.8203274502858706,0.06896176508032886,0.3411865345692391,0.3012773664772701,-2.2418881981706846,2.2418881981706846,10.561158558054787,3.985180978629592e-09,1.3877787807814457e-17,1.1468526128766143e-10,1.3839082278642276e-07
random,37,806,0.5837697659721625,0.14922115612862527,0.8203274494888189,0.06896176517422879,0.3411865350338066,0.3012773710849732,-2.241888194947925,2.241888194947925,10.56053082467654,4.179572808224296e-09,1.3877787807814457e-17,1.2016510009260628e-10,1.453103639257439e-07
random,37,807,0.5837697658461615,0.14922115597863708,0.8203274486642748,0.06896176527406897,0.34118653552776324,0.30127737501425544,-2.2418881924320853,2.2418881924320853,10.559990782575507,4.38518898792509e-09,0.0,1.2600098742154842e-10,1.525758821220311e-07
random,37,808,0.5837697657139692,0.14922115582309847,0.8203274478092177,0.0689617653799806,0.34118653605175825,0.3012773783481157,-2.2418881905470176,2.2418881905470176,10.559545076468314,4.6022936231560855e-09,0.0,1.3219225714067306e-10,1.6020467622813267e-07
random,37,809,0.5837697655752304,0.1492211556614006,0.8203274469203008,0.06896176549208373,0.3411865366063856,0.30127738118872577,-2.2418881891983236,2.2418881891983236,10.5591928485977,4.831131255746555e-09,0.0,1.3873879822767776e-10,1.682149100395393e-07
random,37,810,0.5837697654295889,0.14922115549290266,0.8203274459940013,0.06896176561050356,0.3411865371922646,0.3012773836455951,-2.2418881882846815,2.2418881882846815,10.558926467583921,5.07198875603858e-09,0.0,1.456414988609822e-10,1.7662565554151626e-07
random,37,811,0.5837697652766821,0.14922115531695673,0.8203274450267573,0.06896176573538546,0.34118653781011454,0.3012773858246275,-2.241888187708333,2.241888187708333,10.558733589178779,5.325234690344249e-09,0.0,1.5290679833412923e-10,1.854569383185921e-07
random,37,812,0.5837697651161379,0.14922115513292544,0.8203274440150649,0.06896176586690568,0.34118653846080743,0.3012773878201808,-2.2418881873826964,2.2418881873826964,10.558599744357506,5.591331124278389e-09,0.0,1.605442445651306e-10,1.947297852345217e-07
random,37,813,0.5837697649475697,0.14922115494019028,0.8203274429555237,0.06896176600527754,0.34118653914539854,0.30127738971086815,-2.2418881872364023,2.2418881872364023,10.558510638056216,5.870826158326922e-09,0.0,1.68568159431004e-10,2.044662744962478e-07
random,37,814,0.5837697647705745,0.14922115473815234,0.8203274418448416,0.06896176615075289,0.3411865398651341,0.301277391558666,-2.2418881872141654,2.2418881872141654,10.55845369013294,6.16433877661013e-09,0.0,1.769951962771188e-10,2.1468958822106018e-07
random,37,815,0.58376976458473,0.1492211545262277,0.8203274406798085,0.06896176630362112,0.34118654062144566,0.30127739341029414,-2.2418881872754772,2.2418881872754772,10.558418753655463,6.4725450289720274e-09,0.0,1.85844561961801e-10,2.254240676321132e-07
random,37,816,0.5837697643895935,0.14922115430383978,0.8203274394572545,0.06896176646420635,0.3411865414159369,0.30127739529978315,-2.241888187392167,2.241888187392167,10.558398199130481,6.7961685454368806e-09,0.0,1.9513646254409878e-10,2.3669527101371888e-07
random,37,817,0.5837697641847002,0.1492211540704111,0.8203274381740051,0.06896176663286428,0.3411865422503676,0.30127739725138525,-2.241888187545629,2.241888187545629,10.558386622917695,7.135975691374953e-09,0.0,2.0489332452910958e-10,2.485300345644048e-07
random,37,818,0.5837697639695621,0.14922115382535533,0.8203274368268371,0.06896176680997965,0.34118654312664126,0.30127739928229985,-2.2418881877242285,2.2418881877242285,10.558380399008598,7.492773982933418e-09,0.0,2.1513801851114067e-10,2.6095653629262506e-07
random,37,819,0.5837697637436673,0.1492211535680707,0.8203274354124421,0.06896176699596389,0.34118654404679344,0.3012774014049543,-2.2418881879211323,2.2418881879211323,10.558377216094504,7.867412396499603e-09,0.0,2.2589485837443135e-10,2.7400436310725633e-07
random,37,820,0.5837697635064778,0.14922115329793398,0.8203274339273943,0.06896176719125396,0.341186545012986,0.30127740362875893,-2.241888188132645,2.241888188132645,10.558375674653332,8.260782774522035e-09,0.0,2.3718949027085046e-10,2.8770458126261913e-07
random,37,821,0.5837697632574287,0.14922115301429628,0.8203274323681261,0.0689617673963117,0.3411865460275038,0.3012774059613714,-2.241888188357011,2.241888188357011,10.558374971364106,8.673821674149717e-09,0.0,2.490491146645013e-10,3.020898103257501e-07
random,37,822,0.5837697629959272,0.14922115271647937,0.8203274307309093,0.06896176761162366,0.34118654709275414,0.30127740840955014,-2.241888188593614,2.241888188593614,10.558374670597075,9.107512489259408e-09,0.0,2.615014871309995e-10,3.171943008420376e-07
random,37,823,0.5837697627213506,0.14922115240377276,0.820327429011838,0.06896176783770172,0.3411865482112694,0.3012774109796973,-2.2418881888424687,2.2418881888424687,10.558374550356648,9.562887812064252e-09,0.0,2.7457658369201e-10,3.330540158841395e-07
random,37,824,0.5837697624330453,0.14922115207543135,0.820327427206816,0.0689617680750838,0.34118654938571114,0.3012774136781846,-2.2418881891039257,2.2418881891039257,10.558374505083501,1.0041031875893125e-08,0.0,2.883052685476173e-10,3.4970671667834647e-07
random,37,825,0.5837697621303247,0.14922115173067307,0.820327425311544,0.06896176832433495,0.34118655061887465,0.30127741651153916,-2.241888189378512,2.241888189378512,10.558374488282723,1.0543083113857858e-08,0.0,3.0272062634395525e-10,3.671920525122638e-07
random,37,826,0.5837697618124681,0.14922115136867709,0.8203274233215094,0.06896176858604856,0.3411865519136959,0.3012774194865439,-2.2418881896668448,2.2418881896668448,10.558374481187288,1.1070236867557282e-08,0.0,3.178566299055774e-10,3.85551655137877e-07
random,37,827,0.5837697614787186,0.1492211509885814,0.8203274212319739,0.06896176886084773,0.34118655327325764,0.3012774226102945,-2.241888189969599,2.241888189969599,10.558374476982374,1.1623748271202615e-08,0.0,3.337494725030865e-10,4.0482923789477087e-07
random,37,828,0.5837697611282818,0.1492211505894811,0.8203274190379624,0.0689617691493867,0.3411865547007967,0.3012774258902319,-2.2418881902874923,2.2418881902874923,10.5583744734222,1.2204935207530647e-08,0.0,3.504367906970174e-10,4.2507069978950943e-07
random,37,829,0.5837697607603232,0.14922115017042592,0.820327416734251,0.06896176945235247,0.3411865561997119,0.30127742933416624,-2.2418881906212813,2.2418881906212813,10.558374469855874,1.2815181428966485e-08,0.0,3.67958663538559e-10,4.463242347789849e-07
random,37,830,0.5837697603739666,0.14922114973041817,0.8203274143153552,0.06896176977046635,0.34118655777357204,0.30127743295029746,-2.2418881909717605,2.2418881909717605,10.558374466145228,1.3455939929671542e-08,0.0,3.863566133688323e-10,4.686404465179342e-07
random,37,831,0.5837697599682923,0.14922114926841024,0.8203274117755156,0.0689617701044857,0.3411865594261241,0.3012774367472357,-2.2418881913397652,2.2418881913397652,10.558374462273894,1.412873627998699e-08,0.0,4.056742719527051e-10,4.920724688438309e-07
random,37,832,0.5837697595423341,0.14922114878330212,0.8203274091086853,0.06896177045520581,0.34118656116130264,0.30127744073402113,-2.241888191726171,2.241888191726171,10.55837445820116,1.4835172380486332e-08,0.0,4.259581576349092e-10,5.166760922860225e-07
random,37,833,0.5837697590950782,0.1492211482739388,0.8203274063085145,0.0689617708234617,0.341186562983239,0.30127744492014635,-2.2418881921318974,2.2418881921318974,10.558374453913997,1.5576930219832087e-08,0.0,4.4725589898320095e-10,5.425098969003237e-07
random,37,834,0.5837697586254597,0.1492211477391076,0.820327403368337,0.0689617712101301,0.3411865648962709,0.3012774493155782,-2.241888192557912,2.241888192557912,10.558374449420523,1.6355775866161908e-08,0.0,4.696185662567132e-10,5.696353917453399e-07
random,37,835,0.5837697581323601,0.1492211471775351,0.8203274002811517,0.06896177161613161,0.3411865669049528,0.3012774539307823,-2.2418881930052277,2.2418881930052277,10.55837444471699,1.7173563703010183e-08,0.0,4.930995611829303e-10,5.98117161332607e-07
random,37,836,0.5837697576146058,0.14922114658788432,0.8203273970396093,0.0689617720424329,0.3411865690140673,0.3012774587767469,-2.2418881934749115,2.2418881934749115,10.558374439731848,1.803224084399576e-08,0.0,5.177542838907812e-10,6.280230193992374e-07
random,37,837,0.5837697570709636,0.1492211459687513,0.8203273936359913,0.06896177249004887,0.3411865712286356,0.3012774638650104,-2.2418881939680806,2.2418881939680806,10.558374434554018,1.8933851725337892e-08,0.0,5.436422423343856e-10,6.594241703691992e-07
random,37,838,0.5837697565001394,0.14922114531866204,0.8203273900621947,0.06896177296004526,0.3411865735539305,0.3012774692076878,-2.24188819448591,2.24188819448591,10.558374429084866,1.988054303517901e-08,0.0,5.708241657131907e-10,6.923953788876592e-07
random,37,839,0.5837697559007742,0.14922114463606875,0.8203273863097106,0.06896177345354103,0.34118657599548796,0.30127747481749967,-2.2418881950296328,2.2418881950296328,10.558374423361077,2.0874568777159497e-08,0.0,5.993652241187419e-10,7.270151478320421e-07
random,37,840,0.5837697552714409,0.14922114391934624,0.8203273823696047,0.0689617739717111,0.34118657855912093,0.30127748070780325,-2.241888195600543,2.241888195600543,10.558374417335727,2.1918295668785944e-08,1.3877787807814457e-17,6.293332521778439e-10,7.633659052236443e-07
random,37,841,0.583769754610641,0.1492211431667881,0.8203273782324964,0.06896177451578916,0.34118658125093293,0.30127748689262235,-2.241888196200002,2.241888196200002,10.558374410990824,2.3014208730059064e-08,0.0,6.607999702978873e-10,8.015342004848266e-07
random,37,842,0.583769753916801,0.14922114237660264,0.8203273738885357,0.06896177508707053,0.3411865840773326,0.301277493386684,-2.241888196829436,2.241888196829436,10.558374404403274,2.416491728920921e-08,0.0,6.93839985466127e-10,8.41610910509068e-07
random,37,843,0.5837697531882693,0.14922114154690852,0.8203273693273805,0.06896177568691533,0.3411865870450491,0.3012775002054493,-2.2418881974903453,2.2418881974903453,10.55837439738133,2.5373161068646548e-08,0.0,7.285316794281016e-10,8.836914560345214e-07
random,37,844,0.5837697524233111,0.1492211406757304,0.8203273645381712,0.06896177631675166,0.3411865901611479,0.3012775073651544,-2.241888198184302,2.241888198184302,10.55837439009905,2.664181683172511e-08,0.0,7.649582078883554e-10,9.278760288362475e-07
random,37,845,0.583769751620105,0.14922113976099405,0.8203273595095054,0.06896177697807901,0.34118659343304775,0.3012775148828456,-2.2418881989129607,2.2418881989129607,10.55837438237172,2.797390514589941e-08,0.0,8.032060572205069e-10,9.7426983027806e-07
random,37,846,0.583769750776739,0.1492211388005218,0.8203273542294113,0.06896177767247189,0.34118659686853836,0.30127752277642345,-2.2418881996780553,2.2418881996780553,10.558374374368311,2.9372597602494497e-08,0.0,8.433660436679702e-10,1.022983321791963e-06
random,37,847,0.5837697498912049,0.1492211377920268,0.8203273486853172,0.06896177840158345,0.34118660047579885,0.30127753106468114,-2.2418882004814096,2.2418882004814096,10.55837436583366,3.084122441515323e-08,0.0,8.85534090500073e-10,1.0741324878815612e-06
random,37,848,0.583769748961394,0.14922113673310805,0.8203273428640239,0.06896177916714955,0.3411866042634171,0.30127753976735405,-2.2418882013249357,2.2418882013249357,10.55837435699135,3.2383282247630476e-08,0.0,9.298108949451489e-10,1.1278391122756394e-06
random,37,849,0.5837697479850931,0.1492211356212445,0.8203273367516722,0.06896177997099277,0.3411866082404105,0.3012775489051618,-2.2418882022106437,2.2418882022106437,10.55837434759459,3.4002442621881006e-08,0.0,9.76300928989815e-10,1.1842310678894214e-06
random,37,850,0.5837697469599772,0.149221134453789,0.8203273303337096,0.06896178081502691,0.3411866124162474,0.3012775584998634,-2.2418882031406415,2.2418882031406415,10.558374337872822,3.5702560643192454e-08,0.0,1.0251158810703487e-09,1.2434426212838926e-06
random,37,851,0.5837697458836058,0.14922113322796207,0.8203273235948564,0.06896178170126134,0.34118661680086915,0.30127756857430016,-2.2418882041171466,2.2418882041171466,10.55837432742967,3.748768413297334e-08,0.0,1.0763714364259158e-09,1.3056147523480873e-06
random,37,852,0.5837697447534161,0.1492211319408453,0.8203273165190687,0.06896178263180593,0.34118662140471423,0.301277579152465,-2.241888205142481,2.241888205142481,10.558374316855488,3.936206333736935e-08,0.0,1.1301896085669227e-09,1.3708954899654917e-06
random,37,853,0.5837697435667173,0.14922113058937433,0.8203273090895006,0.06896178360887607,0.3411866262387433,0.3012775902595344,-2.241888206219096,2.241888206219096,10.55837430509191,4.133016098295372e-08,1.3877787807814457e-17,1.1866988502973186e-09,1.4394402644637663e-06
random,37,854,0.5837697423206838,0.1492211291703316,0.820327301288464,0.0689617846347978,0.3411866313144643,0.30127760192197317,-2.241888207349537,2.241888207349537,10.55837429393152,4.339666294144726e-08,0.0,1.246033498603083e-09,1.5114122776869547e-06
random,37,855,0.5837697410123491,0.1492211276803388,0.8203272930973868,0.06896178571201358,0.3411866366439613,0.30127761416751003,-2.241888208536535,2.241888208536535,10.558374279881193,4.5566489387889275e-08,0.0,1.3083346628306458e-09,1.5869828915713026e-06
random,37,856,0.5837697396385981,0.14922112611584837,0.820327284496767,0.06896178684308779,0.34118664223992146,0.3012776270253912,-2.2418882097828328,2.2418882097828328,10.558374270135289,4.784480646146755e-08,0.0,1.3737510018430044e-09,1.6663320361498679e-06
random,37,857,0.58376973819616,0.14922112447313624,0.8203272754661316,0.0689617880307134,0.3411866481156682,0.3012776405260107,-2.2418882110916085,2.2418882110916085,10.558374248214928,5.0237038640288623e-08,0.0,1.442438168908211e-09,1.7496486379573614e-06
random,37,858,0.5837697366816004,0.14922112274829014,0.8203272659839734,0.06896178927771691,0.3411866542851856,0.30127765470209683,-2.241888212465424,2.241888212465424,10.558374254570785,5.274888158311978e-08,0.0,1.5145595888554908e-09,1.8371310698552296e-06
random,37,859,0.5837697350913137,0.14922112093720774,0.8203272560277405,0.06896179058706922,0.34118666076317195,0.3012776695857491,-2.241888213909131,2.241888213909131,10.558374182078497,5.538631574269047e-08,1.3877787807814457e-17,1.5902866801198456e-09,1.928987623347991e-06
random,37,860,0.5837697334215132,0.14922111903556512,0.8203272455736622,0.06896179196188061,0.3411866675650155,0.3012776852174241,-2.2418882154213726,2.2418882154213726,10.55837433436243,5.815562061882068e-08,0.0,1.669800520076592e-09,2.0254370045153904e-06
random,37,861,0.5837697316682233,0.14922111703887467,0.8203272345970686,0.06896179340544584,0.34118667470701675,0.3012777016180588,-2.2418882170213172,2.2418882170213172,10.55837378977275,6.106338960989676e-08,0.0,1.753289846639916e-09,2.1267088547411602e-06
random,37,862,0.5837697298272696,0.14922111494224585,0.8203272230710745,0.06896179492112553,0.3411866822058025,0.30127771888311017,-2.2418882186588514,2.2418882186588514,10.558375538375495,6.411654585411383e-08,0.0,1.8409537227981332e-09,2.2330442974782184e-06
random,37,863,0.5837697278942692,0.14922111274119348,0.820327210971023,0.06896179651280815,0.3411866900806108,0.30127773684522535,-2.241888220537165,2.241888220537165,10.55836922017968,6.732235908853757e-08,0.0,1.933000426390663e-09,2.3446965123521296e-06
random,37,864,0.5837697258646205,0.14922111042848557,0.8203271982571569,0.06896179818317946,0.3411866983447293,0.30127775636774023,-2.241888221876268,2.241888221876268,10.558393105929452,7.068846987030156e-08,0.0,2.029648671353357e-09,2.461931337969736e-06
random,37,865,0.5837697237335057,0.1492211080069848,0.8203271849452137,0.06896179994085068,0.3411867070407618,0.3012777740517846,-2.241888225973042,2.241888225973042,10.558296268217887,7.422303546717542e-08,0.0,2.131114840153714e-09,2.585027904868223e-06
random,37,866,0.5837697214961739,0.14922110543394765,0.8203271708002154,0.068961801769525,0.3411867160880803,0.3012778052026032,-2.2418882182442843,2.2418882182442843,10.558707164330222,7.793725564165445e-08,0.0,2.2373317642987445e-09,2.714279300111634e-06
random,37,867,0.5837697191544641,0.1492211028871241,0.8203271567993236,0.0689618037753956,0.34118672601207284,0.3012777748765851,-2.2418882703569563,2.2418882703569563,10.55671894792047,8.191542407095496e-08,0.0,2.3417098260480884e-09,2.849993265117216e-06
random,37,868,0.5837697167114259,0.14922109983218854,0.82032714000514,0.06896180567065703,0.3411867353888293,0.3012779014441183,-2.2418881735663927,2.2418881735663927,10.564437912666754,8.621427312473903e-08,0.0,2.4430382161710895e-09,2.992492928373077e-06
random,37,869,0.5837697166753936,0.14922110005986758,0.8203271412567813,0.06896180588863339,0.34118673646726166,0.30127778133720895,-2.2418882919052976,2.2418882919052976,10.467195808368194,7.896849096998629e-09,0.0,3.6032288264209456e-11,9.819117421224159e-08
random,37,870,0.5837697165194863,0.14922109987341559,0.8203271402317813,0.06896180593478839,0.34118673669561234,0.30127780557894757,-2.24188826696319,2.24188826696319,10.56609262766255,3.2541197775225153e-09,0.0,1.5590728708048118e-10,1.0310073292285367e-07
random,37,871,0.5837697164284116,0.14922109975583353,0.8203271395853865,0.06896180599943619,0.34118673701545565,0.3012778127990492,-2.241888260948386,2.241888260948386,10.563774608491665,3.1422624059351613e-09,0.0,9.107470333447054e-11,1.0825576956899636e-07
random,37,872,0.5837697163332883,0.1492210996346779,0.8203271389193462,0.06896180606859331,0.34118673735760874,0.30127781948109,-2.2418882554901227,2.2418882554901227,10.563029859917403,3.29026751905802e-09,0.0,9.512324261606864e-11,1.1366855804744619e-07
random,37,873,0.583769716233845,0.1492210995098171,0.8203271382329372,0.06896180614251127,0.34118673772331587,0.3012778255718418,-2.2418882506417015,2.2418882506417015,10.562306424725305,3.4468219229051482e-09,0.0,9.944334244949005e-11,1.193519859498185e-07
random,37,874,0.5837697161297882,0.14922109938105865,0.8203271375251013,0.06896180622142412,0.3411867381137351,0.3012778310370071,-2.2418882464384775,2.2418882464384775,10.561619836284285,3.6125158702908304e-09,0.0,1.0405676320601742e-10,1.2531958524730944e-07
random,37,875,0.5837697160208094,0.1492210992481376,0.820327136794382,0.06896180630554277,0.34118673852991,0.3012778358663417,-2.241888242892945,2.241888242892945,10.560985749016812,3.787870077672117e-09,0.0,1.0897882596339059e-10,1.3158556450967492e-07
random,37,876,0.5837697159065882,0.14922109911070994,0.8203271360388881,0.06896180639505228,0.341186738972756,0.30127784007661906,-2.2418882399918862,2.2418882399918862,10.560418115478893,3.973318189521537e-09,0.0,1.1422118806336812e-10,1.3816484273515866e-07
random,37,877,0.5837697157867989,0.14922109896835423,0.8203271352563026,0.06896180649011355,0.3411867394430691,0.3012778437113044,-2.241888237696662,2.241888237696662,10.559927238645718,4.169212445999193e-09,0.0,1.1978928959877067e-10,1.450730848719166e-07
random,37,878,0.5837697156611126,0.14922109882058135,0.820327134443937,0.06896180659086974,0.34118673994155774,0.3012778468365257,-2.241888235947054,2.241888235947054,10.559518237130131,4.375853055489884e-09,0.0,1.2568635021636965e-10,1.5232673911551244e-07
random,37,879,0.5837697155291975,0.14922109866685127,0.8203271335988221,0.06896180669745652,0.3411867404688931,0.3012778495339912,-2.241888234668041,2.241888234668041,10.559190432986057,4.593531667356617e-09,0.0,1.3191503445142416e-10,1.5994307607128807e-07
random,37,880,0.583769715390718,0.1492210985065929,0.8203271327178189,0.06896180681001411,0.3411867410257688,0.3012778518924129,-2.241888233778004,2.241888233778004,10.55893787665998,4.82257346553607e-09,0.0,1.384795611514278e-10,1.679402298748525e-07
random,37,881,0.5837697152453307,0.1492210983392226,0.8203271317977183,0.06896180692869852,0.3411867416129568,0.30127785399931445,-2.241888233196579,2.241888233196579,10.558750801692886,5.063365527498714e-09,0.0,1.4538725778834305e-10,1.7633724136859512e-07
random,37,882,0.5837697150926819,0.1492210981641579,0.8203271308353188,0.06896180705369048,0.34118674223135126,0.3012778559346932,-2.241888232850733,2.241888232850733,10.558617498206653,5.316367649170767e-09,0.0,1.5264878250320635e-10,1.851541034370249e-07
random,37,883,0.5837697149324046,0.1492210979808256,0.820327129827469,0.06896180718520097,0.34118674288199596,0.3012778577672101,-2.2418882326784253,2.2418882326784253,10.558526061903553,5.582109651438431e-09,0.0,1.6027734695001072e-10,1.9441180860887616e-07
random,37,884,0.5837697147641147,0.14922109778866344,0.8203271287710779,0.06896180732347344,0.34118674356609546,0.3012778595527948,-2.2418882326299583,2.2418882326299583,10.558465665436248,5.861182440357216e-09,0.0,1.6828993754103294e-10,2.0413239903931997e-07
random,37,885,0.583769714587411,0.14922109758711816,0.8203271276631041,0.06896180746878407,0.34118674428501594,0.3012778613350891,-2.241888232667561,2.241888232667561,10.55842725435306,6.154228479218566e-09,0.0,1.7670365171085223e-10,2.1433901899128598e-07
random,37,886,0.5837697144018722,0.1492210973756401,0.820327126500526,0.06896180762144022,0.3411867450402783,0.3012778631470119,-2.2418882327639125,2.2418882327639125,10.55840375263937,6.461935006902679e-09,0.0,1.8553880654081922e-10,2.2505596994085028e-07
random,37,887,0.5837697142070566,0.14922109715367732,0.8203271252803092,0.06896180778177848,0.34118674583354763,0.30127786501281784,-2.2418882329001786,2.2418882329001786,10.558389940368615,6.785029996230143e-09,0.0,1.948156080899821e-10,2.363087684378928e-07
random,37,888,0.5837697140025002,0.1492210969206692,0.8203271239993718,0.06896180795016281,0.34118674666662474,0.3012778669502024,-2.241888233064015,2.241888233064015,10.558382160866014,7.124280823783383e-09,0.0,2.0455637184113584e-10,2.4812420685978745e-07
random,37,889,0.5837697137877162,0.1492210966760405,0.8203271226545515,0.0689618081269828,0.341186747541437,0.30127786897219133,-2.2418882332477685,2.2418882332477685,10.558377974634977,7.480494538938601e-09,0.0,2.147839683885877e-10,2.605304172027768e-07
random,37,890,0.5837697135621929,0.14922109641919643,0.8203271212425786,0.06896180831265258,0.34118674846003344,0.3012778710886871,-2.2418882334470123,2.2418882334470123,10.558375830573198,7.854519033595562e-09,0.0,2.2552337775039177e-10,2.735569380629157e-07
random,37,891,0.5837697133253933,0.14922109614951834,0.8203271197600519,0.06896180850761031,0.3411867494245817,0.3012778733076521,-2.2418882336594272,2.2418882336594272,10.558374790057163,8.247244764075058e-09,0.0,2.367995799446021e-10,2.8723478496606146e-07
random,37,892,0.583769713076754,0.14922109586636037,0.8203271182034211,0.06896180871231802,0.3411867504373678,0.30127787563595776,-2.2418882338839996,2.2418882338839996,10.558374313874133,8.659606760795869e-09,0.0,2.4863933134611216e-10,3.0159652421436455e-07
random,37,893,0.5837697128156826,0.14922109556904628,0.8203271165689684,0.068961808927262,0.3411867515007975,0.30127787807995865,-2.2418882341204895,2.2418882341204895,10.558374109260972,9.092586823071632e-09,0.0,2.6107138673125974e-10,3.166763504250828e-07
random,37,894,0.5837697125415576,0.14922109525686733,0.8203271148527979,0.06896180915295348,0.3411867526174002,0.30127788064586075,-2.2418882343690902,2.2418882343690902,10.558374026731988,9.547215877500542e-09,0.0,2.741249449655925e-10,3.3251016794633695e-07
random,37,895,0.5837697122537264,0.1492210949290798,0.8203271130508207,0.06896180938992957,0.34118675378983326,0.3012778833399442,-2.2418882346302307,2.2418882346302307,10.558373994985782,1.0024576341293896e-08,0.0,2.8783120331610235e-10,3.491356763436538e-07
random,37,896,0.5837697119515038,0.14922109458490312,0.820327111158746,0.06896180963875442,0.34118675502088774,0.30127788616869283,-2.241888234904466,2.241888234904466,10.55837398259039,1.0525804804823057e-08,0.0,3.022225802951084e-10,3.665924601608365e-07
random,37,897,0.5837697116341699,0.1492210942235177,0.8203271091720681,0.06896180990002043,0.3411867563134945,0.30127788913886694,-2.241888235192425,2.241888235192425,10.558373976769767,1.1052094650784546e-08,0.0,3.1733393690558387e-10,3.849220831688783e-07
random,37,898,0.5837697113009694,0.14922109384406318,0.8203271070860572,0.06896181017434959,0.3411867576707308,0.301277892257547,-2.2418882354947853,2.2418882354947853,10.55837397289886,1.1604698942073336e-08,0.0,3.3320046721740937e-10,4.0416818732732226e-07
random,37,899,0.5837697109511089,0.14922109344563605,0.8203271048957463,0.06896181046239507,0.3411867590958283,0.3012778955321603,-2.241888235812265,2.241888235812265,10.558373969384219,1.2184933415391995e-08,0.0,3.4986058494723693e-10,4.243765966936884e-07
random,37,900,0.5837697105837555,0.14922109302728775,0.820327102595921,0.06896181076484263,0.3411867605921798,0.3012778989705048,-2.24188823614562,2.24188823614562,10.55837396587561,1.2794179561155108e-08,0.0,3.6735336994553336e-10,4.4559542652837285e-07
random,37,901,0.5837697101980345,0.14922109258802224,0.8203271001811056,0.06896181108241242,0.34118676216334803,0.3012779025807666,-2.241888236495643,2.241888236495643,10.55837396214485,1.3433887945616437e-08,1.3877787807814457e-17,3.857210106872344e-10,4.6787519785479153e-07
random,37,902,0.5837697097930272,0.14922109212679358,0.82032709764555,0.06896181141586048,0.3411867638130736,0.30127790637154156,-2.2418882368631685,2.2418882368631685,10.558373958244488,1.4105581704272197e-08,0.0,4.050072499595103e-10,4.912689577475311e-07
random,37,903,0.5837697093677698,0.14922109164250374,0.8203270949832181,0.06896181176598075,0.3411867655452845,0.30127791035185597,-2.241888237249071,2.241888237249071,10.558373954219187,1.4810860079391868e-08,1.3877787807814457e-17,4.252573848617658e-10,5.158324056349078e-07
random,37,904,0.5837697089212495,0.14922109113399962,0.8203270921877707,0.06896181213360678,0.3411867673641047,0.3012779145311863,-2.24188823765427,2.24188823765427,10.558373949931088,1.5551402304881536e-08,0.0,4.465203762293868e-10,5.416240259166532e-07
random,37,905,0.5837697084524033,0.14922109060007055,0.8203270892525524,0.06896181251961384,0.34118676927386454,0.30127791891948374,-2.2418882380797296,2.2418882380797296,10.55837394547786,1.632897156068455e-08,0.0,4.688461840984814e-10,5.687052272124859e-07
random,37,906,0.5837697079601148,0.14922109003944534,0.8203270861705748,0.06896181292492096,0.34118677127911096,0.3012779235271964,-2.2418882385264634,2.2418882385264634,10.558373940741367,1.714541918983217e-08,0.0,4.922884322411392e-10,5.971404885731102e-07
random,37,907,0.583769707443212,0.14922108945078916,0.8203270829345001,0.0689618133504931,0.34118677338461806,0.30127792836529543,-2.2418882389955357,2.2418882389955357,10.558373935808106,1.8002689101010614e-08,0.0,5.169028538531961e-10,6.269975130017657e-07
random,37,908,0.583769706900464,0.1492210888327005,0.8203270795366233,0.06896181379734351,0.3411867755953988,0.30127793344529985,-2.2418882394880626,2.2418882394880626,10.558373930607102,1.8902822409576465e-08,0.0,5.427479576880501e-10,6.583473886518541e-07
random,37,909,0.5837697063305788,0.1492210881837078,0.8203270759688549,0.06896181426653604,0.3411867779167166,0.3012779387793052,-2.241888240005218,2.241888240005218,10.558373925166816,1.984796225593633e-08,0.0,5.698852501012652e-10,6.912647580844468e-07
random,37,910,0.5837697057321992,0.14922108750226587,0.8203270722227003,0.06896181475918775,0.3411867803540981,0.30127794438001143,-2.241888240548233,2.241888240548233,10.55837391943553,2.084035897080686e-08,0.0,5.983795681174797e-10,7.258279959886692e-07
random,37,911,0.583769705103901,0.14922108678675233,0.8203270682892406,0.06896181527647158,0.34118678291334636,0.30127795026075416,-2.241888241118401,2.241888241118401,10.558373913458093,2.1882375370038642e-08,0.0,6.282981912519858e-10,7.621193957881027e-07
random,37,912,0.5837697044441879,0.1492210860354636,0.8203270641591107,0.06896181581961908,0.34118678560055443,0.30127795643553434,-2.2418882417170796,2.2418882417170796,10.558373907090779,2.297649243702587e-08,0.0,6.597131729790817e-10,8.002253655775078e-07
random,37,913,0.5837697037514892,0.14922108524661098,0.8203270598224772,0.06896181638992337,0.34118678842212,0.30127796291905506,-2.241888242345694,2.241888242345694,10.558373900522723,2.412531518318542e-08,0.0,6.926986761968124e-10,8.402366338563832e-07
random,37,914,0.5837697030241558,0.14922108441831639,0.8203270552690157,0.06896181698874222,0.3411867913847607,0.30127796972675225,-2.241888243005743,2.241888243005743,10.558373893502642,2.533157887141649e-08,0.0,7.273334157176237e-10,8.822484655492023e-07
random,37,915,0.5837697022604558,0.14922108354860775,0.8203270504878849,0.06896181761750131,0.3411867944955299,0.3012779768748362,-2.2418882436987966,2.2418882436987966,10.55837388627069,2.659815552701675e-08,0.0,7.636999921345478e-10,9.263608888266625e-07
random,37,916,0.5837697014585708,0.14922108263541436,0.8203270454677013,0.06896181827769758,0.34118679776183375,0.3012779843803249,-2.241888244426507,2.241888244426507,10.558373878532041,2.7928060783856164e-08,0.0,8.018850028435054e-10,9.726789332679957e-07
random,37,917,0.5837697006165918,0.14922108167656217,0.8203270401965133,0.06896181897090281,0.3411868011914485,0.3012779922610903,-2.241888245190606,2.241888245190606,10.55837387054206,2.9324461053629577e-08,0.0,8.419789310210035e-10,1.0213128799313954e-06
random,37,918,0.5837696997325141,0.1492210806697683,0.8203270346617709,0.06896181969876733,0.34118680479253927,0.3012780005358945,-2.2418882459929144,2.2418882459929144,10.558373862006906,3.079068104420514e-08,0.0,8.840776999363698e-10,1.0723785239279653e-06
random,37,919,0.5837696988042326,0.1492210796126357,0.8203270288502968,0.06896182046302406,0.3411868085736795,0.3012780092244421,-2.241888246835342,2.241888246835342,10.558373853239239,3.2330211727093204e-08,0.0,9.282815627287277e-10,1.1259974501243637e-06
random,37,920,0.5837696978295374,0.14922107850264762,0.8203270227482553,0.06896182126549247,0.341186812543871,0.3012780183474169,-2.241888247719898,2.241888247719898,10.558373843770022,3.3946718593077933e-08,0.0,9.746952134292997e-10,1.1822973226305818e-06
random,37,921,0.5837696968061075,0.14922107733716133,0.8203270163411183,0.06896182210808302,0.34118681671256584,0.3012780279265457,-2.2418882486486837,2.2418882486486837,10.558373834193919,3.564405042378923e-08,0.0,1.023429896385153e-09,1.241412188762111e-06
random,37,922,0.5837696957315065,0.1492210761134021,0.8203270096136319,0.06896182299280171,0.34118682108968845,0.3012780379846284,-2.24188824962392,2.24188824962392,10.558373823589001,3.742624842414495e-08,1.3877787807814457e-17,1.074600963768546e-09,1.3034827982002165e-06
random,37,923,0.5837696946031757,0.14922107482845637,0.8203270025497793,0.06896182392175478,0.34118682568565956,0.30127804854562584,-2.241888250647917,2.241888250647917,10.55837381333331,3.929755585644391e-08,0.0,1.1283307621567928e-09,1.3686569381102273e-06
random,37,924,0.5837696934184285,0.14922107347926503,0.8203269951327432,0.0689618248971538,0.3411868305114208,0.3012780596346615,-2.241888251723135,2.241888251723135,10.558373801085102,4.126242816081571e-08,0.0,1.18474718924233e-09,1.4370897850157388e-06
random,37,925,0.5837696921744445,0.14922107206261584,0.8203269873448649,0.06896182592132086,0.3411868355784606,0.30127807127818096,-2.2418882528520943,2.2418882528520943,10.558373790901761,4.332554350889321e-08,1.3877787807814457e-17,1.243984026899625e-09,1.5089442742665259e-06
random,37,926,0.5837696908682618,0.14922107057513634,0.8203269791676044,0.06896182699669431,0.3411868408988427,0.3012780835038171,-2.241888254037571,2.241888254037571,10.55837377488653,4.549181400807559e-08,0.0,1.3061827175420149e-09,1.5843914879798521e-06
random,37,927,0.5837696894967702,0.14922106901328472,0.8203269705814911,0.06896182812583396,0.3411868464852317,0.3012780963408854,-2.241888255282191,2.241888255282191,10.558373769611634,4.7766397349926016e-08,0.0,1.3714915869655897e-09,1.6636110623788447e-06
random,37,928,0.5837696880567046,0.1492210673733438,0.8203269615660902,0.06896182931142855,0.34118685235093,0.3012781098194438,-2.241888256589404,2.241888256589404,10.558373737127003,5.015470909961641e-08,0.0,1.4400656223045871e-09,1.746791615497787e-06
random,37,929,0.5837696865446361,0.14922106565140614,0.8203269520999208,0.06896183055629877,0.34118685850989294,0.301278123972923,-2.241888257961045,2.241888257961045,10.558373770551794,5.266243560900844e-08,0.0,1.5120684704328369e-09,1.8341311962726764e-06
random,37,930,0.5837696849569648,0.1492210638433814,0.820326942160497,0.06896183186341329,0.34118686497680795,0.30127813883123683,-2.241888259404001,2.241888259404001,10.558373624104156,5.529554752996093e-08,0.0,1.5876713277407362e-09,1.9258377560863105e-06
random,37,931,0.5837696832899106,0.14922106194493745,0.8203269317240031,0.06896183323586838,0.34118687176699375,0.301278154441225,-2.2418882609107507,2.2418882609107507,10.558373992868512,5.806031403184754e-08,0.0,1.6670541613805767e-09,2.022129643890626e-06
random,37,932,0.5837696815395044,0.1492210599516447,0.8203269207660879,0.06896183467698119,0.3411868788968618,0.3012781708029515,-2.241888262520356,2.241888262520356,10.558372771985079,6.096331776013802e-08,0.0,1.7504062643780571e-09,2.1232361260851575e-06
random,37,933,0.5837696797015787,0.14922105785844642,0.8203269092589528,0.06896183619000995,0.34118688638253214,0.3012781880836204,-2.2418882641140474,2.2418882641140474,10.558376774657047,6.401147064626053e-08,0.0,1.8379257005207705e-09,2.2293979323894157e-06
random,37,934,0.5837696777717578,0.14922105566150773,0.8203268971815159,0.06896183777919249,0.3411868942449713,0.3012782058514146,-2.2418882661477726,2.2418882661477726,10.558362445259581,6.721203254964499e-08,0.0,1.929820858670439e-09,2.3408678290088866e-06
random,37,935,0.5837696757454508,0.14922105335109123,0.8203268844802467,0.06896183944581558,0.34118690249054556,0.301278226005459,-2.2418882668512436,2.2418882668512436,10.558416571383091,7.057266393325541e-08,0.0,2.0263070110715375e-09,2.457911220459331e-06
random,37,936,0.5837696736179068,0.14922105094063975,0.8203268712290458,0.06896184120433824,0.3411869111907906,0.30127824079886184,-2.241888273677706,2.241888273677706,10.558196989991892,7.410210147545966e-08,0.0,2.127544029839612e-09,2.5808067814822974e-06
random,37,937,0.5837696713857597,0.14922104834181038,0.8203268569422575,0.06896184301319615,0.3411869201400679,0.3012782844597038,-2.2418882539476233,2.2418882539476233,10.559113808630606,7.782237164648664e-08,0.0,2.232147022773745e-09,2.7098471205564123e-06
random,37,938,0.5837696690798688,0.14922104598849367,0.8203268440051489,0.06896184512043142,0.3411869305655595,0.3012781794514707,-2.241888377278867,2.241888377278867,10.554288636088916,8.221141777264833e-08,1.3877787807814457e-17,2.305890922649212e-09,2.845339476584233e-06
random,37,939,0.5837696666073614,0.14922104277372095,0.8203268263322775,0.06896184692106991,0.34118693947417145,0.3012783704136908,-2.241888219035872,2.241888219035872,10.56977364078163,8.659548145382033e-08,0.0,2.4725074210252274e-09,2.9876064504134447e-06
random,37,940,0.5837696665712772,0.149221043001037,0.8203268275819233,0.0689618471386849,0.34118694055081594,0.3012782504907605,-2.2418883371937404,2.2418883371937404,10.46719482137712,7.883993136105516e-09,0.0,3.608424670176191e-11,9.803083665419115e-08
random,37,941,0.583769666415652,0.14922104281494109,0.8203268265588808,0.06896184718478603,0.34118694077890005,0.30127827467615603,-2.241888312308224,2.241888312308224,10.56607469476299,3.2485345319595585e-09,1.3877787807814457e-17,1.5562517940992393e-10,1.0293237848690071e-07
random,37,942,0.5837696663247371,0.14922104269760128,0.8203268259138177,0.06896184724934751,0.3411869410983163,0.3012782818670134,-2.2418883063199173,2.2418883063199173,10.563758870363683,3.1369235598705587e-09,1.3877787807814457e-17,9.091483121892452e-11,1.0807899741124575e-07
random,37,943,0.5837696662297781,0.14922104257668906,0.8203268252491156,0.06896184731840786,0.3411869414399906,0.3012782885224999,-2.2418883008855253,2.2418883008855253,10.56301647067067,3.2847299671138003e-09,0.0,9.495904063072658e-11,1.1348294728180804e-07
random,37,944,0.5837696661305037,0.14922104245207218,0.8203268245640476,0.06896184739221775,0.3411869418051631,0.30127829458983363,-2.241888296057915,2.241888296057915,10.562295443010864,3.441068051196891e-09,0.0,9.92743665051421e-11,1.1915709464589845e-07
random,37,945,0.5837696660266221,0.14922104232355804,0.8203268238575547,0.06896184747101054,0.3411869421949884,0.3012783000350418,-2.241888291872126,2.241888291872126,10.561611225704764,3.606524937506932e-09,0.0,1.0388168103503403e-10,1.2511494937819337e-07
random,37,946,0.5837696659178243,0.14922104219088173,0.8203268231281808,0.06896184755499665,0.34118694261050747,0.30127830484802276,-2.241888288340511,2.241888288340511,10.560979362069853,3.781619034527277e-09,0.0,1.0879774858807423e-10,1.3137069684710304e-07
random,37,947,0.5837696658037923,0.14922104205370024,0.8203268223740401,0.06896184764436096,0.3411869430526351,0.30127830904546804,-2.2418882854499236,2.2418882854499236,10.560413694255745,3.9667828651624674e-09,0.0,1.1403200605997199e-10,1.379392316894582e-07
random,37,948,0.5837696656842004,0.14922104191159338,0.8203268215928228,0.06896184773926445,0.3411869435221676,0.3012783126705313,-2.241888283162016,2.241888283162016,10.55992443708611,4.162368738759976e-09,0.0,1.195918919449923e-10,1.4483619327393112e-07
random,37,949,0.5837696655587211,0.14922104176407394,0.8203268207818504,0.0689618478398506,0.341186944019815,0.3012783157888403,-2.2418882814170438,2.2418882814170438,10.559516662568582,4.368677833016282e-09,0.0,1.2547929362227705e-10,1.5207800293762767e-07
random,37,950,0.583769665427023,0.149221041610604,0.8203268199381657,0.06896184794625553,0.34118694454625054,0.30127831848149117,-2.2418882801405617,2.2418882801405617,10.559189696543749,4.58600307325949e-09,0.0,1.316980968724124e-10,1.5968190308450907e-07
random,37,951,0.5837696652887711,0.14922104145061457,0.8203268190586408,0.06896184805861984,0.34118694510217007,0.301278320836567,-2.241888279251549,2.241888279251549,10.55893763817923,4.814670718237665e-09,0.0,1.3825196543137963e-10,1.6766599823873452e-07
random,37,952,0.583769665143623,0.1492210412835241,0.8203268181400786,0.06896184817709987,0.34118694568834695,0.30127832294102375,-2.2418882786701775,2.2418882786701775,10.558750797632076,5.055068335669047e-09,0.0,1.4514800472653633e-10,1.7604929815067127e-07
random,37,953,0.5837696649912254,0.1492210411087518,0.8203268171792866,0.06896184830187647,0.3411869463056759,0.3012783248744044,-2.241888278323845,2.241888278323845,10.558617549258006,5.3076556591124e-09,0.0,1.5239765005503614e-10,1.8485176305820483e-07
random,37,954,0.5837696648312115,0.149221040925726,0.8203268161731216,0.06896184843316053,0.34118694695520035,0.3012783267050443,-2.2418882781508147,2.2418882781508147,10.55852606393582,5.572961947689587e-09,0.0,1.6001389102626717e-10,1.9409435121111507e-07
random,37,955,0.5837696646631982,0.14922104073388567,0.8203268151184998,0.06896184857119524,0.34118694763812346,0.30127832848866554,-2.241888278101581,2.241888278101581,10.558465571582504,5.851577217530475e-09,0.0,1.6801326996329635e-10,2.0379906877167083e-07
random,37,956,0.5837696644867851,0.1492210405326785,0.8203268140123848,0.06896184871625635,0.3411869483558096,0.3012783302687971,-2.241888278138477,2.241888278138477,10.558427055363516,6.14414292980305e-09,0.0,1.7641310634530782e-10,2.1398902221025438e-07
random,37,957,0.5837696643015516,0.14922104032155586,0.8203268128517605,0.06896184886865069,0.34118694910977654,0.30127833207830945,-2.241888278234218,2.241888278234218,10.558403459852368,6.451345141480035e-09,0.0,1.852334952090473e-10,2.2468847332076712e-07
random,37,958,0.5837696641070566,0.14922104009996662,0.8203268116335972,0.06896184902871426,0.3411869499016869,0.301278333941448,-2.2418882783699754,2.2418882783699754,10.558389573612756,6.773910618923447e-09,0.0,1.9449508670277282e-10,2.359228969868055e-07
random,37,959,0.5837696639028366,0.1492210398673509,0.820326810354817,0.0689618491968103,0.34118695073333766,0.30127833587591946,-2.2418882785333833,2.2418882785333833,10.558381740917413,7.112605466183536e-09,0.0,2.0421997426467442e-10,2.477190418361458e-07
random,37,960,0.5837696636884057,0.1492210396231345,0.8203268090122632,0.06896184937332768,0.34118695160665286,0.30127833789476555,-2.241888278716768,2.241888278716768,10.558377519193742,7.468235420648767e-09,0.0,2.144309174667569e-10,2.601049939279531e-07
random,37,961,0.5837696634632532,0.14922103936672343,0.8203268076026706,0.06896184955867984,0.3411869525236778,0.3012783400079046,-2.2418882789156793,2.2418882789156793,10.558375353142623,7.841646947088808e-09,0.0,2.251524522378645e-10,2.7311024362435076e-07
random,37,962,0.5837696632268433,0.14922103909750017,0.8203268061226444,0.06896184975330406,0.3411869534865761,0.3012783422233095,-2.241888279127778,2.241888279127778,10.558374299907204,8.233729067722449e-09,0.0,2.3640989166295867e-10,2.8676575580556833e-07
random,37,963,0.5837696629786129,0.1492210388148197,0.8203268045686386,0.06896184995766165,0.3411869544976299,0.3012783445478565,-2.2418882793520396,2.2418882793520396,10.55837381688271,8.645415282326852e-09,0.0,2.482304362061427e-10,3.011040435958468e-07
random,37,964,0.5837696627179708,0.1492210385180071,0.8203268029369428,0.06896185017223799,0.3411869555592408,0.3012783469878996,-2.2418882795882125,2.2418882795882125,10.558373608833511,9.077685781243247e-09,0.0,2.606420634876372e-10,3.1615924577563914e-07
random,37,965,0.5837696624442966,0.14922103820635468,0.8203268012236667,0.06896185039754349,0.34118695667393384,0.30127834954964067,-2.241888279836486,2.241888279836486,10.55837352471761,9.531569782557185e-09,0.0,2.7367419441759466e-10,3.319672080644211e-07
random,37,966,0.583769662156939,0.14922103787912006,0.8203267994247292,0.06896185063411431,0.3411869578443618,0.30127835223935273,-2.2418882800972844,2.2418882800972844,10.558373492319403,1.0008147939794925e-08,0.0,2.8735758217379725e-10,3.4856556846764215e-07
random,37,967,0.5837696618552133,0.14922103753552385,0.8203267975358456,0.06896185088251362,0.3411869590733109,0.3012783550635102,-2.241888280371162,2.241888280371162,10.558373479647111,1.0508554984549211e-08,0.0,3.0172575549158864e-10,3.659938468910243e-07
random,37,968,0.5837696615384014,0.149221037174748,0.8203267955525186,0.06896185114333277,0.3411869603637068,0.3012783580288635,-2.241888280658746,2.241888280658746,10.55837347377408,1.10339823453439e-08,0.0,3.168119100394051e-10,3.842935392355755e-07
random,37,969,0.5837696612057489,0.14922103679593351,0.8203267934700262,0.06896185141719277,0.34118696171862206,0.30127836114248124,-2.241888280960713,2.241888280960713,10.558373469843326,1.158568103041733e-08,0.0,3.326524611324544e-10,4.035082161973543e-07
random,37,970,0.5837696608564639,0.1492210363981784,0.8203267912834098,0.06896185170474561,0.3411869631412823,0.30127836441177946,-2.241888281277779,2.241888281277779,10.558373466353165,1.2164964606189406e-08,0.0,3.4928504533127125e-10,4.2368362700722204e-07
random,37,971,0.5837696604897146,0.14922103598053577,0.8203267889874638,0.06896185200667593,0.34118696463507464,0.3012783678445427,-2.2418882816106995,2.2418882816106995,10.558373462814508,1.2773212306150352e-08,1.3877787807814457e-17,3.667492975978348e-10,4.4486780835758314e-07
random,37,972,0.5837696601046279,0.14922103554201113,0.8203267865767212,0.0689618523237026,0.3411869662035558,0.3012783714489442,-2.241888281960268,2.241888281960268,10.558373459114277,1.341187233491876e-08,0.0,3.850866292509636e-10,4.671111987754623e-07
random,37,973,0.5837696597002868,0.14922103508156043,0.8203267840454423,0.06896185265658039,0.34118696785046,0.3012783752335664,-2.241888282327314,2.241888282327314,10.558373455280286,1.4082465304492743e-08,0.0,4.043411161447352e-10,4.904667587142355e-07
random,37,974,0.5837696592757289,0.14922103459808744,0.8203267813876011,0.06896185300610186,0.34118696957970834,0.3012783792074199,-2.241888282712714,2.241888282712714,10.558373451205371,1.47865878785965e-08,0.0,4.2455794435625194e-10,5.149900966499472e-07
random,37,975,0.583769658829943,0.14922103409044102,0.8203267785968688,0.06896185337309915,0.3411869713954179,0.3012783833799665,-2.2418882831173854,2.2418882831173854,10.558373446940656,1.5525916496685862e-08,0.0,4.457858526762948e-10,5.407396014824446e-07
random,37,976,0.5837696583618679,0.14922103355741254,0.8203267756666013,0.06896185375844606,0.34118697330191167,0.30127838776114085,-2.241888283542291,2.241888283542291,10.558373442473778,1.6302211466816563e-08,0.0,4.680751342078793e-10,5.677765815565669e-07
random,37,977,0.583769657870389,0.14922103299773293,0.8203267725898221,0.06896185416306,0.3411869753037286,0.30127839236137444,-2.2418882839884438,2.2418882839884438,10.55837343775984,1.7117321088003967e-08,0.0,4.914788576115825e-10,5.961654106343953e-07
random,37,978,0.5837696573543364,0.14922103241006962,0.8203267693592056,0.06896185458790433,0.3411869774056348,0.3012783971916203,-2.2418882844569046,2.2418882844569046,10.55837343284125,1.7973186103908342e-08,0.0,5.160526450609382e-10,6.259736811661151e-07
random,37,979,0.5837696568124812,0.14922103179302348,0.82032676596706,0.06896185503399052,0.34118697961263467,0.30127840226337904,-2.24188828494879,2.24188828494879,10.558373427650462,1.887184426238701e-08,0.0,5.41855227353949e-10,6.572723652244208e-07
random,37,980,0.5837696562435332,0.14922103114512544,0.8203267624053093,0.06896185550238063,0.3411869819299825,0.3012784075887263,-2.241888285465272,2.241888285465272,10.558373422204305,1.981543520578096e-08,0.0,5.689479998238767e-10,6.901359834856418e-07
random,37,981,0.5837696556461379,0.14922103046483293,0.8203267586654736,0.06896185599418977,0.3411869843631954,0.30127841318034154,-2.2418882860075806,2.2418882860075806,10.558373416493827,2.080620557790423e-08,0.0,5.973952443838471e-10,7.24642782659924e-07
random,37,982,0.583769655018873,0.1492210297505262,0.8203267547386482,0.06896185651058895,0.34118698691806687,0.30127841905153857,-2.2418882865770056,2.2418882865770056,10.558373410507246,2.1846514313335206e-08,0.0,6.272649066829672e-10,7.608749217929202e-07
random,37,983,0.5837696543602449,0.14922102900050466,0.8203267506154844,0.06896185705280754,0.34118698960067917,0.30127842521629616,-2.2418882871749046,2.2418882871749046,10.558373404195422,2.293883833145146e-08,0.0,6.586281520171156e-10,7.989186678825662e-07
random,37,984,0.5837696536686854,0.1492210282129826,0.8203267462861658,0.06896185762213645,0.3411869924174192,0.3012784316892927,-2.241888287802701,2.241888287802701,10.558373397599878,2.408577838019775e-08,0.0,6.915594763512445e-10,8.388646012766946e-07
random,37,985,0.5837696529425482,0.1492210273860851,0.8203267417403844,0.06896185821993121,0.34118699537499314,0.30127843848594005,-2.24188828846189,2.24188828846189,10.558373390647839,2.529006524209213e-08,0.0,7.261371504085901e-10,8.808078313405294e-07
random,37,986,0.5837696521801042,0.14922102651784336,0.8203267369673178,0.06896185884761498,0.3411869984804422,0.30127844562242095,-2.2418882891540415,2.2418882891540415,10.558373383353304,2.655456622411105e-08,1.3877787807814457e-17,7.624439968267893e-10,9.248482229075559e-07
random,37,987,0.5837696513795382,0.14922102560619027,0.8203267319556018,0.06896185950668217,0.34118700174115996,0.3012784531157272,-2.241888289880804,2.241888289880804,10.558373375700535,2.7882292034095477e-08,0.0,8.005660578902507e-10,9.710906340529339e-07
random,37,988,0.5837696505389439,0.14922102464895537,0.8203267266933046,0.06896186019870186,0.3411870051649093,0.3012784609837003,-2.241888290643908,2.241888290643908,10.55837336767768,2.9276403868951566e-08,0.0,8.40594260864691e-10,1.0196451657555807e-06
random,37,989,0.5837696496563204,0.14922102364385964,0.8203267211678977,0.0689618609253216,0.34118700875984154,0.30127846924507357,-2.2418882914451714,2.2418882914451714,10.558373359227055,3.074022102301559e-08,0.0,8.826235298187157e-10,1.0706274240433597e-06
random,37,990,0.5837696487295656,0.14922102258851008,0.8203267153662256,0.06896186168827127,0.34118701253451517,0.3012784779195172,-2.241888292286503,2.241888292286503,10.558373350361522,3.2277228715989835e-08,0.0,9.267547840252632e-10,1.1241587952455279e-06
random,37,991,0.5837696477564733,0.14922102148039418,0.8203267092744762,0.06896186248936728,0.3411870164979168,0.3012784870276849,-2.2418882931699056,2.2418882931699056,10.558373341061046,3.389108644030556e-08,0.0,9.730922734263459e-10,1.1803667350078042e-06
random,37,992,0.5837696467347268,0.1492210203168737,0.820326702878146,0.06896186333051683,0.34118702065948225,0.30127849659126305,-2.241888294097484,2.241888294097484,10.558373331286226,3.558563668710938e-08,0.0,1.0217465762352163e-09,1.2393850717581945e-06
random,37,993,0.583769645661893,0.14922101909517854,0.8203266961620067,0.06896186421372245,0.341187025029119,0.30127850663302286,-2.2418882950714467,2.2418882950714467,10.55837332105405,3.736491401842433e-08,0.0,1.0728337107579478e-09,1.3013543253461044e-06
random,37,994,0.5837696445354181,0.14922101781240013,0.8203266891100687,0.06896186514108685,0.3411870296172302,0.30127851717687193,-2.2418882960941158,2.2418882960941158,10.55837331021235,3.9233154763539296e-08,0.0,1.1264749133488294e-09,1.3664220416134096e-06
random,37,995,0.5837696433526197,0.1492210164654844,0.8203266817055427,0.06896186611481772,0.3411870344347383,0.3012785282479191,-2.2418882971679235,2.2418882971679235,10.558373299068506,4.119480702684376e-08,0.0,1.1827984147672055e-09,1.43474314369408e-06
random,37,996,0.5837696421106816,0.1492210150512247,0.8203266739308002,0.06896186713723329,0.34118703949311263,0.30127853987251607,-2.241888298295434,2.241888298295434,10.558373286857705,4.325454135024263e-08,0.0,1.2419381079098457e-09,1.5064803008787842e-06
random,37,997,0.5837696408066471,0.14922101356625397,0.8203266657673314,0.06896186821076758,0.34118704480439555,0.3012785520783583,-2.241888299479318,2.241888299479318,10.558373275072112,4.541726177537154e-08,0.0,1.3040345470116677e-09,1.5818043159227235e-06
random,37,998,0.5837696394374111,0.1492210120070369,0.8203266571957013,0.06896186933797632,0.3411870503812314,0.3012785648944691,-2.2418883007224326,2.2418883007224326,10.558373260504965,4.7688117533058504e-08,0.0,1.3692359468464588e-09,1.6608945317188597e-06
random,37,999,0.583769637999714,0.14922101036986132,0.8203266481955025,0.06896187052154293,0.3411870562368963,0.30127857835145766,-2.241888302027648,2.241888302027648,10.558373250231156,5.007251533225167e-08,0.0,1.4376970725038518e-09,1.7439392583048027e-06
random,37,1000,0.5837696364901324,0.14922100865083004,0.8203266387453106,0.06896187176428531,0.34118706238533186,0.30127859248111755,-2.2418883033983112,2.2418883033983112,10.558373226935148,5.257613219538607e-08,0.0,1.509581681879979e-09,1.831136221220043e-06
random,37,1001,0.5837696349050724,0.1492210068458488,0.8203266288226181,0.0689618730691611,0.34118706884117084,0.30127860731779055,-2.241888304837019,2.241888304837019,10.558373236047158,5.520492899368677e-08,0.0,1.5850599721645153e-09,1.922693032281045e-06
random,37,1002,0.5837696332407599,0.14922100495062568,0.8203266184038304,0.06896187443927947,0.3411870756197957,0.30127862289469026,-2.2418883063492183,2.2418883063492183,10.55837314915261,5.796516460169959e-08,0.0,1.6643124656212649e-09,2.0188276838950976e-06
random,37,1003,0.5837696314932326,0.14922100296063212,0.8203266074640522,0.06896187587789296,0.3411870827372985,0.30127863925572884,-2.2418883079319882,2.2418883079319882,10.558373354132796,6.086341090120094e-08,0.0,1.7475273450529016e-09,2.1197690680898525e-06
random,37,1004,0.5837696296583296,0.14922100087118773,0.8203265959775536,0.06896187738845788,0.34118709021077903,0.30127865641632906,-2.2418883096115976,2.2418883096115976,10.558372598001496,6.390656830659486e-08,0.0,1.834903007313926e-09,2.2257575214943453e-06
random,37,1005,0.5837696277316825,0.14922099867710803,0.8203265839158337,0.06896187897445386,0.34118709805745273,0.3012786745039237,-2.2418883113092845,2.2418883113092845,10.558375201880091,6.710188231334115e-08,0.0,1.926647064109943e-09,2.3370453975690626e-06
random,37,1006,0.5837696257087038,0.14922099637399389,0.8203265712547084,0.06896188064011284,0.34118710629825716,0.3012786932221109,-2.2418883133536243,2.2418883133536243,10.558365265864499,7.045696196788405e-08,0.0,2.0229786734660138e-09,2.453897667447516e-06
random,37,1007,0.5837696235845801,0.14922099395292476,0.8203265579451382,0.06896188238749602,0.3411871149433899,0.3012787140316012,-2.2418883143956476,2.2418883143956476,10.558405089496063,7.397981930902395e-08,0.0,2.1241237657676493e-09,2.576592550819892e-06
random,37,1008,0.583769621354306,0.149220991423461,0.82032654403968,0.06896188422925013,0.3411871240554203,0.30127873067557603,-2.241888320466485,2.241888320466485,10.558233874737006,7.767932978803478e-08,0.0,2.2302740765312024e-09,2.7054221783608866e-06
random,37,1009,0.5837696190139168,0.1492209887085182,0.8203265291145703,0.06896188613040172,0.3411871334613182,0.3012787725972603,-2.2418883034648855,2.2418883034648855,10.55899439643868,8.157457154595699e-08,1.3877787807814457e-17,2.3403892157602968e-09,2.840693287278931e-06
random,37,1010,0.5837696165892966,0.1492209861979985,0.8203265153132552,0.06896188831500065,0.3411871442695645,0.30127867978867906,-2.241888416274749,2.241888416274749,10.55482352004546,8.604847677094405e-08,0.0,2.4246201713040705e-09,2.982727951642878e-06
random,37,1011,0.5837696140038195,0.14922098287143215,0.8203264970258101,0.0689618902263768,0.34118715372604813,0.3012788627890447,-2.2418882667903794,2.2418882667903794,10.56915860924901,9.061366650520952e-08,0.0,2.5854770546729355e-09,3.1318643492250217e-06
random,37,1012,0.5837696139693435,0.14922098310973395,0.8203264983358489,0.06896189045449344,0.34118715485464923,0.30127873740944133,-2.241888390319805,2.241888390319805,10.46719378521481,8.264718058281746e-09,0.0,3.4476088650592374e-11,1.0276429895894603e-07
random,37,1013,0.5837696138053421,0.14922098291321897,0.8203264972555286,0.06896189050201895,0.3411871550897805,0.3012787632687555,-2.241888363752534,2.241888363752534,10.566563833852227,3.4136100724418126e-09,0.0,1.6400136804151089e-10,1.0790251390689333e-07
random,37,1014,0.583769613709727,0.14922098278890267,0.820326496572113,0.06896189056896236,0.34118715542098127,0.30127877131799446,-2.241888356987814,2.241888356987814,10.564185227016605,3.294149817162078e-09,1.3877787807814457e-17,9.561507141597758e-11,1.1329763960223799e-07
random,37,1015,0.5837696136099492,0.14922098266098996,0.8203264958689265,0.06896189064070368,0.34118715577591957,0.3012787787526107,-2.2418883508544702,2.2418883508544702,10.563376552257793,3.4477453854246346e-09,0.0,9.97778526468096e-11,1.189625215823499e-07
random,37,1016,0.5837696135057164,0.14922098252936744,0.8203264951453457,0.06896189071751957,0.3411871561559642,0.3012787855061479,-2.241888345418593,2.241888345418593,10.562587248514825,3.610391298446282e-09,0.0,1.0423273355542051e-10,1.249106476614674e-07
random,37,1017,0.5837696133967117,0.14922098239385093,0.820326494400358,0.06896189079966447,0.3411871565623739,0.30127879153457254,-2.241888340725014,2.241888340725014,10.56183553393387,3.782772659866217e-09,0.0,1.0900469415986436e-10,1.3115618004454078e-07
random,37,1018,0.5837696132825985,0.1492209822541693,0.8203264936324731,0.06896189088736251,0.34118715699625773,0.3012787968233005,-2.2418883367905584,2.2418883367905584,10.561140269370263,3.965481208822045e-09,0.0,1.1411327438537455e-10,1.3771398904676784e-07
random,37,1019,0.5837696131630286,0.14922098210995546,0.8203264928396728,0.06896189098080338,0.34118715745855394,0.3012788013915097,-2.2418883335999005,2.2418883335999005,10.560518642731637,4.158985286038278e-09,0.0,1.1956990952910473e-10,1.4459968849910624e-07
random,37,1020,0.5837696130376495,0.1492209819607478,0.8203264920194195,0.06896189108014408,0.3411871579500395,0.3012788052920098,-2.241888331105652,2.241888331105652,10.559983558459026,4.363633483424279e-09,0.0,1.253790404831534e-10,1.5182967292406155e-07
random,37,1021,0.583769612906109,0.1492209818060034,0.8203264911687288,0.06896189118551717,0.3411871584713701,0.3012788086059505,-2.2418883292334137,2.2418883292334137,10.559541498447343,4.579694261403389e-09,0.0,1.315405562252181e-10,1.5942115657026463e-07
random,37,1022,0.5837696127680537,0.14922098164512074,0.8203264902842934,0.06896189129704444,0.34118715902314833,0.3012788114332799,-2.241888327890895,2.241888327890895,10.559191631362442,4.807417765988105e-09,0.0,1.3805523391141605e-10,1.6739221439877787e-07
random,37,1023,0.5837696126231294,0.14922098147746637,0.8203264893626313,0.06896189141485276,0.34118715960600193,0.3012788138812759,-2.2418883269788896,2.2418883269788896,10.558926516715601,5.047095338873034e-09,0.0,1.4492429478707436e-10,1.7576182511871679e-07
random,37,1024,0.5837696124709758,0.14922098130239914,0.8203264884002178,0.06896189153908862,0.3411871602206556,0.30127881605390805,-2.2418883264014715,2.2418883264014715,10.558734095151316,5.299097762821621e-09,0.0,1.5215362303422353e-10,1.8454991637465263e-07
random,37,1025,0.5837696123112224,0.14922098111928728,0.8203264873935798,0.06896189166992875,0.34118716086798373,0.30127881804406087,-2.241888326073449,2.241888326073449,10.558600195357458,5.563886966255627e-09,1.3877787807814457e-17,1.597534327046901e-10,1.9377741219338529e-07
random,37,1026,0.5837696121434848,0.1492209809275169,0.8203264863393426,0.06896189180758608,0.3411871615490398,0.3012788199293624,-2.2418883259243785,2.2418883259243785,10.558510773197945,5.842009155531866e-09,0.0,1.6773760158628193e-10,2.0346628280305457e-07
random,37,1027,0.5837696119673614,0.14922098072649262,0.8203264852342329,0.06896189195231162,0.3411871622650656,0.30127882177122184,-2.241888325899496,2.241888325899496,10.558453426043666,6.13408048419817e-09,0.0,1.7612333813588066e-10,2.136395969432073e-07
random,37,1028,0.5837696117824327,0.1492209805156336,0.8203264840750578,0.06896189210439323,0.3411871630174854,0.301278823616097,-2.2418883259585254,2.2418883259585254,10.558418112020997,6.440773574929939e-09,0.0,1.849287389887877e-10,2.2432157679036767e-07
random,37,1029,0.5837696115882574,0.14922098029436587,0.820326482858662,0.0689618922641532,0.3411871638078937,0.30127882549794976,-2.24188832607334,2.24188832607334,10.558397250161724,6.7628084151726e-09,0.0,1.9417534247168078e-10,2.3553765562988607e-07
random,37,1030,0.5837696113843736,0.14922098006211454,0.820326481581885,0.06896189243194528,0.34118716463804066,0.3012788274410649,-2.241888326225282,2.241888326225282,10.558385448410798,7.100947499868039e-09,0.0,2.0388379873281792e-10,2.473145384113804e-07
random,37,1031,0.5837696111702955,0.1492209798182959,0.820326480241518,0.06896189260815194,0.34118716550981854,0.30127882946271306,-2.241888326402624,2.241888326402624,10.558379072283657,7.455994363693192e-09,0.0,2.1407808858953103e-10,2.596802653319494e-07
random,37,1032,0.5837696109455134,0.14922097956231078,0.820326478834267,0.0689618927931824,0.34118716642525193,0.3012788315753932,-2.2418883265984415,2.2418883265984415,10.558375794072907,7.828793802366771e-09,1.3877787807814457e-17,2.2478208183684956e-10,2.726642785985469e-07
random,37,1033,0.5837696107094923,0.14922097929353897,0.8203264773567225,0.06896189298747124,0.34118716738649085,0.3012788337885703,-2.2418883268089616,2.2418883268089616,10.558374197131888,8.220233244652609e-09,0.0,2.3602109155973494e-10,2.8629749252847426e-07
random,37,1034,0.5837696104616703,0.14922097901133463,0.8203264758053341,0.06896189319147775,0.34118716839580776,0.30127883610993417,-2.2418883270323713,2.2418883270323713,10.558373463810355,8.631244672106472e-09,0.0,2.478219851553831e-10,3.00612367154898e-07
random,37,1035,0.5837696102014571,0.14922097871502288,0.8203264741763917,0.068961893405686,0.34118716945559746,0.3012788385462532,-2.2418883272680166,2.2418883272680166,10.558373147905316,9.06280664388442e-09,0.0,2.602131843332245e-10,3.156429855126429e-07
random,37,1036,0.5837696099282333,0.14922097840389673,0.8203264724660088,0.0689618936306052,0.3411871705683794,0.30127884110392383,-2.2418883275158876,2.2418883275158876,10.558373020701483,9.515946680245337e-09,0.0,2.7322377693650424e-10,3.3142513478827504e-07
random,37,1037,0.5837696096413483,0.1492209780772148,0.8203264706701096,0.06896189386677051,0.3411871717368011,0.3012788437892998,-2.2418883277763233,2.2418883277763233,10.558372972460411,9.991743689421017e-09,0.0,2.868850712545168e-10,3.479963915276888e-07
random,37,1038,0.5837696093401192,0.14922097773419904,0.820326468784417,0.06896189411474404,0.34118717296364365,0.3012788466088831,-2.24188832804984,2.24188832804984,10.558372954558868,1.0491330525876103e-08,0.0,3.0122904171037135e-10,3.6539621110407324e-07
random,37,1039,0.5837696090238285,0.14922097737403264,0.8203264668044404,0.06896189437511616,0.34118717425182793,0.30127884956942674,-2.2418883283370525,2.2418883283370525,10.558372947102452,1.101589665399002e-08,0.0,3.1629077135164607e-10,3.8366602165927694e-07
random,37,1040,0.5837696086917232,0.14922097699585807,0.8203264647254659,0.06896189464850676,0.3411871756044208,0.3012788526779924,-2.2418883286386304,2.2418883286386304,10.558372942769717,1.1566691062876344e-08,0.0,3.3210523220361665e-10,4.028493227422408e-07
random,37,1041,0.583769608343013,0.14922097659877492,0.8203264625425435,0.06896189493556674,0.3411871770246426,0.30127885594198545,-2.2418883289552887,2.2418883289552887,10.558372939195351,1.214502514515546e-08,0.0,3.487102828714228e-10,4.2299178887935284e-07
random,37,1042,0.583769607976867,0.14922097618183777,0.8203264602504758,0.06896189523697956,0.3411871785158746,0.3012788593691784,-2.2418883292877814,2.2418883292877814,10.558372935668547,1.2752275873170009e-08,0.0,3.6614589138395104e-10,4.441413783233205e-07
random,37,1043,0.5837696075924139,0.14922097574405394,0.8203264578438056,0.06896189555346284,0.34118718008166743,0.3012788629677311,-2.241888329636899,2.241888329636899,10.558372931960541,1.338988909112082e-08,0.0,3.844531359931125e-10,4.663484472394865e-07
random,37,1044,0.5837696071887382,0.1492209752843811,0.8203264553168031,0.06896189588577009,0.34118718172574886,0.3012788667462118,-2.2418883300034738,2.2418883300034738,10.558372928103665,1.4059382902807396e-08,1.3877787807814457e-17,4.0367575948607737e-10,4.896658696014609e-07
random,37,1045,0.5837696067648787,0.14922097480172483,0.8203264526634516,0.06896189623469248,0.3411871834520333,0.3012788707136168,-2.241888330388378,2.241888330388378,10.558372924059126,1.4762351351854665e-08,0.0,4.2385950305146025e-10,5.141491630815339e-07
random,37,1046,0.5837696063198262,0.14922097429493597,0.8203264498774336,0.06896189660106075,0.34118718526463077,0.30127887487939264,-2.2418883307925284,2.2418883307925284,10.558372919819288,1.5500468138975416e-08,1.3877787807814457e-17,4.450524393462274e-10,5.398566212356107e-07
random,37,1047,0.5837696058525211,0.14922097376280793,0.8203264469521163,0.06896189698574717,0.3411871871678568,0.30127887925345737,-2.241888331216888,2.241888331216888,10.558372915329837,1.6275490698686412e-08,0.0,4.673050835179993e-10,5.668494522973912e-07
random,37,1048,0.583769605361851,0.1492209732040738,0.8203264438805348,0.06896189738966763,0.3411871891662427,0.3012788838462263,-2.241888331662466,2.241888331662466,10.558372910681069,1.7089264287651353e-08,0.0,4.906701711604455e-10,5.951919249122608e-07
random,37,1049,0.5837696048466473,0.1492209726174032,0.8203264406553755,0.06896189781378378,0.34118719126454633,0.30127888866863395,-2.2418883321303253,2.2418883321303253,10.558372905715993,1.7943726461114748e-08,0.0,5.152036575140073e-10,6.249515211578739e-07
random,37,1050,0.5837696043056835,0.14922097200139944,0.8203264372689604,0.06896189825910538,0.34118719346776333,0.30127889373216254,-2.241888332621578,2.241888332621578,10.558372900549047,1.884091165384139e-08,0.0,5.409638292874774e-10,6.561990972157676e-07
random,37,1051,0.5837696037376716,0.1492209713545959,0.8203264337132266,0.06896189872669267,0.34118719578113926,0.3012788990488683,-2.241888333137396,2.241888333137396,10.558372895126007,1.9782955967843527e-08,0.0,5.680118597695127e-10,6.89009052076556e-07
random,37,1052,0.5837696031412591,0.14922097067545256,0.8203264299797083,0.06896189921765891,0.3411871982101819,0.30127890463141,-2.241888333679006,2.241888333679006,10.558372889431569,2.0772102384298314e-08,0.0,5.964124749624489e-10,7.234595046803839e-07
random,37,1053,0.5837696025150263,0.14922096996235257,0.8203264260595168,0.06896189973317297,0.3411872007606743,0.30127891049307964,-2.241888334247699,2.241888334247699,10.558372883434329,2.1810705960396357e-08,0.0,6.262328433592756e-10,7.596324799144031e-07
random,37,1054,0.5837696018574817,0.149220969213598,0.8203264219433182,0.0689619002744622,0.34118720343868864,0.3012789166478336,-2.2418883348448295,2.2418883348448295,10.558372877150289,2.2901239581947076e-08,0.0,6.575445743450814e-10,7.976141039101233e-07
random,37,1055,0.5837696011670602,0.14922096842740634,0.820326417621313,0.06896190084281532,0.3411872062506009,0.30127892311032617,-2.2418883354718178,2.2418883354718178,10.558372870554612,2.4046299698113244e-08,0.0,6.904214977510037e-10,8.374948091056295e-07
random,37,1056,0.5837696004421176,0.14922096760190565,0.8203264130832106,0.06896190143958549,0.3411872092031057,0.30127892989594457,-2.2418883361301587,2.2418883361301587,10.558372863637057,2.5248612631928145e-08,0.0,7.249426614563959e-10,8.79369549560911e-07
random,37,1057,0.5837695996809281,0.14922096673513063,0.8203264083182071,0.06896190206619343,0.3411872123032322,0.30127893702084485,-2.24188833682142,2.24188833682142,10.558372856336907,2.651104099524909e-08,0.0,7.611894448089629e-10,9.233380270389566e-07
random,37,1058,0.5837695988816792,0.1492209658250176,0.8203264033149574,0.068961902724131,0.3411872155583611,0.3012789445019917,-2.241888337547248,2.241888337547248,10.558372848710748,2.78365905554651e-08,0.0,7.992488892938354e-10,9.695049283909045e-07
random,37,1059,0.583769598042468,0.14922096486939973,0.8203263980615497,0.0689619034149646,0.3411872189762423,0.3012789523571971,-2.24188833830937,2.24188833830937,10.558372840680683,2.9228417335261258e-08,0.0,8.392112560429155e-10,1.0179801748104497e-06
random,37,1060,0.5837695971612964,0.14922096386600187,0.8203263925454766,0.06896190414033893,0.34118722256501294,0.30127896060516435,-2.241888339109603,2.241888339109603,10.558372832266992,3.068983516866007e-08,0.0,8.811715801471109e-10,1.0688791835509723e-06
random,37,1061,0.5837695962360665,0.14922096281243513,0.8203263867536055,0.06896190490198095,0.341187226333217,0.301278969265532,-2.241888339949852,2.241888339949852,10.558372823430219,3.222432358651523e-08,0.0,9.252298927009406e-10,1.1223231427285209e-06
random,37,1062,0.5837695952645754,0.14922096170619115,0.8203263806721467,0.06896190570170392,0.34118723028982556,0.30127897835891915,-2.241888340832119,2.241888340832119,10.558372814099611,3.383553608463867e-08,0.0,9.714911097802315e-10,1.178439299864947e-06
random,37,1063,0.5837695942445098,0.14922096054463618,0.8203263742866217,0.06896190654141177,0.3411872344442582,0.3012789879069791,-2.241888341758503,2.241888341758503,10.558372804448044,3.5527308821939586e-08,0.0,1.0200655875536313e-09,1.2373612648581944e-06
random,37,1064,0.5837695931734411,0.1492209593250048,0.8203263675818278,0.06896190742310364,0.3411872388064057,0.30127899793244245,-2.2418883427312144,2.2418883427312144,10.558372794060011,3.730366977734936e-08,1.3877787807814457e-17,1.0710686781933987e-09,1.2992293281011043e-06
random,37,1065,0.5837695920488195,0.14922095804439334,0.8203263605418023,0.06896190834887855,0.341187243386653,0.3012790084591844,-2.2418883437525654,2.2418883437525654,10.558372783516006,3.916884833618484e-08,1.3877787807814457e-17,1.1246216180538227e-09,1.3641907945061594e-06
random,37,1066,0.5837695908679671,0.14922095669975294,0.8203263531497846,0.06896190932094053,0.3411872481959043,0.30127901951226094,-2.2418883448249973,2.2418883448249973,10.55837277190112,4.1127285303501775e-08,0.0,1.1808524158496425e-09,1.4324003342314674e-06
random,37,1067,0.5837695896280722,0.14922095528788226,0.8203263453881756,0.06896191034160372,0.3411872532456088,0.3012790311180055,-2.241888345951047,2.241888345951047,10.558372760695578,4.318364356120621e-08,0.0,1.2398948534553256e-09,1.5040203509430408e-06
random,37,1068,0.5837695883261832,0.1492209538054201,0.8203263372384975,0.06896191141329806,0.34118725854778864,0.30127904330401634,-2.241888347133431,2.241888347133431,10.558372746878817,4.534281912725395e-08,0.0,1.3018890410165795e-09,1.5792213684901929e-06
random,37,1069,0.5837695869592,0.14922095224883686,0.8203263286813465,0.06896191253857477,0.3411872641150658,0.30127905609938843,-2.2418883483748906,2.2418883483748906,10.558372736871535,4.760995279989058e-08,0.0,1.3669831933071919e-09,1.6581824369147025e-06
random,37,1070,0.5837695855238683,0.14922095061442725,0.8203263196963533,0.06896191372011301,0.3411872699606954,0.301279069534391,-2.24188834967857,2.24188834967857,10.558372715886689,4.999044238744526e-08,0.0,1.435331742349888e-09,1.7410915587604376e-06
random,37,1071,0.5837695840167703,0.14922094889829884,0.8203263102621198,0.06896191496072489,0.34118727609859034,0.30127908364152917,-2.2418883510470806,2.2418883510470806,10.558372719996814,5.2489955642013636e-08,0.0,1.50709800195159e-09,1.8281461366984595e-06
random,37,1072,0.583769582434318,0.14922094709636957,0.820326300356205,0.0689619162633658,0.34118728254337227,0.30127909845293804,-2.2418883524850735,2.2418883524850735,10.558372654350036,5.51144436601693e-08,0.0,1.5824522803242758e-09,1.9195534435333826e-06
random,37,1073,0.5837695807727439,0.14922094520433898,0.8203262899549679,0.06896191763113091,0.3411872893103545,0.30127911400826585,-2.2418883539917847,2.2418883539917847,10.558372785872557,5.7870155058514334e-08,0.0,1.661574100531027e-09,2.015531115710052e-06
random,37,1074,0.5837695790280916,0.14922094321773693,0.8203262790338343,0.06896191906729529,0.3411872964157403,0.3012791303304289,-2.2418883555843028,2.2418883555843028,10.558372309888046,6.076365093422626e-08,0.0,1.7446523115083323e-09,2.1163076714955545e-06
random,37,1075,0.5837695771962076,0.14922094113171605,0.8203262675661561,0.0689619205752125,0.3411873038761214,0.3012791475068815,-2.2418883572199704,2.2418883572199704,10.558373819174793,6.380182040938788e-08,0.0,1.8318839778430629e-09,2.2221230550703323e-06
random,37,1076,0.5837695752727302,0.14922093894174326,0.8203262555270134,0.06896192215871207,0.3411873117104442,0.3012791654001375,-2.2418883590732177,2.2418883590732177,10.558368390762023,6.699189741407851e-08,1.3877787807814457e-17,1.9234773773746383e-09,2.333229207823849e-06
random,37,1077,0.5837695732530804,0.14922093664091135,0.8203262428784345,0.06896192382062555,0.34118731993271784,0.30127918475042703,-2.2418883604815285,2.2418883604815285,10.558388770218833,7.034148283745309e-08,0.0,2.0196497807489777e-09,2.4498906682150414e-06
random,37,1078,0.5837695711324599,0.14922093423080962,0.8203262296291562,0.06896192556882295,0.34118732858187895,0.3012792026942303,-2.241888364229781,2.241888364229781,10.558306693186356,7.38586533222969e-08,0.0,2.120620568035747e-09,2.5723852016257936e-06
random,37,1079,0.5837695689060446,0.14922093167462655,0.8203262155768115,0.06896192739025594,0.34118733759337116,0.30127923209532154,-2.241888358069011,2.241888358069011,10.558653393137549,7.755375037561176e-08,0.0,2.2264152743645127e-09,2.7010044617070832e-06
random,37,1080,0.5837695665735135,0.14922092911852686,0.8203262015249251,0.06896192937358213,0.34118734740582574,0.3012792108138064,-2.2418884014352,2.2418884014352,10.557003288203555,8.14867139142229e-08,0.0,2.332531057192e-09,2.8360546847924376e-06
random,37,1081,0.5837695641451435,0.14922092609730436,0.8203261849160755,0.06896193126924402,0.3411873567845635,0.30127932948239905,-2.2418883120689617,2.2418883120689617,10.563574728316812,8.574918781931223e-08,0.0,2.4283700605920444e-09,2.9778574190320595e-06
random,37,1082,0.5837695641089563,0.14922092632389655,0.8203261861617419,0.06896193148613779,0.34118735785763976,0.3012792099265369,-2.241888429865634,2.241888429865634,10.467192803181748,7.8583457540231e-09,0.0,3.6187164376144665e-11,9.771094656198946e-08
random,37,1083,0.5837695639538935,0.14922092613851096,0.8203261851426042,0.06896193153213113,0.34118735808519063,0.30127923399959416,-2.241888405092954,2.241888405092954,10.566038787029756,3.237394201463486e-09,0.0,1.550628514479513e-10,1.0259649389008893e-07
random,37,1084,0.5837695638632976,0.14922092602165463,0.820326184500199,0.06896193159652005,0.3411873584037531,0.3012792411321594,-2.2418883991574656,2.2418883991574656,10.56372735175574,3.1262735549274166e-09,0.0,9.059586414394971e-11,1.0772631858459338e-07
random,37,1085,0.5837695637686662,0.14922092590122815,0.8203261838381672,0.06896193166538706,0.34118735874447087,0.30127924773471126,-2.2418883937706573,2.2418883937706573,10.562989648389864,3.273682936568338e-09,0.0,9.463141381615969e-11,1.1311263451382305e-07
random,37,1086,0.5837695636697289,0.1492209257770981,0.8203261831557755,0.06896193173898106,0.3411873591085753,0.30127925375535214,-2.241888388984542,2.241888388984542,10.562273431773589,3.4295888463986277e-09,0.0,9.89373027948659e-11,1.187682662395142e-07
random,37,1087,0.5837695635661957,0.1492209256490714,0.8203261824519624,0.06896193181753404,0.3411873594972141,0.3012792591607524,-2.2418883848335316,2.2418883848335316,10.561593950982267,3.594572227669485e-09,0.0,1.035331820276042e-10,1.2470667955148992e-07
random,37,1088,0.5837695634577601,0.14922092551688376,0.8203261817252748,0.06896193190125546,0.3411873599114236,0.3012792639410925,-2.241888381329699,2.241888381329699,10.56096652863055,3.769146996229363e-09,0.0,1.084355938374415e-10,1.3094201352906443e-07
random,37,1089,0.5837695633441052,0.14922092538019371,0.8203261809738358,0.06896193199032981,0.34118736035211666,0.3012792681129018,-2.241888378460038,2.241888378460038,10.560404787764469,3.953743385382733e-09,0.0,1.1365486329850683e-10,1.3748911420551765e-07
random,37,1090,0.5837695632249076,0.14922092523858377,0.8203261801953502,0.06896193208491828,0.34118736082009066,0.30127927171871705,-2.241888376186779,2.241888376186779,10.55991876844728,4.1487138466104804e-09,0.0,1.1919765174894792e-10,1.4436356991579355e-07
random,37,1091,0.583769563099841,0.14922092509157042,0.8203261793871599,0.06896193218516496,0.3411873613160585,0.30127927482317496,-2.2418883744511118,2.2418883744511118,10.559513450228772,4.354361470117164e-09,0.0,1.2506662372402388e-10,1.5158174841158323e-07
random,37,1092,0.5837695629685759,0.1492209249386199,0.8203261785463307,0.0689619322912068,0.3411873618406977,0.30127927750616035,-2.24188837317974,2.24188837317974,10.55918816617129,4.570981689294253e-09,0.0,1.312651098928086e-10,1.591608358321624e-07
random,37,1093,0.5837695628307784,0.1492209247791676,0.8203261776697586,0.06896193240318524,0.3411873623947081,0.3012792798545069,-2.241888372292824,2.241888372292824,10.558937111498915,4.798902823874581e-09,0.0,1.377974401250981e-10,1.6711887762377053e-07
random,37,1094,0.5837695626861074,0.14922092461263578,0.8203261767542677,0.0689619325212572,0.34118736297886604,0.3012792819540439,-2.2418883717116036,2.2418883717116036,10.558750748181897,5.03851347534144e-09,0.0,1.4467105291515736e-10,1.7547482150495905e-07
random,37,1095,0.5837695625342105,0.14922092443844737,0.8203261757966853,0.0689619326456038,0.3411873635940676,0.30127928388340885,-2.241888371364329,2.241888371364329,10.55861761752365,5.290273178321057e-09,0.0,1.5189682844862773e-10,1.84248562580207e-07
random,37,1096,0.5837695623747226,0.1492209242560335,0.8203261747938845,0.06896193277643568,0.341187364241355,0.30127928571028584,-2.2418883711898774,2.2418883711898774,10.558526039996085,5.554710115161104e-09,0.0,1.5948797837950224e-10,1.9346099070921736e-07
random,37,1097,0.5837695622072618,0.14922092406483567,0.8203261737427947,0.06896193291399563,0.34118736492192925,0.3012792874899818,-2.241888371139126,2.241888371139126,10.558465359892306,5.832412560694142e-09,1.3877787807814457e-17,1.674607119639404e-10,2.0313404024467824e-07
random,37,1098,0.5837695620314286,0.1492209238643036,0.820326172640391,0.0689619330585585,0.3411873656371502,0.3012792892657963,-2.241888371174614,2.241888371174614,10.558426635597705,6.124019889195289e-09,0.0,1.758332368595461e-10,2.1329074225691215e-07
random,37,1099,0.5837695618468038,0.14922092365389045,0.820326171483667,0.06896193321043002,0.34118736638853064,0.3012792910705014,-2.241888371269141,2.241888371269141,10.558402853573812,6.430215864029521e-09,0.0,1.8462475992464533e-10,2.2395527936975776e-07
random,37,1100,0.5837695616529481,0.14922092343304683,0.8203261702696028,0.06896193336994502,0.34118736717772696,0.30127929292832206,-2.24188837140388,2.24188837140388,10.558388819621255,6.7517248347648616e-09,0.0,1.938557092628912e-10,2.3515304333824565e-07
random,37,1101,0.5837695614493995,0.14922092320121463,0.8203261689951299,0.06896193353746537,0.3411873680065295,0.3012792948569846,-2.241888371566435,2.241888371566435,10.558380880261348,7.089310394431498e-09,0.0,2.035486224016836e-10,2.4691069550515797e-07
random,37,1102,0.5837695612356735,0.14922092295782127,0.8203261676571008,0.0689619337133785,0.3411873688768551,0.3012792968695641,-2.2418883717490834,2.2418883717490834,10.55837658731686,7.4437755826164975e-09,0.0,2.137260368684224e-10,2.5925623028041586e-07
random,37,1103,0.5837695610112612,0.1492209227022747,0.8203261662522605,0.06896193389809634,0.34118736979074177,0.301279298976009,-2.241888371947331,2.241888371947331,10.558374376901984,7.815964122841455e-09,0.0,2.2441226654734692e-10,2.7221904179443665e-07
random,37,1104,0.5837695607756284,0.1492209224339593,0.8203261647772252,0.06896193409205463,0.3411873707503454,0.3012793011843134,-2.241888372158802,2.241888372158802,10.558373297891587,8.206762109741698e-09,0.0,2.356328465680235e-10,2.858299938841585e-07
random,37,1105,0.5837695605282139,0.1492209221522322,0.8203261632284604,0.06896193429571304,0.34118737175794006,0.3012793035013629,-2.2418883723824434,2.2418883723824434,10.558372800938182,8.61709996680504e-09,0.0,2.474144222830432e-10,3.001214935783664e-07
random,37,1106,0.5837695602684287,0.14922092185642072,0.8203261616022682,0.06896193450955528,0.34118737281591893,0.3012793059335114,-2.2418883726179875,2.2418883726179875,10.55837258591244,9.047954702463974e-09,0.0,2.597851933572315e-10,3.1512756825728473e-07
random,37,1107,0.5837695599956542,0.14922092154581945,0.8203261598947708,0.06896193473408997,0.3411873739267985,0.3012793084869521,-2.2418883728656107,2.2418883728656107,10.558372498564886,9.500352143197447e-09,1.3877787807814457e-17,2.727745807007409e-10,3.30883946670149e-07
random,37,1108,0.5837695597092409,0.14922092121968855,0.8203261581019008,0.06896193496985145,0.3411873750932223,0.30127931116794343,-2.241888373125732,2.241888373125732,10.558372464774246,9.975369432330204e-09,0.0,2.864132264690511e-10,3.4742814400365645e-07
random,37,1109,0.5837695594085072,0.14922092087725133,0.8203261562193885,0.06896193521740096,0.34118737631796703,0.3012793139829424,-2.2418883733988997,2.2418883733988997,10.558372451627497,1.0474137556842759e-08,0.0,3.0073377121908607e-10,3.6479955120383927e-07
random,37,1110,0.5837695590927366,0.14922092051769237,0.8203261542427513,0.06896193547732785,0.3411873776039485,0.3012793169386784,-2.2418883736857387,2.2418883736857387,10.558372445559245,1.099784405624343e-08,0.0,3.157705208423067e-10,3.8303952876403124e-07
random,37,1111,0.5837695587611779,0.14922092014015562,0.8203261521672832,0.06896193575025096,0.3411873789542285,0.3012793200421979,-2.2418883739869244,2.2418883739869244,10.55837244159328,1.1547735824589901e-08,0.0,3.3155878043089615e-10,4.021915052022328e-07
random,37,1112,0.583769558413041,0.14922091974374216,0.8203261499880423,0.06896193603682006,0.3411873803720217,0.3012793233008927,-2.24188837430317,2.24188837430317,10.558372438096802,1.2125122140139861e-08,0.0,3.481368526792039e-10,4.223010804623445e-07
random,37,1113,0.5837695580474973,0.1492209193275082,0.8203261476998404,0.06896193633771748,0.3411873818607038,0.30127932672252233,-2.2418883746352294,2.2418883746352294,10.558372434567532,1.2731377730240361e-08,0.0,3.6554370641539435e-10,4.4341613448546173e-07
random,37,1114,0.5837695576636763,0.14922091889046268,0.8203261452972291,0.06896193665365956,0.341187383423819,0.30127933031523385,-2.2418883749838923,2.2418883749838923,10.558372430911966,1.3367946038774935e-08,0.0,3.838209750028909e-10,4.6558694120973483e-07
random,37,1115,0.5837695572606645,0.1492209184315651,0.8203261427744883,0.06896193698539856,0.341187385065089,0.30127933408758123,-2.241888375349989,2.241888375349989,10.55837242704617,1.403634270714139e-08,0.0,4.030118461173515e-10,4.888662882702216e-07
random,37,1116,0.583769556837502,0.1492209179497228,0.8203261401256116,0.0689619373337243,0.34118738678842153,0.30127933804854623,-2.241888375734392,2.241888375734392,10.558372422997797,1.473815914085568e-08,0.0,4.231625050366006e-10,5.133096026837327e-07
random,37,1117,0.5837695563931816,0.14922091744378868,0.8203261373442925,0.06896193769946608,0.34118738859791947,0.3012793422075601,-2.2418883761380153,2.2418883761380153,10.558372418762042,1.5475066324430648e-08,0.0,4.4432035828378957e-10,5.389750828179194e-07
random,37,1118,0.5837695559266453,0.14922091691255812,0.8203261344239089,0.0689619380834947,0.34118739049789104,0.3012793465745247,-2.241888376561822,2.241888376561822,10.558372414285886,1.6248818797822375e-08,0.0,4.665363650957488e-10,5.659238369588155e-07
random,37,1119,0.5837695554367819,0.14922091635476625,0.8203261313575074,0.06896193848672444,0.3411873924928597,0.3012793511598385,-2.241888377006819,2.241888377006819,10.558372409647012,1.706125879486922e-08,0.0,4.898633720884504e-10,5.942200288067563e-07
random,37,1120,0.5837695549224254,0.14922091576908508,0.8203261281377874,0.06896193891011536,0.34118739458757524,0.30127935597441835,-2.2418883774740683,2.2418883774740683,10.558372404686846,1.7914320703796708e-08,0.0,5.143564463239159e-10,6.239310302470941e-07
random,37,1121,0.5837695543823516,0.14922091515412028,0.8203261247570838,0.06896193935467547,0.34118739678702475,0.3012793610297275,-2.241888377964681,2.241888377964681,10.558372399528903,1.8810035602144743e-08,0.0,5.400738745109379e-10,6.551275817594489e-07
random,37,1122,0.5837695538152737,0.14922091450840755,0.8203261212073466,0.06896193982146318,0.3411873990964448,0.3012793663378032,-2.2418883784798265,2.2418883784798265,10.558372394144914,1.9750536129046995e-08,1.3877787807814457e-17,5.670778291388956e-10,6.878839608474214e-07
random,37,1123,0.5837695532198423,0.14922091383040964,0.8203261174801252,0.06896194031158986,0.3411874015213338,0.30127937191128296,-2.241888379020731,2.241888379020731,10.558372388402404,2.0738061552380512e-08,0.0,5.954314818978901e-10,7.222781588897925e-07
random,37,1124,0.5837695525946393,0.14922091311851227,0.820326113566545,0.0689619408262224,0.34118740406746484,0.3012793777634379,-2.2418883795886826,2.2418883795886826,10.558372382477971,2.1774963107654066e-08,0.0,6.252030004816334e-10,7.583920668342822e-07
random,37,1125,0.5837695519381763,0.1492209123710205,0.8203261094572885,0.06896194136658604,0.34118740674089987,0.30127938390820114,-2.2418883801850344,2.2418883801850344,10.558372376182389,2.2863709582660642e-08,0.0,6.564629950744916e-10,7.963116701759963e-07
random,37,1126,0.5837695512488901,0.14922091158615475,0.8203261051425723,0.06896194193396729,0.3411874095480038,0.3012793903602039,-2.241888380811206,2.241888380811206,10.558372369616986,2.4006893210262003e-08,0.0,6.89286183686022e-10,8.361272536847962e-07
random,37,1127,0.5837695505251399,0.1492209107620463,0.8203261006121237,0.06896194252971696,0.34118741249545975,0.3012793971348072,-2.241888381468689,2.241888381468689,10.558372362650982,2.5207235823871964e-08,0.0,7.23750170905646e-10,8.77933616369036e-07
random,37,1128,0.5837695497652021,0.1492209098967331,0.8203260958551564,0.06896194315525342,0.3411874155902851,0.30127940424814265,-2.241888382159049,2.241888382159049,10.558372355454043,2.6467595364135433e-08,0.0,7.599377793710005e-10,9.218302971874879e-07
random,37,1129,0.5837695489672677,0.14922090898815496,0.8203260908603446,0.06896194381206593,0.3411874188398478,0.3012794117171454,-2.2418883828839307,2.2418883828839307,10.55837234776101,2.779097264587295e-08,0.0,7.979343852326792e-10,9.679218120468623e-07
random,37,1130,0.5837695481294367,0.14922090803414878,0.820326085615797,0.06896194450171822,0.3411874222518846,0.3012794195596002,-2.24188838364506,2.24188838364506,10.558372339810846,2.9180518537082026e-08,0.0,8.378310267787015e-10,1.0163179026492055e-06
random,37,1131,0.5837695472497144,0.14922090703244317,0.8203260801090269,0.06896194522585217,0.3411874258345184,0.30127942779417904,-2.24188838444425,2.24188838444425,10.558372331372006,3.0639541452536105e-08,1.3877787807814457e-17,8.797222950107653e-10,1.0671337977816657e-06
random,37,1132,0.5837695463260061,0.14922090598065324,0.8203260743269235,0.06896194598619179,0.34118742959627885,0.3012794364404887,-2.2418883852834033,2.2418883852834033,10.558372322564464,3.217151519369848e-08,0.0,9.237083320456918e-10,1.120490487670749e-06
random,37,1133,0.5837695453561127,0.14922090487627496,0.8203260682557212,0.06896194678454726,0.3411874335461217,0.3012794455191156,-2.24188838616452,2.24188838616452,10.558372313282245,3.3780087282457423e-08,0.0,9.698933878254934e-10,1.1765150120542867e-06
random,37,1134,0.5837695443377247,0.14922090371667895,0.8203260618809654,0.06896194762281924,0.34118743769345045,0.3012794550516761,-2.2418883870896975,2.2418883870896975,10.5583723035621,3.5469087609160807e-08,0.0,1.0183880405634227e-09,1.235340762657001e-06
random,37,1135,0.5837695432684177,0.1492209024991045,0.8203260551874793,0.06896194850300343,0.3411874420481388,0.3012794650608669,-2.24188838806114,2.24188838806114,10.558372293340716,3.724253752767278e-08,0.0,1.0693069762979235e-09,1.2971078007898512e-06
random,37,1136,0.5837695421456455,0.14922090122065276,0.8203260481593266,0.0689619494271953,0.341187446620554,0.3012794755705194,-2.2418883890811623,2.2418883890811623,10.558372282593592,3.9104659489685456e-08,0.0,1.122772208539402e-09,1.3619631908293439e-06
random,37,1137,0.5837695409667351,0.14922089987828008,0.8203260407797754,0.06896195039759509,0.34118745142158163,0.3012794866056584,-2.241888390152191,2.241888390152191,10.558372271390427,4.105988703438472e-08,0.0,1.1789104137349682e-09,1.4300613503708112e-06
random,37,1138,0.5837695397288795,0.14922089846879055,0.8203260330312565,0.068961951416513,0.3411874564626514,0.3012794981925553,-2.2418883912767815,2.2418883912767815,10.558372259433702,4.311287541799936e-08,0.0,1.237855595803694e-09,1.5015644178893517e-06
random,37,1139,0.5837695384291316,0.1492208969888285,0.8203260248953225,0.06896195248637474,0.34118746175576453,0.30127951035880496,-2.241888392457606,2.241888392457606,10.558372247271818,4.52685126018758e-08,0.0,1.2997478648912875e-09,1.5766426387838195e-06
random,37,1140,0.5837695370643966,0.14922089543487058,0.8203260163526038,0.06896195360972734,0.34118746731352223,0.30127952313336026,-2.241888393697492,2.241888393697492,10.558372233663318,4.753193097401701e-08,0.0,1.364734991682326e-09,1.6554747707230104e-06
random,37,1141,0.5837695356314254,0.14922089380321707,0.8203260073827621,0.06896195478924505,0.3411874731491553,0.30127953654667405,-2.241888394999357,2.241888394999357,10.558372221326316,4.9908519514850226e-08,0.0,1.43297118615493e-09,1.738248509259161e-06
random,37,1142,0.5837695341268061,0.14922089208998368,0.8203259979644436,0.06896195602773598,0.3411874792765569,0.30127955063058703,-2.241888396366396,2.241888396366396,10.558372203492508,5.240393666560931e-08,0.0,1.504619318026812e-09,1.8251609347221192e-06
random,37,1143,0.5837695325469564,0.14922089029109104,0.8203259880752224,0.06896195732814818,0.3411874857103124,0.3012795654189038,-2.2418883978016053,2.2418883978016053,10.55837219781526,5.502412376882532e-08,0.0,1.5798496955099495e-09,1.916418981458225e-06
random,37,1144,0.5837695308881149,0.1492208884022585,0.8203259776915662,0.06896195869357848,0.34118749246574315,0.3012795809460215,-2.2418883993091825,2.2418883993091825,10.558372154555705,5.7775319225394255e-08,0.0,1.658841508600517e-09,2.0122399305311364e-06
random,37,1145,0.583769529146332,0.14922088641898296,0.8203259667887197,0.06896196012727387,0.34118749955891375,0.3012795972515264,-2.241888400890219,2.241888400890219,10.558372223108053,6.066407335078937e-08,0.0,1.7417829401011886e-09,2.1128519270576935e-06
random,37,1146,0.5837695273174607,0.14922088433656466,0.8203259553408464,0.06896196163265948,0.3411875070067698,0.3012796143652599,-2.2418884025570676,2.2418884025570676,10.558371923061483,6.369726399083992e-08,0.0,1.82887127664344e-09,2.218494523410578e-06
random,37,1147,0.5837695253971468,0.14922088214996618,0.8203259433202537,0.06896196321327469,0.3411875148268223,0.30127963236086913,-2.241888404282249,2.241888404282249,10.558372903619228,6.688211283488742e-08,0.0,1.9203139078882714e-09,2.3294192495811073e-06
random,37,1148,0.5837695233808179,0.14922087985429378,0.8203259307000386,0.06896196487305489,0.3411875230385416,0.3012796511527724,-2.2418884061926505,2.2418884061926505,10.558369123676034,7.02262028469904e-08,0.0,2.016328881637719e-09,2.445890212060163e-06
random,37,1149,0.5837695212636739,0.14922087744278673,0.8203259174430347,0.06896196661523366,0.3411875316579256,0.3012796713193811,-2.2418884077826386,2.2418884077826386,10.558384159356283,7.37374993316594e-08,0.0,2.117144015656436e-09,2.568184722663171e-06
random,37,1150,0.5837695190406818,0.14922087491544123,0.8203259035492214,0.06896196844713563,0.3411875407212129,0.3012796905464649,-2.2418884113142736,2.2418884113142736,10.55831991551875,7.742443034057414e-08,0.0,2.222992123712686e-09,2.6965939587963296e-06
random,37,1151,0.5837695167067283,0.1492208722394539,0.8203258888382655,0.06896197035828625,0.3411875501765807,0.30127971993051744,-2.241888406230715,2.241888406230715,10.558607959957273,8.129725683017255e-08,0.0,2.3339534749311497e-09,2.831423656736146e-06
random,37,1152,0.5837695142606995,0.14922086954710434,0.8203258740373598,0.06896197243002371,0.34118756042644777,0.30127970287956884,-2.241888446669021,2.241888446669021,10.557162505925922,8.540751620814267e-08,0.0,2.4460288239325223e-09,2.9729948395729536e-06
random,37,1153,0.5837695117145189,0.14922086639706045,0.8203258567203283,0.0689619744264052,0.3411875703034931,0.30127982026081757,-2.2418883596998636,2.2418883596998636,10.563294893822421,8.985323543529849e-08,0.0,2.5461805996940257e-09,3.1216445815516016e-06
random,37,1154,0.5837695116799239,0.14922086663460338,0.8203258580261953,0.06896197465376584,0.341187571428354,0.3012796952649266,-2.2418884828517323,2.2418884828517323,10.467191770555807,8.237832032903238e-09,1.3877787807814457e-17,3.459499353652973e-11,1.0242896283216193e-07
random,37,1155,0.583769511516517,0.14922086643883764,0.8203258569499939,0.06896197470118104,0.34118757166293945,0.30127972100503264,-2.241888456404107,2.241888456404107,10.566527918954565,3.4018706089164496e-09,1.3877787807814457e-17,1.6340684361182412e-10,1.0755041097377003e-07
random,37,1156,0.583769511421239,0.14922086631503229,0.8203258562693871,0.06896197476794592,0.34118757199325694,0.30127972899169403,-2.241888449696149,2.241888449696149,10.564153730820397,3.2829367663273186e-09,0.0,9.527800770570138e-11,1.1292793152245853e-07
random,37,1157,0.5837695113218063,0.1492208661876322,0.8203258555690187,0.06896197483948652,0.34118757234720215,0.30127973636958555,-2.241888443613858,2.241888443613858,10.563349837809985,3.436128955854382e-09,0.0,9.943268430845364e-11,1.1857432809858147e-07
random,37,1158,0.5837695112179284,0.14922086605652243,0.8203258548482567,0.0689619749160775,0.3411875727261341,0.30127974307329947,-2.2418884382223108,2.2418884382223108,10.562565481408752,3.5983341848800607e-09,0.0,1.0387790627675031e-10,1.2450304450351054e-07
random,37,1159,0.5837695111092898,0.14922086592151804,0.8203258541060844,0.06896197499797169,0.34118757313130343,0.30127974905958077,-2.2418884335655815,2.2418884335655815,10.561818672235855,3.770229924437053e-09,0.0,1.0863865362864544e-10,1.307281967286861e-07
random,37,1160,0.5837695109955561,0.1492208657823484,0.820325853341014,0.0689619750853922,0.34118757356381413,0.30127975431419357,-2.2418884296601513,2.2418884296601513,10.561128018857273,3.9524021080958586e-09,0.0,1.1373368913325521e-10,1.372646065651204e-07
random,37,1161,0.5837695108763814,0.1492208656386482,0.8203258525510375,0.06896197517852838,0.341187574024603,0.3012797588561215,-2.241888426490863,2.241888426490863,10.560510451848996,4.145316350334485e-09,0.0,1.1917467013233818e-10,1.4412783689337644e-07
random,37,1162,0.5837695107514157,0.14922086548995905,0.8203258517336347,0.06896197527753758,0.3411875745144484,0.3012797627374184,-2.2418884240110395,2.2418884240110395,10.559978667949075,4.349321678463912e-09,0.0,1.2496570445108546e-10,1.5133422873804527e-07
random,37,1163,0.5837695106203076,0.1492208653357422,0.820325850885844,0.06896197538255325,0.34118757503401065,0.30127976603802387,-2.241888422147425,2.241888422147425,10.559539041868048,4.564689388406197e-09,0.0,1.311081243571266e-10,1.5890094017494756e-07
random,37,1164,0.5837695104827059,0.149220865175401,0.8203258500043853,0.06896197549369833,0.34118757558389806,0.30127976885642627,-2.24188842080911,2.24188842080911,10.559190758720737,4.791673245576403e-09,0.0,1.3760170780585668e-10,1.6684598718369494e-07
random,37,1165,0.583769510338258,0.149220865008307,0.8203258490858037,0.06896197561110076,0.34118757616474354,0.3012797712984369,-2.241888419898281,2.241888419898281,10.558926502467575,5.030567507236471e-09,0.0,1.444478980872077e-10,1.751882865428797e-07
random,37,1166,0.5837695101866045,0.14922086483382338,0.8203258481265986,0.06896197573490778,0.3411875767772755,0.3012797734667485,-2.2418884193202206,2.2418884193202206,10.558734400243225,5.281744356880015e-09,0.0,1.516534675616299e-10,1.839477008700237e-07
random,37,1167,0.5837695100273761,0.14922086465132206,0.820325847123317,0.0689619758652964,0.3411875774223698,0.30127977545326884,-2.2418884189906594,2.2418884189906594,10.558600476602585,5.545665662748407e-09,0.0,1.5922840823634488e-10,1.931450859135249e-07
random,37,1168,0.5837695098601898,0.14922086446019223,0.8203258460726011,0.06896197600247939,0.3411875781010791,0.301279777334969,-2.241888418839769,2.241888418839769,10.558510853326272,5.82287638488141e-09,0.0,1.6718626483225307e-10,2.0280234020920116e-07
random,37,1169,0.5837695096846456,0.14922086425984105,0.8203258449711918,0.06896197614670707,0.3411875788146418,0.3012797791728755,-2.24188841881314,2.24188841881314,10.558453245877727,6.1139907799600456e-09,0.0,1.7554424580623618e-10,2.1294245721966123e-07
random,37,1170,0.5837695095003245,0.1492208640496895,0.820325843815906,0.06896197629826639,0.3411875795644776,0.30127978101326675,-2.241888418870655,2.241888418870655,10.558417683158353,6.419679219590981e-09,0.0,1.8432111392741035e-10,2.235895800806443e-07
random,37,1171,0.5837695093067874,0.14922086382916552,0.8203258426035988,0.06896197645747844,0.341187580352175,0.3012797828900539,-2.2418884189842205,2.2418884189842205,10.558396617433266,6.740659262493041e-09,0.0,1.9353707525482378e-10,2.3476905908467654e-07
random,37,1172,0.5837695091035736,0.14922086359769587,0.820325841331119,0.06896197662469562,0.3411875811794777,0.30127978482754,-2.2418884191351465,2.2418884191351465,10.558384665154414,7.0776908722381615e-09,0.0,2.0321377913745664e-10,2.465075120389104e-07
random,37,1173,0.5837695088901993,0.14922086335469859,0.8203258399952672,0.06896197680029896,0.3411875820482706,0.30127978684304124,-2.241888419311649,2.241888419311649,10.55837818690318,7.431574887648797e-09,0.0,2.1337431821422115e-10,2.588328876408559e-07
random,37,1174,0.5837695086661564,0.14922086309957633,0.8203258385927598,0.06896197698469617,0.341187582960571,0.30127978894910334,-2.241888419506741,2.241888419506741,10.558374844406636,7.80315334692746e-09,0.0,2.2404289534705413e-10,2.717745320228987e-07
random,37,1175,0.5837695084309111,0.1492208628317107,0.8203258371201969,0.06896197717832019,0.3411875839185208,0.30127979115522746,-2.2418884197165987,2.2418884197165987,10.558373209815338,8.193310781028129e-09,0.0,2.352452677101269e-10,2.8536325862404366e-07
random,37,1176,0.5837695081839036,0.14922086255045802,0.8203258355740402,0.06896197738162875,0.3411875849243846,0.3012797934691244,-2.2418884199393716,2.2418884199393716,10.558372455954364,8.602976078013078e-09,0.0,2.470075255445181e-10,2.9963142155524583e-07
random,37,1177,0.5837695079245458,0.14922086225514558,0.8203258339505914,0.0689619775951042,0.34118758598054877,0.30127979589757026,-2.241888420174379,2.241888420174379,10.558372129711353,9.033124614992851e-09,0.0,2.593577574927508e-10,3.1461299263300814e-07
random,37,1178,0.5837695076522202,0.14922086194506878,0.8203258322459772,0.06896197781925396,0.3411875870895239,0.3012797984469574,-2.2418884204215974,2.2418884204215974,10.55837199766406,9.484780563476229e-09,0.0,2.723256065095825e-10,3.303436422646586e-07
random,37,1179,0.5837695073662782,0.14922086161948867,0.820325830456135,0.06896197805461138,0.34118758825394857,0.3012798011236285,-2.2418884206813545,2.2418884206813545,10.558371947391779,9.959019262910434e-09,0.0,2.859420478174002e-10,3.468608243778915e-07
random,37,1180,0.5837695070660393,0.14922086127762985,0.8203258285768026,0.06896197830173664,0.3411875894765944,0.3012798039340684,-2.2418884209541625,2.2418884209541625,10.558371928675887,1.0456969879358691e-08,0.0,3.0023894481701063e-10,3.642038655967861e-07
random,37,1181,0.5837695067507881,0.1492208609186782,0.820325826603504,0.06896197856121808,0.34118759076037203,0.3012798068850104,-2.24188842124063,2.24188842124063,10.558371920969666,1.0979817979789241e-08,0.0,3.152511585113871e-10,3.824140588766254e-07
random,37,1182,0.5837695064197748,0.1492208605417792,0.8203258245315417,0.06896197883367347,0.341187592108338,0.30127980998349396,-2.241888421541427,2.241888421541427,10.558371916563825,1.152880845917362e-08,0.0,3.310133278588978e-10,4.015347618204567e-07
random,37,1183,0.5837695060722106,0.1492208601460353,0.8203258223559818,0.06896197911975147,0.34118759352370137,0.30127981323690095,-2.241888421857266,2.241888421857266,10.558371912989445,1.210524841911015e-08,1.3877787807814457e-17,3.4756419964310226e-10,4.216114999114795e-07
random,37,1184,0.5837695057072683,0.1492208597305044,0.8203258200716448,0.06896197942013321,0.34118759500983226,0.301279816652978,-2.241888422188897,2.241888422188897,10.558371909433594,1.2710510310659431e-08,0.0,3.649422986029549e-10,4.426920749070535e-07
random,37,1185,0.5837695053240789,0.1492208592941971,0.8203258176730918,0.06896197973553386,0.34118759657026876,0.30127982023985933,-2.2418884225371114,2.2418884225371114,10.558371905794491,1.3346035267115513e-08,0.0,3.8318936912418167e-10,4.648266786524062e-07
random,37,1186,0.5837695049217301,0.14922085883607467,0.8203258151546123,0.06896198006670436,0.34118759820872613,0.3012798240060851,-2.2418884229027367,2.2418884229027367,10.558371901941541,1.4013336385512599e-08,1.3877787807814457e-17,4.023488209270454e-10,4.880680125850265e-07
random,37,1187,0.5837695044992639,0.14922085835504628,0.82032581251021,0.06896198041443316,0.3411875999291053,0.3012798279606222,-2.2418884232866447,2.2418884232866447,10.55837189790297,1.4714002507980608e-08,0.0,4.224661731555557e-10,5.124714132142779e-07
random,37,1188,0.5837695040556743,0.1492208578499667,0.8203258097335886,0.06896198077954815,0.3411876017355022,0.30127983211288706,-2.2418884236897485,2.2418884236897485,10.558371893695112,1.5449701866524304e-08,0.0,4.435896094889813e-10,5.380949838749918e-07
random,37,1189,0.5837695035899054,0.14922085731963342,0.8203258068181377,0.06896198116291864,0.34118760363221773,0.30127983647276535,-2.241888424113009,2.241888424113009,10.558371889211653,1.622218612046547e-08,0.0,4.657688679188254e-10,5.649997330687415e-07
random,37,1190,0.5837695031008482,0.14922085676278377,0.820325803756916,0.06896198156545737,0.3411876056237676,0.3012798410506379,-2.241888424557434,2.241888424557434,10.558371884534195,1.703329449669228e-08,0.0,4.890572391502701e-10,5.932497197221785e-07
random,37,1191,0.5837695025873381,0.14922085617809192,0.8203258005426346,0.0689619819881227,0.3411876077148933,0.3012798458574048,-2.241888425024081,2.241888425024081,10.558371879662541,1.7884958188782294e-08,0.0,5.135101233122441e-10,6.229122057082875e-07
random,37,1192,0.5837695020481525,0.1492208555641658,0.8203257971676411,0.06896198243192095,0.34118760991057356,0.30127985090451054,-2.2418884255140625,2.2418884255140625,10.55837187448897,1.8779204966224308e-08,0.0,5.391855850689353e-10,6.540578159937019e-07
random,37,1193,0.5837695014820077,0.1492208549195438,0.8203257936239,0.06896198289790872,0.34118761221603594,0.30127985620397224,-2.2418884260285448,2.2418884260285448,10.558371869080704,1.9718163972987518e-08,0.0,5.661447977090006e-10,6.86760706793387e-07
random,37,1194,0.5837695008875557,0.14922085424269105,0.820325789902974,0.06896198338719546,0.3411876146367693,0.3012798617684079,-2.2418884265687526,2.2418884265687526,10.55837186340478,2.0704070789204122e-08,0.0,5.944519321232633e-10,7.210987421330563e-07
random,37,1195,0.5837695002633814,0.14922085353199616,0.8203257859960044,0.06896198390094604,0.3411876171785369,0.30127986761106573,-2.2418884271359736,2.2418884271359736,10.55837185742434,2.1739272812422696e-08,0.0,6.241743788493181e-10,7.571536792397092e-07
random,37,1196,0.5837694996079983,0.14922085278576702,0.820325781893689,0.06896198444038368,0.34118761984739054,0.30127987374585763,-2.241888427731557,2.241888427731557,10.558371851193733,2.28262347876224e-08,0.0,6.553830811384387e-10,7.950113632016947e-07
random,37,1197,0.5837694989198462,0.14922085200222696,0.8203257775862608,0.06896198500679258,0.34118762264968383,0.30127988018739016,-2.2418884283569223,2.2418884283569223,10.558371844613385,2.3967544678190618e-08,0.0,6.881520908663674e-10,8.347619313617794e-07
random,37,1198,0.5837694981972866,0.1492208511795105,0.8203257730634644,0.06896198560152131,0.3411876255920887,0.301279886951,-2.2418884290135592,2.2418884290135592,10.558371837678457,2.5165919876739285e-08,0.0,7.22559567734038e-10,8.765000279298684e-07
random,37,1199,0.5837694974385992,0.1492208503156589,0.8203257683145321,0.06896198622598577,0.34118762868161034,0.30127989405279176,-2.24188842970303,2.24188842970303,10.55837183047255,2.6424213623285813e-08,0.0,7.586874462006676e-10,9.203250293263619e-07
random,37,1200,0.5837694966419775,0.14922084940861546,0.8203257633281572,0.0689619868816727,0.3411876319256043,0.3012799015096743,-2.2418884304269784,2.2418884304269784,10.558371822839607,2.7745421836294475e-08,0.0,7.966216575283624e-10,9.6634128079268e-07
random,37,1201,0.583769495805525,0.1492208484562207,0.8203257580924681,0.06896198757014313,0.3411876353317938,0.3012799093394024,-2.241888431187128,2.241888431187128,10.558371814852283,2.913269019980361e-08,0.0,8.364525738713269e-10,1.014658344832314e-06
random,37,1202,0.5837694949272498,0.14922084745620703,0.8203257525949993,0.06896198829303612,0.34118763890828807,0.3012799175606187,-2.2418884319852883,2.2418884319852883,10.558371806479547,3.058932170533296e-08,0.0,8.782751192981664e-10,1.0653912620739297e-06
random,37,1203,0.5837694940050612,0.1492208464061937,0.8203257468226626,0.06896198905207274,0.3411876426636019,0.30127992619289695,-2.241888432823362,2.241888432823362,10.558371797627528,3.211878447865959e-08,0.0,9.221886587695849e-10,1.1186608251776263e-06
random,37,1204,0.5837694930367634,0.14922084530368082,0.8203257407617152,0.06896198984906005,0.34118764660667583,0.30127993525679186,-2.241888433703344,2.241888433703344,10.55837178843891,3.3724720053619915e-08,0.0,9.682977752945021e-10,1.1745938664365076e-06
random,37,1205,0.5837694920200509,0.14922084414604347,0.8203257343977268,0.06896199068589548,0.34118765074689733,0.3012799447738825,-2.2418884346273305,2.2418884346273305,10.558371778645773,3.5410952035008616e-08,1.3877787807814457e-17,1.0167124919746584e-09,1.233323559758333e-06
random,37,1206,0.5837694909525032,0.14922084293052562,0.8203257277155467,0.06896199156457129,0.341187655094123,0.30127995476683134,-2.2418884355975215,2.2418884355975215,10.55837176855214,3.718149519477738e-08,0.0,1.0675477168931025e-09,1.2949897377462498e-06
random,37,1207,0.5837694898315782,0.14922084165423333,0.8203257206992653,0.06896199248717938,0.34118765965870246,0.30127996525942813,-2.2418884366162306,2.2418884366162306,10.558371757705556,3.904056506005317e-08,0.0,1.1209250194710307e-09,1.3597392246335623e-06
random,37,1208,0.5837694886546072,0.149220840314128,0.8203257133321787,0.06896199345591619,0.34118766445150256,0.301279976276661,-2.241888437685879,2.241888437685879,10.558371746681996,4.099258791766837e-08,0.0,1.1769709651332505e-09,1.4277261858652405e-06
random,37,1209,0.5837694874187882,0.14922083890701923,0.8203257055967478,0.068961994473088,0.34118766948393353,0.30127998784475196,-2.241888438809024,2.241888438809024,10.55837173447258,4.304221136826454e-08,0.0,1.2358190026873217e-09,1.4991124951585026e-06
random,37,1210,0.5837694861211786,0.14922083742955697,0.820325697474556,0.06896199554111633,0.3411876747679759,0.3012799999912651,-2.241888439988322,2.241888439988322,10.558371722885518,4.519431538033317e-08,0.0,1.2976095753458594e-09,1.5740681199164278e-06
random,37,1211,0.583769484758689,0.14922083587822382,0.8203256889462669,0.06896199666254386,0.3411876803162094,0.30128001274507477,-2.241888441226626,2.241888441226626,10.558371708108337,4.745402391335452e-08,0.0,1.362489676637324e-09,1.6527715259122492e-06
random,37,1212,0.5837694833280751,0.1492208342493262,0.8203256799915752,0.06896199784004019,0.3411876861418417,0.3012800261366607,-2.2418884425267778,2.2418884425267778,10.558371698614371,4.982671714902645e-08,1.3877787807814457e-17,1.4306138496067433e-09,1.7354101022078618e-06
random,37,1213,0.5837694818259311,0.14922083253898683,0.8203256705891663,0.0689619990764089,0.3411876922587437,0.30128004019761256,-2.241888443892157,2.241888443892157,10.558371673641567,5.231804421601478e-08,0.0,1.5021439647711077e-09,1.822180607318255e-06
random,37,1214,0.5837694802486806,0.14922083074313192,0.8203256607166448,0.06896200037459219,0.34118769868147164,0.3012800549622389,-2.2418884453252246,2.2418884453252246,10.558371687463953,5.493393673575299e-08,0.0,1.5772505523869995e-09,1.913289637684168e-06
random,37,1215,0.5837694785925682,0.14922082885749208,0.8203256503505402,0.06896200173768385,0.3411877054253321,0.30128007046320576,-2.2418884468317724,2.2418884468317724,10.558371587752193,5.7680622896669744e-08,0.0,1.6561123583613835e-09,2.0089541195683763e-06
random,37,1216,0.5837694768536508,0.14922082687755875,0.8203256394660671,0.06896200316891814,0.34118771250632646,0.30128008674540335,-2.241888448407759,2.241888448407759,10.558371831364754,6.056464226421141e-08,0.0,1.738917454474631e-09,2.109401825546795e-06
random,37,1217,0.5837694750277883,0.14922082479868476,0.8203256280376782,0.06896200467173895,0.3411877199414932,0.3012801038202544,-2.2418884500830814,2.2418884500830814,10.558370952681397,6.359286141394974e-08,0.0,1.8258624612244034e-09,2.214871916824135e-06
random,37,1218,0.5837694731106335,0.14922082261567837,0.8203256160368325,0.06896200624958945,0.34118772774786743,0.30128012182834707,-2.2418884517661946,2.2418884517661946,10.558373972158082,6.677249029558514e-08,0.0,1.9171547682717005e-09,2.325615512665342e-06
random,37,1219,0.583769471097622,0.14922082032428785,0.8203256034401566,0.06896200790674928,0.34118773594662244,0.30128014042325507,-2.241888453833283,2.241888453833283,10.558362538656729,7.011110105700753e-08,0.0,2.013011535240139e-09,2.441896288298609e-06
random,37,1220,0.5837694689839644,0.1492208179151416,0.8203255901961312,0.06896200964499423,0.34118774454654405,0.3012801612626818,-2.2418884547468223,2.2418884547468223,10.558408080628032,7.361667355300993e-08,0.0,2.1136575822922055e-09,2.5639911027135398e-06
random,37,1221,0.5837694667646945,0.14922081539986068,0.8203255763686416,0.06896201147807453,0.341187753615661,0.30128017725432515,-2.2418884613363623,2.2418884613363623,10.558213403318831,7.729817966738342e-08,0.0,2.219269878978025e-09,2.6921906578492167e-06
random,37,1222,0.5837694644362315,0.14922081269264584,0.8203255614860157,0.06896201336615204,0.3411877629568753,0.3012802214785997,-2.2418884420216916,2.2418884420216916,10.559070459804815,8.117727735449447e-08,0.0,2.328463089007471e-09,2.8268001907416775e-06
random,37,1223,0.583769462032309,0.1492208102361224,0.8203255479815391,0.06896201556242848,0.34118777382289567,0.3012801130091535,-2.2418885696499125,2.2418885696499125,10.554314380021259,8.575020544384165e-08,0.0,2.4039225055005886e-09,2.9681402002787617e-06
random,37,1224,0.5837694594505706,0.14922080688922196,0.8203255295823095,0.0689620174434157,0.34118778312903086,0.30128030949004225,-2.2418884071963676,2.2418884071963676,10.57006311354876,9.030723791250203e-08,0.0,2.5817383786375103e-09,3.1165472102927e-06
random,37,1225,0.5837694594159167,0.14922080712638658,0.8203255308860968,0.06896201767039917,0.3411877842520257,0.3012801846855437,-2.2418885301599154,2.2418885301599154,10.467190741279028,8.224422765595206e-09,0.0,3.465383535683486e-11,1.0226170533772922e-07
random,37,1226,0.5837694592528061,0.14922080693099452,0.8203255298119497,0.06896201771775914,0.34118778448633796,0.301280210366229,-2.2418885037719303,2.2418885037719303,10.566509940690194,3.396016749273558e-09,0.0,1.6311063610885412e-10,1.0737479060461569e-07
random,37,1227,0.5837694591576963,0.14922080680744407,0.8203255291327443,0.06896201778443484,0.3411877848162142,0.3012802183217061,-2.2418884970922583,2.2418884970922583,10.564137961702452,3.2773448222591962e-09,0.0,9.510980891747067e-11,1.1274353013484648e-07
random,37,1228,0.5837694590584357,0.1492208066802997,0.8203255284337816,0.06896201785587515,0.3411877851696633,0.30128022567132734,-2.24188849103541,2.24188849103541,10.563336458794232,3.4303354719904454e-09,0.0,9.926059973963675e-11,1.1838070664158881e-07
random,37,1229,0.5837694589547348,0.14922080654944575,0.8203255277144259,0.06896201793235379,0.34118778554803936,0.3012802323502052,-2.241888485665961,2.241888485665961,10.562554573949303,3.5923205904355104e-09,0.0,1.0370093672662506e-10,1.2429974197366825e-07
random,37,1230,0.5837694588462787,0.14922080641469693,0.8203255269736586,0.0689620180141228,0.3411877859525894,0.3012802383154699,-2.241888481027609,2.241888481027609,10.561810214421916,3.7639738199439e-09,0.0,1.084560219410946e-10,1.3051472907235167e-07
random,37,1231,0.5837694587327342,0.14922080627578277,0.8203255262099928,0.06896201810140475,0.34118778638441455,0.30128024355305827,-2.2418884771366647,2.2418884771366647,10.56112186345773,3.9458782602282615e-09,0.0,1.1354450712985908e-10,1.3704046552596927e-07
random,37,1232,0.5837694586137571,0.149220806132339,0.8203255254214259,0.06896201819438885,0.341187786844451,0.30128024808185744,-2.2418884739780562,2.2418884739780562,10.560506323935487,4.1384981551149015e-09,0.0,1.1897716145625736e-10,1.4389248880226773e-07
random,37,1233,0.5837694584889973,0.14922080598390866,0.8203255246054458,0.06896201829323259,0.3411877873334778,0.3012802519535476,-2.2418884715054554,2.2418884715054554,10.559976189667161,4.342182765187116e-09,0.0,1.247597580800175e-10,1.5108711324238112e-07
random,37,1234,0.5837694583581049,0.14922080582995517,0.820325523759103,0.06896201839806984,0.34118778785215736,0.3012802552474686,-2.2418884696461743,2.2418884696461743,10.559537782091175,4.557204769644554e-09,0.0,1.3089240802344193e-10,1.586414689045002e-07
random,37,1235,0.5837694582207297,0.14922080566988438,0.8203255228791307,0.06896201850902416,0.341187788401101,0.30128025806138653,-2.2418884683099884,2.2418884683099884,10.559190294322168,4.783819694632997e-09,0.0,1.3737522230883314e-10,1.665735423497252e-07
random,37,1236,0.5837694580765191,0.14922080550307004,0.8203255219620866,0.068962018626224,0.34118778898094415,0.3012802605003847,-2.2418884673997734,2.2418884673997734,10.558926471658898,5.022323251002102e-09,0.0,1.4421053240454285e-10,1.7490221946721148e-07
random,37,1237,0.5837694579251153,0.14922080532887771,0.8203255210044829,0.06896201874981697,0.34118778959241713,0.3012802626665212,-2.2418884668214125,2.2418884668214125,10.558734533590036,5.273088345621327e-09,0.0,1.5140388942569416e-10,1.8364733044057205e-07
random,37,1238,0.5837694577661487,0.1492208051466812,0.8203255200028768,0.06896201887998021,0.3411877902363964,0.3012802646512171,-2.241888466491097,2.241888466491097,10.558600601786072,5.536576738119018e-09,0.0,1.589665066248358e-10,1.9282969696260066e-07
random,37,1239,0.5837694575992375,0.1492208049558711,0.8203255189539186,0.0689620190169264,0.3411877909139341,0.3012802665311142,-2.241888466339307,2.241888466339307,10.558510880667926,5.81333281075989e-09,0.0,1.6691126258905342e-10,2.024711818107307e-07
random,37,1240,0.5837694574239819,0.1492208047558558,0.8203255178543558,0.06896201916090555,0.34118779162626717,0.30128026836704686,-2.241888466311811,2.241888466311811,10.558453144797012,6.103969879170493e-09,0.0,1.7525558781983364e-10,2.1259474090126726e-07
random,37,1241,0.5837694572399642,0.14922080454605738,0.8203255167010112,0.06896201931220415,0.34118779237481306,0.30128027020520215,-2.2418884663685703,2.2418884663685703,10.558417458588801,6.409157203454257e-09,0.0,1.840176899747803e-10,2.2322447794633064e-07
random,37,1242,0.5837694570467457,0.14922080432590462,0.8203255154907448,0.06896201947114267,0.3411877931611572,0.30128027207946445,-2.2418884664815124,2.2418884664815124,10.558396291154912,6.729611103543159e-09,0.0,1.9321855226905882e-10,2.343857018436472e-07
random,37,1243,0.5837694568438662,0.14922080409482508,0.8203255142204096,0.06896201963807283,0.34118779398703986,0.3012802740141454,-2.2418884666319316,2.2418884666319316,10.558384263568582,7.066090285071082e-09,0.0,2.02879490984742e-10,2.461049869358296e-07
random,37,1244,0.5837694566308429,0.14922080385223774,0.8203255128868114,0.06896201981337498,0.34118779485434264,0.30128027602658275,-2.2418884668080143,2.2418884668080143,10.558377734015307,7.4193942634751734e-09,0.0,2.1302326569383467e-10,2.5841023628262107e-07
random,37,1245,0.5837694564071684,0.14922080359754605,0.820325511486671,0.06896201999745602,0.3411877957650788,0.3012802781293459,-2.241888467002745,2.241888467002745,10.558374359153923,7.790363697250059e-09,0.0,2.236745233474835e-10,2.713307480967521e-07
random,37,1246,0.5837694561723101,0.14922080333013274,0.8203255100165947,0.06896202019074815,0.3411877967213866,0.30128028033195353,-2.2418884672122728,2.2418884672122728,10.558372705523887,8.17988164714036e-09,0.0,2.3485824396374255e-10,2.8489728550158974e-07
random,37,1247,0.5837694559257091,0.14922080304935503,0.8203255084730491,0.06896202039370829,0.34118779772552654,0.3012802826421273,-2.241888467434729,2.241888467434729,10.558371941236102,8.58887547849344e-09,0.0,2.4660107289520283e-10,2.9914214977666926e-07
random,37,1248,0.5837694556667781,0.14922080275454136,0.8203255068523423,0.0689620206068179,0.3411877987798808,0.3012802850666468,-2.24188846766942,2.24188846766942,10.55837160970701,9.018318994842035e-09,0.0,2.589309877620849e-10,3.1409925726550273e-07
random,37,1249,0.5837694553949003,0.14922080244498825,0.820325505150607,0.06896202083058356,0.3411877998869556,0.30128028761190306,-2.2418884679163145,2.2418884679163145,10.558371475206298,9.469234662169347e-09,0.0,2.718777425414487e-10,3.2980422012877787e-07
random,37,1250,0.5837694551094287,0.14922080211995806,0.820325503363788,0.06896202106553766,0.34118780104938484,0.30128029028423275,-2.241888468175735,2.241888468175735,10.558371423868072,9.94269606988321e-09,0.0,2.854716463218665e-10,3.462944311352168e-07
random,37,1251,0.5837694548096837,0.14922080177867664,0.8203255014876296,0.06896202131223944,0.3411878022699355,0.3012802930901129,-2.24188846844819,2.24188846844819,10.558371404778322,1.0439830530158292e-08,0.0,2.997450065933549e-10,3.6360915269197764e-07
random,37,1252,0.5837694544949514,0.14922080142033128,0.8203254995176642,0.06896202157127623,0.3411878035515133,0.3012802960362662,-2.2418884687342886,2.2418884687342886,10.558371396889326,1.0961821673832477e-08,0.0,3.147322402696773e-10,3.8178961032657656e-07
random,37,1253,0.5837694541644824,0.14922080104406882,0.8203254974492012,0.06896202184326472,0.3411878048971692,0.30128029912972176,-2.241888469034698,2.241888469034698,10.558371392479128,1.1509912318341574e-08,0.0,3.304689855099241e-10,4.008790908429054e-07
random,37,1254,0.5837694538174901,0.14922080064899335,0.8203254952773158,0.06896202212885251,0.34118780631010737,0.3012803023778489,-2.2418884693501298,2.2418884693501298,10.558371388886412,1.2085407469730372e-08,0.0,3.4699232376311784e-10,4.209230453850507e-07
random,37,1255,0.5837694534531481,0.14922080023416429,0.8203254929968371,0.06896202242871949,0.3411878077936914,0.30128030578838266,-2.2418884696813346,2.2418884696813346,10.55837138537445,1.2689677335301747e-08,0.0,3.643420010135401e-10,4.419691976543033e-07
random,37,1256,0.5837694530705891,0.14922079979859393,0.8203254906023354,0.06896202274357968,0.34118780935145404,0.30128030936944317,-2.2418884700290995,2.2418884700290995,10.55837138168977,1.3324160629523513e-08,0.0,3.825589844907995e-10,4.640676575370185e-07
random,37,1257,0.5837694526689023,0.14922079934124527,0.8203254880881097,0.06896202307418269,0.34118781098710377,0.301280313129557,-2.2418884703942545,2.2418884703942545,10.558371377850808,1.3990368032474553e-08,0.0,4.016867949374614e-10,4.872710404138695e-07
random,37,1258,0.5837694522471311,0.14922079886102935,0.8203254854481737,0.0689620234213156,0.3411878127045348,0.3012803170776771,-2.2418884707776674,2.2418884707776674,10.558371373841544,1.4689885740294708e-08,0.0,4.217712845644428e-10,5.11634592434563e-07
random,37,1259,0.5837694518042714,0.1492207983568029,0.8203254826762425,0.06896202378580493,0.34118781450783625,0.30128032122320336,-2.2418884711802525,2.2418884711802525,10.558371369585846,1.5424379260543637e-08,0.0,4.4285963785029026e-10,5.372163220562911e-07
random,37,1260,0.5837694513392686,0.14922079782736533,0.8203254797657156,0.06896202416851847,0.3411878164013015,0.3012803255760064,-2.2418884716029677,2.2418884716029677,10.558371365159573,1.6195597387282673e-08,0.0,4.650028140318341e-10,5.640771381591057e-07
random,37,1261,0.583769450851016,0.1492207972714562,0.8203254767096643,0.0689620245703674,0.3411878183894386,0.3012803301464501,-2.24188847204682,2.24188847204682,10.558371360503674,1.7005376331841588e-08,0.0,4.882526605243243e-10,5.92280995067061e-07
random,37,1262,0.5837694503383507,0.14922079668775193,0.8203254735008121,0.06896202499230845,0.341187820476981,0.3012803349454166,-2.2418884725128665,2.2418884725128665,10.558371355609141,1.7855644121935833e-08,0.0,5.126652435905044e-10,6.21895044820414e-07
random,37,1263,0.5837694498000522,0.14922079607486277,0.820325470131519,0.06896202543534621,0.34118782266889874,0.301280339984332,-2.2418884730022164,2.2418884730022164,10.558371350461833,1.8748425205738116e-08,1.3877787807814457e-17,5.382985168722598e-10,6.529897970614347e-07
random,37,1264,0.5837694492348388,0.1492207954313295,0.8203254665937632,0.06896202590053548,0.3411878249704105,0.3012803452751936,-2.2418884735160356,2.2418884735160356,10.558371345052052,1.9685845215186783e-08,0.0,5.652134316136426e-10,6.856392869145065e-07
random,37,1265,0.5837694486413648,0.14922079475562,0.8203254628791221,0.06896202638898376,0.3411878273869956,0.3012803508305994,-2.241888474055548,2.241888474055548,10.558371339414972,2.067013610972784e-08,0.0,5.93473936660871e-10,7.199212512602318e-07
random,37,1266,0.5837694480182173,0.14922079404612543,0.8203254589787511,0.068962026901854,0.34118782992440777,0.30128035666377595,-2.241888474622038,2.241888474622038,10.558371333432445,2.1703641411694198e-08,0.0,6.231475335738423e-10,7.559173138232434e-07
random,37,1267,0.5837694473639125,0.1492207933011567,0.8203254548833646,0.06896202744036722,0.3411878325886879,0.3012803627886122,-2.2418884752168546,2.2418884752168546,10.558371327193525,2.2788821809347372e-08,0.0,6.543048325369227e-10,7.937131795144056e-07
random,37,1268,0.5837694466768925,0.14922079251894005,0.8203254505832117,0.06896202800580555,0.34118783538617925,0.30128036921969137,-2.2418884758414137,2.2418884758414137,10.558371320643394,2.3928261065580406e-08,0.0,6.870199964481571e-10,8.333988384901259e-07
random,37,1269,0.5837694459555216,0.1492207916976132,0.8203254460680547,0.06896202859951514,0.341187838323542,0.30128037597232527,-2.2418884764972047,2.2418884764972047,10.55837131373006,2.5124672088786814e-08,0.0,7.213708519415718e-10,8.750687804146323e-07
random,37,1270,0.5837694451980823,0.14922079083522063,0.8203254413271431,0.06896202922290953,0.3411878414077695,0.30128038306259247,-2.2418884771857877,2.2418884771857877,10.558371306529553,2.638090347005207e-08,0.0,7.57439333476384e-10,9.188222194353639e-07
random,37,1271,0.5837694444027712,0.14922078992970922,0.8203254363491903,0.06896202987747288,0.3411878446462046,0.30128039050737393,-2.2418884779088035,2.2418884779088035,10.558371298897184,2.7699946177805436e-08,0.0,7.953110392477925e-10,9.647633304071321e-07
random,37,1272,0.5837694435676948,0.14922078897892302,0.8203254311223442,0.06896203056476354,0.3411878480465572,0.301280398324396,-2.2418884786679736,2.2418884786679736,10.558371290943331,2.9084940775588593e-08,0.0,8.35076452432304e-10,1.0130014969274888e-06
random,37,1273,0.5837694426908645,0.14922078798059843,0.8203254256341609,0.0689620312864178,0.34118785161692283,0.3012804065322707,-2.241888479465106,2.241888479465106,10.558371282558866,3.053918481954721e-08,0.0,8.768302750539192e-10,1.0636515717738633e-06
random,37,1274,0.5837694417701931,0.14922078693235857,0.8203254198715737,0.06896203204415374,0.34118785536580165,0.3012804151505408,-2.2418884803021,2.2418884803021,10.558371273776915,3.206614075978661e-08,0.0,9.206714279841322e-10,1.1168341503625566e-06
random,37,1275,0.5837694408034882,0.14922078583170784,0.8203254138208632,0.06896203283977535,0.34118785930211887,0.3012804241997264,-2.2418884811809483,2.2418884811809483,10.558371264541972,3.366944417375917e-08,0.0,9.6670482729877e-10,1.1726758578806845e-06
random,37,1276,0.5837694397884484,0.14922078467602573,0.8203254074676236,0.06896203367517678,0.34118786343524565,0.3012804337013732,-2.2418884821037444,2.2418884821037444,10.558371254839612,3.535291236708407e-08,0.0,1.0150398299657581e-09,1.2313096507747188e-06
random,37,1277,0.583769438722657,0.14922078346256087,0.8203254007967296,0.06896203455234694,0.3411878677750221,0.3012804436781051,-2.241888483072686,2.241888483072686,10.558371244692951,3.712055357137194e-08,0.0,1.065791455090448e-09,1.2928751333134548e-06
random,37,1278,0.583769437603576,0.14922078218842424,0.8203253937922989,0.06896203547337407,0.34118787233177983,0.301280454153675,-2.241888484090082,2.241888484090082,10.558371233937288,3.8976576375423123e-08,0.0,1.1190809390271284e-09,1.3575188899791275e-06
random,37,1279,0.5837694364285415,0.14922078085058238,0.8203253864376553,0.06896203644045086,0.34118787711636706,0.30128046515302814,-2.241888485158354,2.241888485158354,10.558371222836561,4.0925399819756106e-08,0.0,1.1750345141336993e-09,1.4253948344780839e-06
random,37,1280,0.5837694351947553,0.1492207794458502,0.8203253787152893,0.06896203745587964,0.3411878821401745,0.30128047670234825,-2.2418884862800503,2.2418884862800503,10.558371210830682,4.297166390112639e-08,0.0,1.233786184329233e-09,1.4966645762019882e-06
random,37,1281,0.5837694338992806,0.14922077797088334,0.8203253706068159,0.06896203852207786,0.3411878874151623,0.301280488829146,-2.2418884874578326,2.2418884874578326,10.55837119892316,4.512024055363003e-08,0.0,1.2954747274918077e-09,1.5714978050120877e-06
random,37,1282,0.5837694325390324,0.14922077642217035,0.8203253620929307,0.06896203964158375,0.3411878929538885,0.30128050156226827,-2.2418884886945323,2.2418884886945323,10.558371184909221,4.7376245396099985e-08,0.0,1.3602482473729083e-09,1.650072695262692e-06
random,37,1283,0.5837694311107722,0.14922077479602397,0.8203253531533639,0.06896204081706239,0.3411878987695385,0.30128051493209784,-2.2418884899930323,2.2418884899930323,10.558371173679367,4.974504972581759e-08,0.0,1.428260176794538e-09,1.7325763300258267e-06
random,37,1284,0.5837694296110995,0.14922077308857323,0.8203253437668349,0.06896204205131241,0.34118790487595824,0.30128052897029844,-2.2418884913565886,2.2418884913565886,10.558371153257042,5.223229347726569e-08,0.0,1.4996727193405945e-09,1.819205146527118e-06
random,37,1285,0.5837694280364438,0.14922077129575195,0.8203253339109904,0.06896204334727146,0.3411879112876819,0.3012805437107697,-2.241888492787996,2.241888492787996,10.55837115476708,5.48438985071516e-08,0.0,1.5746556281115431e-09,1.910165403853474e-06
random,37,1286,0.5837694263830558,0.14922076941329543,0.8203253235623856,0.06896204470802658,0.34118791801998233,0.30128055918718766,-2.2418884942920227,2.2418884942920227,10.558371091017671,5.758608279995581e-08,0.0,1.6533879820812558e-09,2.0056736740461478e-06
random,37,1287,0.5837694246469993,0.14922076743671106,0.8203253126963231,0.06896204613681108,0.34118792508885637,0.3012805754409503,-2.2418884958679044,2.2418884958679044,10.558371222894008,6.046537521848011e-08,0.0,1.7360565207624745e-09,2.1059573577484553e-06
random,37,1288,0.5837694228241406,0.14922076536133094,0.8203253012871414,0.06896204763704718,0.34118793251123536,0.30128059249521083,-2.241888497534257,2.241888497534257,10.558370715262438,6.348863105709601e-08,0.0,1.82285875283128e-09,2.2112552256358782e-06
random,37,1289,0.5837694209101396,0.14922076318207667,0.8203252893069226,0.06896204921223001,0.34118794030441135,0.30128061044726673,-2.241888499240855,2.241888499240855,10.55837242236055,6.66630484073226e-08,0.0,1.914000957725648e-09,2.3218179869176723e-06
random,37,1290,0.5837694189004398,0.14922076089429517,0.8203252767300869,0.06896205086640568,0.34118794848840234,0.3012806291195136,-2.2418885012024172,2.2418885012024172,10.558365935040936,6.999618577783987e-08,0.0,2.0096998509799846e-09,2.437908886263556e-06
random,37,1291,0.5837694167902571,0.14922075849032718,0.8203252635145284,0.06896205260228641,0.341187957076627,0.30128064946793415,-2.2418885025521975,2.2418885025521975,10.55839169241374,7.349598887358557e-08,0.0,2.110182695247431e-09,2.5598043305767336e-06
random,37,1292,0.5837694145745882,0.14922075597421675,0.8203252496824787,0.06896205442941361,0.34118796611629115,0.3012806675203335,-2.241888507137049,2.241888507137049,10.558282037042272,7.717098769776486e-08,0.0,2.2156688705976535e-09,2.6877945471055705e-06
random,37,1293,0.5837694122486788,0.14922075329477086,0.8203252349525095,0.06896205632710219,0.3411879755050559,0.301280701989616,-2.2418884971171944,2.2418884971171944,10.558768924966339,8.103412153655e-08,0.0,2.325909354006228e-09,2.8221842744608492e-06
random,37,1294,0.5837694098193228,0.14922075068499527,0.8203252206055456,0.06896205843244585,0.3411879859211888,0.3012806555955633,-2.2418885654926757,2.2418885654926757,10.556254749047993,8.522478119751508e-08,0.0,2.429356049660214e-09,2.963293488183892e-06
random,37,1295,0.5837694072726043,0.1492207474818915,0.8203252029968231,0.06896206038671382,0.3411879955898786,0.3012807979253455,-2.2418884546316775,2.2418884546316775,10.56590657352977,8.970780296601866e-08,0.0,2.5467185027494565e-09,3.111458162593087e-06
random,37,1296,0.5837694072378916,0.1492207477186784,0.8203252042985338,0.06896206061332072,0.34118799671101036,0.3012806733119491,-2.241888577407189,2.241888577407189,10.467189713761748,8.2110352643485e-09,0.0,3.4712677177139994e-11,1.0209472096008566e-07
random,37,1297,0.5837694070750769,0.14922074752365933,0.8203252032264372,0.06896206066062556,0.3411879969450498,0.30128069893333553,-2.2418885510787243,2.2418885510787243,10.566491964335322,3.3901735758611393e-09,0.0,1.6281476167279152e-10,1.0719945700808994e-07
random,37,1298,0.5837694069801349,0.14922074740036326,0.8203252025486302,0.06896206072721218,0.3411879972744854,0.30128070685770614,-2.2418885444272663,2.2418885444272663,10.564122193897385,3.271762993781949e-09,0.0,9.494194319614735e-11,1.1255942985849444e-07
random,37,1299,0.5837694068810462,0.14922074727347412,0.8203252018510706,0.06896206079855237,0.3411879976274391,0.3012807141791259,-2.2418885383957985,2.2418885383957985,10.563323079435573,3.4245522046572006e-09,0.0,9.908873721542477e-11,1.1818740135141917e-07
random,37,1300,0.5837694067775216,0.14922074714287548,0.8203252011331185,0.06896206087491888,0.34118799800526045,0.30128072083322427,-2.241888533048395,2.241888533048395,10.562543663533443,3.5863173380953317e-09,0.0,1.0352452228801212e-10,1.2409677141899013e-07
random,37,1301,0.5837694066692478,0.14922074700838175,0.8203252003937535,0.06896206095656289,0.34118799840919206,0.3012807267775141,-2.241888528428384,2.241888528428384,10.561801750429696,3.757728253024988e-09,0.0,1.0827383434275362e-10,1.3030160998993964e-07
random,37,1302,0.5837694065558926,0.1492207468697227,0.8203251996314901,0.06896206104370654,0.341187998840333,0.3012807319981037,-2.241888524551904,2.241888524551904,10.56111569865106,3.93936524380756e-09,0.0,1.133552141041605e-10,1.3681669048943664e-07
random,37,1303,0.5837694064371122,0.1492207467265349,0.8203251988443303,0.06896206113653883,0.3411879992996183,0.30128073651378445,-2.2418885214039674,2.2418885214039674,10.56050218413833,4.131691202258804e-09,0.0,1.1878042993629379e-10,1.436575250139085e-07
random,37,1304,0.5837694063125581,0.14922074657836298,0.820325198029771,0.06896206123521742,0.34118799978782804,0.3012807403758653,-2.2418885189385955,2.2418885189385955,10.559973698339569,4.335055598393485e-09,0.0,1.2455403375355445e-10,1.5084040126460393e-07
random,37,1305,0.5837694061818812,0.14922074642467248,0.8203251971848737,0.06896206133987665,0.34118800030562685,0.30128074366309104,-2.241888517083661,2.241888517083661,10.559536509759091,4.549732458705426e-09,0.0,1.306769137343622e-10,1.5838242132783414e-07
random,37,1306,0.583769406044732,0.14922074626487158,0.8203251963063853,0.06896206145064057,0.3411880008536285,0.30128074647251,-2.241888515749621,2.241888515749621,10.559189819282533,4.7759790846578825e-09,0.0,1.3714918090101946e-10,1.6630154239422584e-07
random,37,1307,0.5837694059007587,0.14922074609833652,0.8203251953908764,0.0689620615676382,0.34118800143247124,0.3012807489084815,-2.2418885148400367,2.2418885148400367,10.55892643296729,5.0140926070693965e-09,0.0,1.439733887664829e-10,1.7461661951393714e-07
random,37,1308,0.5837694057496037,0.14922074592443504,0.8203251944348716,0.06896206169101751,0.34118800204288713,0.3012807510724319,-2.2418885142613902,2.2418885142613902,10.558734661972181,5.264446593912045e-09,0.0,1.511549774235732e-10,1.83347450489634e-07
random,37,1309,0.5837694055908988,0.1492207457425428,0.8203251934349383,0.06896206182095581,0.34118800268575344,0.3012807530552964,-2.2418885139303315,2.2418885139303315,10.558600724595104,5.527502792183831e-09,0.0,1.5870482705793165e-10,1.9251482301411572e-07
random,37,1310,0.583769405424262,0.14922074555205186,0.8203251923877346,0.06896206195766563,0.34118800336212174,0.3012807549333881,-2.2418885137776474,2.2418885137776474,10.558510907591234,5.803804983458992e-09,0.0,1.6663681545736608e-10,2.021405641648215e-07
random,37,1311,0.5837694052492949,0.1492207453523719,0.8203251912900152,0.06896206210139669,0.3411880040732274,0.3012807567673477,-2.241888513749287,2.241888513749287,10.558453044478252,6.093965511970764e-09,0.0,1.7496715187803602e-10,2.122475923730626e-07
random,37,1312,0.5837694050655797,0.149220745142926,0.8203251901386086,0.068962062252435,0.3411880048204855,0.30128075860327047,-2.241888513805293,2.241888513805293,10.558417235414346,6.3986525338006115e-09,0.0,1.8371515420056994e-10,2.2285997199171573e-07
random,37,1313,0.583769404872679,0.14922074492314374,0.8203251889303791,0.06896206241110046,0.34118800560547874,0.30128076047501284,-2.241888513917612,2.241888513917612,10.558395966502504,6.7185811679252555e-09,0.0,1.9290069541710864e-10,2.3400297059130153e-07
random,37,1314,0.5837694046701336,0.1492207446924537,0.8203251876621851,0.06896206257774415,0.34118800642994407,0.3012807624068941,-2.241888514067524,2.241888514067524,10.558383863585707,7.054508832689733e-09,0.0,2.025454248766323e-10,2.457031191208666e-07
random,37,1315,0.5837694044574605,0.14922074445027553,0.8203251863308363,0.06896206275274562,0.34118800729575927,0.3012807644162739,-2.241888514243186,2.241888514243186,10.558377282650989,7.407233739487076e-09,0.0,2.126731013518679e-10,2.5798827507690994e-07
random,37,1316,0.583769404234154,0.14922074419601372,0.8203251849330591,0.06896206293651108,0.3411880082049341,0.30128076651574387,-2.2418885144375547,2.2418885144375547,10.558373875225204,7.777595137655656e-09,0.0,2.2330648441482026e-10,2.7088768883075545e-07
random,37,1317,0.5837694039996821,0.14922074392905188,0.8203251834654647,0.06896206312947192,0.34118800915960285,0.30128076871484133,-2.241888514646752,2.241888514646752,10.558372202451913,8.166474657780267e-09,0.0,2.34471886351173e-10,2.8443207327229326e-07
random,37,1318,0.5837694037534867,0.14922074364874832,0.8203251819245256,0.06896206333208424,0.341188010162022,0.3012807710212981,-2.241888514868892,2.241888514868892,10.55837142766013,8.574798152743316e-09,0.0,2.461953974020048e-10,2.986536769359079e-07
random,37,1319,0.5837694034949817,0.14922074335443253,0.8203251803065559,0.06896206354482867,0.3411880112145695,0.301280773441898,-2.2418885151032666,2.2418885151032666,10.55837109082059,9.00353779931574e-09,0.0,2.585049951875362e-10,3.135863607827033e-07
random,37,1320,0.5837694032235512,0.14922074304540223,0.8203251786076946,0.0689620637682109,0.34118801231974727,0.3012807759830301,-2.2418885153498365,2.2418885153498365,10.558370953789655,9.453714404756996e-09,0.0,2.714305447071297e-10,3.292656788218385e-07
random,37,1321,0.5837694029385495,0.149220742720921,0.8203251768238936,0.06896206400276242,0.3411880134801848,0.3012807786510256,-2.2418885156089203,2.2418885156089203,10.558370901374467,9.926399806067951e-09,0.0,2.8500168891554267e-10,3.4572896276293047e-07
random,37,1322,0.5837694026392974,0.14922074238021596,0.8203251749509038,0.06896206424904147,0.34118801469864396,0.301280781452353,-2.2418885158810236,2.2418885158810236,10.558370881868822,1.0422719450136853e-08,0.0,2.9925206757042133e-10,3.63015410901077e-07
random,37,1323,0.5837694023250827,0.14922074202247582,0.8203251729842653,0.0689620645076344,0.3411880159780257,0.30128078439372563,-2.241888516166753,2.241888516166753,10.558370873869285,1.094385503883337e-08,0.0,3.142147653178995e-10,3.8116618144613086e-07
random,37,1324,0.5837694019951576,0.14922074164684884,0.820325170919296,0.06896206477915684,0.34118801732137594,0.30128078748216114,-2.241888516466776,2.241888516466776,10.558370869392565,1.1491047373874368e-08,1.3877787807814457e-17,3.2992508725016023e-10,4.002244905184374e-07
random,37,1325,0.5837694016487361,0.14922074125244064,0.8203251687510789,0.06896206506425527,0.341188018731893,0.3012807907250171,-2.2418885167818012,2.2418885167818012,10.558370865783672,1.2065599273884917e-08,0.0,3.464214470838556e-10,4.202357150443593e-07
random,37,1326,0.5837694012849937,0.14922074083831222,0.8203251664744519,0.06896206536360845,0.34118802021293504,0.3012807941300162,-2.2418885171125784,2.2418885171125784,10.5583708622949,1.2668878727961828e-08,0.0,3.637424805802425e-10,4.412475007965773e-07
random,37,1327,0.5837694009030638,0.1492207404034775,0.8203251640839941,0.06896206567792912,0.34118802176802837,0.30128079770526517,-2.2418885174598957,2.2418885174598957,10.558370858606981,1.3302322093195204e-08,0.0,3.8192982110274443e-10,4.633098758364062e-07
random,37,1328,0.583769400502038,0.14922073994690127,0.8203251615740149,0.06896206600796563,0.3411880234008754,0.30128080145927716,-2.24188851782458,2.24188851782458,10.558370854812104,1.396743757852403e-08,0.0,4.0102587917090204e-10,4.864753696282265e-07
random,37,1329,0.5837694000809606,0.14922073946749642,0.8203251589385376,0.06896206635450375,0.34118802511536367,0.3012808054009901,-2.241888518207499,2.241888518207499,10.558370850784998,1.4665808759646067e-08,0.0,4.2107739517405207e-10,5.107991381096378e-07
random,37,1330,0.5837693996388293,0.14922073896412152,0.8203251561712877,0.06896206671836853,0.3411880269155752,0.301280809539789,-2.2418885186095654,2.2418885186095654,10.558370846538594,1.539909843893589e-08,0.0,4.421312205238337e-10,5.363390950151197e-07
random,37,1331,0.5837693991745917,0.14922073843557818,0.8203251532656768,0.0689620671004263,0.341188028805796,0.3012808138855282,-2.2418885190317357,2.2418885190317357,10.558370842126008,1.6169052527819433e-08,0.0,4.642376483232624e-10,5.631560497658757e-07
random,37,1332,0.5837693986871422,0.1492207378806079,0.8203251502147867,0.06896206750158668,0.34118803079052656,0.301280818448555,-2.241888519475016,2.241888519475016,10.558370837470271,1.6977504226955972e-08,0.0,4.874495251883104e-10,5.913138522541695e-07
random,37,1333,0.5837693981753203,0.14922073729788946,0.8203251470113538,0.06896206792280474,0.34118803287449195,0.30128082323973365,-2.2418885199404617,2.2418885199404617,10.558370832580785,1.7826378418094753e-08,0.0,5.118219181809991e-10,6.208795448668781e-07
random,37,1334,0.5837693976379074,0.14922073668603542,0.8203251436477513,0.06896206836508337,0.34118803506265394,0.3012808282704716,-2.2418885204291814,2.2418885204291814,10.558370827438036,1.8717696215968793e-08,0.0,5.374128919655163e-10,6.51923522110222e-07
random,37,1335,0.5837693970736239,0.14922073604358904,0.8203251401159707,0.06896206882947552,0.34118803736022196,0.3012808335527474,-2.2418885209423385,2.2418885209423385,10.558370822082734,1.965357978879677e-08,0.0,5.642835088082165e-10,6.845196982157331e-07
random,37,1336,0.5837693964811261,0.14922073536902075,0.8203251364076032,0.06896206931708686,0.3411880397726664,0.30128083909913744,-2.2418885214811555,2.2418885214811555,10.55837081639839,2.0636257413037938e-08,0.0,5.924977175553181e-10,7.187456831265198e-07
random,37,1337,0.5837693958590038,0.1492207346607245,0.8203251325138198,0.0689620698290783,0.34118804230573074,0.3012808449228479,-2.2418885220469154,2.2418885220469154,10.558370810475322,2.1668068789235182e-08,0.0,6.221223536329035e-10,7.546829672828459e-07
random,37,1338,0.5837693952057753,0.14922073391701396,0.8203251284253501,0.0689620703666688,0.3411880449654457,0.3012808510377448,-2.2418885226409646,2.2418885226409646,10.558370804227934,2.2751470561983756e-08,0.0,6.532284713145486e-10,7.924171156469882e-07
random,37,1339,0.5837693945198855,0.1492207331361184,0.8203251241324597,0.06896207093113826,0.3411880477581436,0.3012808574583873,-2.24188852326472,2.24188852326472,10.558370797676114,2.3889042268016438e-08,0.0,6.858897894090887e-10,8.320379714293376e-07
random,37,1340,0.5837693937997015,0.14922073231617872,0.8203251196249285,0.06896207152383056,0.3411880506904733,0.30128086420006306,-2.2418885239196653,2.2418885239196653,10.558370790808775,2.50834923608018e-08,0.0,7.201840235282475e-10,8.736398700008046e-07
random,37,1341,0.5837693930435083,0.14922073145524267,0.8203251148920241,0.06896207214615678,0.341188053769416,0.30128087127882397,-2.241888524607361,2.241888524607361,10.558370783590275,2.6337664760743824e-08,0.0,7.561932191535448e-10,9.173218635008449e-07
random,37,1342,0.5837693922495054,0.14922073055126056,0.8203251099224784,0.06896207279959854,0.3411880570023021,0.30128087871152376,-2.2418885253294447,2.2418885253294447,10.558370775980988,2.765454555157078e-08,0.0,7.940028634578766e-10,9.63187956675887e-07
random,37,1343,0.5837693914158029,0.14922072960208016,0.8203251047044601,0.06896207348571154,0.3411880603968283,0.3012808865158603,-2.241888526087636,2.241888526087636,10.558370768056857,2.9037270122650712e-08,0.0,8.337025514393304e-10,1.0113473545096815e-06
random,37,1344,0.5837693905404152,0.14922072860544167,0.8203250992255459,0.06896207420612928,0.34118806396107626,0.301280894710415,-2.2418885268837414,2.2418885268837414,10.558370759685635,3.0489130652334005e-08,0.0,8.753876512557213e-10,1.0619147222351656e-06
random,37,1345,0.5837693896212583,0.1492207275589722,0.8203250934726911,0.06896207496256687,0.34118806770353155,0.30128090331469926,-2.2418885277196563,2.2418885277196563,10.558370750909944,3.201358390781355e-08,0.0,9.191568617339385e-10,1.1150104583469239e-06
random,37,1346,0.5837693886561439,0.14922072646018036,0.8203250874321998,0.06896207575682523,0.34118807163310405,0.3012809123491994,-2.241888528597372,2.241888528597372,10.558370741690746,3.361425947787824e-08,0.0,9.651144328159944e-10,1.1707609812642701e-06
random,37,1347,0.583769387642774,0.14922072530645014,0.8203250810896905,0.06896207659079523,0.3411880757591489,0.30128092183542704,-2.2418885295189783,2.2418885295189783,10.558370732039046,3.5294968471617545e-08,0.0,1.0133699435144194e-09,1.2292990303274838e-06
random,37,1348,0.5837693865787356,0.14922072409503467,0.8203250744300626,0.06896207746646238,0.34118808009148927,0.30128093179596793,-2.241888530486672,2.241888530486672,10.558370721851498,3.705971249182664e-08,0.0,1.0640384129345648e-09,1.2907639818438581e-06
random,37,1349,0.5837693854614957,0.14922072282304993,0.8203250674374617,0.06896207838591135,0.3411880846404391,0.3012809422545387,-2.241888531502756,2.241888531502756,10.558370711212849,3.8912693273105965e-08,0.0,1.1172398561853925e-09,1.355302180936051e-06
random,37,1350,0.5837693842883943,0.14922072148746757,0.8203250600952395,0.06896207935133114,0.3411880894168283,0.30128095323604015,-2.241888532569652,2.241888532569652,10.558370699970604,4.0858322585638836e-08,0.0,1.173101393803222e-09,1.4230672899828536e-06
random,37,1351,0.5837693830566382,0.14922072008510784,0.820325052385916,0.06896208036502004,0.3411880944320277,0.30128096476662136,-2.2418885336898997,2.2418885336898997,10.558370688307267,4.2901232815561997e-08,0.0,1.231756141528706e-09,1.4942206544819965e-06
random,37,1352,0.5837693817632944,0.1492207186126321,0.8203250442911371,0.06896208142939136,0.3411880996979771,0.30128097687373123,-2.2418885348661712,2.2418885348661712,10.558370675742708,4.504628796947052e-08,0.0,1.2933437654183422e-09,1.5689316872060964e-06
random,37,1353,0.5837693804052838,0.14922071706653467,0.8203250357916307,0.06896208254697903,0.3411881052272129,0.3012809895862089,-2.241888536101259,2.241888536101259,10.558370663254951,4.729859519428948e-08,0.0,1.3580105928667763e-09,1.6473782715664013e-06
random,37,1354,0.5837693789793734,0.1492207154431348,0.8203250268671626,0.06896208372044363,0.3411881110328984,0.3012810029342935,-2.241888537398131,2.241888537398131,10.558370648546841,4.966351705808617e-08,0.0,1.4259103897629188e-09,1.7297471851447214e-06
random,37,1355,0.5837693774821677,0.1492207137385674,0.8203250174964843,0.06896208495257866,0.3411881171288544,0.3012810169498426,-2.241888538759806,2.241888538759806,10.558370636994258,5.2146684207577926e-08,0.0,1.497205692757575e-09,1.8162345444019576e-06
random,37,1356,0.5837693759101025,0.14922071194877493,0.8203250076572903,0.06896208624631767,0.3411881235295944,0.30128103166601566,-2.241888540189728,2.241888540189728,10.558370614595237,5.4754008821992626e-08,0.0,1.5720652557504877e-09,1.9070462716220556e-06
random,37,1357,0.5837693742594345,0.14922071006949483,0.8203249973261477,0.06896208760473967,0.3411881302503518,0.30128104711848414,-2.2418885416907015,2.2418885416907015,10.558370620195925,5.749169868454226e-08,0.0,1.6506679356709242e-09,2.0023985852031587e-06
random,37,1358,0.5837693725262338,0.149220708096258,0.820324986478488,0.06896208903108123,0.3411881373071395,0.3012810633420214,-2.2418885432682307,2.2418885432682307,10.558370537685674,6.036627193943757e-08,0.0,1.7332006940762312e-09,2.1025185144633167e-06
random,37,1359,0.583769370706374,0.1492207060243501,0.8203249750883945,0.06896209052872859,0.3411881447167108,0.30128108038214146,-2.2418885449194925,2.2418885449194925,10.558370737669435,6.338457267501009e-08,0.0,1.8198598183971626e-09,2.2076444401864825e-06
random,37,1360,0.583769368795522,0.14922070384889943,0.8203249631290855,0.06896209210128064,0.341188152496871,0.3012810982543646,-2.241888546672371,2.241888546672371,10.55836995604398,6.655378714134292e-08,0.0,1.9108520321609035e-09,2.3180266621958065e-06
random,37,1361,0.5837693667891283,0.1492207015644911,0.8203249505707935,0.06896209375235031,0.3411881606654952,0.30128111709839184,-2.24188854843817,2.24188854843817,10.558372791796337,6.98814609923563e-08,0.0,2.0063937178349533e-09,2.433927995305597e-06
random,37,1362,0.583769364682416,0.14922069916666097,0.8203249373889772,0.0689620954864075,0.34118816924469786,0.3012811365578521,-2.2418885506046786,2.2418885506046786,10.558361406852162,7.337551896556025e-08,0.0,2.1067122490947554e-09,2.555624395070877e-06
random,37,1363,0.5837693624703736,0.1492206966454248,0.8203249235287493,0.06896209730521206,0.34118817824318604,0.3012811584405875,-2.2418885514930444,2.2418885514930444,10.558409406257764,7.70443175915558e-08,0.0,2.212042438110018e-09,2.683405614824421e-06
random,37,1364,0.5837693601478295,0.14922069401485438,0.8203249090674679,0.06896209922421084,0.34118818773738246,0.30128117454043696,-2.2418885589998485,2.2418885589998485,10.558192155773755,8.089743844736606e-08,0.0,2.3225440459739843e-09,2.817575895565642e-06
random,37,1365,0.5837693577120542,0.14922069117147352,0.8203248934362837,0.0689621011941332,0.3411881974835219,0.3012812252151319,-2.24188853458539,2.24188853458539,10.559198123859387,8.496324431031575e-08,0.0,2.4357753591885967e-09,2.9584546903439245e-06
random,37,1366,0.5837693552274625,0.14922068871303684,0.8203248799212893,0.0689621035544633,0.34118820916119363,0.30128106862210496,-2.2418887091989275,2.2418887091989275,10.552995451375656,9.016006237814222e-08,0.0,2.48459164353676e-09,3.1063774248611207e-06
random,37,1367,0.5837693524917256,0.14922068511381437,0.8203248601349462,0.06896210546908657,0.3411882186337423,0.3012813107381348,-2.2418885044514996,2.2418885044514996,10.572602765227447,9.492987350402496e-08,0.0,2.735736970294056e-09,3.2616962961041767e-06
random,37,1368,0.5837693524588261,0.14922068536204508,0.8203248614995682,0.06896210570662879,0.34118821980897623,0.30128118045539537,-2.241888632807727,2.241888632807727,10.467188635057633,8.607555265128427e-09,1.3877787807814457e-17,3.289946093332219e-11,1.070244097159183e-07
random,37,1369,0.5837693522872257,0.14922068515611686,0.8203248603674996,0.06896210575538274,0.3411882200501851,0.30128120783832885,-2.2418886047106206,2.2418886047106206,10.566981186440099,3.5628608505372903e-09,0.0,1.7160040055586023e-10,1.1237563020171422e-07
random,37,1370,0.5837693521873556,0.14922068502550367,0.8203248596494676,0.06896210582441897,0.34118822039174007,0.30128121667517305,-2.241888597233027,2.241888597233027,10.564548287809103,3.436115782088646e-09,0.0,9.987011218015596e-11,1.1799441171179994e-07
random,37,1371,0.5837693520832247,0.14922068489128204,0.8203248589115983,0.06896210589852536,0.3411882207583795,0.3012812248235701,-2.2418885904588834,2.2418885904588834,10.563681872534044,3.5947723859751125e-09,0.0,1.0413092610406238e-10,1.2389413229738995e-07
random,37,1372,0.5837693519745218,0.14922068475335876,0.8203248581533797,0.06896210597800374,0.34118822115159675,0.3012812322033524,-2.241888584467527,2.241888584467527,10.562832523913352,3.762949698610234e-09,0.0,1.0870282451946878e-10,1.3008883891225945e-07
random,37,1373,0.5837693518609056,0.14922068461155993,0.8203248573738559,0.06896210606312886,0.341188221572751,0.3012812387602241,-2.2418885793137613,2.2418885793137613,10.56202104638119,3.941436016962261e-09,0.0,1.1361622753724987e-10,1.3659328085787242e-07
random,37,1374,0.5837693517420123,0.14922068446560985,0.8203248565715108,0.0689621061541377,0.3411882220230149,0.30128124447494026,-2.241888575019048,2.241888575019048,10.561269510132105,4.130901191444823e-09,0.0,1.1889333961789816e-10,1.4342294490076605e-07
random,37,1375,0.5837693516174656,0.1492206843151188,0.8203248557442022,0.06896210625122359,0.3411882225033448,0.30128124936921313,-2.241888571565821,2.241888571565821,10.560598425217972,4.331850924330245e-09,0.0,1.2454670628159192e-10,1.5059409214580436e-07
random,37,1376,0.5837693514868868,0.14922068415958425,0.8203248548891675,0.06896210635453776,0.3411882230144889,0.30128125350585483,-2.241888568897314,2.241888568897314,10.560023393881787,4.544626548921977e-09,0.0,1.3057877001898532e-10,1.5812379675309458e-07
random,37,1377,0.5837693513498995,0.149220683998408,0.8203248540031182,0.06896210646420002,0.34118822355704015,0.3012812569820337,-2.2418885669239845,2.2418885669239845,10.559552275640023,4.769456613934683e-09,0.0,1.3698731038402912e-10,1.6602998659074933e-07
random,37,1378,0.583769351206131,0.14922068383092585,0.8203248530824029,0.06896210658031617,0.3411882241315217,0.3012812599168766,-2.2418885655353646,2.2418885655353646,10.559183977972324,5.006540898248104e-09,0.0,1.437684415961371e-10,1.743314859202868e-07
random,37,1379,0.58376935105521,0.1492206836564422,0.8203248521231976,0.06896210670299824,0.3411882247384881,0.3012812624367161,-2.241888564614185,2.241888564614185,10.5589093868451,5.2561306996757935e-09,1.3877787807814457e-17,1.5092105343228468e-10,1.8304806021630116e-07
random,37,1380,0.5837693508967601,0.14922068347426007,0.8203248511216706,0.06896210683238241,0.34118822537861293,0.3012812646618183,-2.2418885640490878,2.2418885640490878,10.558713992658383,5.518577621621894e-09,0.0,1.5844991985147772e-10,1.9220046322711621e-07
random,37,1381,0.583769350730395,0.1492206832837013,0.8203248500740942,0.06896210696864141,0.3411882260527508,0.30128126669724886,-2.2418885637433874,2.2418885637433874,10.558581110768857,5.794345115308153e-09,0.0,1.6636503286093784e-10,2.0181048638847204e-07
random,37,1382,0.5837693505557148,0.14922068308411524,0.820324848976891,0.06896210711199056,0.341188226761967,0.30128126862858406,-2.241888563619197,2.241888563619197,10.558494626962517,6.083995634541806e-09,0.0,1.7468027024847288e-10,2.1190101070789566e-07
random,37,1383,0.5837693503723017,0.14922068287487755,0.820324847826629,0.06896210726268857,0.34118822750754146,0.30128127052165116,-2.241888563617695,2.241888563617695,10.558440716646782,6.388169956218566e-09,0.0,1.8341306251556944e-10,2.2249606124329046e-07
random,37,1384,0.5837693501797184,0.1492206826553834,0.8203248466199833,0.0689621074210352,0.34118822829095724,0.30128127242481584,-2.2418885636969508,2.2418885636969508,10.558408531391587,6.707569450129394e-09,0.0,1.925832826543683e-10,2.33620864305455e-07
random,37,1385,0.5837693499775062,0.1492206824250378,0.8203248453536828,0.06896210758736732,0.341188229113881,0.3012812743724175,-2.241888563828659,2.241888563828659,10.558390147741601,7.042944937193107e-09,0.0,2.0221224694694229e-10,2.4530190752072773e-07
random,37,1386,0.5837693497651832,0.1492206821832455,0.8203248440244553,0.06896210776205505,0.3411882299781441,0.3012812763883561,-2.241888563994718,2.241888563994718,10.558380122790807,7.3950911759729504e-09,1.3877787807814457e-17,2.1232293700990112e-10,2.5756700289676413e-07
random,37,1387,0.5837693495422441,0.14922068192940205,0.8203248426289779,0.0689621079454984,0.34118823088572525,0.30128127848926645,-2.2418885641842086,2.2418885641842086,10.558374919767584,7.764845322633184e-09,0.0,2.229391116159718e-10,2.7044535304160236e-07
random,37,1388,0.5837693493081582,0.14922068166288632,0.820324841163836,0.06896210813812483,0.3411882318387395,0.3012812806870518,-2.241888564390986,2.241888564390986,10.558372360185434,8.153087323013913e-09,0.0,2.340859728278133e-10,2.8396762069368247e-07
random,37,1389,0.583769349062368,0.14922068138305455,0.8203248396254905,0.06896210834038784,0.34118823283943045,0.3012812829907499,-2.2418885646119033,2.2418885646119033,10.558371172535505,8.560741442951032e-09,0.0,2.457901659980166e-10,2.981660017283666e-07
random,37,1390,0.5837693488042882,0.14922068108923564,0.8203248380102524,0.06896210855276635,0.3411882338901676,0.3012812854078212,-2.241888564845599,2.241888564845599,10.558370655695187,8.988778250255627e-09,0.0,2.580797797691048e-10,3.13074301814785e-07
random,37,1391,0.5837693485333045,0.14922068078072778,0.8203248363142631,0.06896210877576477,0.34118823499344647,0.3012812879449792,-2.2418885650917133,2.2418885650917133,10.558370445746435,9.43821687886619e-09,0.0,2.7098367993971806e-10,3.2872801690552423e-07
random,37,1392,0.5837693482487717,0.14922068045679532,0.8203248345334788,0.06896210900991338,0.34118823615189064,0.3012812906086968,-2.2418885653504192,2.2418885653504192,10.55837036614554,9.910127411623549e-09,0.0,2.8453284173224347e-10,3.4516441775080046e-07
random,37,1393,0.5837693479500122,0.1492206801166666,0.8203248326636573,0.06896210925576947,0.3411882373682572,0.3012812934054947,-2.241888565622162,2.241888565622162,10.558370337406254,1.0405633438399613e-08,0.0,2.9875946161439515e-10,3.624226386383405e-07
random,37,1394,0.5837693476363148,0.14922067975953163,0.8203248307003458,0.06896210951391828,0.3411882386454417,0.3012812963420993,-2.2418885659075243,2.2418885659075243,10.558370326620837,1.0925914726432997e-08,0.0,3.1369740138842417e-10,3.805437705702576e-07
random,37,1395,0.5837693473069323,0.14922067938454003,0.8203248286388694,0.06896210978497441,0.34118823998648484,0.30128129942552534,-2.241888566207164,2.241888566207164,10.55837032143672,1.1472210052228365e-08,0.0,3.293825212580259e-10,3.9957095909877046e-07
random,37,1396,0.5837693469610811,0.14922067899079905,0.8203248264743201,0.06896211006958321,0.34118824139457943,0.30128130266312053,-2.2418885665217885,2.2418885665217885,10.558370317668215,1.2045820076651768e-08,0.0,3.458512365384081e-10,4.19549507053709e-07
random,37,1397,0.5837693465979371,0.14922067857737117,0.8203248242015443,0.0689621103684223,0.3411882428730781,0.3012813060625955,-2.241888566852145,2.241888566852145,10.558370314124303,1.2648110573977062e-08,0.0,3.631439593476671e-10,4.405269824063945e-07
random,37,1398,0.583769346216636,0.14922067814327206,0.8203248218151306,0.06896211068220315,0.3411882444255006,0.3012813096320444,-2.2418885671990205,2.2418885671990205,10.55837031046392,1.3280515537668332e-08,0.0,3.813011018038992e-10,4.6255333152671424e-07
random,37,1399,0.5837693458162698,0.14922067768746816,0.820324819309397,0.06896211101167286,0.34118824605554343,0.301281313379966,-2.2418885675632403,2.2418885675632403,10.558370306647191,1.3944540693765263e-08,0.0,4.003661846496698e-10,4.8568099810305e-07
random,37,1400,0.5837693453958855,0.14922067720887427,0.8203248166783781,0.06896211135761585,0.34118824776708734,0.3012813173152841,-2.2418885679456726,2.2418885679456726,10.558370302639203,1.4641767039820743e-08,0.0,4.203842829397786e-10,5.099650480082025e-07
random,37,1401,0.5837693449544821,0.14922067670635097,0.8203248139158096,0.06896211172085573,0.3411882495642072,0.30128132144736847,-2.2418885683472274,2.2418885683472274,10.55837029841134,1.537385463475169e-08,0.0,4.414034693311919e-10,5.354633004086127e-07
random,37,1402,0.5837693444910084,0.1492206761787017,0.8203248110151137,0.06896211210225735,0.34118825145118176,0.30128132578605754,-2.241888568768861,2.241888568768861,10.558370294000218,1.6142546543262288e-08,0.0,4.6347370386001785e-10,5.622364654290433e-07
random,37,1403,0.583769344004361,0.14922067562467023,0.8203248079693847,0.06896211250272877,0.34118825343250364,0.30128133034168153,-2.241888569211577,2.241888569211577,10.558370289352489,1.69496729417084e-08,0.0,4.866473890530187e-10,5.903482887004954e-07
random,37,1404,0.5837693434933814,0.14922067504293754,0.8203248047713709,0.06896211292322345,0.3411882555128901,0.30128133512508704,-2.241888569676431,2.241888569676431,10.558370284453819,1.7797155580024614e-08,0.0,5.10979591972216e-10,6.198657031355202e-07
random,37,1405,0.5837693429568529,0.14922067443211853,0.8203248014134584,0.0689621133647425,0.34118825769729416,0.3012813401476636,-2.2418885701645284,2.2418885701645284,10.558370279364448,1.8687012238140105e-08,0.0,5.365284883040999e-10,6.508589882922962e-07
random,37,1406,0.583769342393498,0.14922067379075893,0.8203247978876521,0.06896211382833713,0.34118825999091645,0.30128134542136986,-2.241888570677032,2.241888570677032,10.55837027398756,1.9621361614547394e-08,0.0,5.633549182704201e-10,6.834019377069111e-07
random,37,1407,0.5837693418019755,0.14922067311733175,0.8203247941855578,0.06896211431511107,0.34118826239921785,0.3012813509587615,-2.2418885712151644,2.2418885712151644,10.558370268305037,2.06024283417743e-08,0.0,5.915224976504874e-10,7.175720345922567e-07
random,37,1408,0.5837693411808768,0.14922067241023368,0.8203247902983613,0.06896211482622322,0.34118826492793186,0.3012813567730241,-2.241888571780204,2.241888571780204,10.558370262422066,2.1632548262547266e-08,0.0,6.210987280041991e-10,7.534506363218695e-07
random,37,1409,0.5837693405287234,0.14922067166778122,0.8203247862168077,0.06896211536289047,0.34118826758307913,0.3012813628780005,-2.2418885723734983,2.2418885723734983,10.558370256179767,2.2714174022970038e-08,0.0,6.521533313375016e-10,7.91123168137963e-07
random,37,1410,0.5837693398439625,0.14922067088820667,0.8203247819311795,0.06896211592639052,0.34118827037098093,0.30128136928822646,-2.2418885729964595,2.2418885729964595,10.558370249620612,2.3849880904106924e-08,1.3877787807814457e-17,6.847609146376499e-10,8.306793265448613e-07
random,37,1411,0.5837693391249635,0.14922067006965398,0.8203247774312731,0.06896211651806493,0.3411882732982746,0.30128137601896504,-2.2418885736505714,2.2418885736505714,10.558370242796821,2.5042372940051174e-08,0.0,7.189989714717626e-10,8.722132928721044e-07
random,37,1412,0.5837693383700148,0.14922066921017432,0.8203247727063749,0.06896211713932239,0.3411882763719297,0.30128138308624147,-2.241888574337392,2.241888574337392,10.558370235566374,2.6294489384282762e-08,0.0,7.549487701652424e-10,9.158239575157097e-07
random,37,1413,0.5837693375773187,0.14922066830772143,0.8203247677452361,0.06896211779164195,0.34118827959926373,0.30128139050688335,-2.2418885750585575,2.2418885750585575,10.558370228027146,2.7609211410066104e-08,0.0,7.926960199355904e-10,9.616151553914953e-07
random,37,1414,0.583769336744988,0.14922066736014666,0.8203247625360445,0.06896211847657666,0.34118828298796033,0.30128139829855816,-2.2418885758157847,2.2418885758157847,10.558370220041647,2.8989669290177567e-08,0.0,8.323307598701035e-10,1.00969591316107e-06
random,37,1415,0.583769335871041,0.1492206663651941,0.8203247570663985,0.06896211919575718,0.3411882865460872,0.30128140647981877,-2.2418885766108767,2.2418885766108767,10.558370211739323,3.043914979001836e-08,1.3877787807814457e-17,8.739470258589677e-10,1.0601807088191236e-06
random,37,1416,0.5837693349533969,0.14922066532049488,0.8203247513232756,0.06896211995089567,0.3411882902821152,0.3012814150701435,-2.241888577445729,2.241888577445729,10.55837020293991,3.196110401039978e-08,0.0,9.176440718405843e-10,1.1131897442600798e-06
random,37,1417,0.5837693339898705,0.14922066422356176,0.8203247452930023,0.06896212074378999,0.3411882942049392,0.3012814240899875,-2.2418885783223264,2.2418885783223264,10.558370193823498,3.355915561742224e-08,0.0,9.635263698015706e-10,1.1688492314730839e-06
random,37,1418,0.5837693329781682,0.1492206630717832,0.820324738961222,0.06896212157632778,0.3411882983238982,0.30128143356082376,-2.241888579242762,2.241888579242762,10.55837018402558,3.523710941715171e-08,0.0,1.01170227750913e-09,1.2272916930467381e-06
random,37,1419,0.5837693319158812,0.149220661862417,0.82032473231286,0.06896212245049109,0.34118830264879835,0.30128144350520725,-2.2418885802092223,2.2418885802092223,10.558370174105866,3.699896051199625e-08,0.0,1.0622870361132186e-09,1.288656277699075e-06
random,37,1420,0.5837693308004801,0.149220660592584,0.8203247253320878,0.06896212336836106,0.34118830718993615,0.3012814539468072,-2.241888581224017,2.241888581224017,10.55837016311542,3.8848903715411794e-08,0.0,1.1154011048120083e-09,1.353089091584029e-06
random,37,1421,0.583769329629309,0.14922065925926087,0.8203247180022857,0.06896212433212284,0.3411883119581224,0.3012814649104994,-2.2418885822895493,2.2418885822895493,10.55837015253414,4.0791343575575694e-08,0.0,1.1711710490303062e-09,1.4207435461632304e-06
random,37,1422,0.58376932839958,0.1492206578592734,0.8203247103060034,0.06896212534407092,0.34118831696470914,0.3012814764223605,-2.241888583408384,2.241888583408384,10.55837013967782,4.2830904891930733e-08,0.0,1.2297290963303453e-09,1.491780723471392e-06
random,37,1423,0.5837693271083646,0.14922065638928844,0.8203247022249173,0.06896212640661432,0.34118832222161494,0.301281488509858,-2.241888584583131,2.241888584583131,10.558370129626272,4.49724436639942e-08,0.0,1.2912153568578333e-09,1.5663697596449616e-06
random,37,1424,0.5837693257525889,0.14922065484580654,0.8203246937397894,0.06896212752228277,0.34118832774135543,0.30128150120164227,-2.2418885858167132,2.2418885858167132,10.558370111722983,4.7221058723498534e-08,0.0,1.3557757139182058e-09,1.6446882476272098e-06
random,37,1425,0.5837693243290252,0.14922065322515243,0.8203246848304158,0.06896212869373192,0.34118833353706957,0.30128151452824614,-2.2418885871117684,2.2418885871117684,10.558370109784887,4.958210380180798e-08,0.0,1.4235637113557686e-09,1.7269226600085705e-06
random,37,1426,0.5837693228342835,0.14922065152346964,0.8203246754755954,0.06896212992375157,0.34118833962255973,0.3012815285205863,-2.24188858847216,2.24188858847216,10.558370066194275,5.206120032574913e-08,0.0,1.494741663776722e-09,1.8132687930089991e-06
random,37,1427,0.5837693212648052,0.14922064973670146,0.8203246656530272,0.06896213121526697,0.34118834601229847,0.30128154321424266,-2.2418885898989656,2.2418885898989656,10.558370130296806,5.4664250779592415e-08,0.0,1.5694783250808086e-09,1.9039322326594492e-06
random,37,1428,0.5837693196168539,0.1492206478606105,0.8203246553394166,0.06896213257136175,0.341188352721542,0.30128155863745665,-2.24188859140203,2.24188859140203,10.55836988648042,5.739745278228099e-08,0.0,1.6479513309519689e-09,1.9991288442924217e-06
random,37,1429,0.5837693178865054,0.14922064589067818,0.8203246445099229,0.06896213399523529,0.3411883597661193,0.30128157484843454,-2.241888592964396,2.241888592964396,10.558370572690896,6.026731381436165e-08,0.0,1.7303484201036667e-09,2.099085286507043e-06
random,37,1430,0.5837693160696403,0.1492206438223922,0.8203246331397405,0.06896213549037555,0.34118836716328677,0.30128159181267533,-2.2418885946596694,2.2418885946596694,10.558368245063159,6.3280666774936e-08,0.0,1.8168651028105387e-09,2.204039550832395e-06
random,37,1431,0.5837693141619331,0.14922064165018445,0.8203246211982592,0.06896213705998504,0.34118837492888876,0.30128160983591123,-2.2418885962382245,2.2418885962382245,10.558376321181903,6.644468691844661e-08,0.0,1.9077072144213503e-09,2.3142415283740147e-06
random,37,1432,0.5837693121588424,0.14922063937137786,0.8203246086707622,0.06896213870918154,0.3411883830882454,0.30128162793386937,-2.2418885986858053,2.2418885986858053,10.558346070374956,6.976691972860432e-08,0.0,2.003090693314391e-09,2.4299536047927156e-06
random,37,1433,0.583769310055621,0.1492206369702953,0.820324595471066,0.06896214043621327,0.3411883916326899,0.3012816503743237,-2.2418885979693597,2.2418885979693597,10.558465716657132,7.325548655488431e-08,0.0,2.1032213748384265e-09,2.5514512850323514e-06
random,37,1434,0.5837693078477021,0.1492206344866833,0.8203245818176728,0.0689621422703691,0.341188400707128,0.3012816585301754,-2.241888611943793,2.241888611943793,10.557953101622982,7.692302782663396e-08,0.0,2.2079189587742576e-09,2.679023849283969e-06
random,37,1435,0.5837693055435927,0.14922063171286737,0.8203245665689145,0.0689621441042772,0.34118840978034054,0.30128173689651755,-2.2418885598232556,2.2418885598232556,10.560114492309172,8.085660183044933e-08,0.0,2.304109347761596e-09,2.8129750417481677e-06
random,37,1436,0.5837693035395701,0.14922063026863958,0.8203245586294257,0.06896214684301807,0.3411884233301896,0.301281255976246,-2.241889041692067,2.241889041692067,10.542000002209448,9.30746555450033e-08,1.3877787807814457e-17,2.0040226145212614e-09,2.953623793835576e-06
random,37,1437,0.5837693005693478,0.1492206260028,0.820324535178426,0.06896214819603544,0.34118843002420773,0.30128179680309464,-2.241888551688996,2.241888551688996,10.582267570771139,9.727507046298334e-08,0.0,2.970222290343827e-09,3.1013049835273553e-06
random,37,1438,0.5837693005345183,0.14922062623883361,0.8203245364759956,0.06896214842189086,0.3411884311416215,0.30128167257097616,-2.241888674089349,2.241888674089349,10.467187612708374,8.184327550439248e-09,0.0,3.4829583661633023e-11,1.0176156977199135e-07
random,37,1439,0.5837693003722934,0.14922062604455857,0.8203245354079892,0.06896214846908533,0.3411884313751149,0.3012816980741301,-2.2418886478795597,2.2418886478795597,10.56645596795633,3.3785188360688695e-09,0.0,1.6222490017980817e-10,1.0684964826059093e-07
random,37,1440,0.5837693002776861,0.1492206259217701,0.8203245347329726,0.0689621485354939,0.34118843170366964,0.3012817059364944,-2.2418886412843424,2.2418886412843424,10.56409061423414,3.260628300508351e-09,0.0,9.460721095422286e-11,1.1219213067362049e-07
random,37,1441,0.58376930017894,0.14922062579539025,0.8203245340382128,0.068962148606634,0.3411884320556334,0.30128171320169334,-2.2418886353034697,2.2418886353034697,10.563296275298256,3.4130149664652682e-09,0.0,9.874612239002545e-11,1.1780173720730152e-07
random,37,1442,0.5837693000757679,0.14922062566530123,0.8203245333230622,0.06896214868277642,0.34118843243234603,0.3012817198063821,-2.2418886300000263,2.2418886300000263,10.562521793221437,3.574340549055335e-09,0.0,1.031721374999961e-10,1.236918240676666e-07
random,37,1443,0.583769299967858,0.1492206255313167,0.8203245325864966,0.06896214876417082,0.34118843283504274,0.30128172570883166,-2.241888625416602,2.241888625416602,10.561784767025319,3.745267467992482e-09,0.0,1.0790990323528149e-10,1.2987641527104992e-07
random,37,1444,0.5837692998548798,0.1492206253931669,0.8203245318270328,0.06896214885103827,0.3411884332648171,0.3012817308954893,-2.241888621568998,2.241888621568998,10.561103307420668,3.926370447485752e-09,0.0,1.1297818236499779e-10,1.363702360346024e-07
random,37,1445,0.5837692997364924,0.1492206252504902,0.8203245310426828,0.0689621489435674,0.34118843372260266,0.3012817353849571,-2.241888618442394,2.241888618442394,10.560493838415216,4.118109676446936e-09,0.0,1.1838741098557648e-10,1.4318874783633255e-07
random,37,1446,0.5837692996123487,0.1492206251028343,0.8203245302309601,0.06896214904191628,0.3411884342091811,0.301281739227809,-2.241888615991501,2.241888615991501,10.55996864850552,4.320835031861619e-09,0.0,1.24143695323653e-10,1.5034818522814917e-07
random,37,1447,0.5837692994821018,0.14922062494966898,0.8203245293889501,0.06896214914622002,0.3411884347252212,0.301281742501612,-2.241888614145304,2.241888614145304,10.5595339010539,4.5348232766958676e-09,0.0,1.3024692435692486e-10,1.5786559448955664e-07
random,37,1448,0.5837692993454033,0.1492206247904071,0.8203245285134247,0.06896214925660382,0.3411884352713421,0.30128174530199126,-2.2418886128156075,2.2418886128156075,10.559188811805198,4.760335089844565e-09,0.0,1.3669843035302165e-10,1.657588742140345e-07
random,37,1449,0.5837692992019035,0.14922062462442975,0.820324527600982,0.06896214937319774,0.3411884358481875,0.3012817477318704,-2.241888611907336,2.241888611907336,10.558926306955,4.997670421782126e-09,0.0,1.4349987864648028e-10,1.7404681792473622e-07
random,37,1450,0.5837692990512452,0.14922062445110898,0.8203245266481693,0.06896214949615043,0.3411884364564927,0.3012817498914188,-2.24188861132816,2.24188861132816,10.55873487894939,5.247204219893383e-09,1.3877787807814457e-17,1.506582636423559e-10,1.8274915882097303e-07
random,37,1451,0.5837692988930622,0.14922062426982421,0.8203245256515757,0.06896214962563951,0.3411884370971366,0.30128175187060363,-2.241888610995644,2.241888610995644,10.558600938003654,5.509398134053968e-09,0.0,1.5818302223635783e-10,1.918866167620217e-07
random,37,1452,0.5837692987269733,0.14922062407997055,0.8203245246078753,0.06896214976187733,0.34118843777116964,0.3012817537450792,-2.241888610841195,2.241888610841195,10.558510934728094,5.784794701380079e-09,0.0,1.6608892039471357e-10,2.0148094760012279e-07
random,37,1453,0.5837692985525814,0.14922062388096008,0.8203245235138364,0.06896214990511297,0.3411884384798243,0.3012817555750981,-2.241888610811117,2.241888610811117,10.558452820672239,6.074004435500197e-09,1.3877787807814457e-17,1.7439183430667526e-10,2.1155499498012892e-07
random,37,1454,0.5837692983694703,0.1492206236722179,0.8203245223662984,0.06896215005563151,0.3411884392245108,0.30128175740656715,-2.241888610865622,2.241888610865622,10.558416767571881,6.37769323203189e-09,0.0,1.831110818528714e-10,2.2213274472913538e-07
random,37,1455,0.5837692981772039,0.14922062345317544,0.8203245211621358,0.0689621502137517,0.3411884400068063,0.30128175927328604,-2.2418886109766967,2.2418886109766967,10.558395296363475,6.696573817354092e-09,0.0,1.9226642500314028e-10,2.3323938196559214e-07
random,37,1456,0.5837692979753243,0.14922062322326285,0.8203245198982158,0.06896215037982326,0.341188440828441,0.30128176119958633,-2.241888611125595,2.241888611125595,10.558383042612698,7.031401086266523e-09,0.0,2.018796241287646e-10,2.4490135106387174e-07
random,37,1457,0.5837692977633505,0.14922062298190164,0.8203245185713581,0.06896215055422432,0.3411884416912857,0.3012817632028698,-2.241888611300419,2.241888611300419,10.558376358444793,7.382970600503834e-09,0.0,2.1197377186865651e-10,2.5714641861706533e-07
random,37,1458,0.5837692975407783,0.14922062272849804,0.8203245171782988,0.06896215073735955,0.3411884425973425,0.3012817652957736,-2.2418886114940646,2.2418886114940646,10.558372885492082,7.752118836000505e-09,0.0,2.2257218290633318e-10,2.700037395479186e-07
random,37,1459,0.5837692973070775,0.14922062246243756,0.8203245157156596,0.06896215092965881,0.34118844354873806,0.30128176748787056,-2.241888611702605,2.241888611702605,10.558371173997347,8.139724539194188e-09,0.0,2.3370083646057083e-10,2.835039265253145e-07
random,37,1460,0.5837692970616916,0.14922062218308058,0.8203245141799242,0.06896215113157653,0.34118844454772074,0.30128176978691384,-2.2418886119241144,2.2418886119241144,10.558370377885588,8.546710535250145e-09,0.0,2.453859337947506e-10,2.9767912285158024e-07
random,37,1461,0.5837692968040363,0.14922062188975874,0.8203245125674186,0.0689621513435917,0.34118844559666023,0.3012817721996952,-2.2418886121578607,2.2418886121578607,10.55837003015917,8.97404580336949e-09,0.0,2.5765523048448813e-10,3.1256307899415927e-07
random,37,1462,0.5837692965334984,0.14922062158177218,0.8203245108742953,0.06896215156620822,0.34118844669804965,0.3012817747326003,-2.241888612403787,2.241888612403787,10.55836988802849,9.422747803458115e-09,0.0,2.7053792539533106e-10,3.2819123294386723e-07
random,37,1463,0.5837692962494336,0.14922062125838687,0.8203245090965189,0.06896215179995575,0.3411884478545095,0.3012817773919497,-2.2418886126622026,2.2418886126622026,10.558369833430866,9.893884887235568e-09,0.0,2.840647717050615e-10,3.446007945910606e-07
random,37,1464,0.5837692959511657,0.1492206209188326,0.8203245072298553,0.06896215204539063,0.3411884490687922,0.30128178018419544,-2.2418886129336073,2.2418886129336073,10.558369813038208,1.0388578781057881e-08,0.0,2.982679658813936e-10,3.618308343206137e-07
random,37,1465,0.5837692956379843,0.14922062056230073,0.8203245052698592,0.06896215230309719,0.34118845034378864,0.30128178311603093,-2.241888613218605,2.241888613218605,10.558369804753887,1.0908007341981482e-08,0.0,3.131813697265784e-10,3.7992237603664436e-07
random,37,1466,0.5837692953091438,0.14922062018794244,0.8203245032118643,0.06896215257368893,0.3411884516825342,0.30128178619445206,-2.241888613517859,2.241888613517859,10.558369800210262,1.1453407288009905e-08,0.0,3.288405103774039e-10,3.989184948384766e-07
random,37,1467,0.5837692949638612,0.14922061979486634,0.8203245010509702,0.06896215285781013,0.34118845308821644,0.301281789426793,-2.241888613832078,2.241888613832078,10.558369796601788,1.2026077202858529e-08,0.0,3.452825803051951e-10,4.1886441958040044e-07
random,37,1468,0.5837692946013149,0.14922061938213665,0.8203244987820326,0.06896215315613724,0.34118845456418206,0.301281792820751,-2.2418886141620082,2.2418886141620082,10.55836979307905,1.2627380539732342e-08,0.0,3.6254632629351136e-10,4.398076405594205e-07
random,37,1469,0.5837692942206412,0.14922061894877064,0.8203244963996491,0.0689621534693805,0.34118845611394494,0.3012817963844072,-2.2418886145084365,2.2418886145084365,10.55836978943972,1.3258749007314455e-08,0.0,3.806737147726835e-10,4.6179802258739156e-07
random,37,1470,0.5837692938209336,0.14922061849373647,0.820324493898147,0.06896215379828574,0.341188457741195,0.30128180012624645,-2.2418886148721864,2.2418886148721864,10.55836978561177,1.3921685845500915e-08,0.0,3.9970760035146213e-10,4.848879237167611e-07
random,37,1471,0.5837692934012407,0.14922061801595082,0.8203244912715713,0.06896215414363605,0.34118845944980664,0.30128180405517796,-2.2418886152541253,2.2418886152541253,10.55836978161634,1.4617769445425503e-08,0.0,4.1969283604004204e-10,5.091323199025992e-07
random,37,1472,0.5837692929605632,0.14922061751427612,0.8203244885136679,0.0689621545062536,0.34118846124384755,0.30128180818055667,-2.2418886156551614,2.2418886156551614,10.558369777423762,1.5348657164473255e-08,0.0,4.406774944953895e-10,5.345889358977292e-07
random,37,1473,0.583769292497852,0.14922061698751793,0.8203244856178706,0.0689621548870018,0.3411884631275893,0.30128181251220454,-2.2418886160762512,2.2418886160762512,10.558369772989776,1.6116089206997156e-08,0.0,4.627112026867053e-10,5.613183826926157e-07
random,37,1474,0.5837692920120053,0.14922061643442208,0.8203244825772851,0.06896215528678712,0.34118846510551676,0.3012818170604353,-2.2418886165183967,2.2418886165183967,10.558369768351815,1.692189275196314e-08,0.0,4.858466962076591e-10,5.893843018272465e-07
random,37,1475,0.5837692915018662,0.14922061585367177,0.8203244793846719,0.06896215570656139,0.34118846718233903,0.3012818218360781,-2.24188861698265,2.24188861698265,10.558369763488399,1.776798637457404e-08,0.0,5.101391531425747e-10,6.188535169186089e-07
random,37,1476,0.5837692909662204,0.1492206152438843,0.8203244760324301,0.06896215614732401,0.3411884693630006,0.30128182685050353,-2.241888617470119,2.241888617470119,10.558369758376447,1.865638457114606e-08,0.0,5.356457499772205e-10,6.497961927645393e-07
random,37,1477,0.5837692904037921,0.14922061460360778,0.8203244725125779,0.06896215661012436,0.3411884716526933,0.3012818321156512,-2.241888617981962,2.241888617981962,10.558369753035718,1.9589202585226468e-08,0.0,5.624283261340679e-10,6.822860024027663e-07
random,37,1478,0.5837692898132427,0.14922061393131789,0.8203244688167357,0.06896215709606436,0.34118847405686875,0.30128183764405664,-2.2418886185193987,2.2418886185193987,10.558369747371685,2.0568661358486503e-08,0.0,5.905493871694034e-10,7.164003025229046e-07
random,37,1479,0.583769289193166,0.1492206132254139,0.8203244649361036,0.06896215760630087,0.34118847658125057,0.30128184344888326,-2.24188861908371,2.24188861908371,10.558369741470427,2.1597092934041665e-08,0.0,6.200767677100316e-10,7.522203176490499e-07
random,37,1480,0.5837692885420853,0.14922061248421523,0.8203244608614426,0.06896215814204869,0.3411884792318489,0.30128184954395215,-2.2418886196762386,2.2418886196762386,10.558369735262756,2.267694594236973e-08,0.0,6.510806338511088e-10,7.898313335315024e-07
random,37,1481,0.5837692878584508,0.14922061170595718,0.8203244565830518,0.06896215870458333,0.3411884820149744,0.30128185594377527,-2.241888620298396,2.241888620298396,10.558369728721358,2.3810791426018616e-08,0.0,6.836344823568652e-10,8.293229002080776e-07
random,37,1482,0.5837692871406346,0.1492206108887868,0.8203244520907443,0.06896215929524407,0.341188484937253,0.3012818626635905,-2.2418886209516646,2.2418886209516646,10.558369721864647,2.500132900122092e-08,0.0,7.178162508836294e-10,8.707890452184815e-07
random,37,1483,0.5837692863869278,0.14922061003075862,0.8203244473738256,0.06896215991543718,0.3411884880056423,0.30128186971939774,-2.2418886216375995,2.2418886216375995,10.558369714691896,2.6251393245785143e-08,0.0,7.537067636675943e-10,9.143284974794056e-07
random,37,1484,0.5837692855955359,0.1492206091298297,0.8203244424210646,0.06896216056663917,0.34118849122744715,0.30128187712799687,-2.241888622357834,2.241888622357834,10.558369707157903,2.756396048109158e-08,0.0,7.913919519708656e-10,9.60044922353376e-07
random,37,1485,0.5837692847645745,0.14922060818385519,0.8203244372206703,0.06896216125040042,0.34118849461033807,0.3012818849070268,-2.241888623114084,2.241888623114084,10.558369699176653,2.8942155831173832e-08,0.0,8.309614107915309e-10,1.008047168471045e-06
random,37,1486,0.583769283892065,0.14922060719058278,0.8203244317602607,0.06896216196834881,0.341188498162369,0.30128189307501035,-2.241888623908151,2.241888623908151,10.55836969091186,3.0389260670022767e-08,0.0,8.72509509086683e-10,1.0584495268945972e-06
random,37,1487,0.5837692829759303,0.14922060614764776,0.8203244260268363,0.0689621627221936,0.34118850189199645,0.3012819016513941,-2.241888624741925,2.241888624741925,10.558369682110534,3.190872045548541e-08,0.0,9.161346126163039e-10,1.111372003239327e-06
random,37,1488,0.5837692820139891,0.14922060505256707,0.8203244200067465,0.06896216351372952,0.3411885058080998,0.30128191065659976,-2.241888625617393,2.241888625617393,10.558369672997651,3.350415288618256e-08,1.3877787807814457e-17,9.619411933670108e-10,1.1669406034012935e-06
random,37,1489,0.5837692810039512,0.14922060390273356,0.820324413685659,0.06896216434484101,0.3411885099200022,0.3012819201120663,-2.2418886265366407,2.2418886265366407,10.558369663264179,3.517935659007094e-08,0.0,1.0100379421729144e-09,1.2252876335713583e-06
random,37,1490,0.5837692799434115,0.14922060269540965,0.8203244070485242,0.06896216521750669,0.34118851423749286,0.30128193004031106,-2.2418886275018535,2.2418886275018535,10.558369653324299,3.693832005317398e-08,0.0,1.060539656094761e-09,1.2865520152499264e-06
random,37,1491,0.5837692788298452,0.149220601427721,0.8203244000795404,0.06896216613380413,0.3411885187708506,0.30128194046496604,-2.2418886285153388,2.2418886285153388,10.558369642396793,3.878523125467113e-08,0.0,1.1135663502415127e-09,1.3508796160124228e-06
random,37,1492,0.5837692776606009,0.1492206000966495,0.8203243927621163,0.06896216709591481,0.3411885235308681,0.3012819514108648,-2.2418886295794973,2.2418886295794973,10.55836963175965,4.072448751737263e-08,0.0,1.1692442569710693e-09,1.418423596813044e-06
random,37,1493,0.5837692764328947,0.14922059869902624,0.820324385078831,0.0689621681061292,0.3411885285288775,0.301281962904045,-2.241888630696887,2.241888630696887,10.558369619070438,4.276070605704674e-08,0.0,1.2277062699794783e-09,1.4893447766536963e-06
random,37,1494,0.5837692751438035,0.14922059723152364,0.8203243770113914,0.06896216916685226,0.3411885337767771,0.30128197497192266,-2.241888631870122,2.241888631870122,10.558369608758909,4.48987349105793e-08,0.0,1.289091167144818e-09,1.5638120154863812e-06
random,37,1495,0.5837692737902582,0.14922059569064827,0.8203243685405928,0.06896217028060934,0.3411885392870613,0.3012819876431176,-2.241888633102105,2.241888633102105,10.558369591496541,4.714366455748094e-08,0.0,1.353545275861734e-09,1.6420026162607003e-06
random,37,1496,0.5837692723690361,0.149220594072731,0.8203243596462645,0.06896217145005157,0.3411885450728462,0.3012820009480741,-2.2418886343955085,2.2418886343955085,10.558369588131843,4.950083996965627e-08,1.3877787807814457e-17,1.4212221399745317e-09,1.7241027470737353e-06
random,37,1497,0.5837692708767533,0.14922059237392174,0.820324350307241,0.06896217267796392,0.3411885511479105,0.30128201491776074,-2.2418886357540933,2.2418886357540933,10.558369548264176,5.197587333651921e-08,0.0,1.4922827418217821e-09,1.8103078844274222e-06
random,37,1498,0.5837692693098571,0.1492205905901713,0.8203243405012625,0.06896217396726692,0.3411885575267035,0.30128202958741224,-2.2418886371792093,2.2418886371792093,10.558369602305447,5.457465749267964e-08,0.0,1.566896279392438e-09,1.9008232786487934e-06
random,37,1499,0.5837692676646167,0.14922058871724728,0.8203243302050618,0.06896217532103778,0.34118856422444954,0.3012820449860931,-2.2418886386798578,2.2418886386798578,10.558369388067257,5.730337987780179e-08,0.0,1.6452403883704392e-09,1.995864442581233e-06
random,37,1500,0.5837692659371146,0.1492205867506456,0.820324319393878,0.06896217674247421,0.34118857125696916,0.30128206116910466,-2.2418886402417972,2.2418886402417972,10.55836998188726,6.016853732217689e-08,0.0,1.7275020303131328e-09,2.0956576647102946e-06
random,37,1501,0.5837692641232385,0.14922058468583804,0.8203243080428179,0.06896217823504512,0.3411885786414249,0.3012820781117084,-2.241888641929235,2.241888641929235,10.558367962629417,6.317695148802537e-08,0.0,1.8138761603836429e-09,2.2004405479458092e-06
random,37,1502,0.5837692622186694,0.1492205825173526,0.8203242961217996,0.06896217980199554,0.3411885863938712,0.30128209608340045,-2.2418886435271186,2.2418886435271186,10.558374943310367,6.633578570843068e-08,0.0,1.904569058019945e-09,2.3104625753430996e-06
random,37,1503,0.5837692602188737,0.14922058024217602,0.8203242836142581,0.06896218144824587,0.3411885945386518,0.30128211424186085,-2.2418886458854157,2.2418886458854157,10.558348843361514,6.965256991272258e-08,0.0,1.9997957734219085e-09,2.425985704110255e-06
random,37,1504,0.5837692581191057,0.14922057784607395,0.8203242704419417,0.06896218317283158,0.34118860307099463,0.30128213626375683,-2.2418886455361227,2.2418886455361227,10.558451885768285,7.313535742273065e-08,0.0,2.0997679150980275e-09,2.5472849893157678e-06
random,37,1505,0.5837692559146911,0.1492205753622977,0.8203242567876456,0.06896218500143182,0.34118861211794665,0.3012821461894917,-2.241888657784449,2.241888657784449,10.55801223806604,7.679561279702038e-08,0.0,2.2044146508193307e-09,2.6746492387815563e-06
random,37,1506,0.5837692536098071,0.14922057261126515,0.8203242416641364,0.06896218684222052,0.3411886212252007,0.30128221651385656,-2.24188861333582,2.24188861333582,10.559877728863798,8.070072114937854e-08,0.0,2.304883950365877e-09,2.8083817007206342e-06
random,37,1507,0.5837692514415049,0.14922057081696105,0.8203242318001404,0.0689621893810558,0.3411886337860221,0.3012818648423754,-2.2418889723452993,2.2418889723452993,10.546337985327254,8.92075027796598e-08,0.0,2.1683022044527434e-09,2.948800785756666e-06
random,37,1508,0.5837692486484991,0.1492205668961101,0.8203242102456789,0.06896219091881162,0.3411886413940289,0.3012822828645226,-2.241888598941867,2.241888598941867,10.579237822397403,9.361258483326816e-08,0.0,2.7930058266179003e-09,3.0962408250444996e-06
random,37,1509,0.5837692486136117,0.14922056713176773,0.8203242115411817,0.06896219114429238,0.341188642509589,0.3012821588226384,-2.241888721155036,2.241888721155036,10.467186590454753,8.17100516190439e-09,0.0,3.4887426281215994e-11,1.0159540207177264e-07
random,37,1510,0.583769248451681,0.14922056693786356,0.8203242104752141,0.0689621911914319,0.34118864274281063,0.30128218426685727,-2.2418886950044064,2.2418886950044064,10.566437997274868,3.372707618481774e-09,0.0,1.619306910782825e-10,1.0667517217536128e-07
random,37,1511,0.5837692483572405,0.14922056681532797,0.8203242098015877,0.06896219125775177,0.34118864307092645,0.3012821920983476,-2.2418886884371885,2.2418886884371885,10.564074850383342,3.2550766837820323e-09,0.0,9.444045545592417e-11,1.1200893078412935e-07
random,37,1512,0.5837692482586655,0.14922056668920186,0.8203242091082228,0.0689621913287922,0.3411886434223971,0.3012821993355505,-2.241888682481507,2.241888682481507,10.563282894896943,3.407262212879587e-09,0.0,9.857503702193071e-11,1.1760937732333582e-07
random,37,1513,0.5837692481556689,0.1492205665593667,0.8203242083944677,0.06896219140482299,0.34118864379855746,0.30128220591562865,-2.2418886771999564,2.2418886771999564,10.562510873950716,3.5683682179333352e-09,0.0,1.0299661123980286e-10,1.234898461895026e-07
random,37,1514,0.5837692480479403,0.1492205664256359,0.8203242076592969,0.06896219148609306,0.34118864420063905,0.30128221179722836,-2.2418886726347615,2.2418886726347615,10.561776284574908,3.739053457128209e-09,0.0,1.077286038153602e-10,1.2966433849897774e-07
random,37,1515,0.5837692479351504,0.1492205662877399,0.8203242069012283,0.06896219157282296,0.341188644629733,0.30128221696696433,-2.2418886688015562,2.2418886688015562,10.561097114517192,3.919889856484037e-09,0.0,1.1278988854002137e-10,1.3614755542392663e-07
random,37,1516,0.5837692478169585,0.1492205661453179,0.8203242061182785,0.06896219166520116,0.3411886450867717,0.30128222144334466,-2.241888665685604,2.241888665685604,10.560489663025592,4.111336338477317e-09,0.0,1.1819190071094e-10,1.4295493319512298e-07
random,37,1517,0.5837692476930196,0.14922056599791922,0.8203242053079699,0.06896219176338583,0.3411886455725378,0.3012822252765804,-2.241888663241954,2.241888663241954,10.559966118175177,4.31374294765256e-09,1.3877787807814457e-17,1.2393885917560965e-10,1.5010267985487912e-07
random,37,1518,0.583769247562987,0.1492205658450156,0.8203242044673986,0.0689621918675126,0.3411886460877022,0.3012822285436562,-2.2418886614001443,2.2418886614001443,10.559532591102089,4.527387740339758e-09,0.0,1.300326513131722e-10,1.576078138476231e-07
random,37,1519,0.5837692474265136,0.14922056568602243,0.8203242035933506,0.06896219197770712,0.3411886466328867,0.3012822313394933,-2.2418886600726458,2.2418886600726458,10.559188304785426,4.752533108633289e-09,0.0,1.3647338814593013e-10,1.6548820454000426e-07
random,37,1520,0.5837692472832496,0.14922056552032306,0.8203242026824358,0.06896219209409998,0.34118864720873743,0.30128223376630364,-2.2418886591650553,2.2418886591650553,10.558926244467534,4.989480374605438e-09,0.0,1.4326395625374744e-10,1.7376261476700448e-07
random,37,1521,0.5837692471328393,0.14922056534729172,0.8203242017312145,0.06896219221684022,0.3411886478159915,0.301282235923633,-2.241888658585636,2.241888658585636,10.558734992272777,5.2386051535683865e-09,0.0,1.504103508409571e-10,1.824507455053547e-07
random,37,1522,0.5837692469749163,0.14922056516630966,0.8203242007362848,0.06896219234610557,0.3411886484555285,0.3012822379009659,-2.241888658252408,2.241888658252408,10.558601053452419,5.500369028144669e-09,0.0,1.5792300800399062e-10,1.9157328278062245e-07
random,37,1523,0.5837692468091006,0.14922056497677355,0.8203241996943301,0.0689621924821083,0.34118864912839847,0.3012822397736281,-2.2418886580970847,2.2418886580970847,10.558510960044755,5.775313955365401e-09,0.0,1.6581569450835332e-10,2.0115194691965357e-07
random,37,1524,0.5837692466349955,0.1492205647780967,0.8203241986021252,0.06896219262509722,0.34118864983583236,0.30128224160167616,-2.241888658066154,2.241888658066154,10.558452722470918,6.064049510445993e-09,0.0,1.7410506369941459e-10,2.1120954426563627e-07
random,37,1525,0.5837692464521856,0.14922056456970514,0.8203241974565149,0.06896219277535687,0.3411886505792381,0.3012822434309225,-2.241888658119909,2.241888658119909,10.55841654851658,6.367240469790503e-09,0.0,1.828098783462906e-10,2.217700214789181e-07
random,37,1526,0.5837692462602356,0.14922056435103132,0.8203241962543787,0.06896219293320546,0.3411886513601899,0.3012822452951356,-2.2418886582303608,2.2418886582303608,10.558394976556015,6.6855983755060534e-09,0.0,1.9195001144112211e-10,2.32858522552864e-07
random,37,1527,0.5837692460586881,0.14922056412150614,0.8203241949925885,0.06896219309899204,0.34118865218041466,0.30128224721865293,-2.2418886583787496,2.2418886583787496,10.558382647488886,7.019876863299773e-09,0.0,2.015475564220992e-10,2.4450144868050723e-07
random,37,1528,0.5837692458470631,0.149220563880552,0.8203241936679686,0.06896219327309404,0.34118865304177975,0.3012822492188966,-2.241888658553153,2.241888658553153,10.558375911592767,7.3708701688002266e-09,0.0,2.116249397943193e-10,2.567265211145326e-07
random,37,1529,0.583769245624857,0.149220563627576,0.82032419227726,0.0689621934559154,0.34118865394628367,0.301282251308526,-2.241888658746434,2.241888658746434,10.558372405690605,7.739413385685165e-09,0.0,2.2220614237511427e-10,2.695628471702592e-07
random,37,1530,0.5837692453915405,0.14922056336196463,0.8203241908170896,0.06896219364788511,0.3411886548960488,0.30128225349713134,-2.241888658954644,2.241888658954644,10.558370674642068,8.126383814169425e-09,0.0,2.333164772494456e-10,2.830409895287722e-07
random,37,1531,0.5837692451465584,0.1492205630830793,0.8203241892839472,0.06896219384945688,0.3411886558933199,0.3012822557924767,-2.241888659175837,2.241888659175837,10.558369867765428,8.532702777570782e-09,0.0,2.4498214568069443e-10,2.9719303900521083e-07
random,37,1532,0.5837692448893272,0.1492205627902528,0.8203241876741647,0.06896219406110883,0.3411886569404624,0.3012822582013579,-2.241888659409267,2.241888659409267,10.55836951452749,8.959337642470637e-09,0.0,2.572311252890813e-10,3.120526909554714e-07
random,37,1533,0.5837692446192342,0.14922056248278628,0.8203241859839002,0.06896219428334396,0.34118865803996495,0.30128226073015923,-2.241888659654869,2.241888659654869,10.558369369784241,9.407304255114027e-09,0.0,2.7009305902936376e-10,3.27655325503245e-07
random,37,1534,0.5837692443356366,0.14922056215994706,0.8203241842091258,0.06896219451669104,0.3411886591944435,0.3012822633851955,-2.2418886599129486,2.2418886599129486,10.55836931402046,9.87766915462662e-09,1.3877787807814457e-17,2.8359758985629924e-10,3.4403809177840725e-07
random,37,1535,0.5837692440378593,0.14922056182096616,0.8203241823456143,0.06896219476170548,0.3411886604066461,0.30128226617291043,-2.2418886601840025,2.2418886601840025,10.558369293192497,1.037155226767514e-08,0.0,2.9777724730450927e-10,3.6123999636732765e-07
random,37,1536,0.5837692437251931,0.14922056146503637,0.8203241803889282,0.06896219501897055,0.34118866167945827,0.3012822690999881,-2.241888660468632,2.241888660468632,10.558369284767563,1.089012949919823e-08,0.0,3.126662262431523e-10,3.7930199618569403e-07
random,37,1537,0.5837692433968935,0.14922056109131024,0.8203241783344085,0.06896219528909873,0.34118866301591044,0.30128227217341336,-2.2418886607675,2.2418886607675,10.558369280183438,1.1434635558009562e-08,0.0,3.2829960971980654e-10,3.9826709599497877e-07
random,37,1538,0.5837692430521791,0.14922056069889794,0.8203241761771636,0.0689621955727332,0.34118866441918455,0.3012822754005086,-2.2418886610813127,2.2418886610813127,10.55836927658508,1.2006366871208139e-08,0.0,3.4471436816119194e-10,4.181804507947277e-07
random,37,1539,0.583769242690229,0.1492205602868652,0.8203241739120574,0.06896219587054922,0.34118866589262153,0.30128227878895875,-2.241888661410818,2.241888661410818,10.558369273058773,1.260668472349264e-08,0.0,3.6195013652928765e-10,4.3908947333446413e-07
random,37,1540,0.5837692423101812,0.14922055985423094,0.8203241715336964,0.06896219618325586,0.3411886674397295,0.3012822823468313,-2.2418886617567986,2.2418886617567986,10.558369269406711,1.3237018393974867e-08,0.0,3.8004777103139986e-10,4.6104394700118736e-07
random,37,1541,0.5837692419111313,0.1492205593999652,0.8203241690364188,0.06896219651159767,0.34118866906419204,0.301282286082598,-2.241888662120079,2.241888662120079,10.558369265607825,1.389886869885927e-08,0.0,3.990499042316742e-10,4.840961443512467e-07
random,37,1542,0.583769241492129,0.14922055892298636,0.8203241664142783,0.06896219685635634,0.3411886707698766,0.3012822900051533,-2.241888662501525,2.241888662501525,10.558369261611146,1.4593811446773349e-08,0.0,4.190022773187252e-10,5.083009515688091e-07
random,37,1543,0.5837692410521765,0.1492205584221588,0.8203241636610321,0.0689621972183527,0.3411886725608441,0.3012822941238369,-2.241888662902044,2.241888662902044,10.55836925742403,1.5323501273549927e-08,0.0,4.399525188603093e-10,5.337159991472496e-07
random,37,1544,0.5837692405902264,0.14922055789629013,0.8203241607701249,0.06896219759844863,0.3411886744413588,0.30128229844845494,-2.24188866332259,2.24188866332259,10.558369253001633,1.6089675506179755e-08,0.0,4.6195014480332475e-10,5.604017991046121e-07
random,37,1545,0.5837692401051789,0.1492205573441283,0.820324157734674,0.06896219799754905,0.34118867641589773,0.3012823029893044,-2.241888663764165,2.241888663764165,10.55836924838367,1.6894158381310575e-08,0.0,4.850474466522314e-10,5.884218890598427e-07
random,37,1546,0.5837692395958791,0.14922055676435866,0.820324154547452,0.06896219841660421,0.34118867848916223,0.3012823077571971,-2.2418886642278193,2.2418886642278193,10.558369243542375,1.7738865291161297e-08,0.0,5.092998245359581e-10,6.178429835128348e-07
random,37,1547,0.5837692390611143,0.14922055615560093,0.820324151200871,0.06896219885661176,0.3411886806660881,0.30128231276348455,-2.2418886647146583,2.2418886647146583,10.558369238400058,1.8625807444563567e-08,0.0,5.347647880071804e-10,6.487351326884766e-07
random,37,1548,0.5837692384996114,0.14922055551640562,0.8203241476869627,0.0689621993186193,0.34118868295185834,0.3012823180200874,-2.241888665225841,2.241888665225841,10.558369233082685,1.9557096599339098e-08,0.0,5.615029552430428e-10,6.811718893229005e-07
random,37,1549,0.5837692379100333,0.14922055484525093,0.8203241439973611,0.06896219980372681,0.3411886853519151,0.30128232353952084,-2.241888665762584,2.241888665762584,10.558369227430846,2.0534950077649448e-08,0.0,5.895780530451589e-10,7.152304837890456e-07
random,37,1550,0.5837692372909765,0.149220554140539,0.8203241401232821,0.06896220031308922,0.3411886878719724,0.3012823293349268,-2.241888666326167,2.241888666326167,10.55836922154535,2.156169609409593e-08,0.0,6.190568058173085e-10,7.509920079784979e-07
random,37,1551,0.583769236640967,0.14922055340059195,0.8203241360555019,0.06896220084791924,0.3411886905180299,0.3012823354201041,-2.241888666917931,2.241888666917931,10.55836921534261,2.263977927543209e-08,0.0,6.500094906769505e-10,7.885416083774227e-07
random,37,1552,0.583769235958457,0.14922055262364808,0.8203241317843355,0.0689622014094902,0.3411886932963877,0.30128234180954083,-2.2418886675392855,2.2418886675392855,10.558369208818961,2.377176643095191e-08,0.0,6.825100484775248e-10,8.27968688796294e-07
random,37,1553,0.5837692352418217,0.14922055180785765,0.8203241272996143,0.06896220199913908,0.34118869621366005,0.3012823485184507,-2.241888668191711,2.241888668191711,10.55836920199606,2.496035276629906e-08,0.0,7.166353066523357e-10,8.693671232361087e-07
random,37,1554,0.5837692344893547,0.14922055095127834,0.8203241225906606,0.06896220261826973,0.3411886992767928,0.3012823555628072,-2.2418886688767605,2.2418886688767605,10.55836919481528,2.6208368219414025e-08,0.0,7.524669776159953e-10,9.128354793979142e-07
random,37,1555,0.5837692336992647,0.1492205500518708,0.8203241176462631,0.06896220326835616,0.3411887024930785,0.3012823629593825,-2.241888669596066,2.241888669596066,10.558369187265871,2.751878420699098e-08,0.0,7.900899934298877e-10,9.584772533678098e-07
random,37,1556,0.5837692328696701,0.14922054910749366,0.8203241124546502,0.06896220395094604,0.34118870587017414,0.30128237072578845,-2.241888670351339,2.241888670351339,10.55836917939657,2.8894720754642566e-08,0.0,8.295946152259148e-10,1.0064011160362003e-06
random,37,1557,0.5837692319985961,0.14922054811589858,0.8203241070034616,0.06896220466766453,0.3411887094161202,0.3012823788805154,-2.2418886711443813,2.2418886711443813,10.558369171016707,3.033945385760256e-08,0.0,8.710739907158427e-10,1.0567211718380104e-06
random,37,1558,0.5837692310839684,0.14922054707472468,0.8203241012797188,0.0689622054202179,0.34118871313935834,0.30128238744298186,-2.2418886719770788,2.2418886719770788,10.558369162404835,3.185642330798958e-08,0.0,9.146277069049802e-10,1.109557230429911e-06
random,37,1559,0.5837692301236096,0.1492205459814932,0.8203240952697949,0.06896220621039785,0.34118871704875303,0.301282396433571,-2.2418886728514185,2.2418886728514185,10.558369153062685,3.3449240908044506e-08,0.0,9.603587924900125e-10,1.1650350919514065e-06
random,37,1560,0.5837692291152331,0.1492205448336013,0.8203240889593811,0.06896220704008554,0.34118872115361126,0.3012824058736957,-2.241888673769476,2.241888673769476,10.558369143724772,3.512169901551803e-08,0.0,1.0083764934165629e-09,1.2232868465489768e-06
random,37,1561,0.5837692280564382,0.14922054362831616,0.8203240823334541,0.06896220791125628,0.34118872546370577,0.3012824157858222,-2.241888674733449,2.241888674733449,10.55836913317782,3.687777962884411e-08,0.0,1.0587949406115627e-09,1.2844511888764257e-06
random,37,1562,0.5837692269447037,0.14922054236276816,0.8203240753762385,0.06896220882598403,0.34118872998929745,0.3012824261935689,-2.2418886757456162,2.2418886757456162,10.558369123314192,3.87216638284897e-08,1.3877787807814457e-17,1.1117344822508812e-09,1.348673748320247e-06
random,37,1563,0.5837692257773827,0.1492205410339444,0.820324068071171,0.06896220978644654,0.3411887347411607,0.30128243712168473,-2.2418886768084194,2.2418886768084194,10.558369110879838,4.0657741746706195e-08,0.0,1.1673210176255111e-09,1.4161074357362595e-06
random,37,1564,0.5837692245516961,0.1492205396386811,0.8203240604008593,0.06896221079493031,0.34118873973060787,0.3012824485962511,-2.2418886779243303,2.2418886779243303,10.558369101666525,4.269062301748069e-08,0.0,1.2256865522530802e-09,1.4869128075230726e-06
random,37,1565,0.5837692232647255,0.14922053817365677,0.8203240523470438,0.06896221185383636,0.3411887449695179,0.3012824606444602,-2.2418886790961303,2.2418886790961303,10.558369084344008,4.482514776239789e-08,0.0,1.286970641167784e-09,1.5612584478992262e-06
random,37,1566,0.5837692219134067,0.14922053663538287,0.8203240438905465,0.06896221296568525,0.3411887504703613,0.3012824732952864,-2.241888680326336,2.241888680326336,10.558369082454746,4.7066398087858294e-08,0.0,1.3513187235858481e-09,1.6393213702941876e-06
random,37,1567,0.5837692204945225,0.14922053502019886,0.820324035011244,0.0689622141331248,0.341188756246238,0.3012824865781599,-2.2418886816185393,2.2418886816185393,10.55836904320389,4.941971019607956e-08,0.0,1.418884232329276e-09,1.721287438808897e-06
random,37,1568,0.5837692190046946,0.149220533324255,0.8203240256879728,0.06896221535893186,0.3411887623108865,0.30128250052649247,-2.2418886829741105,2.2418886829741105,10.558369093460923,5.18906871185527e-08,0.0,1.4898279276920334e-09,1.807351810749342e-06
random,37,1569,0.583769217440376,0.14922053154352583,0.8203240158986034,0.0689622166460313,0.34118876867877745,0.30128251516855176,-2.2418886844010055,2.2418886844010055,10.558368905497991,5.448521200510317e-08,0.0,1.5643185635738632e-09,1.8977194012868092e-06
random,37,1570,0.5837692157978418,0.14922052967373625,0.8203240056196339,0.06896221799746745,0.34118877536497255,0.30128253055385745,-2.2418886858886116,2.2418886858886116,10.558369386627913,5.72094621737273e-08,0.0,1.6425342197479154e-09,1.9926053713511497e-06
random,37,1571,0.5837692140731816,0.14922052771054778,0.8203239948272139,0.06896221941652002,0.3411887823856981,0.3012825466725651,-2.2418886874849044,2.2418886874849044,10.558367846466133,6.006992379838595e-08,0.0,1.7246601924369998e-09,2.0922356399187075e-06
random,37,1572,0.5837692122622893,0.14922052564890448,0.820323983493549,0.06896222090635552,0.3411887897566204,0.301282563720467,-2.2418886890432006,2.2418886890432006,10.558372815433096,6.307340762133209e-08,0.0,1.8108923249826603e-09,2.196847421914643e-06
random,37,1573,0.5837692103608534,0.14922052348527992,0.8203239715992529,0.06896222247128579,0.3411887974990721,0.30128258116909656,-2.241888691111229,2.241888691111229,10.558355393121339,6.622706825420942e-08,0.0,1.90143589762215e-09,2.3066897930103753e-06
random,37,1574,0.5837692083643523,0.14922052120920687,0.8203239590867831,0.06896222411209194,0.3411888056169177,0.301282601250189,-2.2418886916000766,2.2418886916000766,10.558419938597037,6.953846974945666e-08,0.0,1.996501075574031e-09,2.422024282660894e-06
random,37,1575,0.5837692062681279,0.14922051883719634,0.8203239460469073,0.0689622258448245,0.3411888141895669,0.3012826149890707,-2.241888699135968,2.241888699135968,10.558162843655694,7.301647661815586e-08,0.0,2.0962244162703314e-09,2.543125496793939e-06
random,37,1576,0.5837692040693392,0.14922051627002486,0.8203239319341549,0.0689622276217855,0.34118882298103514,0.30128266117441743,-2.241888676676777,2.241888676676777,10.559212619709044,7.668666432692277e-08,0.0,2.1987887066643452e-09,2.670281771633636e-06
random,37,1577,0.5837692018072467,0.14922051399883032,0.8203239194485042,0.06896222972258177,0.34118883337466993,0.3012825395659634,-2.241888815507602,2.241888815507602,10.553679300792469,8.116760261138989e-08,0.0,2.262092513305447e-09,2.803795860215318e-06
random,37,1578,0.5837691993611593,0.1492205107897987,0.8203239018071938,0.06896223147192157,0.34118884202948296,0.3012827442820912,-2.2418886438135415,2.2418886438135415,10.570654729963733,8.550357942695102e-08,0.0,2.44608733268592e-09,2.9439856532260837e-06
random,37,1579,0.5837691993246198,0.14922051101387662,0.8203239030390385,0.06896223168630922,0.34118884309016023,0.30128262600204186,-2.2418887603548074,2.2418887603548074,10.467185620112145,7.769240323470565e-09,0.0,3.653954916416069e-11,9.659952924648087e-08
random,37,1580,0.5837691991715082,0.1492205108309567,0.8203239020334555,0.0689622317319264,0.34118884331585003,0.3012826496855415,-2.2418887359734567,2.2418887359734567,10.565913001583338,3.198720398628444e-09,0.0,1.5311163448217258e-10,1.0142950570880492e-07
random,37,1581,0.58376919908202,0.14922051071577844,0.8203239014002753,0.0689622317957142,0.34118884363143853,0.30128265661630316,-2.2418887302207917,2.2418887302207917,10.563616914736917,3.0892959884454127e-09,0.0,8.948819463228119e-11,1.0650098099424517e-07
random,37,1582,0.5837691989885253,0.14922051059703823,0.8203239007475136,0.06896223186390807,0.34118884396882593,0.3012826630355467,-2.2418887249987347,2.2418887249987347,10.562895609512449,3.235319426798309e-09,0.0,9.3494656461246e-11,1.1182603004395744e-07
random,37,1583,0.5837691988907592,0.14922051047459892,0.8203239000744166,0.06896223193675093,0.3411888443292141,0.3012826688943858,-2.2418887203563838,2.2418887203563838,10.562196165193434,3.38971748997052e-09,0.0,9.776612852618882e-11,1.1741733154615531e-07
random,37,1584,0.583769198788437,0.14922051034826583,0.8203238993799138,0.06896223201446991,0.34118884471372674,0.301282674161675,-2.2418887163260264,2.2418887163260264,10.561533178388807,3.553050386826342e-09,0.0,1.0232215075234308e-10,1.232881981234631e-07
random,37,1585,0.5837691986812589,0.1492205102177765,0.8203238986625625,0.06896223209727126,0.3411888451233842,0.301282678828548,-2.241888712918778,2.241888712918778,10.560921215556387,3.725816650217122e-09,0.0,1.0717815523975105e-10,1.2945260802963625e-07
random,37,1586,0.5837691985689144,0.14922051008279502,0.8203238979205163,0.06896223218533812,0.34118884555909273,0.3012826829109808,-2.2418887101221205,2.2418887101221205,10.560373152508024,3.908438924422615e-09,0.0,1.1234446706254175e-10,1.3592523843111808e-07
random,37,1587,0.5837691984510862,0.14922050994291333,0.8203238971515315,0.06896223227883223,0.34118884602165245,0.3012826864494197,-2.2418887079002383,2.2418887079002383,10.559898434445216,4.101269999292664e-09,0.0,1.178281916480728e-10,1.4272150035267398e-07
random,37,1588,0.583769198327454,0.14922050979766038,0.8203238963530188,0.06896223237789972,0.34118884651178627,0.30128268950514014,-2.241888706197493,2.241888706197493,10.559501725106214,4.304619121257254e-09,1.3877787807814457e-17,1.2363221557620818e-10,1.498575753703077e-07
random,37,1589,0.5837691981976932,0.1492205096465167,0.8203238955221226,0.06896223248268034,0.3411888470301856,0.30128269215391035,-2.2418887049444836,2.2418887049444836,10.559182378934944,4.518790020892459e-09,0.0,1.297607576944415e-10,1.5735045413882308e-07
random,37,1590,0.5837691980614744,0.14922050948893234,0.8203238946558192,0.06896223259331824,0.34118884757756374,0.30128269447830436,-2.2418887040654045,2.2418887040654045,10.558934914023206,4.744117859945453e-09,0.0,1.3621881400638358e-10,1.6521797684576423e-07
random,37,1591,0.583769197918461,0.1492205093243434,0.820323893751009,0.06896223270997241,0.34118884815470724,0.3012826965602869,-2.2418887034851522,2.2418887034851522,10.558750306082201,4.980994546192691e-09,0.0,1.4301337891708954e-10,1.7347887568805244e-07
random,37,1592,0.5837691977683046,0.14922050915218493,0.8203238928045862,0.0689622328328247,0.3411888487625157,0.30128269847536854,-2.241888703134928,2.241888703134928,10.55861766597268,5.229878984739303e-09,0.0,1.5015644283522533e-10,1.8215281947245508e-07
random,37,1593,0.5837691976106442,0.14922050897189837,0.82032389181348,0.06896223296208528,0.3411888494020291,0.3012827002889646,-2.2418887029557375,2.2418887029557375,10.558525828389856,5.491295502623373e-09,1.3877787807814457e-17,1.5766044025866677e-10,1.9126046044607784e-07
random,37,1594,0.5837691974451023,0.14922050878293375,0.820323890774667,0.06896223309799507,0.34118885007443917,0.3012827020549137,-2.2418887028998205,2.2418887028998205,10.558464534658809,5.7658264155360825e-09,0.0,1.6554191351048075e-10,2.0082348346838175e-07
random,37,1595,0.5837691972712838,0.14922050858474803,0.8203238896851621,0.06896223324082607,0.34118885078109185,0.3012827038156904,-2.2418887029304617,2.2418887029304617,10.558425108438938,6.0541039164992076e-09,0.0,1.7381840411445637e-10,2.1086465764180084e-07
random,37,1596,0.5837691970887748,0.14922050837680073,0.8203238885419939,0.06896223339088038,0.34118885152348166,0.30128270560369513,-2.24188870302077,2.24188870302077,10.558400686271867,6.356803804301465e-09,0.0,1.8250900790661717e-10,2.214078905238909e-07
random,37,1597,0.5837691968971404,0.14922050815854854,0.8203238873421757,0.06896223354848852,0.34118885230324375,0.3012827074430626,-2.2418887031519565,2.2418887031519565,10.558386139351995,6.674642050837454e-09,0.0,1.9163448605752365e-10,2.3247828505008546e-07
random,37,1598,0.5837691966959242,0.1492205079294392,0.8203238860826714,0.06896223371400771,0.3411888531221457,0.30128270935157253,-2.241888703311525,2.241888703311525,10.558377825661825,7.008373418170443e-09,0.0,2.012161548492486e-10,2.441021993025897e-07
random,37,1599,0.5837691964846474,0.14922050768890624,0.8203238847603671,0.06896223388782043,0.34118885398207954,0.3012827113424058,-2.2418887034915973,2.2418887034915973,10.5583732800972,7.3587917408043065e-09,0.0,2.1127677385379684e-10,2.563073092677192e-07
random,37,1600,0.5837691962628065,0.14922050743636409,0.8203238833720434,0.06896223407033336,0.3411888548850575,0.30128271342561364,-2.2418887036875255,2.2418887036875255,10.558370910949101,7.726731093543616e-09,0.0,2.218408790000126e-10,2.691226747311052e-07
random,37,1601,0.5837691960298739,0.14922050717120394,0.8203238819143537,0.06896223426197687,0.3411888558332088,0.3012827156092624,-2.241888703896806,2.241888703896806,10.558369738859612,8.1130674303673e-09,0.0,2.329326731498327e-10,2.8257880846766044e-07
random,37,1602,0.5837691957852945,0.14922050689279026,0.8203238803838041,0.06896223446320493,0.34118885682877936,0.3012827179002726,-2.2418887041182916,2.2418887041182916,10.558369191043028,8.518720565706067e-09,0.0,2.445793567673604e-10,2.9670774889104345e-07
random,37,1603,0.5837691955284862,0.14922050660045802,0.8203238787767386,0.06896223467449544,0.34118885787413367,0.30128272030499786,-2.241888704351651,2.241888704351651,10.558368950191495,8.944656336989922e-09,0.0,2.5680835236130406e-10,3.1154313633559566e-07
random,37,1604,0.5837691952588373,0.1492205062935101,0.8203238770893251,0.06896223489635087,0.3411888589717576,0.301282722829603,-2.2418887045970197,2.2418887045970197,10.558368850754041,9.391888875948025e-09,0.0,2.6964885879721123e-10,3.2712029315237544e-07
random,37,1605,0.5837691949757062,0.14922050597121522,0.8203238753175432,0.06896223512929915,0.3411888601242632,0.3012827254802983,-2.2418887048547917,2.2418887048547917,10.558368811779616,9.861483013596619e-09,0.0,2.8313107414135175e-10,3.434763078099942e-07
random,37,1606,0.5837691946784185,0.14922050563280584,0.8203238734571736,0.06896223537389481,0.34118886133439386,0.3012827282634788,-2.2418887051254996,2.2418887051254996,10.558368796637238,1.0354556814401315e-08,0.0,2.9728774997295204e-10,3.6065012320049393e-07
random,37,1607,0.5837691943662663,0.1492205052774761,0.820323871503786,0.06896223563072017,0.34118886260503056,0.3012827311858023,-2.2418887054097594,2.2418887054097594,10.558368789870427,1.0872284279127293e-08,0.0,3.121521929827509e-10,3.786826293605186e-07
random,37,1608,0.5837691940385067,0.14922050490438005,0.8203238694527302,0.06896223590038666,0.34118886393919856,0.30128273425423757,-2.2418887057082366,2.2418887057082366,10.558368785736173,1.1415898084877838e-08,0.0,3.2775959724062886e-10,3.976167608285446e-07
random,37,1609,0.5837691936943592,0.14922050451262936,0.8203238672991224,0.06896223618353634,0.34118886534007414,0.30128273747609385,-2.2418887060216397,2.2418887060216397,10.558368782242175,1.1986692525542622e-08,0.0,3.4414748828481834e-10,4.174975988699718e-07
random,37,1610,0.5837691933330043,0.14922050410129126,0.8203238650378349,0.06896223648084333,0.34118886681099275,0.30128274085904305,-2.2418887063507134,2.2418887063507134,10.558368778750053,1.25860266506112e-08,0.0,3.613549459657861e-10,4.3837247881347045e-07
random,37,1611,0.5837691929535815,0.1492205036693864,0.8203238626634839,0.06896223679301551,0.3411888683554565,0.30128274441113995,-2.241888706696242,2.241888706696242,10.558368775129088,1.3215327420890077e-08,0.0,3.794227154685359e-10,4.60291102754144e-07
random,37,1612,0.5837691925551879,0.1492205032158865,0.8203238601704164,0.06896223712079612,0.3411888699771425,0.30128274814084194,-2.241888707059048,2.241888707059048,10.558368771324034,1.387609318046458e-08,0.0,3.9839365140181826e-10,4.833056578918512e-07
random,37,1613,0.5837691921368744,0.14922050273971182,0.8203238575526967,0.06896223746496552,0.34118887167991163,0.30128275205702953,-2.241888707439995,2.241888707439995,10.558368767342628,1.4569897164846994e-08,0.0,4.1831349495424774e-10,5.074709407864438e-07
random,37,1614,0.5837691916976453,0.1492205022397286,0.820323854804092,0.06896223782634317,0.3411888734678181,0.3012827561690267,-2.24188870783999,2.24188870783999,10.558368763137347,1.529839127267884e-08,0.0,4.3922909753746353e-10,5.32844487825766e-07
random,37,1615,0.583769191236455,0.14922050171474652,0.8203238519180588,0.06896223820578945,0.3411888753451187,0.30128276048662417,-2.2418887082599865,2.2418887082599865,10.558368758759883,1.606331001466802e-08,0.0,4.611903081652713e-10,5.594867122170543e-07
random,37,1616,0.5837691907522051,0.14922050116351557,0.8203238488877252,0.06896223860420775,0.34118887731628283,0.30128276502010226,-2.2418887087009836,2.2418887087009836,10.558368754158266,1.6866474612437196e-08,0.0,4.842498624313407e-10,5.87461047827907e-07
random,37,1617,0.5837691902437426,0.14922050058472336,0.8203238457058766,0.06896223902254664,0.3411888793860036,0.30128276978025464,-2.241888709164032,2.241888709164032,10.558368749275822,1.7709797338180193e-08,1.3877787807814457e-17,5.084624943307858e-10,6.168341002193023e-07
random,37,1618,0.5837691897098573,0.1492204999769919,0.8203238423649375,0.06896223946180215,0.3411888815592088,0.3012827747784149,-2.241888709650234,2.241888709650234,10.558368744182772,1.8595286101108527e-08,0.0,5.338853803493748e-10,6.476758052302675e-07
random,37,1619,0.5837691891492778,0.14922049933887427,0.8203238388569536,0.06896223992302004,0.34118888384107227,0.30128278002648423,-2.2418887101607488,2.2418887101607488,10.55836873886323,1.9525049192349767e-08,0.0,5.605794717311596e-10,6.800595954917809e-07
random,37,1620,0.5837691885606692,0.1492204986688511,0.8203238351735723,0.06896224040729841,0.34118888623702687,0.3012827855369576,-2.2418887106967897,2.2418887106967897,10.5583687332386,2.0501300329206524e-08,0.0,5.886086063000562e-10,7.1406257526637e-07
random,37,1621,0.5837691879426303,0.14922049796532724,0.8203238313060247,0.06896224091579024,0.341188888752777,0.30128279132295527,-2.2418887112596364,2.2418887112596364,10.558368727326714,2.1526363855847047e-08,0.0,6.180388423260297e-10,7.497657040296885e-07
random,37,1622,0.5837691872936897,0.14922049722662767,0.8203238272451023,0.06896224144970614,0.34118889139431197,0.30128279739825375,-2.2418887118506263,2.2418887118506263,10.558368721163829,2.2602680410449926e-08,0.0,6.489406789711438e-10,7.87253989231173e-07
random,37,1623,0.583769186612302,0.14922049645099367,0.8203238229811368,0.06896224201031728,0.341188894167921,0.30128280377731814,-2.2418887124711686,2.2418887124711686,10.55836871465725,2.373281264515961e-08,0.0,6.813876129996288e-10,8.266166886927317e-07
random,37,1624,0.5837691858968451,0.14922049563657855,0.8203238185039763,0.06896224259895835,0.3411888970802073,0.3012828104753367,-2.2418887131227403,2.2418887131227403,10.558368707831104,2.491945130009334e-08,0.0,7.154569159339985e-10,8.679475231273683e-07
random,37,1625,0.5837691851456156,0.14922049478144336,0.8203238138029615,0.0689622432170308,0.34118890013810466,0.30128281750825725,-2.241888713806894,2.241888713806894,10.558368700666568,2.6165421685850785e-08,0.0,7.512295230327481e-10,9.113448992837368e-07
random,37,1626,0.5837691843568247,0.14922049388355213,0.8203238088668998,0.0689622438660061,0.341188903348893,0.3012828248928254,-2.241888714525259,2.241888714525259,10.55836869315967,2.747369036100284e-08,0.0,7.887909214687738e-10,9.569121442479237e-07
random,37,1627,0.5837691835285943,0.14922049294076714,0.8203238036840395,0.06896224454742936,0.3411889067202168,0.30128283264662287,-2.2418887152795453,2.2418887152795453,10.558368685236514,2.8847372225844755e-08,0.0,8.282303731732554e-10,1.00475775146032e-06
random,37,1628,0.5837691826589526,0.14922049195084375,0.8203237982420408,0.06896224526292284,0.3411889102601022,0.3012828407881123,-2.2418887160715495,2.2418887160715495,10.558368676985701,3.0289737914509525e-08,0.0,8.696416919917738e-10,1.0549956390333358e-06
random,37,1629,0.5837691817458291,0.1492204909114252,0.8203237925279478,0.06896224601419,0.3411889139769768,0.301282849336677,-2.2418887169031594,2.2418887169031594,10.55836866820785,3.180422158844243e-08,0.0,9.131234657289156e-10,1.1077454209850028e-06
random,37,1630,0.5837691807870495,0.14922048982003677,0.820323786528156,0.06896224680301939,0.3411889178796897,0.3012828583126732,-2.2418887177763533,2.2418887177763533,10.558368659178631,3.33944291073314e-08,0.0,9.587796112597857e-10,1.1631326920342529e-06
random,37,1631,0.5837691797803313,0.1492204886740801,0.8203237802283809,0.06896224763128903,0.3411889219775321,0.301282867737469,-2.241888718693214,2.241888718693214,10.558368649408093,3.5064146649969126e-08,0.0,1.0067182643069827e-09,1.2212893266359656e-06
random,37,1632,0.5837691787232773,0.14922048747082692,0.8203237736136244,0.0689622485009708,0.34118892628026,0.30128287763351047,-2.2418887196559205,2.2418887196559205,10.55836863957854,3.681734966726168e-08,1.3877787807814457e-17,1.057053999886648e-09,1.2823537929677638e-06
random,37,1633,0.5837691776133709,0.14922048620741252,0.820323766668138,0.06896224941413515,0.3411889307981168,0.3012828880243503,-2.241888720666775,2.241888720666775,10.558368628591754,3.865821238640897e-08,0.0,1.1099063890185334e-09,1.3464714826161521e-06
random,37,1634,0.5837691764479696,0.14922048488082895,0.8203237593753857,0.06896225037295607,0.3411889355418583,0.30128289893474614,-2.241888721728168,2.241888721728168,10.558368618185938,4.0591117756873996e-08,0.0,1.1654013309936317e-09,1.4137950567469598e-06
random,37,1635,0.5837691752242984,0.14922048348791805,0.8203237517180061,0.06896225137971623,0.34118894052277793,0.3012829103906425,-2.24188872284266,2.24188872284266,10.558368605184597,4.2620667853405644e-08,0.0,1.2236711643964782e-09,1.4844848095843079e-06
random,37,1636,0.583769173939444,0.14922048202536334,0.820323743677767,0.06896225243681235,0.34118894575273345,0.30128292241938437,-2.2418887240128402,2.2418887240128402,10.558368595638992,4.475169487315899e-08,0.0,1.2848543340382435e-09,1.5587090500635232e-06
random,37,1637,0.5837691725903476,0.14922048048968334,0.8203237352355294,0.0689622535467612,0.3411889512441765,0.3012829350494588,-2.241888725241642,2.241888725241642,10.558368576895528,4.6989272580611544e-08,0.0,1.3490965011797584e-09,1.6366445025666996e-06
random,37,1638,0.5837691711737965,0.14922047887722098,0.8203237263711889,0.06896225471220473,0.3411889570101779,0.301282948311306,-2.2418887265316414,2.2418887265316414,10.558368577092793,4.933872845521142e-08,1.3877787807814457e-17,1.4165510986430263e-09,1.7184767276950347e-06
random,37,1639,0.5837691696864182,0.14922047718413978,0.8203237170636549,0.06896225593591866,0.34118896306447066,0.301282962235554,-2.241888727886818,2.241888727886818,10.5583685286385,5.180565632387528e-08,0.0,1.487378220588198e-09,1.8044005640797864e-06
random,37,1640,0.5837691681246719,0.14922047540640265,0.8203237072907339,0.06896225722081271,0.3411889694214505,0.3012829768579765,-2.2418887293078944,2.2418887293078944,10.558368605552156,5.439592971986253e-08,0.0,1.5617462878481092e-09,1.894620592283776e-06
random,37,1641,0.5837691664848389,0.1492204735397961,0.8203236970292627,0.06896225856995612,0.34118897609630233,0.3012829922056391,-2.241888730805667,2.241888730805667,10.558368326938176,5.7115715811951865e-08,0.0,1.6398330471290024e-09,1.9893516218979647e-06
random,37,1642,0.5837691647630148,0.14922047157981672,0.8203236862544844,0.06896225998652766,0.3411889831047531,0.301283008339604,-2.241888732360263,2.241888732360263,10.558369115249345,5.997149014985594e-08,0.0,1.7218241277205948e-09,2.088819202992863e-06
random,37,1643,0.5837691629551002,0.14922046952199966,0.8203236749418538,0.06896226147401104,0.3411889904640383,0.30128302521542044,-2.241888734054605,2.241888734054605,10.558366469967973,6.297005210985343e-08,0.0,1.8079145958083132e-09,2.1932601631425064e-06
random,37,1644,0.5837691610567908,0.14922046736072048,0.8203236630604511,0.06896226303554549,0.3411889981896893,0.3012830431720557,-2.241888735607091,2.241888735607091,10.558375598836301,6.611854196075698e-08,0.0,1.8983093985625032e-09,2.302923171299632e-06
random,37,1645,0.5837691590635683,0.14922046509362438,0.8203236505973313,0.0689622646763937,0.341189006307743,0.3012830611031226,-2.241888738119992,2.241888738119992,10.558341634468096,6.94244712497166e-08,1.3877787807814457e-17,1.9932224759600103e-09,2.4180693298646138e-06
random,37,1646,0.5837691569707135,0.14922046270392175,0.820323637460195,0.06896226639415264,0.34118901480631053,0.3012830837460758,-2.2418887371109975,2.2418887371109975,10.558475075330994,7.289597139033549e-08,0.0,2.0928547783682916e-09,2.5389727963578445e-06
random,37,1647,0.5837691547737757,0.1492204602361804,0.8203236238940491,0.06896226822074332,0.34118902384332034,0.3012830905090996,-2.241888752312635,2.241888752312635,10.557906105105092,7.654660671778407e-08,0.0,2.1969378538599926e-09,2.665921436175737e-06
random,37,1648,0.5837691524848689,0.14922045746384882,0.8203236086534509,0.06896227003830421,0.3411890328356555,0.30128317403157356,-2.241888695137153,2.241888695137153,10.560276787776562,8.04778446379284e-08,0.0,2.2889067308184963e-09,2.7992175079845237e-06
random,37,1649,0.5837691506700063,0.1492204563623102,0.8203236025978594,0.06896227294877373,0.3411890472351275,0.301282575351292,-2.241889288690005,2.241889288690005,10.537871798430546,9.701178841463474e-08,0.0,1.8148625935410223e-09,2.9391783833837498e-06
random,37,1650,0.5837691475313301,0.14922045179175414,0.820323577471713,0.06896227411413057,0.34118905300070007,0.3012832295123629,-2.241888691016234,2.241888691016234,10.584486347504034,1.0096022967972426e-07,0.0,3.138676207825597e-09,3.0861373025529376e-06
random,37,1651,0.5837691474963279,0.14922045202666112,0.8203235787630893,0.0689622743388642,0.3411890541125639,0.30128310585013685,-2.2418888128558274,2.2418888128558274,10.467184599778108,8.144423244143801e-09,1.3877787807814457e-17,3.5002223341962235e-11,1.0126388024001827e-07
random,37,1652,0.5837691473349836,0.14922045183349636,0.8203235777011865,0.06896227438589426,0.3411890543452439,0.30128313117684674,-2.241888786823161,2.241888786823161,10.566402108278153,3.3611173887610094e-09,0.0,1.613442712766755e-10,1.063270742520192e-07
random,37,1653,0.5837691472408758,0.14922045171146459,0.8203235770303298,0.06896227445203731,0.3411890546724849,0.30128313894684633,-2.2418887803117022,2.2418887803117022,10.564043372070474,3.24400470053944e-09,0.0,9.410783263774647e-11,1.1164342796462016e-07
random,37,1654,0.5837691471426413,0.14922045158584404,0.8203235763397442,0.06896227452287909,0.34118905502297275,0.30128314612828355,-2.2418887744061933,2.2418887744061933,10.563256174964806,3.3957882608741306e-09,0.0,9.823453162027818e-11,1.1722559936285116e-07
random,37,1655,0.583769147039995,0.14922045145651486,0.8203235756287707,0.0689622745986875,0.3411890553980329,0.3012831526593271,-2.2418887691682556,2.2418887691682556,10.562489064949144,3.5564555239966574e-09,0.0,1.0264622485323116e-10,1.2308687933099372e-07
random,37,1656,0.5837691469326282,0.1492204513232898,0.8203235748963801,0.06896227467970986,0.3411890557988889,0.3012831584993658,-2.241888764639392,2.241888764639392,10.561759336201636,3.726658008832228e-09,0.0,1.0736689315393733e-10,1.292412232975434e-07
random,37,1657,0.5837691468202134,0.14922045118589972,0.8203235741410927,0.06896227476616575,0.3411890562266271,0.30128316363534574,-2.2418887608349074,2.2418887608349074,10.561084732495207,3.906962195694511e-09,0.0,1.1241474418000053e-10,1.3570328446242057e-07
random,37,1658,0.5837691467024123,0.14922045104398554,0.8203235733609346,0.06896227485824327,0.3411890566821783,0.30128316808558936,-2.2418887577402273,2.2418887577402273,10.560481305851937,4.097824364487414e-09,0.0,1.1780110220627193e-10,1.424884486855416e-07
random,37,1659,0.5837691465788818,0.14922045089709968,0.8203235725534452,0.06896227495610092,0.34118905716632647,0.30128317189958986,-2.2418887553110753,2.2418887553110753,10.559961045406977,4.299594968895671e-09,0.0,1.2353051914715252e-10,1.4961287111981867e-07
random,37,1660,0.5837691464492767,0.14922045074471801,0.8203235717157432,0.06896227505987512,0.3411890576797466,0.3012831751531806,-2.241888753478076,2.241888753478076,10.559529958850879,4.512554615813852e-09,0.0,1.2960510442638906e-10,1.570935146758096e-07
random,37,1661,0.5837691463132517,0.14922045058626052,0.8203235708446399,0.06896227516969261,0.3411890582230658,0.30128317793988946,-2.2418887521550204,2.2418887521550204,10.559187282822734,4.73696901260767e-09,1.3877787807814457e-17,1.3602496906628403e-10,1.649481904096001e-07
random,37,1662,0.5837691461704586,0.1492204504211153,0.8203235699367718,0.06896227528568498,0.341189058796935,0.3012831803605181,-2.2418887512488435,2.2418887512488435,10.55892611914801,4.973142159360375e-09,0.0,1.427931106690039e-10,1.7319559993008012e-07
random,37,1663,0.5837691460205424,0.14922045024866099,0.8203235689887224,0.06896227540800198,0.34118905940209515,0.3012831825133729,-2.2418887506689806,2.2418887506689806,10.55873522711432,5.2214510127176404e-09,0.0,1.4991619057269645e-10,1.8185537992658415e-07
random,37,1664,0.5837691458631385,0.14922045006828244,0.8203235679971105,0.06896227553682163,0.341189060039427,0.3012831844869787,-2.241888750334358,2.241888750334358,10.558601300299774,5.482357034232953e-09,1.3877787807814457e-17,1.574038677176759e-10,1.9094814892291337e-07
random,37,1665,0.5837691456978678,0.14922044987937932,0.8203235669586357,0.068962275672356,0.34118906070997973,0.3012831863560025,-2.2418887501773073,2.2418887501773073,10.558511032583068,5.7564010133726576e-09,1.3877787807814457e-17,1.652707970478673e-10,2.0049555636905903e-07
random,37,1666,0.5837691455243349,0.14922044968136744,0.8203235658700864,0.06896227581485326,0.34118906141498123,0.30128318818010896,-2.241888750144679,2.241888750144679,10.558452552057037,6.044190624404169e-09,0.0,1.7353285475252278e-10,2.10520334187512e-07
random,37,1667,0.583769145342126,0.14922044947367483,0.8203235647283184,0.06896227596459716,0.3411890621558353,0.3012831900049163,-2.2418887501969382,2.2418887501969382,10.558416138538664,6.346388495392894e-09,0.0,1.82208914623061e-10,2.2104635089688762e-07
random,37,1668,0.5837691451508067,0.14922044925573566,0.820323563530221,0.06896227612190461,0.34118906293410983,0.3012831918641304,-2.2418887503061433,2.2418887503061433,10.558394366140696,6.663703726725352e-09,0.0,1.9131929374083256e-10,2.32098668441732e-07
random,37,1669,0.5837691449499215,0.14922044902698267,0.8203235622726757,0.0689622762871234,0.34118906375152547,0.3012831937820972,-2.241888750453511,2.241888750453511,10.558381886597711,6.996887449083074e-09,0.0,2.0088519736560784e-10,2.4370360186381863e-07
random,37,1670,0.5837691447389922,0.14922044878683988,0.8203235609525162,0.06896227646062955,0.34118906460994264,0.3012831957762777,-2.2418887506270666,2.2418887506270666,10.558375046984255,7.346731261363031e-09,0.0,2.1092927404708917e-10,2.5588878195700956e-07
random,37,1671,0.5837691445175163,0.14922044853471622,0.8203235595664932,0.06896227664282545,0.3411890655113521,0.3012831978593754,-2.2418887508196166,2.2418887508196166,10.558371474841426,7.714067536144743e-09,1.3877787807814457e-17,2.214759486918183e-10,2.6868322105486003e-07
random,37,1672,0.5837691442849668,0.14922044827000006,0.8203235581112442,0.06896227683413864,0.34118906645786906,0.3012832000410151,-2.2418887510271603,2.2418887510271603,10.558369704350824,8.099770679157564e-09,0.0,2.3254942416173208e-10,2.8211738210760306e-07
random,37,1673,0.5837691440407896,0.1492204479920548,0.8203235565832697,0.06896227703502111,0.3411890674517299,0.30128320232898276,-2.2418887512477146,2.2418887512477146,10.558368875677797,8.504758976341091e-09,0.0,2.441772339878412e-10,2.9622325121298323e-07
random,37,1674,0.5837691437844038,0.1492204477002155,0.8203235549789142,0.06896227724594933,0.34118906849529174,0.301283204730082,-2.2418887514805084,2.2418887514805084,10.558368511179259,8.929996669784421e-09,1.3877787807814457e-17,2.563858014781317e-10,3.1103441377363243e-07
random,37,1675,0.5837691435151986,0.14922044739378562,0.8203235532943485,0.0689622774674246,0.3411890695910349,0.3012832072506942,-2.24188875172546,2.24188875172546,10.55836836109146,9.376496220853197e-09,0.0,2.69205213676571e-10,3.2658613446231404e-07
random,37,1676,0.5837691432325331,0.14922044707203486,0.8203235515255578,0.06896227769997385,0.3411890707415662,0.3012832098971234,-2.2418887519828647,2.2418887519828647,10.558368303054616,9.845320723583099e-09,0.0,2.8266544660482396e-10,3.4291544118542974e-07
random,37,1677,0.5837691429357345,0.14922044673419682,0.8203235496683291,0.06896227794415052,0.34118907194962395,0.30128321267579805,-2.241888752253212,2.241888752253212,10.558368281335126,1.0337586421552868e-08,0.0,2.9679869673060466e-10,3.600612132447012e-07
random,37,1678,0.583769142624096,0.14922044637946708,0.82032354771824,0.06896227820053596,0.3411890732180842,0.30128321559338167,-2.241888752537102,2.241888752537102,10.558368272550641,1.0854465365410743e-08,0.0,3.116384927892568e-10,3.780642739069363e-07
random,37,1679,0.5837691422968754,0.14922044600700096,0.8203235456706471,0.06896227846974054,0.34118907454996683,0.30128321865683794,-2.2418887528351927,2.2418887528351927,10.558368267899223,1.1397188228458452e-08,0.0,3.2722058396217335e-10,3.969674876022831e-07
random,37,1680,0.583769141953294,0.14922044561591172,0.8203235435206756,0.06896227875240524,0.34118907594844305,0.3012832218734655,-2.2418887531481912,2.2418887531481912,10.558368264246047,1.1967047173262416e-08,0.0,3.4358138556456197e-10,4.168158619823973e-07
random,37,1681,0.5837691415925333,0.14922044520526814,0.8203235412632062,0.06896227904920298,0.3411890774168421,0.3012832252509244,-2.2418887534768395,2.2418887534768395,10.55836826075144,1.2565399030130451e-08,0.0,3.6076064358070425e-10,4.376566550815172e-07
random,37,1682,0.5837691412137348,0.14922044477409258,0.8203235388928642,0.06896227936084043,0.3411890789586603,0.3012832287972565,-2.2418887538219217,2.2418887538219217,10.558368257122565,1.3193668431426144e-08,1.3877787807814457e-17,3.7879854808409164e-10,4.5953948783559307e-07
random,37,1683,0.5837691408159965,0.1492204443213584,0.8203235364040062,0.06896227968805958,0.3411890805775685,0.3012832325209053,-2.241888754184259,2.241888754184259,10.558368253314988,1.3853351244742118e-08,0.0,3.9773828675038203e-10,4.825164622273727e-07
random,37,1684,0.5837691403983711,0.1492204438459877,0.8203235337907064,0.06896228003163948,0.3411890822774211,0.3012832364307373,-2.2418887545647137,2.2418887545647137,10.5583682493754,1.4546018126099404e-08,0.0,4.1762537872358507e-10,5.066422853387413e-07
random,37,1685,0.5837691399598647,0.14922044334684872,0.8203235310467429,0.06896228039239811,0.34118908406226506,0.30128324053606087,-2.241888754964193,2.241888754964193,10.558368245156053,1.5273318286646408e-08,0.0,4.38506453370735e-10,5.319743996056784e-07
random,37,1686,0.5837691394994328,0.14922044282275304,0.8203235281655825,0.06896228077119446,0.3411890859363501,0.3012832448466513,-2.2418887553836457,2.2418887553836457,10.558368240789857,1.6036983384764714e-08,0.0,4.6043191481714985e-10,5.585731195859623e-07
random,37,1687,0.5837691390159795,0.14922044227245282,0.8203235251403656,0.06896228116893031,0.3411890879041379,0.3012832493727715,-2.2418887558240734,2.2418887558240734,10.558368236163306,1.6838831658726987e-08,0.0,4.834532774111722e-10,5.865017755652604e-07
random,37,1688,0.5837691385083534,0.1492204416946379,0.8203235219638895,0.06896228158655264,0.34118908997031344,0.30128325412519846,-2.2418887562865235,2.2418887562865235,10.558368231343458,1.7680772238804417e-08,0.0,5.076260523040332e-10,6.158268643435235e-07
random,37,1689,0.5837691379753464,0.1492204410879326,0.8203235186285914,0.06896228202505578,0.34118909213979626,0.3012832591152473,-2.2418887567720978,2.2418887567720978,10.558368226244502,1.856480975111828e-08,0.0,5.330070829145939e-10,6.466182075606997e-07
random,37,1690,0.5837691374156888,0.14922044045089233,0.8203235151265303,0.06896228248548365,0.3411890944177512,0.3012832643547992,-2.241888757281952,2.241888757281952,10.558368220914256,1.9493049037136555e-08,0.0,5.596575425315109e-10,6.789491179387347e-07
random,37,1691,0.5837691368280485,0.1492204397820005,0.8203235114493685,0.06896228296893253,0.3411890968096019,0.30128326985632925,-2.2418887578173017,2.2418887578173017,10.558368215309555,2.04677001606191e-08,0.0,5.876402697779781e-10,7.128965738356714e-07
random,37,1692,0.5837691362110263,0.14922043907966454,0.8203235075883513,0.06896228347655337,0.34118909932104274,0.30128327563293666,-2.2418887583794205,2.2418887583794205,10.558368209440776,2.1491083689430748e-08,0.0,6.170222111023804e-10,7.48541402527455e-07
random,37,1693,0.5837691355631531,0.14922043834221224,0.8203235035342856,0.06896228400955476,0.34118910195805324,0.3012832816983753,-2.241888758969647,2.241888758969647,10.558368203249382,2.2565636252658852e-08,0.0,6.478731995329667e-10,7.859684726538278e-07
random,37,1694,0.5837691348828864,0.14922043756788786,0.8203234992775196,0.06896228456920564,0.3411891047269114,0.30128328806708665,-2.241888759589388,2.241888759589388,10.558368196765285,2.369391627797751e-08,0.0,6.802667318339672e-10,8.252668962865192e-07
random,37,1695,0.5837691341686064,0.14922043675484786,0.8203234948079187,0.06896228515683846,0.34118910763420945,0.301283294754235,-2.241888760240118,2.241888760240118,10.55836818998653,2.487861012922321e-08,0.0,7.142799685055934e-10,8.665302411008452e-07
random,37,1696,0.5837691334186126,0.14922043590115652,0.8203234901148412,0.06896228577385223,0.34118911068686897,0.3012833017757415,-2.2418887609233877,2.2418887609233877,10.558368182788112,2.6122538458001666e-08,0.0,7.499938448063403e-10,9.098567531558875e-07
random,37,1697,0.5837691326311192,0.14922043500478138,0.8203234851871141,0.06896228642171594,0.3411891138921578,0.30128330914832463,-2.2418887616408245,2.2418887616408245,10.558368175306653,2.7428662985174805e-08,0.0,7.874934038198944e-10,9.55349590813682e-07
random,37,1698,0.583769131804251,0.1492204340635882,0.8203234800130046,0.068962287101972,0.3411891172577069,0.3012833168895385,-2.2418887623941357,2.2418887623941357,10.558368167433212,2.880009349111521e-08,0.0,8.268681295220404e-10,1.003117070354366e-06
random,37,1699,0.5837691309360399,0.14922043307533628,0.8203234745801947,0.06896228781623995,0.34118912079152897,0.3012833250178142,-2.2418887631851177,2.2418887631851177,10.558368159130419,3.024009525962912e-08,0.0,8.682111696245443e-10,1.0532729238720844e-06
random,37,1700,0.5837691300244185,0.14922043203767277,0.8203234688757498,0.06896228856622029,0.34118912450203714,0.301283333552506,-2.241888764015652,2.241888764015652,10.558368150486611,3.175209681662304e-08,0.0,9.116213339765977e-10,1.1059365700656886e-06
random,37,1701,0.583769129067216,0.14922043094812706,0.820323462886088,0.06896228935369854,0.34118912839806526,0.3012833425139332,-2.241888764887719,2.241888764887719,10.55836814127554,3.3339698118174314e-08,0.0,9.572025394533057e-10,1.161233398568973e-06
random,37,1702,0.5837691280621538,0.14922042980410533,0.8203234565969502,0.06896229018054947,0.3411891324888887,0.3012833519234353,-2.2418887658033935,2.2418887658033935,10.558368131816078,3.500667912220299e-08,0.0,1.0050622556434519e-09,1.2192950684974218e-06
random,37,1703,0.5837691270068386,0.14922042860288376,0.8203234499933622,0.0689622910487416,0.3411891367842466,0.30128336180341225,-2.2418887667648595,2.2418887667648595,10.558368121579887,3.675700878079488e-08,0.0,1.05531516858548e-09,1.280259821922293e-06
random,37,1704,0.583769125898758,0.14922042734160257,0.8203234430596029,0.06896229196034184,0.341189141294365,0.3012833721773949,-2.2418887677744017,2.2418887677744017,10.55836811130429,3.8594854481161396e-08,0.0,1.1080806272545374e-09,1.3442728130184077e-06
random,37,1705,0.5837691247352735,0.1492204260172589,0.8203234357791643,0.06896229291752047,0.34118914602998135,0.3012833830700713,-2.2418887688344356,2.2418887688344356,10.558368099707298,4.052459197673506e-08,0.0,1.163484419919314e-09,1.411486453669328e-06
random,37,1706,0.5837691235136153,0.14922042462669977,0.8203234281347132,0.0689622939225562,0.3411891510023694,0.3012833945074006,-2.241888769947463,2.241888769947463,10.558368089024745,4.2550815809447176e-08,0.0,1.2216582190305303e-09,1.4820607763527945e-06
random,37,1707,0.5837691222308745,0.14922042316661466,0.8203234201080505,0.06896229497784176,0.3411891562233672,0.30128340651656543,-2.2418887711161837,2.2418887711161837,10.558368074843262,4.4678350253927895e-08,0.0,1.2827408024662645e-09,1.5561638151704342e-06
random,37,1708,0.583769120883997,0.14922042163352722,0.8203234116800652,0.06896229608588929,0.3411891617054034,0.30128341912627016,-2.241888772343276,2.241888772343276,10.558368066251285,4.691226077029379e-08,0.0,1.3468774984204401e-09,1.633972005928956e-06
random,37,1709,0.5837691194697762,0.14922042002378821,0.820323402830696,0.06896229724933703,0.34118916746153083,0.3012834323662736,-2.2418887736319144,2.2418887736319144,10.558368042892154,4.925786608010091e-08,0.0,1.4142208515366406e-09,1.7156706062254038e-06
random,37,1710,0.5837691179848448,0.14922041833356361,0.820323393538866,0.06896229847095381,0.341189173505448,0.3012834462687807,-2.24188877498452,2.24188877498452,10.558368053361022,5.172075087389458e-08,0.0,1.4849314000642266e-09,1.801454136536674e-06
random,37,1711,0.5837691164256673,0.149220416558834,0.8203233837824785,0.06896229975365036,0.34118917985155567,0.30128346086501784,-2.2418887764061073,2.2418887764061073,10.558367972708977,5.430677903799186e-08,0.0,1.5591774538137315e-09,1.8915268433635079e-06
random,37,1712,0.5837691147885316,0.14922041469536088,0.8203233735382329,0.06896230110047284,0.3411891865149248,0.3012834761952739,-2.241888777894771,2.241888777894771,10.558368145126925,5.702210764599555e-08,0.0,1.6371357602906755e-09,1.9861031855316834e-06
random,37,1713,0.5837691130695397,0.1492204127387502,0.8203233627819737,0.06896230251465096,0.3411891935115342,0.30128349227857876,-2.2418887794707603,2.2418887794707603,10.558367554678318,5.98732016311719e-08,0.0,1.7189918377624736e-09,2.085408344808268e-06
random,37,1714,0.5837691112645992,0.14922041068420094,0.8203233514873075,0.06896230399947209,0.34118920085764803,0.30128350921213665,-2.241888781081513,2.241888781081513,10.558369407845234,6.286684917487269e-08,0.0,1.8049405303699473e-09,2.1896787620486813e-06
random,37,1715,0.5837691093694122,0.1492204085273365,0.8203233396301745,0.06896230555875593,0.34118920857216417,0.30128352682428466,-2.2418887829335206,2.2418887829335206,10.558362891706292,6.601017836459091e-08,0.0,1.8951870073280475e-09,2.2991627001511155e-06
random,37,1716,0.5837691073794676,0.14922040626104893,0.8203233271714993,0.06896230719512166,0.3411892166680409,0.3012835459697551,-2.2418887842541597,2.2418887842541597,10.558386899709832,6.931068075483731e-08,0.0,1.9899445424798046e-09,2.4141208351586715e-06
random,37,1717,0.5837691052900404,0.14922040388801983,0.8203233141260239,0.06896230891693754,0.3411892251866801,0.30128356336884543,-2.241888788225488,2.241888788225488,10.55829203673833,7.27763464273839e-08,0.0,2.0894271868243663e-09,2.534826876916605e-06
random,37,1718,0.5837691030964316,0.14922040136778925,0.8203233002713242,0.06896231070902452,0.3411892340529837,0.3012835934277733,-2.241888781123048,2.241888781123048,10.558684776550999,7.641787843187205e-08,0.0,2.193608850120654e-09,2.6615682207624355e-06
random,37,1719,0.5837691007992939,0.1492203988623963,0.8203232864981926,0.06896231266870687,0.341189243748461,0.30128356759671154,-2.241888828505966,2.241888828505966,10.556840639816077,8.030647611035533e-08,0.0,2.2971377022784623e-09,2.7946466318005573e-06
random,37,1720,0.5837690984059796,0.14922039587460406,0.8203232700731223,0.06896231452858757,0.34118925295017233,0.3012836894332265,-2.2418887357713233,2.2418887357713233,10.563959993388313,8.451986617931253e-08,0.0,2.3933143245002952e-09,2.9343789633905854e-06
random,37,1721,0.5837690983693415,0.14922039609796814,0.8203232713010425,0.06896231474226487,0.3411892540073352,0.30128357151526514,-2.2418888519562845,2.2418888519562845,10.467183632745378,7.743965332937912e-09,0.0,3.663802594644494e-11,9.628430973625358e-08
random,37,1722,0.5837690982167828,0.14922039591574654,0.8203232702992986,0.06896231478777537,0.3411892542324972,0.30128359508848945,-2.241888827685727,2.241888827685727,10.565877127145418,3.1877614933766005e-09,0.0,1.5255874341590925e-10,1.0109852522306627e-07
random,37,1723,0.583769098127608,0.14922039580104304,0.8203232696687284,0.06896231485139272,0.34118925454724236,0.301283601962271,-2.241888821984669,2.241888821984669,10.563585419238862,3.0788176555281068e-09,0.0,8.917477867242951e-11,1.0615345148421959e-07
random,37,1724,0.5837690980344353,0.14922039568278006,0.8203232690185902,0.06896231491939578,0.34118925488368573,0.30128360832974055,-2.241888816809131,2.241888816809131,10.562868781163504,3.224446159116763e-09,0.0,9.31726917841047e-11,1.1146112405843056e-07
random,37,1725,0.583769097937001,0.14922039556081934,0.8203232683481241,0.06896231499202587,0.34118925524302124,0.30128361414284804,-2.241888812207401,2.241888812207401,10.562174103071618,3.378414782573086e-09,0.0,9.743428286412836e-11,1.170341802613521e-07
random,37,1726,0.5837690978350223,0.14922039543496587,0.8203232676562581,0.06896231506950867,0.3411892556263654,0.30128361937105225,-2.241888808211177,2.241888808211177,10.56151579823783,3.541278036548827e-09,0.0,1.0197875877082652e-10,1.2288588927441972e-07
random,37,1727,0.5837690977282007,0.14922039530495768,0.8203232669415518,0.06896231515204962,0.34118925603473454,0.3012836240057494,-2.241888804831314,2.241888804831314,10.560908221986198,3.713530254096071e-09,0.0,1.0682155160424145e-10,1.290301837381407e-07
random,37,1728,0.5837690976162275,0.14922039517046037,0.8203232662021672,0.0689623152398314,0.3411892564690326,0.3012836280627623,-2.241888802055426,2.241888802055426,10.560364042488997,3.8955919411103995e-09,0.0,1.119732084831071e-10,1.3548169292504774e-07
random,37,1729,0.5837690974987878,0.14922039503106863,0.8203232654358759,0.0689623153330159,0.3411892569300605,0.30128363158195914,-2.2418887998482386,2.2418887998482386,10.559892539856733,4.0878159716211074e-09,0.0,1.1743972461175645e-10,1.4225577757130012e-07
random,37,1730,0.5837690973755623,0.14922039488631475,0.8203232646401069,0.06896231543174981,0.34118925741854395,0.30128363462368646,-2.241888798154989,2.241888798154989,10.559498289942681,4.290513205230882e-09,0.0,1.23225540882288e-10,1.4936856644986513e-07
random,37,1731,0.583769097246228,0.14922039473568333,0.8203232638120266,0.06896231553617363,0.34118925793517807,0.30128363726257196,-2.241888796907356,2.241888796907356,10.559180652241396,4.503989605712327e-09,0.0,1.2933421000838052e-10,1.5683699477235839e-07
random,37,1732,0.583769097110457,0.14922039457862846,0.8203232629486341,0.06896231564643225,0.3411892584806797,0.30128363958000576,-2.241888796030655,2.241888796030655,10.558934233219487,4.728582154767594e-09,0.0,1.3577106106055226e-10,1.646788445109763e-07
random,37,1733,0.5837690969679133,0.14922039441459017,0.8203232620468511,0.06896231576268522,0.34118925905583825,0.301283641656872,-2.241888795450804,2.241888795450804,10.558750150325896,4.964683648986064e-09,0.0,1.4254364355537064e-10,1.7291278673652514e-07
random,37,1734,0.5837690968182506,0.14922039424300698,0.8203232611035907,0.0689623158851146,0.34118925966155444,0.3012836435678014,-2.241888795099835,2.241888795099835,10.558617672700889,5.2127527927630455e-09,0.0,1.4966272665617453e-10,1.815584260733514e-07
random,37,1735,0.5837690966611082,0.14922039406332313,0.8203232601157978,0.06896231601393041,0.34118926029886726,0.3012836453775647,-2.241888794919359,2.241888794919359,10.55852577904418,5.473312834214843e-09,0.0,1.5714241019537667e-10,1.90636347377019e-07
random,37,1736,0.5837690964961103,0.14922039387499114,0.8203232590804628,0.06896231614937307,0.3411892609689663,0.30128364713957767,-2.2418887948620077,2.2418887948620077,10.558464322994535,5.74694439491894e-09,1.3877787807814457e-17,1.6499790422841443e-10,2.0016816474586996e-07
random,37,1737,0.5837690963228631,0.14922039367747003,0.8203232579946114,0.06896231629171379,0.3411892616731933,0.3012836488960727,-2.2418887948912847,2.2418887948912847,10.55842470428082,6.03427764051914e-09,0.0,1.7324719436828673e-10,2.1017657298316348e-07
random,37,1738,0.583769096140954,0.14922039347022126,0.8203232568552833,0.06896231644125364,0.3411892624130378,0.30128365067933716,-2.241888794980394,2.241888794980394,10.55840010342903,6.335986144890364e-09,0.0,1.819091544064122e-10,2.2068540163232166e-07
random,37,1739,0.5837690959499494,0.14922039325270306,0.8203232556595002,0.06896231659832194,0.34118926319012916,0.3012836525134739,-2.241888795110565,2.241888795110565,10.558385411505622,6.652783467034402e-09,0.0,1.9100454551335133e-10,2.3171967171393774e-07
random,37,1740,0.5837690957493946,0.14922039302436496,0.8203232544042357,0.06896231676327458,0.341189264006228,0.30128365441627347,-2.241888795269274,2.241888795269274,10.558376990861314,6.9854218932017994e-09,0.0,2.005547949934794e-10,2.4330565529963466e-07
random,37,1741,0.5837690955388121,0.14922039278464222,0.8203232530863854,0.06896231693649263,0.3411892648632198,0.3012836564009443,-2.241888795448604,2.241888795448604,10.558372372404966,7.334692637098811e-09,0.0,2.1058255139649873e-10,2.554709380646164e-07
random,37,1742,0.5837690953177004,0.14922039253295105,0.8203232517027399,0.06896231711838134,0.3411892657631095,0.3012836584775652,-2.241888795643864,2.241888795643864,10.558369957003636,7.701427037442335e-09,0.0,2.211116845174388e-10,2.6824448496784725e-07
random,37,1743,0.5837690950855332,0.14922039226868464,0.8203232502499634,0.06896231730936951,0.34118926670801847,0.3012836606542232,-2.2418887958525144,2.2418887958525144,10.558368757542826,8.086498165607602e-09,0.0,2.3216717437435364e-10,2.8165670921623965e-07
random,37,1744,0.5837690948417577,0.1492203919912095,0.8203232487245734,0.06896231750990953,0.34118926770018493,0.30128366293784875,-2.241888796073381,2.241888796073381,10.558368194576833,8.49082284116239e-09,0.0,2.437755552975318e-10,2.9573954467705166e-07
random,37,1745,0.5837690945857933,0.14922039169986276,0.8203232471229256,0.06896231772047762,0.3411892687419651,0.30128366533479545,-2.2418887963061134,2.2418887963061134,10.558367945961542,8.915363733933706e-09,0.0,2.55964360817984e-10,3.1052652191090426e-07
random,37,1746,0.5837690943170307,0.14922039139394966,0.8203232454412008,0.06896231794157454,0.3411892698358363,0.30128366785122085,-2.2418887965508354,2.2418887965508354,10.558367842844927,9.361131634793257e-09,0.0,2.6876256775665297e-10,3.2605284800644946e-07
random,37,1747,0.5837690940348301,0.14922039107274135,0.8203232436753922,0.06896231817372639,0.34118927098440155,0.3012836704933218,-2.2418887968079333,2.2418887968079333,10.558367802290228,9.829187911053014e-09,0.0,2.822005962244134e-10,3.4235549040677196e-07
random,37,1748,0.5837690937385195,0.14922039073547286,0.8203232418212946,0.0689623184174858,0.3411892721903949,0.3012836732674754,-2.241888797077937,2.241888797077937,10.558367786499565,1.032064696762717e-08,0.0,2.9631064268897944e-10,3.5947326492711055e-07
random,37,1749,0.5837690934273934,0.1492203903813411,0.8203232398744928,0.06896231867343308,0.34118927345668737,0.30128367618032004,-2.241888797361457,2.241888797361457,10.558367779549231,1.0836678947613586e-08,0.0,3.111261248633923e-10,3.774469281734661e-07
random,37,1750,0.5837690931007109,0.14922039000950288,0.8203232378303518,0.06896231894217761,0.3411892747862939,0.3012836792388024,-2.241888797659159,2.241888797659159,10.558367775362028,1.1378512473476165e-08,0.0,3.2668245886213754e-10,3.9631927458213944e-07
random,37,1751,0.5837690927576944,0.1492203896190729,0.8203232356840046,0.06896231922435923,0.34118927618238015,0.30128368245020776,-2.2418887979717472,2.2418887979717472,10.558367771836766,1.1947437647412323e-08,0.0,3.430165040896327e-10,4.1613523831124644e-07
random,37,1752,0.5837690923975271,0.1492203892091216,0.8203232334303406,0.06896231952064977,0.34118927764826984,0.3012836858221836,-2.241888798299966,2.241888798299966,10.558367768369465,1.2544809028361362e-08,0.0,3.6016734039634457e-10,4.369420002268088e-07
random,37,1753,0.5837690920193515,0.14922038877867286,0.8203232310639945,0.06896231983175466,0.3411892791874532,0.3012836893627584,-2.241888798644597,2.241888798644597,10.55836776473684,1.317204892889349e-08,0.0,3.7817560194497446e-10,4.5878910023814925e-07
random,37,1754,0.5837690916222671,0.14922038832670187,0.820323228579332,0.06896232015841461,0.3411892808035948,0.30128369308036224,-2.2418887990064595,2.2418887990064595,10.558367760966545,1.3830650772898229e-08,0.0,3.970843653888778e-10,4.817285552500567e-07
random,37,1755,0.5837690912053284,0.14922038785213254,0.8203232259704376,0.06896232050140733,0.3411892825005423,0.3012836969838467,-2.241888799386416,2.241888799386416,10.558367756987975,1.4522182635911793e-08,0.0,4.169387057828544e-10,5.058149830125596e-07
random,37,1756,0.583769090767543,0.14922038735383497,0.8203232232310996,0.06896232086154946,0.34118928428233614,0.3012837010825057,-2.2418887997853725,2.2418887997853725,10.558367752809037,1.5248291032951155e-08,0.0,4.37785363516241e-10,5.311057321631876e-07
random,37,1757,0.5837690903078683,0.14922038683062278,0.8203232203547962,0.06896232123969845,0.34118928615321836,0.30128370538609806,-2.241888800204277,2.241888800204277,10.558367748437712,1.6010704770957327e-08,0.0,4.596747427143555e-10,5.57661018771347e-07
random,37,1758,0.5837690898252099,0.14922038628125023,0.820323217334679,0.06896232163675461,0.34118928811764343,0.3012837099048706,-2.241888800644128,2.241888800644128,10.558367743830583,1.6811239111242218e-08,1.3877787807814457e-17,4.826583577255406e-10,5.855440697099143e-07
random,37,1759,0.5837690893184186,0.14922038570440938,0.8203232141635577,0.06896232205366325,0.341189290180288,0.30128371464958204,-2.241888801105973,2.241888801105973,10.558367738990128,1.7651800073443147e-08,0.0,5.067912756118176e-10,6.148212731954101e-07
random,37,1760,0.583769088786288,0.1492203850987268,0.820323210833882,0.06896232249141698,0.3411892923460632,0.3012837196315299,-2.241888801590912,2.241888801590912,10.558367733943985,1.8534388981959446e-08,1.3877787807814457e-17,5.321306728589548e-10,6.455623368551806e-07
random,37,1761,0.5837690882275508,0.14922038446276045,0.8203232073377247,0.06896232295105803,0.3411892946201253,0.30128372486257565,-2.241888802100099,2.241888802100099,10.55836772859883,1.946110722295928e-08,1.3877787807814457e-17,5.587371676440966e-10,6.778404536979397e-07
random,37,1762,0.5837690876408768,0.1492203837949962,0.8203232036667616,0.06896232343368071,0.3411892970078884,0.3012837303551743,-2.2418888026347474,2.2418888026347474,10.558367723015893,2.043416126462023e-08,0.0,5.866740426796468e-10,7.117324763828367e-07
random,37,1763,0.5837690870248691,0.14922038309384414,0.8203231998122527,0.06896232394043406,0.3411892995150374,0.3012837361224038,-2.2418888031961304,2.2418888031961304,10.558367717153832,2.1455867866845985e-08,0.0,6.16007689302478e-10,7.473191002019786e-07
random,37,1764,0.5837690863780612,0.14922038235763502,0.8203231957650213,0.06896232447252457,0.3411893021475413,0.30128374217799553,-2.241888803785585,2.241888803785585,10.558367710979988,2.252865963887853e-08,0.0,6.468078295185364e-10,7.846850552120775e-07
random,37,1765,0.583769085698913,0.14922038158461592,0.820323191515431,0.06896232503121906,0.34118930491166777,0.30128374853636786,-2.2418888044045144,2.2418888044045144,10.55836770452011,2.3655090838236865e-08,0.0,6.791482931589599e-10,8.239193079726815e-07
random,37,1766,0.5837690849858076,0.14922038077294653,0.8203231870533647,0.06896232561784765,0.3411893078139974,0.30128375521265977,-2.2418888050543933,2.2418888050543933,10.558367697708062,2.4837843425582427e-08,0.0,7.1310535254554e-10,8.651152733713156e-07
random,37,1767,0.583769084237047,0.14922037992069426,0.8203231823681985,0.06896232623380696,0.34118931086144005,0.3012837622227674,-2.2418888057367683,2.2418888057367683,10.558367690582102,2.60797334258199e-08,0.0,7.487606090705867e-10,9.083710370398815e-07
random,37,1768,0.5837690834508484,0.14922037902583013,0.8203231774487779,0.06896232688056353,0.3411893140612513,0.3012837695833816,-2.241888806453266,2.241888806453266,10.558367683071777,2.738371772549533e-08,0.0,7.861985507062741e-10,9.537895888918757e-07
random,37,1769,0.58376908262534,0.14922037808622357,0.8203231722833907,0.06896232755965707,0.3411893174210489,0.301283777312028,-2.2418888072055916,2.2418888072055916,10.558367675219266,2.875290098368512e-08,0.0,8.255084393837819e-10,1.0014790683364696e-06
random,37,1770,0.5837690817585566,0.1492203770996376,0.8203231668597392,0.06896232827270439,0.3411893209488319,0.30128378542710793,-2.2418888079955384,2.2418888079955384,10.558367666941296,3.0190543134762676e-08,0.0,8.667834228148763e-10,1.051553021753293e-06
random,37,1771,0.583769080848434,0.14922037606372324,0.8203231611649101,0.06896232902140308,0.3411893246529991,0.301283793947944,-2.241888808824986,2.241888808824986,10.558367658308118,3.1700067091743393e-08,0.0,9.101225328933538e-10,1.1041306728409578e-06
random,37,1772,0.5837690798928056,0.14922037497601426,0.8203231551853455,0.06896232980753558,0.3411893285423692,0.301283802894823,-2.2418888096959115,2.2418888096959115,10.55836764914267,3.3285066927131696e-08,0.0,9.556284652489921e-10,1.1593372064830059e-06
random,37,1773,0.5837690788893959,0.149220373833921,0.8203231489068092,0.0689623306329735,0.34118933262620177,0.3012838122890491,-2.241888810610387,2.241888810610387,10.55836763965979,3.494931638963079e-08,0.0,1.0034096886712973e-09,1.2173040668071562e-06
random,37,1774,0.5837690778358161,0.14922037263472437,0.8203231423143532,0.06896233149968195,0.3411893369142192,0.3012838221529869,-2.241888811570595,2.241888811570595,10.558367629498294,3.669677792925332e-08,0.0,1.0535797789756884e-09,1.2781692701475142e-06
random,37,1775,0.5837690767295575,0.14922037137556932,0.8203231353922821,0.06896233240972435,0.34118934141663027,0.30128383251012725,-2.2418888125788157,2.2418888125788157,10.558367619164791,3.853161211175835e-08,0.0,1.106258640248825e-09,1.34207773365489e-06
random,37,1776,0.5837690755679863,0.14922037005345812,0.8203231281241162,0.06896233336526723,0.34118934614415375,0.3012838433851212,-2.241888813637461,2.241888813637461,10.558367607707286,4.045818751120493e-08,0.0,1.1615711725809774e-09,1.4091816203376346e-06
random,37,1777,0.5837690743483368,0.14922036866524307,0.8203231204925515,0.06896233436858544,0.34118935110804444,0.30128385480388004,-2.241888814749035,2.241888814749035,10.558367596822022,4.2481091150862697e-08,0.0,1.219649492512076e-09,1.4796407013545163e-06
random,37,1778,0.5837690730677052,0.14922036720761922,0.8203231124794192,0.0689623354220676,0.34118935632012,0.3012838667935545,-2.2418888159162202,2.2418888159162202,10.55836758314848,4.4605139381965844e-08,0.0,1.2806316007640817e-09,1.553622736422242e-06
random,37,1779,0.5837690717230424,0.14922036567711616,0.8203231040656414,0.0689623365282216,0.341189361792788,0.30128387938277423,-2.241888817141719,2.241888817141719,10.558367573489424,4.6835389382199176e-08,0.0,1.3446628255309179e-09,1.6313038732433542e-06
random,37,1780,0.583769070311147,0.14922036407009062,0.8203230952311892,0.06896233768968107,0.34118936753907847,0.3012838926013176,-2.241888818428638,2.241888818428638,10.558367552702423,4.9177151169152456e-08,0.0,1.4118953783892607e-09,1.712869066905522e-06
random,37,1781,0.5837690688286574,0.14922036238271547,0.8203230859550236,0.06896233890921037,0.3411893735726679,0.30128390648116227,-2.2418888197795614,2.2418888197795614,10.55836755684272,5.163600024623287e-08,0.0,1.482489575543866e-09,1.798512520250798e-06
random,37,1782,0.5837690672720437,0.14922036061097688,0.8203230762150789,0.06896234018971456,0.34118937990792897,0.3012839210539693,-2.241888821199033,2.241888821199033,10.558367493318867,5.4217790928002834e-08,0.0,1.5566137268052671e-09,1.8884381462633382e-06
random,37,1783,0.5837690656376,0.149220358750647,0.8203230659881131,0.06896234153423655,0.3411893865599165,0.3012839363585194,-2.2418888226865312,2.2418888226865312,10.558367616564754,5.6928670171699455e-08,0.0,1.6344436915005645e-09,1.9828600535765054e-06
random,37,1784,0.5837690639214347,0.14922035679732804,0.8203230552499498,0.06896234294599442,0.3411893935445517,0.3012839524183962,-2.2418888242578907,2.2418888242578907,10.558367177316313,5.977509232527944e-08,0.0,1.7161653209640804e-09,2.0820030562553307e-06
random,37,1785,0.583769062119462,0.14922035474626488,0.820323043974448,0.06896234442829074,0.3411894008781741,0.30128396931508944,-2.2418888258755065,2.2418888258755065,10.558368534943478,6.27638344480528e-08,0.0,1.8019726821805193e-09,2.1861032090680974e-06
random,37,1786,0.5837690602273914,0.14922035259295158,0.8203230321368369,0.06896234598486306,0.3411894085792751,0.30128398693354447,-2.2418888276916866,2.2418888276916866,10.558363751226794,6.590201269509417e-08,0.0,1.8920706112979246e-09,2.2954083695215024e-06
random,37,1787,0.5837690582407185,0.14922035033081923,0.8203230197010047,0.06896234761861794,0.34118941666223473,0.30128400590987453,-2.241888829142737,2.241888829142737,10.558381318521338,6.91971027839143e-08,0.0,1.986672937270839e-09,2.4101787879975774e-06
random,37,1788,0.5837690561547203,0.1492203479603712,0.8203230066697186,0.0689623493367056,0.3411894251624286,0.30128402386467085,-2.2418888325499893,2.2418888325499893,10.558312075463592,7.265701999758203e-08,0.0,2.085998151990509e-09,2.5306877273974565e-06
random,37,1789,0.5837690539645748,0.1492203454505805,0.8203229928724108,0.06896235112915879,0.341189434030544,0.301284051309734,-2.2418888279125375,2.2418888279125375,10.558598960336452,7.6291310043595e-08,0.0,2.190145509395336e-09,2.6572221137673295e-06
random,37,1790,0.5837690516681922,0.14922034291623082,0.8203229789400928,0.06896235306711862,0.3411894436185498,0.3012840388870824,-2.2418888624541706,2.2418888624541706,10.557275190829028,8.014036447152233e-08,0.0,2.2963826395994147e-09,2.790083219455696e-06
random,37,1791,0.5837690492820409,0.1492203399613769,0.8203229626960974,0.06896235493927093,0.3411894528809745,0.30128414935048425,-2.241888780540152,2.241888780540152,10.562625712601966,8.43205018281688e-08,0.0,2.386151276567716e-09,2.929587380428481e-06
random,37,1792,0.5837690492453539,0.1492203401843847,0.8203229639220591,0.06896235515259405,0.3411894539363851,0.30128403161318085,-2.241888896547338,2.241888896547338,10.467182665799157,7.73135766788972e-09,0.0,3.668698678183091e-11,9.612708592030954e-08
random,37,1793,0.5837690490930708,0.14922034000251116,0.8203229629222286,0.06896235519805143,0.34118945416128427,0.3012840551314372,-2.2418888723320096,2.2418888723320096,10.565859215933092,3.1822971732918195e-09,0.0,1.5228307503889482e-10,1.0093344021632503e-07
random,37,1794,0.5837690490040524,0.1492203398880442,0.8203229622929586,0.06896235526158384,0.3411894544756092,0.30128406197684865,-2.241888866656644,2.241888866656644,10.563569696046915,3.073593214509214e-09,0.0,8.901845927056229e-11,1.0598011222714129e-07
random,37,1795,0.5837690489110403,0.14922033977001897,0.8203229616441274,0.06896235532949185,0.34118945481158236,0.3012840683185374,-2.2418888615042656,2.2418888615042656,10.562855387443138,3.2190244101588947e-09,0.0,9.301204251244144e-11,1.1127911783849836e-07
random,37,1796,0.5837690488137713,0.14922033964829667,0.820322960974972,0.06896235540201592,0.3411894551703933,0.3012840741088673,-2.241888856922765,2.241888856922765,10.562163087067658,3.3727785354942596e-09,0.0,9.726897065576168e-11,1.1684307373042328e-07
random,37,1797,0.5837690487119638,0.1492203395226822,0.8203229602844199,0.06896235547938112,0.3411894555531556,0.30128407931759593,-2.2418888529435472,2.2418888529435472,10.561507117058053,3.535407305199657e-09,0.0,1.0180756238042932e-10,1.2268522741694444e-07
random,37,1798,0.5837690486053198,0.14922033939291376,0.8203229595710316,0.06896235556179234,0.34118945596088296,0.30128408393624956,-2.2418888495773373,2.2418888495773373,10.560901728075342,3.707402942141498e-09,0.0,1.0664402694260389e-10,1.2881948878779168e-07
random,37,1799,0.5837690484935321,0.14922033925865782,0.8203229588329739,0.06896235564943215,0.3411894563944786,0.3012840879805745,-2.2418888468118157,2.2418888468118157,10.560359485384687,3.889184923503758e-09,1.3877787807814457e-17,1.1178769021569224e-10,1.3526046322718127e-07
random,37,1800,0.583769048376286,0.14922033911951027,0.820322958068025,0.0689623557424625,0.34118945685474383,0.30128409149015345,-2.2418888446119754,2.2418888446119754,10.559889587481615,4.0811061308372306e-09,1.3877787807814457e-17,1.1724610171626182e-10,1.4202348638854033e-07
random,37,1801,0.5837690482532634,0.14922033897500517,0.8203229572736236,0.06896235584103029,0.34118945734240547,0.30128409452487365,-2.241888842923488,2.241888842923488,10.55949656665914,4.283478247804061e-09,0.0,1.230225921133865e-10,1.4912466070796736e-07
random,37,1802,0.5837690481241415,0.14922033882462907,0.8203229564469469,0.06896235594527642,0.3411894578581604,0.301284097158799,-2.2418888416785636,2.2418888416785636,10.559179784791846,4.49660828231868e-09,0.0,1.2912182434376973e-10,1.5658089374336572e-07
random,37,1803,0.5837690479885939,0.14922033866783813,0.8203229555850053,0.06896235605534616,0.34118945840272763,0.3012840994727329,-2.241888840803074,2.241888840803074,10.55893389180624,4.720834146346438e-09,0.0,1.3554768418799767e-10,1.6440993843053402e-07
random,37,1804,0.5837690478462847,0.14922033850407432,0.8203229546847313,0.0689623561713993,0.3411894589768975,0.30128410154702373,-2.2418888402234445,2.2418888402234445,10.5587500752199,4.9565490568581564e-09,1.3877787807814457e-17,1.423091644525698e-10,1.7263043535206074e-07
random,37,1805,0.583769047696868,0.1492203383327778,0.8203229537430469,0.06896235629361806,0.34118945958157165,0.30128410345586437,-2.2418888398721197,2.2418888398721197,10.558617682496973,5.204211619979509e-09,0.0,1.494167012339176e-10,1.812619571196638e-07
random,37,1806,0.5837690475399838,0.1492203381533943,0.8203229527569051,0.06896235642221234,0.34118946021778845,0.3012841052637037,-2.2418888396910113,2.2418888396910113,10.55852576386468,5.464344500624413e-09,0.0,1.5688417231984886e-10,1.9032505497564698e-07
random,37,1807,0.5837690473752573,0.1492203379653776,0.8203229517233033,0.06896235655742232,0.34118946088673635,0.3012841070237462,-2.24188883963295,2.24188883963295,10.558464228924619,5.737527554061243e-09,0.0,1.6472656572119604e-10,1.9984130772442932e-07
random,37,1808,0.5837690472022949,0.14922033776818772,0.8203229506392729,0.06896235669951883,0.3411894615897551,0.30128410877810224,-2.2418888396615477,2.2418888396615477,10.558424515433657,6.024389883623289e-09,0.0,1.729623111401679e-10,2.098333731106508e-07
random,37,1809,0.5837690470206849,0.14922033756128697,0.820322949501858,0.06896235684880242,0.3411894623283318,0.3012841105590013,-2.2418888397500583,2.2418888397500583,10.558399825962676,6.325603950812673e-09,1.3877787807814457e-17,1.8161006032357818e-10,2.2032504176618336e-07
random,37,1810,0.5837690468299944,0.14922033734413453,0.8203229483080855,0.0689623570056018,0.3411894631040926,0.30128411239052866,-2.2418888398797203,2.2418888398797203,10.558385061818852,6.641882150570936e-09,0.0,1.9069046341968487e-10,2.3134129385449254e-07
random,37,1811,0.5837690466297693,0.1492203371161807,0.8203229470549336,0.06896235717027224,0.34118946391879534,0.3012841142904806,-2.2418888400379986,2.2418888400379986,10.55837658780277,6.9739754980623134e-09,0.0,2.0022516977746818e-10,2.429083585472172e-07
random,37,1812,0.5837690464195331,0.1492203368768617,0.8203229457393028,0.0689623573431941,0.3411894647743217,0.3012841162720781,-2.241888840216956,2.241888840216956,10.558371932790765,7.32267392695343e-09,1.3877787807814457e-17,2.1023616181281568e-10,2.5505377647457804e-07
random,37,1813,0.583769046198785,0.14922033662559464,0.8203229443579888,0.06896235752477187,0.341189465672673,0.30128411834541374,-2.241888840411879,2.241888840411879,10.558369494136226,7.688807383574488e-09,0.0,2.2074808647687405e-10,2.6780646529830695e-07
random,37,1814,0.5837690459669996,0.14922033636177356,0.8203229429076605,0.06896235771543362,0.34118946661596705,0.30128412051858494,-2.241888840620213,2.241888840620213,10.558368280874738,8.073247531907025e-09,0.0,2.3178536867618504e-10,2.8119678856322233e-07
random,37,1815,0.5837690457236249,0.1492203360847661,0.8203229413848413,0.0689623579156309,0.3411894676064379,0.3012841227985268,-2.241888840840767,2.241888840840767,10.558367710259576,8.476909680272377e-09,0.0,2.4337476478564213e-10,2.9525662799138346e-07
random,37,1816,0.5837690454680814,0.14922033579391042,0.8203229397858932,0.06896235812583915,0.3411894686464377,0.3012841251915934,-2.2418888410731848,2.2418888410731848,10.558367457711952,8.90075491017767e-09,0.0,2.555434752693486e-10,3.100194593909526e-07
random,37,1817,0.5837690451997608,0.149220335488513,0.8203229381070033,0.06896235834655824,0.34118946973843967,0.3012841277039383,-2.241888841317582,2.241888841317582,10.558367352703286,9.345792389885874e-09,0.0,2.683205879705497e-10,3.255204323605003e-07
random,37,1818,0.5837690449180243,0.14922033516784614,0.8203229363441713,0.06896235857831338,0.3411894708850422,0.3012841303417518,-2.241888841574341,2.241888841574341,10.558367311337042,9.813081700281734e-09,0.0,2.817365230001201e-10,3.4179645397852534e-07
random,37,1819,0.5837690446222009,0.14922033483114616,0.820322934493199,0.06896235882165626,0.3411894720889747,0.3012841331114024,-2.241888841843991,2.241888841843991,10.558367295210962,1.0303735446989211e-08,0.0,2.9582336580347146e-10,3.588862766774516e-07
random,37,1820,0.5837690443115863,0.14922033447761135,0.8203229325496789,0.06896235907716616,0.3411894733531033,0.30128413601951853,-2.24188884212714,2.24188884212714,10.558367288155527,1.0818921842416496e-08,0.0,3.106146451159475e-10,3.768305905113242e-07
random,37,1821,0.5837690439854409,0.1492203341063999,0.8203229305089834,0.06896235934545145,0.34118947468043775,0.30128413907303553,-2.2418888424244514,2.2418888424244514,10.55836728389612,1.1359867525372096e-08,1.3877787807814457e-17,3.261453329628239e-10,3.956721200368904e-07
random,37,1822,0.5837690436429884,0.14922033371662807,0.8203229283662542,0.06896235962715086,0.34118947607413824,0.3012841422792273,-2.241888842736631,2.241888842736631,10.55836728039343,1.1927860447716234e-08,0.0,3.424525107931231e-10,4.1545572603873497e-07
random,37,1823,0.5837690432834134,0.14922033330736778,0.8203229261163892,0.06896235992293509,0.341189477537523,0.30128414564572886,-2.2418888430644204,2.2418888430644204,10.558367276932984,1.2524252977006369e-08,0.0,3.5957503641270705e-10,4.362285123406717e-07
random,37,1824,0.5837690429058596,0.14922033287764463,0.8203229237540319,0.06896236023350835,0.3411894790740761,0.3012841491805557,-2.2418888434085993,2.2418888434085993,10.558367273326578,1.3150465070585311e-08,0.0,3.775537660288819e-10,4.580399379577053e-07
random,37,1825,0.5837690425094282,0.14922033242643554,0.8203229212735579,0.0689623605596101,0.34118948068745597,0.30128415289212424,-2.2418888437699884,2.2418888437699884,10.558367269546101,1.3807987717294798e-08,0.0,3.9643144322809576e-10,4.809419348555906e-07
random,37,1826,0.5837690420931752,0.14922033195266615,0.820322918669061,0.0689623609020167,0.3411894823815037,0.30128415678927145,-2.2418888441494476,2.2418888441494476,10.558367265577749,1.4498386444475167e-08,0.0,4.162530320428459e-10,5.049890315983702e-07
random,37,1827,0.5837690416561095,0.14922033145520858,0.8203229159343408,0.06896236126154341,0.3411894841602528,0.3012841608812764,-2.241888844547881,2.241888844547881,10.558367261397315,1.5223305031966972e-08,0.0,4.370656059293765e-10,5.302384831782888e-07
random,37,1828,0.5837690411971906,0.1492203309328783,0.8203229130628856,0.06896236163904619,0.3411894860279379,0.30128416517788215,-2.2418888449662373,2.2418888449662373,10.558367257038453,1.5984469464951082e-08,0.0,4.589189028791907e-10,5.567504073372032e-07
random,37,1829,0.5837690407153259,0.1492203303844318,0.8203229100478593,0.06896236203542386,0.3411894879890061,0.3012841696893185,-2.241888845405513,2.241888845405513,10.558367252439503,1.6783692046036235e-08,0.0,4.818647703075385e-10,5.845879277040633e-07
random,37,1830,0.5837690402093679,0.14922032980856328,0.8203229068820833,0.06896236245162007,0.34118949004812604,0.30128417442632727,-2.241888845866753,2.241888845866753,10.558367247631516,1.7622875664981137e-08,0.0,5.059579422095339e-10,6.138173240892665e-07
random,37,1831,0.5837690396781121,0.14922032920390169,0.8203229035580204,0.06896236288862576,0.34118949221020023,0.3012841794001869,-2.241888846351057,2.241888846351057,10.558367242557159,1.8504018362225623e-08,0.0,5.312558171155501e-10,6.445081902937298e-07
random,37,1832,0.5837690391202938,0.14922032856900735,0.8203229000677563,0.06896236334748136,0.3411894944803764,0.3012841846227402,-2.2418888468595775,2.2418888468595775,10.558367237252588,1.9429218074907102e-08,0.0,5.578183470689169e-10,6.767335998084163e-07
random,37,1833,0.5837690385345845,0.14922032790236872,0.8203228964029813,0.06896236382927932,0.34118949686405925,0.3012841901064222,-2.241888847393526,2.241888847393526,10.558367231688695,2.0400677663372032e-08,0.0,5.857092588712476e-10,7.105702797988372e-07
random,37,1834,0.5837690379195898,0.14922032720239858,0.8203228925549698,0.06896236433516673,0.341189499366924,0.30128419586428845,-2.241888847954174,2.241888847954174,10.558367225778694,2.142071009144257e-08,0.0,6.1499472181481e-10,7.460987937887791e-07
random,37,1835,0.5837690372738453,0.1492203264674304,0.8203228885145603,0.06896236486634798,0.34118950199492937,0.30128420191004934,-2.2418888485428567,2.2418888485428567,10.558367219680164,2.249174398457726e-08,0.0,6.457444579055505e-10,7.83403733478218e-07
random,37,1836,0.5837690365958139,0.14922032569571436,0.8203228842721334,0.06896236542408776,0.3411895047543324,0.301284208258099,-2.2418888491609756,2.2418888491609756,10.558367213188653,2.361632941350528e-08,0.0,6.78031408796187e-10,8.225739201521289e-07
random,37,1837,0.583769035883881,0.14922032488541315,0.8203228798175886,0.0689623660097139,0.3411895076517024,0.3012842149235521,-2.241888849810003,2.241888849810003,10.558367206412242,2.4797143930843902e-08,0.0,7.119329570315358e-10,8.637026161597354e-07
random,37,1838,0.5837690351363516,0.14922032403459748,0.8203228751403199,0.06896236662462067,0.34118951069393766,0.3012842219222792,-2.2418888504914847,2.2418888504914847,10.558367199296566,2.6036998975849916e-08,0.0,7.475293717362774e-10,9.068877469677222e-07
random,37,1839,0.5837690343514458,0.14922032314124178,0.8203228702291918,0.06896236727027202,0.3411895138882809,0.3012842292709438,-2.2418888512070443,2.2418888512070443,10.55836719180872,2.7338846539309618e-08,0.0,7.849058070164006e-10,9.522321343161083e-07
random,37,1840,0.5837690335272949,0.14922032220321907,0.8203228650725116,0.06896236794820514,0.3411895172423373,0.3012842369870428,-2.241888851958385,2.241888851958385,10.558367183953179,2.870578626439833e-08,0.0,8.241508586692703e-10,9.998437410319138e-07
random,37,1841,0.5837690326619367,0.1492203212182961,0.8203228596580022,0.068962368660034,0.34118952076409204,0.3012842450889484,-2.241888852747297,2.241888852747297,10.558367175716452,3.0141072684875545e-08,0.0,8.65358229518165e-10,1.0498359280835096e-06
random,37,1842,0.5837690317533106,0.14922032018412795,0.8203228539727728,0.06896236940745329,0.34118952446192946,0.301284253595951,-2.241888853575659,2.241888853575659,10.558367167064388,3.164812313980857e-08,0.0,9.086260632784615e-10,1.1023277244876851e-06
random,37,1843,0.5837690307992535,0.14922031909825245,0.8203228480032876,0.06896237019224244,0.3411895283446533,0.3012842625283053,-2.2418888544454436,2.2418888544454436,10.558367157963058,3.32305257879702e-08,0.0,9.540571666022402e-10,1.1574441107120695e-06
random,37,1844,0.5837690297974937,0.14922031795808433,0.8203228417353345,0.06896237101626983,0.34118953242150735,0.30128427190727985,-2.241888855358723,2.241888855358723,10.558367148444914,3.4892048213290573e-08,0.0,1.0017597862344019e-09,1.215316316247673e-06
random,37,1845,0.5837690287456464,0.1492203167609091,0.820322835153991,0.06896237188149726,0.34118953670219754,0.30128428175520433,-2.2418888563176727,2.2418888563176727,10.558367138362193,3.663664636272142e-08,0.0,1.0518472759457609e-09,1.2760821320600567e-06
random,37,1846,0.5837690276412066,0.14922031550387652,0.8203228282435878,0.06896237278998459,0.34118954119691486,0.30128429209552937,-2.2418888573245743,2.2418888573245743,10.55836712796026,3.846847399273114e-08,0.0,1.1044397618675816e-09,1.3398862386630596e-06
random,37,1847,0.5837690264815455,0.14922031418399395,0.8203228209876737,0.06896237374389462,0.3411895459163599,0.3012843029528698,-2.241888858381831,2.241888858381831,10.558367116691432,4.039189251427339e-08,0.0,1.1596611448894123e-09,1.4068805505962127e-06
random,37,1848,0.5837690252639015,0.14922031279811887,0.8203228133689727,0.06896237474549838,0.3411895508717684,0.3012843143530873,-2.2418888594919526,2.2418888594919526,10.558367105514856,4.241148141921377e-08,0.0,1.2176439856403931e-09,1.4772245781260235e-06
random,37,1849,0.5837690239853756,0.14922031134295202,0.8203228053693475,0.06896237579718034,0.34118955607493745,0.30128432632330404,-2.2418888606576024,2.2418888606576024,10.55836709248169,4.453204920074516e-08,0.0,1.2785259517755776e-09,1.5510858070323248e-06
random,37,1850,0.583769022642924,0.14922030981502887,0.8203227969697524,0.06896237690144419,0.3411895615382541,0.3012843388920686,-2.2418888618815127,2.2418888618815127,10.55836708151329,4.675864472019746e-08,0.0,1.342451594332772e-09,1.6286400973839412e-06
random,37,1851,0.5837690212333501,0.14922030821071205,0.8203227881501912,0.06896237806091891,0.34118956727472505,0.3012843520891948,-2.241888863166706,2.241888863166706,10.558367063894309,4.909656929824834e-08,1.3877787807814457e-17,1.4095739020447695e-09,1.7100721022531383e-06
random,37,1852,0.583769019753298,0.14922030652618146,0.8203227788896632,0.06896237927836443,0.341189573298005,0.30128436594639146,-2.24188886451597,2.24188886451597,10.558367060172522,5.1551389329509856e-08,1.3877787807814457e-17,1.4800520808933015e-09,1.7955757073657953e-06
random,37,1853,0.5837690181992439,0.14922030475742853,0.820322769166132,0.0689623805566801,0.3411895796224384,0.30128438049586737,-2.2418888659332694,2.2418888659332694,10.558367017778473,5.412894950150933e-08,1.3877787807814457e-17,1.5540541076219938e-09,1.8853544927340852e-06
random,37,1854,0.5837690165674876,0.14922030290023686,0.820322758956418,0.06896238189890595,0.34118958626306584,0.30128439577457033,-2.2418888674197768,2.2418888674197768,10.55836708070993,5.683538671196882e-08,0.0,1.6317562856471568e-09,1.9796222173707896e-06
random,37,1855,0.5837690148541443,0.14922030095020256,0.8203227482363117,0.06896238330824704,0.3411895932357441,0.3012844118116369,-2.241888868985957,2.241888868985957,10.558366825897336,5.967714475250159e-08,0.0,1.7133432450577857e-09,2.0786033282393293e-06
random,37,1856,0.5837690130551344,0.14922029890262417,0.8203227369799672,0.06896238478802572,0.3411896005569105,0.3012844286695592,-2.2418888706123035,2.2418888706123035,10.558367582317047,6.266098953564145e-08,0.0,1.7990099410170046e-09,2.182533494651296e-06
random,37,1857,0.5837690111661749,0.14922029675283854,0.8203227251617491,0.06896238634188176,0.3411896082445728,0.30128444630140033,-2.2418888723859345,2.2418888723859345,10.558364888872893,6.579402538931871e-08,0.0,1.88895954433832e-09,2.2916601693838608e-06
random,37,1858,0.5837690091827683,0.14922029449492047,0.8203227127490844,0.06896238797306713,0.34118961631481987,0.30128446508162343,-2.2418888739932243,2.2418888739932243,10.558374723424386,6.908371297239468e-08,0.0,1.9834065501100895e-09,2.406243177853054e-06
random,37,1859,0.5837690071001949,0.14922029212678078,0.8203226997304881,0.06896238968728463,0.3411896247958663,0.30128448370177396,-2.2418888767316214,2.2418888767316214,10.558336032821753,7.253790644197572e-08,0.0,2.082573447026448e-09,2.5265553367457065e-06
random,37,1860,0.5837690049135404,0.14922028962860787,0.8203226859970479,0.06896239148076577,0.34118963366906746,0.30128450804826795,-2.241888875022439,2.241888875022439,10.558496514518046,7.616523938085398e-08,0.0,2.186654413094402e-09,2.652883103582992e-06
random,37,1861,0.5837690026185793,0.14922028706079876,0.8203226718807902,0.06896239339451993,0.3411896431373162,0.3012845109526168,-2.241888894885717,2.241888894885717,10.557770333700404,7.998373390191237e-08,0.0,2.2949611100386846e-09,2.7855272587621414e-06
random,37,1862,0.5837690002388763,0.1492202841423985,0.8203226558371949,0.06896239528090076,0.3411896524701362,0.30128460852108124,-2.2418888252503564,2.2418888252503564,10.560888749119595,8.412290118400067e-08,0.0,2.379702990218391e-09,2.9248036217002487e-06
random,37,1863,0.583769000202141,0.14922028436505058,0.8203226570612011,0.06896239549387033,0.3411896535237976,0.3012844909641614,-2.241888941080037,2.241888941080037,10.467181700501468,7.718770486405003e-09,0.0,3.673539250570457e-11,9.597011883703941e-08
random,37,1864,0.5837690000501329,0.14922028418352445,0.8203226560632805,0.0689623955392746,0.3411896537484341,0.30128451442756304,-2.2418889169198257,2.2418889169198257,10.565841306524359,3.176842801763624e-09,0.0,1.5200807279569517e-10,1.0076862477889139e-07
random,37,1865,0.5837689999612704,0.1492202840692935,0.8203226554353079,0.06896239560272222,0.3411896540623395,0.30128452124467614,-2.2418889112700855,2.2418889112700855,10.563553974078179,3.068378172146306e-09,0.0,8.886247293560245e-11,1.0580705601783597e-07
random,37,1866,0.5837689998684186,0.14922028395150555,0.8203226547877812,0.0689623956705353,0.34118965439784293,0.30128452756064783,-2.2418889061408094,2.2418889061408094,10.562841993359333,3.2136121960779172e-09,1.3877787807814457e-17,9.285183732998803e-11,1.1109740881872777e-07
random,37,1867,0.5837689997713149,0.14922028383002128,0.8203226541199344,0.06896239574295354,0.3411896547561303,0.30128453332825283,-2.2418889015794896,2.2418889015794896,10.562152068217078,3.367151992375423e-09,0.0,9.710365844739499e-11,1.1665227925966417e-07
random,37,1868,0.583768999669678,0.14922028370464535,0.8203226534306935,0.06896239582020132,0.3411896551383117,0.3012845385175458,-2.2418888976172426,2.2418888976172426,10.561498430064931,3.529546481918007e-09,0.0,1.0163692110154443e-10,1.2248489322264738e-07
random,37,1869,0.5837689995632117,0.1492202835751163,0.8203226527186213,0.06896239590248307,0.3411896555453985,0.30128454312018144,-2.2418888942646635,2.2418888942646635,10.560895225348634,3.701285828241669e-09,0.0,1.064662802363614e-10,1.2860913788377976e-07
random,37,1870,0.5837689994516088,0.14922028344110128,0.8203226519818879,0.06896239598998119,0.34118965597829315,0.30128454715183095,-2.2418888915095,2.2418888915095,10.56035491711314,3.882788488760505e-09,0.0,1.1160294910439461e-10,1.3503959477796875e-07
random,37,1871,0.583768999334556,0.1492202833021975,0.8203226512182792,0.06896239608285763,0.3411896564377969,0.3012845506517931,-2.241888889317009,2.241888889317009,10.55988662266198,4.074407338367073e-09,0.0,1.1705281188767458e-10,1.417915745168672e-07
random,37,1872,0.5837689992117358,0.14922028315794078,0.8203226504252432,0.06896239618125963,0.3411896569246382,0.301284553679499,-2.241888887633292,2.241888887633292,10.559494831025582,4.276454834981051e-09,0.0,1.2282019845599734e-10,1.4888115324271056e-07
random,37,1873,0.5837689990828266,0.14922028300781964,0.8203226495999683,0.06896239628532842,0.3411896574395159,0.3012845563084525,-2.2418888863910906,2.2418888863910906,10.559178906344519,4.4892391027958455e-09,0.0,1.2890910561225155e-10,1.563252109048461e-07
random,37,1874,0.5837689989475017,0.14922028285129224,0.8203226487394755,0.06896239639520964,0.3411896579831503,0.30128455861887404,-2.241888885516828,2.241888885516828,10.558933541650582,4.7130988984427596e-09,0.0,1.3532497344925787e-10,1.6414147145008843e-07
random,37,1875,0.5837689988054263,0.1492202826878024,0.8203226478407075,0.06896239651106335,0.34118965855633354,0.30128456069057846,-2.241888884937434,2.241888884937434,10.558749993975239,4.9484278701644645e-09,0.0,1.4207535148358374e-10,1.7234854502259285e-07
random,37,1876,0.5837689986562553,0.14922028251679212,0.8203226469005966,0.06896239663307185,0.34118965915996746,0.3012845625973226,-2.241888884585763,2.241888884585763,10.558617688647377,5.1956845112434436e-09,0.0,1.4917100887856805e-10,1.809659722737225e-07
random,37,1877,0.5837689984996293,0.1492202823377085,0.8203226459161035,0.06896239676144503,0.34118965979509036,0.30128456440323403,-2.241888884404032,2.241888884404032,10.558525747033325,5.455390970730523e-09,0.0,1.566260454666235e-10,1.9001427088740862e-07
random,37,1878,0.5837689983351734,0.1492202821500065,0.8203226448842316,0.06896239689642275,0.3411896604628891,0.3012845661613052,-2.241888884345264,2.241888884345264,10.558464134624284,5.728126240390921e-09,0.0,1.6445589334779243e-10,1.9951498443177906e-07
random,37,1879,0.5837689981624956,0.14922028195314724,0.8203226438020188,0.06896239703827547,0.3411896611647018,0.30128456791352376,-2.241888884373186,2.241888884373186,10.55842432723032,6.0145184327141685e-09,0.0,1.7267776097895648e-10,2.09490733653368e-07
random,37,1880,0.5837689979811841,0.14922028174659396,0.8203226426665141,0.06896239718730326,0.3411896619020129,0.30128456969206063,-2.2418888844610994,2.2418888844610994,10.558399549687975,6.315238877906736e-09,0.0,1.8131152135225648e-10,2.1996527033603642e-07
random,37,1881,0.5837689977908072,0.14922028152980665,0.8203226414747489,0.0689623973438342,0.3411896626764456,0.30128457152098387,-2.2418888845902516,2.2418888845902516,10.55838471355715,6.630998807465802e-09,1.3877787807814457e-17,1.9037693643753073e-10,2.3096353385283825e-07
random,37,1882,0.5837689975909113,0.14922028130223647,0.8203226402237059,0.06896239750822294,0.34118966348975466,0.3012845734180932,-2.241888884748099,2.241888884748099,10.558376186068852,6.962547977432464e-09,0.0,1.9989587762836436e-10,2.425117105454802e-07
random,37,1883,0.5837689973810207,0.1492202810633205,0.8203226389102908,0.06896239768084914,0.3411896643438182,0.3012845753966231,-2.241888884926683,2.241888884926683,10.558371494487583,7.310675026724695e-09,0.0,2.0989054938524987e-10,2.546372960727542e-07
random,37,1884,0.5837689971606357,0.14922028081247674,0.8203226375313039,0.06896239786211653,0.3411896652406339,0.30128457746667964,-2.2418888851212704,2.2418888851212704,10.558369032483943,7.676208536060379e-09,0.0,2.2038504354782162e-10,2.673691608763919e-07
random,37,1885,0.5837689969292313,0.14922028054910025,0.8203226360834196,0.06896239805245241,0.3411896661823157,0.3012845796363699,-2.2418888853292867,2.2418888853292867,10.558367805323128,8.060018743499782e-09,0.0,2.314043401341337e-10,2.807376189202115e-07
random,37,1886,0.5837689966862567,0.14922028027255962,0.8203226345631669,0.06896239825230759,0.341189667171094,0.30128458191263435,-2.24188888554953,2.24188888554953,10.558367226978595,8.463019457600403e-09,0.0,2.429746404075672e-10,2.947744998662221e-07
random,37,1887,0.5837689964311334,0.14922027998219417,0.8203226329669137,0.06896239846215664,0.34118966820931673,0.30128458430182725,-2.241888885781632,2.241888885781632,10.558366970427956,8.88617017559888e-09,0.0,2.55123255854528e-10,3.095132248595332e-07
random,37,1888,0.5837689961632542,0.14922027967731152,0.8203226312908537,0.06896239868249857,0.34118966929945266,0.30128458681009823,-2.2418888860257047,2.2418888860257047,10.558366863514783,9.330478410703322e-09,0.0,2.678792743182612e-10,3.2498888610250987e-07
random,37,1889,0.5837689958819807,0.14922027935718515,0.820322629530993,0.06896239891385769,0.34118967044409587,0.30128458944363123,-2.2418888862821262,2.2418888862821262,10.558366821331843,9.797002026484375e-09,0.0,2.8127344897654893e-10,3.412383304076354e-07
random,37,1890,0.5837689955866437,0.14922027902105273,0.8203226276831408,0.06896239915678475,0.34118967164597114,0.3012845922087861,-2.2418888865514215,2.2418888865514215,10.558366804879464,1.028685179322725e-08,0.0,2.953369770963832e-10,3.5830024692801715e-07
random,37,1891,0.5837689952765399,0.1492202786681138,0.8203226257428965,0.06896239941185807,0.3411896729079398,0.301284595112181,-2.2418888868341993,2.2418888868341993,10.5583667976949,1.0801194018671325e-08,0.0,3.1010383150231746e-10,3.76215259274418e-07
random,37,1892,0.583768994950931,0.1492202782975281,0.820322623705641,0.06896239967968494,0.3411896742330062,0.30128459816074094,-2.2418888871311218,2.2418888871311218,10.55836679345979,1.1341253311932115e-08,0.0,3.25608873197325e-10,3.950260222381389e-07
random,37,1893,0.5837689946090415,0.14922027790841322,0.8203226215665232,0.068962399960903,0.3411896756243253,0.3012846013617275,-2.241888887442892,2.241888887442892,10.558366789885454,1.1908315518469399e-08,0.0,3.418895166973357e-10,4.147773233500459e-07
random,37,1894,0.5837689942500577,0.14922027749984276,0.8203226193204506,0.0689624002561818,0.3411896770852094,0.3012846047227637,-2.2418888877702514,2.2418888877702514,10.558366786449628,1.2503730806809398e-08,1.3877787807814457e-17,3.5898384265209415e-10,4.355161895175482e-07
random,37,1895,0.5837689938731246,0.14922027707084395,0.8203226169620752,0.0689624005662244,0.34118967861913707,0.3012846082518516,-2.24188888811398,2.24188888811398,10.558366782821107,1.3128916805249863e-08,0.0,3.76933040335814e-10,4.5729199899342563e-07
random,37,1896,0.5837689934773451,0.1492202766203954,0.8203226144857821,0.06896240089176892,0.3411896802297601,0.3012846119573945,-2.2418888884748958,2.2418888884748958,10.558366779080133,1.3785362037418951e-08,0.0,3.9577952026803587e-10,4.801565989430969e-07
random,37,1897,0.5837689930617765,0.1492202761474246,0.8203226118856756,0.06896240123359045,0.3411896819209132,0.3012846158482149,-2.241888888853858,2.241888888853858,10.558366775117936,1.447462946682385e-08,0.0,4.155685795481645e-10,5.041644288902519e-07
random,37,1898,0.5837689926254295,0.14922027565080548,0.8203226091555647,0.06896240159250283,0.3411896836966229,0.3012846199335765,-2.2418888892517694,2.2418888892517694,10.558366770941042,1.519836020546939e-08,0.0,4.363470695878391e-10,5.293726503347644e-07
random,37,1899,0.5837689921672653,0.14922027512935565,0.8203226062889496,0.06896240196936057,0.34118968556111673,0.30128462422320673,-2.2418888896695774,2.2418888896695774,10.558366766587886,1.595827741739541e-08,0.0,4.581641732670505e-10,5.558412828515027e-07
random,37,1900,0.5837689916861928,0.14922027458183362,0.8203226032790054,0.06896240236506093,0.34118968751883394,0.3012846287273189,-2.2418888901082776,2.2418888901082776,10.55836676200684,1.675619039697936e-08,1.3877787807814457e-17,4.81072515157166e-10,5.836333469940778e-07
random,37,1901,0.5837689911810668,0.14922027400693577,0.8203226001185656,0.06896240278054598,0.3411896895744354,0.3012846334566371,-2.241888890568914,2.241888890568914,10.55836675718536,1.7593998931232206e-08,0.0,5.051259410748798e-10,6.128150143437817e-07
random,37,1902,0.5837689906506845,0.14922027340329336,0.8203225968001056,0.06896240321680497,0.3411896917328153,0.30128463842242187,-2.241888891052583,2.241888891052583,10.558366752158236,1.8473697800435868e-08,0.0,5.303822936397751e-10,6.434557650609708e-07
random,37,1903,0.5837689900937832,0.14922027276946914,0.8203225933157243,0.0689624036748765,0.34118969399911225,0.3012846436364966,-2.241888891560438,2.241888891560438,10.558366746843511,1.9397381495089183e-08,0.0,5.569013028505765e-10,6.756285533140194e-07
random,37,1904,0.5837689895090371,0.1492202721039542,0.8203225896571266,0.06896240415585121,0.34118969637872215,0.3012846491112755,-2.2418888920936872,2.2418888920936872,10.558366741259114,2.0367249247804637e-08,0.0,5.847461403973853e-10,7.094099809797205e-07
random,37,1905,0.5837689888950537,0.14922027140516392,0.8203225858156012,0.0689624046608742,0.3411896988773102,0.3012846548597944,-2.2418888926536003,2.2418888926536003,10.558366735434811,2.1385610267260565e-08,0.0,6.139834196616789e-10,7.448804800287066e-07
random,37,1906,0.583768988250371,0.14922027067143456,0.8203225817820021,0.06896240519114784,0.3411897015008252,0.30128466089573985,-2.2418888932415117,2.2418888932415117,10.558366729273363,2.245488917661826e-08,0.0,6.44682640604799e-10,7.821245040301419e-07
random,37,1907,0.5837689875734545,0.14922026990101933,0.8203225775467262,0.06896240574793458,0.3411897042555131,0.30128466723348357,-2.241888893858821,2.241888893858821,10.558366722833036,2.3577631873470013e-08,0.0,6.769165228348584e-10,8.212307292316491e-07
random,37,1908,0.5837689868626922,0.14922026909208388,0.8203225730996896,0.06896240633256007,0.34118970714793245,0.3012846738881155,-2.2418888945069986,2.2418888945069986,10.558366716059234,2.4756511519646995e-08,0.0,7.10762337874371e-10,8.622922656932315e-07
random,37,1909,0.5837689861163919,0.14922026824270235,0.8203225684303048,0.06896240694641614,0.3411897101849694,0.30128468087548027,-2.2418888951875875,2.2418888951875875,10.558366708960834,2.5994334953405408e-08,1.3877787807814457e-17,7.463002438257149e-10,9.054068789778932e-07
random,37,1910,0.5837689853327767,0.14922026735085242,0.8203225635274547,0.06896240759096428,0.3411897133738545,0.30128468821221394,-2.24188889590221,2.24188889590221,10.558366701461585,2.7294049339722547e-08,0.0,7.836152837725763e-10,9.506772229267879e-07
random,37,1911,0.5837689845099808,0.1492202664144108,0.8203225583794663,0.068962408267739,0.3411897167221798,0.3012846959157866,-2.2418888966525663,2.2418888966525663,10.55836669369986,2.865874920676558e-08,0.0,8.227958314677153e-10,9.982110840731273e-07
random,37,1912,0.5837689836460455,0.14922026543114797,0.8203225529740834,0.06896240897835157,0.34118972023791694,0.30128470400453816,-2.2418888974404454,2.2418888974404454,10.558366685366295,3.009168379219034e-08,0.0,8.639353676898054e-10,1.0481216382767838e-06
random,37,1913,0.5837689827389135,0.14922026439872296,0.8203225472984367,0.06896240972449375,0.34118972392943586,0.3012847124977307,-2.241888898267721,2.241888898267721,10.558366676856641,3.159626481958418e-08,0.0,9.07131925131921e-10,1.1005277201906231e-06
random,37,1914,0.5837689817864251,0.14922026331467775,0.8203225413390133,0.06896241050794193,0.3411897278055253,0.3012847214155821,-2.2418888991363675,2.2418888991363675,10.558366667602828,3.317607456716874e-08,0.0,9.524884214684448e-10,1.1555541062001543e-06
random,37,1915,0.5837689807863126,0.14922026217643145,0.8203225350816252,0.06896241133056132,0.3411897318754133,0.301284730779332,-2.2418889000484485,2.2418889000484485,10.558366658351837,3.4834874449342555e-08,0.0,1.0001125483327655e-09,1.213331811510162e-06
random,37,1916,0.5837689797361947,0.14922026098127414,0.8203225285113749,0.06896241219431035,0.3411897361487891,0.3012847406112652,-2.2418889010061447,2.2418889010061447,10.558366647919856,3.6576613930422894e-08,0.0,1.0501178815403023e-09,1.27399840208567e-06
random,37,1917,0.5837689786335709,0.14922025972636033,0.8203225216126195,0.06896241310124533,0.3411897406358263,0.30128475093480844,-2.241888902011722,2.241888902011722,10.558366638132865,3.8405439947950137e-08,0.0,1.1026237700662023e-09,1.3376983221899537e-06
random,37,1918,0.5837689774758166,0.14922025840870246,0.8203225143689354,0.06896241405352546,0.3411897453472074,0.3012847617745117,-2.241888903067604,2.241888903067604,10.558366625854891,4.0325706793105826e-08,0.0,1.1577543368446186e-09,1.4045832382994514e-06
random,37,1919,0.5837689762601748,0.14922025702516334,0.8203225067630762,0.06896241505341777,0.34118975029414855,0.3012847731562416,-2.2418889041762515,2.2418889041762515,10.558366616600233,4.234198644788909e-08,0.0,1.2156418094377841e-09,1.474812400214424e-06
random,37,1920,0.5837689749837511,0.14922025557244933,0.8203224987769353,0.06896241610330281,0.3411897554884274,0.3012847851069807,-2.2418889053404167,2.2418889053404167,10.558366599813802,4.4459079502651423e-08,1.3877787807814457e-17,1.2764236334561474e-09,1.5485530202251453e-06
random,37,1921,0.5837689736435068,0.1492202540471013,0.8203224903914965,0.06896241720567968,0.3411897609424082,0.3012847976554418,-2.241888906562626,2.241888906562626,10.558366596972682,4.668202656283837e-08,0.0,1.3402443599375147e-09,1.6259806712364027e-06
random,37,1922,0.5837689722362506,0.1492202524454892,0.8203224815868042,0.06896241836317357,0.3411897666690791,0.30128481083089065,-2.241888907846376,2.241888907846376,10.558366560697678,4.901612027914815e-08,1.3877787807814457e-17,1.407256200458562e-09,1.707279704798223e-06
random,37,1923,0.5837689707586321,0.1492202507637963,0.8203224723418762,0.068962419578538,0.3411897726820629,0.30128482466625783,-2.241888909193235,2.241888909193235,10.55836660321985,5.146691788799776e-08,0.0,1.4776184720233232e-09,1.7926436900381341e-06
random,37,1924,0.5837689692071333,0.14922024899802927,0.8203224626347596,0.068962420854672,0.3411897789957026,0.3012848391902193,-2.241888910610487,2.241888910610487,10.558366438344303,5.404025453081846e-08,0.0,1.5514988183085165e-09,1.882275874540041e-06
random,37,1925,0.5837689675780603,0.14922024714395404,0.820322452442178,0.06896242219459674,0.3411897856249453,0.30128485444985637,-2.2418889120895606,2.2418889120895606,10.558366848791735,5.6742257054030616e-08,0.0,1.6290729876189403e-09,1.9763896682670433e-06
random,37,1926,0.5837689658675339,0.14922024519725163,0.8203224417403884,0.06896242360155469,0.34118979258583304,0.3012848704423206,-2.241888913671437,2.241888913671437,10.558365540770012,5.9579358674478825e-08,0.0,1.7105263871997067e-09,2.0752091516803956e-06
random,37,1927,0.5837689640714822,0.14922024315296903,0.820322430502162,0.06896242507871886,0.3411897998940643,0.3012848873369034,-2.241888915234445,2.241888915234445,10.558369703994531,6.255831441628973e-08,0.0,1.7960517517678909e-09,2.1789696092644153e-06
random,37,1928,0.5837689621856287,0.1492202410073784,0.8203224187070055,0.06896242663023638,0.34118980757015677,0.30128490470476127,-2.241888917230737,2.241888917230737,10.5583552552462,6.568621933561704e-08,0.0,1.8858534733823262e-09,2.287918089727636e-06
random,37,1929,0.5837689602054873,0.1492202387510363,0.8203224063030046,0.06896242825739982,0.34118981562050543,0.30128492437323195,-2.2418889179576573,2.2418889179576573,10.558408210491782,6.89705573773843e-08,0.0,1.980141384194667e-09,2.402313994214018e-06
random,37,1930,0.5837689581264044,0.14922023639624354,0.8203223933577816,0.06896242997386917,0.34118982411269283,0.3012849391167162,-2.241888924369094,2.241888924369094,10.558199788265853,7.241978123506494e-08,0.0,2.0790829058370264e-09,2.5224296939247192e-06
random,37,1931,0.5837689559447545,0.14922023386244446,0.8203223794284904,0.06896243174222517,0.34118983286158805,0.3012849799715235,-2.2418889068374206,2.2418889068374206,10.559046730650497,7.605324895207749e-08,0.0,2.1816498607662993e-09,2.6485511786209553e-06
random,37,1932,0.5837689536823266,0.1492202315247415,0.8203223665772168,0.06896243377774,0.3411898429322445,0.3012848927595917,-2.241889012688966,2.241889012688966,10.554801838605295,8.022530012197409e-08,0.0,2.2624279116811863e-09,2.7809787375520033e-06
random,37,1933,0.5837689512763518,0.14922022841750526,0.8203223494955157,0.06896243555359956,0.3411898517182634,0.30128506694621804,-2.2418888699019934,2.2418888699019934,10.568633775984306,8.45056480046207e-08,0.0,2.4059748637839107e-09,2.9200276744296035e-06
random,37,1934,0.5837689512395681,0.1492202286398022,0.8203223507175695,0.06896243576621618,0.3411898527701786,0.3012849495694081,-2.241888985554437,2.241888985554437,10.46718073684939,7.706203747786816e-09,0.0,3.678368720727576e-11,9.581340806722137e-08
random,37,1935,0.5837689510878346,0.14922022845862282,0.8203223497215552,0.06896243581156741,0.3411898529945526,0.30128497297806794,-2.2418889614492308,2.2418889614492308,10.565823398878592,3.1713983653803832e-09,0.0,1.5173351464170537e-10,1.0060407847058244e-07
random,37,1936,0.583768950999128,0.14922022834462745,0.8203223490948777,0.06896243587493034,0.3411898533080391,0.3012849797669543,-2.24188895582505,2.24188895582505,10.563538253349328,3.0631725334734495e-09,0.0,8.870659762294508e-11,1.0563428239411156e-07
random,37,1937,0.5837689509064358,0.14922022822707626,0.8203223484486525,0.06896243594264866,0.3411898536430737,0.30128498605727216,-2.2418889507188187,2.2418889507188187,10.562828598901218,3.208209485080115e-09,0.0,9.269218725904693e-11,1.1091599651381714e-07
random,37,1938,0.5837689508094971,0.14922022810582958,0.8203223477821118,0.06896243601496123,0.34118985400083823,0.30128499180220514,-2.2418889461776317,2.2418889461776317,10.562141046571499,3.361535110372831e-09,0.0,9.693867930593569e-11,1.1646179633950801e-07
random,37,1939,0.5837689507080309,0.1492202279806918,0.8203223470941801,0.06896243609209177,0.3411898543824396,0.3012849969721023,-2.2418889422323196,2.2418889422323196,10.561489737261416,3.5236955439326893e-09,0.0,1.0146616880035708e-10,1.2228488615648343e-07
random,37,1940,0.5837689506017416,0.14922022785140165,0.8203223463834213,0.06896243617424429,0.341189854788887,0.30128500155874594,-2.241888938893349,2.241888938893349,10.560888713810657,3.6951788955105117e-09,0.0,1.0628931068623615e-10,1.283991304643076e-07
random,37,1941,0.5837689504903233,0.14922022771762714,0.8203223456480101,0.06896243626160095,0.34118985522108186,0.3012850055777322,-2.241888936148534,2.241888936148534,10.560350337639692,3.876402606281267e-09,0.0,1.1141831901539945e-10,1.3481908698752298e-07
random,37,1942,0.5837689503734635,0.1492202275789668,0.8203223448857396,0.06896243635432384,0.3411898556798259,0.30128500906807837,-2.2418889339633945,2.2418889339633945,10.559883645408295,4.067719562342008e-09,0.0,1.1685974410369226e-10,1.4156004133689912e-07
random,37,1943,0.5837689502508454,0.1492202274349581,0.8203223440940671,0.06896243645256037,0.34118985616584857,0.30128501208876296,-2.241888932284459,2.241888932284459,10.55949308308429,4.269442993431635e-09,0.0,1.2261813786551556e-10,1.4863804340374409e-07
random,37,1944,0.5837689501221482,0.14922022728509152,0.8203223432701915,0.06896243655645212,0.3411898566798503,0.3012850147127331,-2.2418889310449948,2.2418889310449948,10.55917801695373,4.481882043591304e-09,0.0,1.286971640368506e-10,1.560699455739313e-07
random,37,1945,0.5837689499870458,0.1492202271288272,0.8203223424111451,0.0689624366661452,0.34118985722255396,0.30128501701962984,-2.241888930171974,2.241888930171974,10.558933182798432,4.70537638151299e-09,0.0,1.3510248475512299e-10,1.6387344285262785e-07
random,37,1946,0.5837689498452041,0.149220226965611,0.8203223415138813,0.06896243678179984,0.34118985779475225,0.3012850190887373,-2.241888929592828,2.241888929592828,10.55874990659723,4.940320058022866e-09,0.0,1.4184164953690015e-10,1.7206711499525926e-07
random,37,1947,0.5837689496962782,0.1492202267948864,0.8203223405753409,0.06896243690359849,0.34118985839734794,0.30128502099337723,-2.241888929240824,2.241888929240824,10.558617691065207,5.187171442961001e-09,0.0,1.489258716347308e-10,1.8067047074502223e-07
random,37,1948,0.5837689495399098,0.14922022661610215,0.8203223395924936,0.06896243703175092,0.3411898590313787,0.30128502279735636,-2.2418889290584767,2.2418889290584767,10.55852572851644,5.446452181701533e-09,0.0,1.5636847372491047e-10,1.8970399428227335e-07
random,37,1949,0.5837689493757244,0.14922022642871435,0.820322338562349,0.06896243716649683,0.3411898596980306,0.3012850245534553,-2.2418889289990083,2.2418889289990083,10.558464040114224,5.718740413144277e-09,0.0,1.6418533199669127e-10,1.9918919399638702e-07
random,37,1950,0.5837689492033303,0.14922022623218517,0.8203223374819507,0.06896243730810622,0.34118986039863936,0.301285026303538,-2.2418889290262562,2.2418889290262562,10.558424139747734,6.004663242685994e-09,0.0,1.7239409899616476e-10,2.0914865369620637e-07
random,37,1951,0.583768949022317,0.14922022602597873,0.8203223363483527,0.06896243745687865,0.3411898611346871,0.30128502807971635,-2.2418889291135726,2.2418889291135726,10.558399274592077,6.304890893684118e-09,1.3877787807814457e-17,1.8101331544784216e-10,2.196060863810167e-07
random,37,1952,0.583768948832253,0.14922022580955588,0.8203223351585911,0.06896243761314165,0.3411898619077942,0.3012850299060399,-2.241888929242217,2.241888929242217,10.558384366616426,6.620133388678784e-09,0.0,1.900639645668889e-10,2.3058639070006755e-07
random,37,1953,0.5837689486326859,0.1492202255823687,0.8203223339096537,0.06896243777724917,0.34118986271971186,0.301285031800312,-2.241888929399633,2.241888929399633,10.558375785742152,6.951139303180922e-09,0.0,1.9956714059077285e-10,2.421157102350709e-07
random,37,1954,0.5837689484231405,0.14922022534385504,0.8203223325984502,0.06896243794958021,0.3411898635723152,0.3012850337757801,-2.2418889295778435,2.2418889295778435,10.558371057476357,7.298695905768795e-09,0.0,2.095453810468939e-10,2.542214957468245e-07
random,37,1955,0.5837689482031179,0.14922022509343386,0.8203223312217864,0.06896243813053775,0.3411898644675979,0.3012850358425634,-2.241888929772094,2.241888929772094,10.558368572021163,7.66363046235873e-09,0.0,2.2002266675258397e-10,2.6693257053416574e-07
random,37,1956,0.583768947972094,0.14922022483050118,0.8203223297763419,0.06896243832054837,0.3411898654076705,0.3012850380087787,-2.2418889299797926,2.2418889299797926,10.558367330842872,8.046811775320662e-09,0.0,2.3102386670359465e-10,2.8027919906087406e-07
random,37,1957,0.5837689477295189,0.14922022455442657,0.8203223282586511,0.06896243852006205,0.34118986639475923,0.301285040281372,-2.2418889301997247,2.2418889301997247,10.558366744735299,8.44915212882225e-09,0.0,2.4257507114100463e-10,2.9429315901391775e-07
random,37,1958,0.5837689474748152,0.14922022426455056,0.8203223266650885,0.06896243872955253,0.34118986743120794,0.3012850426666975,-2.2418889304315117,2.2418889304315117,10.558366484158592,8.87160949084982e-09,0.0,2.5470370257352215e-10,3.0900781696461367e-07
random,37,1959,0.5837689472073762,0.14922022396018172,0.8203223249918532,0.06896243894951798,0.34118986851948124,0.3012850451709014,-2.24188893067526,2.24188893067526,10.558366375321445,9.315189679291582e-09,0.0,2.674390708889973e-10,3.2445820781284436e-07
random,37,1960,0.5837689469265652,0.14922022364059492,0.8203223232349587,0.0689624391804818,0.3411898696621687,0.30128504780016085,-2.241888930931343,2.241888930931343,10.55836633227033,9.780948873190344e-09,0.0,2.808109300644901e-10,3.4068111820348657e-07
random,37,1961,0.5837689466317141,0.14922022330502904,0.820322321390221,0.0689624394229938,0.3411898708619905,0.30128505056082716,-2.241888931200285,2.241888931200285,10.55836631546691,1.0269995979704277e-08,0.0,2.948511435008072e-10,3.5771517411366094e-07
random,37,1962,0.5837689463221201,0.149220222952685,0.8203223194532471,0.06896243967763128,0.34118987212180285,0.3012850534595086,-2.241888931482692,2.241888931482692,10.558366308183116,1.0783495412061786e-08,1.3877787807814457e-17,3.095940170894096e-10,3.75600932819344e-07
random,37,1963,0.5837689459970464,0.1492202225827239,0.8203223174194253,0.06896243994500054,0.3411898734446052,0.301285056503119,-2.2418889317792257,2.2418889317792257,10.55836630388535,1.1322669768821388e-08,0.0,3.250736346771532e-10,3.9438097946031123e-07
random,37,1964,0.5837689456557191,0.1492202221942649,0.8203223152839131,0.06896244022573811,0.34118987483354707,0.301285059698909,-2.2418889320905873,2.2418889320905873,10.558366300375956,1.188880281733915e-08,0.0,3.413272997576655e-10,4.141000284333268e-07
random,37,1965,0.5837689452973256,0.14922022178638308,0.8203223130416262,0.0689624405205124,0.34118987629193515,0.3012850630544883,-2.2418889324175177,2.2418889324175177,10.558366296891801,1.2483242457278419e-08,0.0,3.5839353706990096e-10,4.3480502985499313e-07
random,37,1966,0.5837689449210124,0.14922022135810734,0.8203223106872257,0.06896244083002526,0.34118987782324195,0.3012850665778469,-2.241888932760796,2.241888932760796,10.55836629330146,1.3107404036710885e-08,0.0,3.7631320282116576e-10,4.565452813477428e-07
random,37,1967,0.5837689445258833,0.14922022090841797,0.8203223082151062,0.06896244115501354,0.34118987943111306,0.30128507027737383,-2.241888933121239,2.241888933121239,10.558366289551904,1.3762773635575608e-08,0.0,3.95129040597908e-10,4.7937254541513e-07
random,37,1968,0.5837689441109981,0.1492202204362444,0.8203223056193821,0.06896244149625104,0.34118988111937665,0.3012850741618773,-2.2418889334997045,2.2418889334997045,10.558366285593205,1.4450911665807177e-08,0.0,4.148852372765077e-10,5.033411726858865e-07
random,37,1969,0.5837689436753687,0.1492202199404623,0.8203223028938729,0.06896244185455017,0.34118988289205227,0.3012850782406065,-2.241888933897094,2.241888933897094,10.558366281443412,1.5173456516784475e-08,0.0,4.356294214247214e-10,5.285082313201808e-07
random,37,1970,0.5837689432179578,0.1492202194198914,0.8203223000320895,0.06896244223076403,0.34118988475336054,0.30128508252327224,-2.241888934314355,2.241888934314355,10.558366277067247,1.593212854316864e-08,0.0,4.5741088694484233e-10,5.549336428861898e-07
random,37,1971,0.5837689427376764,0.14922021887329218,0.8203222970272185,0.0689624426257883,0.34118988670773276,0.30128508702007206,-2.24188893475248,2.24188893475248,10.558366272533661,1.6728734078642547e-08,0.0,4.802813702298181e-10,5.826803250304994e-07
random,37,1972,0.5837689422333808,0.1492202182993633,0.8203222938721054,0.06896244304056345,0.34118988875982204,0.3012850917417123,-2.241888935212512,2.241888935212512,10.558366267703818,1.7565169802271362e-08,0.0,5.042956052747627e-10,6.118143412820243e-07
random,37,1973,0.5837689417038707,0.14922021769673832,0.8203222905592387,0.06896244347607704,0.3411898909145142,0.3012850966994351,-2.2418889356955485,2.2418889356955485,10.55836626267271,1.8443427218759565e-08,0.0,5.295101024316295e-10,6.424050583461255e-07
random,37,1974,0.5837689411478851,0.14922021706398242,0.8203222870807303,0.06896244393336592,0.341189893176939,0.30128510190504465,-2.2418889362027374,2.2418889362027374,10.558366257371004,1.936559740176158e-08,0.0,5.559855908998657e-10,6.745253112634318e-07
random,37,1975,0.5837689405641002,0.14922021639958916,0.8203222834282989,0.06896244441351884,0.341189895552483,0.30128510737093533,-2.2418889367352874,2.2418889367352874,10.558366251817436,2.0333875946400402e-08,0.0,5.837849093026648e-10,7.082515768266034e-07
random,37,1976,0.5837689399511264,0.1492202157019767,0.8203222795932485,0.06896244491767894,0.341189898046802,0.3012851131101213,-2.2418889372944673,2.2418889372944673,10.558366245976817,2.1350568300730824e-08,0.0,6.129737828430848e-10,7.436641556679336e-07
random,37,1977,0.5837689393075037,0.149220214969484,0.8203222755664479,0.06896244544704655,0.34118990066583443,0.30128511913626743,-2.2418889378816083,2.2418889378816083,10.558366239852003,2.241809512877186e-08,0.0,6.436227106831893e-10,7.808473634513304e-07
random,37,1978,0.5837689386317003,0.1492202142003673,0.8203222713383105,0.06896244600288198,0.34118990341581573,0.3012851254637218,-2.2418889384981084,2.2418889384981084,10.558366233406677,2.353899812609426e-08,0.0,6.758034132303692e-10,8.198897316238969e-07
random,37,1979,0.5837689379221067,0.1492202133927953,0.8203222668987692,0.06896244658650857,0.3411899063032931,0.3012851321075497,-2.2418889391454364,2.2418889391454364,10.558366226642388,2.471594609681201e-08,0.0,7.095936060963481e-10,8.608842182050918e-07
random,37,1980,0.5837689371770334,0.14922021254484533,0.8203222622372544,0.06896244719931582,0.341189909335141,0.3012851390835705,-2.2418889398251336,2.2418889398251336,10.558366219575149,2.5951741272635947e-08,0.0,7.450733363612017e-10,9.039284291153464e-07
random,37,1981,0.5837689363947067,0.1492202116544986,0.820322257342668,0.0689624478427627,0.3411899125185776,0.3012851464083931,-2.2418889405388196,2.2418889405388196,10.558366212097969,2.7249325979773534e-08,0.0,7.823266479078939e-10,9.491248505711139e-07
random,37,1982,0.5837689355732638,0.14922021071963532,0.8203222522033563,0.0689624485183811,0.341189915861182,0.3012851540994586,-2.2418889412881926,2.2418889412881926,10.55836620430861,2.861178969256828e-08,0.0,8.214429136899071e-10,9.965810930996696e-07
random,37,1983,0.5837689347107489,0.14922020973802974,0.820322246807084,0.06896244922777951,0.3411899193709122,0.30128516217507856,-2.2418889420750387,2.2418889420750387,10.558366196069333,3.004237631153901e-08,0.0,8.625149483521e-10,1.0464101477546531e-06
random,37,1984,0.5837689338051085,0.14922020870734487,0.8203222411410034,0.06896244997264685,0.3411899230561239,0.30128517065448146,-2.2418889429012308,2.2418889429012308,10.558366187458223,3.154449197021016e-08,0.0,9.056403404983371e-10,1.098730655142386e-06
random,37,1985,0.5837689328541862,0.14922020762512678,0.8203222351916244,0.06896245075475646,0.3411899269255908,0.3012851795578559,-2.241888943768738,2.241888943768738,10.558366178384968,3.312171310730765e-08,0.0,9.509223408699086e-10,1.1536671878995053e-06
random,37,1986,0.583768931855718,0.14922020648879897,0.820322228944783,0.06896245157597035,0.3411899309885251,0.3012851889064015,-2.241888944679625,2.241888944679625,10.55836616890664,3.477779492417104e-08,0.0,9.984681970109932e-10,1.2113505472944806e-06
random,37,1987,0.5837689308073266,0.149220205295656,0.8203222223856063,0.06896245243824359,0.34118993525459945,0.30128519872237597,-2.241888945636063,2.241888945636063,10.558366158885384,3.6516680451416024e-08,0.0,1.0483913737147077e-09,1.2719180746592046e-06
random,37,1988,0.5837689297065162,0.14922020404285735,0.820322215498479,0.06896245334362902,0.3411899397339703,0.3012852090291529,-2.2418889466403282,2.2418889466403282,10.558366148482447,3.8342509812443166e-08,0.0,1.100810442800082e-09,1.3355139783921649e-06
random,37,1989,0.5837689285506652,0.14922020272742031,0.8203222082670035,0.06896245429428209,0.34118994443730155,0.3012852198512689,-2.241888947694816,2.241888947694816,10.558366137322215,4.0259630173901336e-08,0.0,1.1558509704912012e-09,1.4022896773117732e-06
random,37,1990,0.5837689273370222,0.1492202013462131,0.8203222006739638,0.06896245529246606,0.3411899493757907,0.301285231214498,-2.2418889488020315,2.2418889488020315,10.558366126039429,4.227260602108826e-08,0.0,1.213642963904249e-09,1.472404161177362e-06
random,37,1991,0.5837689260626974,0.14922019989594748,0.8203221927012825,0.06896245634055724,0.3411899545611945,0.3012852431458829,-2.241888949964625,2.241888949964625,10.558366113383919,4.438623008107275e-08,0.0,1.274324867850396e-09,1.5460243692362302e-06
random,37,1992,0.5837689247246567,0.1492201983731706,0.8203221843299785,0.06896245744105078,0.34118996000585766,0.3012852556738609,-2.241888951185338,2.241888951185338,10.558366101754306,4.660553471020744e-08,0.0,1.3380406782559362e-09,1.6233255876980417e-06
random,37,1993,0.5837689233197143,0.1492201967742573,0.8203221755401224,0.06896245859656668,0.34118996572274235,0.30128526882819234,-2.2418889524671446,2.2418889524671446,10.558366085805323,4.893580386391577e-08,0.0,1.4049423846529407e-09,1.7044918670829438e-06
random,37,1994,0.5837689218445254,0.14922019509540058,0.820322166310786,0.06896245980985555,0.34118997172545745,0.3012852826403732,-2.24188895381293,2.24188895381293,10.558366078138524,5.138258569763656e-08,0.0,1.4751888599562335e-09,1.789716460437091e-06
random,37,1995,0.5837689202955776,0.14922019333260464,0.8203221566200027,0.06896246108380644,0.34118997802829626,0.3012852971428109,-2.241888955226359,2.241888955226359,10.558366046501785,5.395170576617098e-08,0.0,1.5489478588648353e-09,1.8792022834589456e-06
random,37,1996,0.5837689186691829,0.14922019148166943,0.820322146444683,0.06896246242145024,0.34118998464625405,0.3012853123714371,-2.2418889567094578,2.2418889567094578,10.558366078827097,5.664928089562865e-08,0.0,1.6263946855943345e-09,1.973162397631893e-06
random,37,1997,0.5837689169614692,0.14922018953819907,0.8203221357606613,0.0689624638259772,0.3411899915951146,0.3012853283581286,-2.241888958269951,2.241888958269951,10.558365917917572,5.948173373739234e-08,0.0,1.7077137481891214e-09,2.0718205175134875e-06
random,37,1998,0.5837689151683706,0.14922018749753116,0.8203221245423062,0.06896246530071126,0.3411899988913229,0.30128534515559435,-2.2418889598975555,2.2418889598975555,10.55836636795164,6.245580807539981e-08,0.0,1.793098558522388e-09,2.175411543389162e-06
random,37,1999,0.5837689132856178,0.14922018535493436,0.8203221127636081,0.06896246684923331,0.34119000655259535,0.30128536275160317,-2.2418889616460778,2.2418889616460778,10.5583647415886,6.557858489401718e-08,0.0,1.882752842519153e-09,2.2841821205586204e-06
random,37,2000,0.5837689113087282,0.1492201831048258,0.8203221003938753,0.06896246847496268,0.341190014595849,0.3012853813866046,-2.241888963329866,2.241888963329866,10.558370621529278,6.885749965906602e-08,0.0,1.97688954095554e-09,2.3983912265865516e-06
random,37,2001,0.5837689092329961,0.14922018074380206,0.8203220874143982,0.06896247018285113,0.34119002304558266,0.3012854003005614,-2.2418889657219414,2.2418889657219414,10.558347559922082,7.230036675012532e-08,0.0,2.075732141726405e-09,2.5183107879158793e-06
random,37,2002,0.5837689070534945,0.149220178257841,0.8203220737480915,0.06896247197231187,0.34119003189889296,0.3012854230002167,-2.2418889655185508,2.2418889655185508,10.5584429443054,7.591552731063087e-08,0.0,2.1795015792136496e-09,2.6442263273116733e-06
random,37,2003,0.5837689047653773,0.14922017567990944,0.8203220595761866,0.06896247386913792,0.3411900412833904,0.3012854335588886,-2.2418889779952362,2.2418889779952362,10.558016826986108,7.971477711610885e-08,0.0,2.288117140203383e-09,2.776437643677257e-06
random,37,2004,0.5837689023744401,0.14922017282275785,0.8203220438692993,0.06896247577754999,0.34119005072520936,0.3012855077185716,-2.2418889307471397,2.2418889307471397,10.559905090658052,8.377148326232204e-08,0.0,2.3909372259822703e-09,2.9152595258611203e-06
random,37,2005,0.5837689001956093,0.14922017110083519,0.8203220344032125,0.06896247848913559,0.34119006414070835,0.301285092364884,-2.241889351195547,2.241889351195547,10.54467856040212,9.394797211396035e-08,0.0,2.178830782462171e-09,3.0610225021541766e-06
random,37,2006,0.5837688972220586,0.149220166900275,0.8203220113110793,0.06896248001137081,0.34119007167192744,0.30128557305552206,-2.2418889192143774,2.2418889192143774,10.580855175664473,9.843000714652124e-08,0.0,2.973550738971653e-09,3.2140736272618857e-06
random,37,2007,0.5837688971885675,0.14922016714496736,0.8203220126562495,0.06896248024539153,0.3411900728297389,0.3012854445573267,-2.2418890458147294,2.2418890458147294,10.467179673051797,8.482261648021388e-09,1.3877787807814457e-17,3.3491098783144935e-11,1.0546179089453063e-07
random,37,2008,0.5837688970197543,0.14922016694254578,0.8203220115434583,0.06896248029364149,0.3411900730684543,0.3012854713797953,-2.2418890182798403,2.2418890182798403,10.566819635505972,3.507945644852312e-09,0.0,1.6881318565253878e-10,1.1073488043925716e-07
random,37,2009,0.5837688969214642,0.14922016681432657,0.8203220108385868,0.06896248036185518,0.3411900734059397,0.30128547992008914,-2.2418890110714313,2.2418890110714313,10.56440671733985,3.383700678167426e-09,0.0,9.82901537938119e-11,1.1627162446122002e-07
random,37,2010,0.583768896818948,0.14922016668250376,0.8203220101139049,0.06896248043503413,0.34119007376799065,0.3012854878000199,-2.2418890045391033,2.2418890045391033,10.563562101402221,3.5405231493070984e-09,0.0,1.0251621773704755e-10,1.2208520568428102e-07
random,37,2011,0.5837688967119017,0.14922016654697615,0.8203220093688564,0.0689624805134704,0.34119007415605207,0.30128549494475154,-2.241888998757046,2.241888998757046,10.56273547514165,3.7066915082210514e-09,0.0,1.0704626074442558e-10,1.2818946596849507e-07
random,37,2012,0.5837688965999931,0.1492201664075657,0.8203220086024622,0.06896248059743082,0.34119007457144407,0.3012855013039942,-2.2418889937761715,2.2418889937761715,10.561946647867009,3.882953454594244e-09,0.0,1.1190859350307392e-10,1.3459893926691982e-07
random,37,2013,0.5837688964828688,0.14922016626399848,0.8203220078132166,0.06896248068714737,0.3411900750153144,0.3012855068603233,-2.241888989616137,2.241888989616137,10.561216442130963,4.069948049670721e-09,0.0,1.1712431025046044e-10,1.4132888623026582e-07
random,37,2014,0.5837688963601635,0.1492201661158935,0.8203220069990252,0.06896248078281204,0.34119007548861285,0.3012855116344417,-2.241888986260272,2.241888986260272,10.560564068301355,4.268166532001037e-09,0.0,1.2270529037294864e-10,1.4839533054177911e-07
random,37,2015,0.5837688962315083,0.1492201659627642,0.8203220061572132,0.06896248088457839,0.34119007599209916,0.30128551568521034,-2.241888983655521,2.241888983655521,10.560004072171076,4.477953640571228e-09,0.0,1.2865519760651978e-10,1.5581509706886807e-07
random,37,2016,0.5837688960965357,0.14922016580403394,0.8203220052846104,0.0689624809925713,0.3411900765263913,0.30128551910349277,-2.2418889817183056,2.2418889817183056,10.559543780785312,4.699554584074102e-09,0.0,1.3497258866124184e-10,1.6360585192231147e-07
random,37,2017,0.5837688959548809,0.14922016563906296,0.8203220043777,0.06896248110690287,0.34119007709204374,0.30128552200090963,-2.2418889803452773,2.2418889803452773,10.55918222054081,4.933189751649399e-09,0.0,1.4165479900185574e-10,1.7178614451842704e-07
random,37,2018,0.5837688958061784,0.1492201654671796,0.8203220034327895,0.06896248122769093,0.3411900776896395,0.3012855244964027,-2.2418889794261783,2.2418889794261783,10.558910952807754,5.1791267847724035e-09,0.0,1.4870249476217623e-10,1.803754517443484e-07
random,37,2019,0.583768895650058,0.1492201652877082,0.8203220024461646,0.0689624813550755,0.34119007831987136,0.3012855267039978,-2.241888978855563,2.241888978855563,10.55871643992799,5.437725095542027e-09,0.0,1.561204499012092e-10,1.8939422433156583e-07
random,37,2020,0.5837688954861391,0.1492201650999882,0.8203220014141939,0.0689624814892307,0.3411900789836007,0.30128552872417746,-2.2418889785410743,2.2418889785410743,10.558582979200576,5.709447757351267e-09,0.0,1.6391887847078124e-10,1.9886393554814414e-07
random,37,2021,0.5837688953140274,0.14922016490338258,0.8203220003333753,0.06896248163037073,0.34119007968188736,0.30128553063960406,-2.2418889784075557,2.2418889784075557,10.558495250918174,5.994851134808714e-09,0.0,1.7211165825870012e-10,2.0880713232555134e-07
random,37,2022,0.5837688951333113,0.14922016469727784,0.8203219992003364,0.06896248177875108,0.34119008041599524,0.30128553251455126,-2.2418889783976113,2.2418889783976113,10.558439963507311,6.294566786087787e-09,0.0,1.8071610874415e-10,2.1924748894182893e-07
random,37,2023,0.5837688949435599,0.14922016448107794,0.8203219980118005,0.06896248193466673,0.3411900811873838,0.301285534396776,-2.241888978469833,2.241888978469833,10.558406560174722,6.609285393982905e-09,1.3877787807814457e-17,1.8975143678545692e-10,2.302098633889204e-07
random,37,2024,0.5837688947443211,0.14922016425419576,0.8203219967645398,0.06896248209844878,0.3411900819976913,0.30128553632056426,-2.241888978595901,2.241888978595901,10.558387231637912,6.939746366578071e-09,0.0,1.9923873662008873e-10,2.4172035655836644e-07
random,37,2025,0.5837688945351205,0.1492201640160436,0.8203219954553236,0.06896248227046091,0.3411900828487168,0.3012855383100243,-2.241888978757447,2.241888978757447,10.558376541330198,7.286732561036658e-09,0.0,2.092006567977478e-10,2.5380637438628477e-07
random,37,2026,0.5837688943154598,0.1492201637660249,0.8203219940808724,0.06896248245109632,0.3411900837424058,0.3012855403820685,-2.2418889789432166,2.2418889789432166,10.558370906374732,7.65106874158387e-09,0.0,2.1966073404655617e-10,2.66496693105599e-07
random,37,2027,0.583768894084816,0.14922016350352685,0.8203219926378172,0.06896248264077534,0.3411900846808378,0.3012855425488448,-2.2418889791467542,2.2418889791467542,10.558368086673891,8.03362191738055e-09,1.3877787807814457e-17,2.30643726339963e-10,2.7982152776087896e-07
random,37,2028,0.5837688938426401,0.14922016322791468,0.8203219911226686,0.06896248283994416,0.34119008566622033,0.30128554481956055,-2.241888979364676,2.241888979364676,10.558366753515097,8.435302774787376e-09,0.0,2.421759459636519e-10,2.9381260414892293e-07
random,37,2029,0.5837688935883554,0.14922016293852694,0.8203219895317903,0.0689624830490741,0.34119008670088524,0.3012855472017645,-2.2418889795954513,2.2418889795954513,10.55836616115376,8.857067663341252e-09,0.0,2.542847044040286e-10,3.0850323435636907e-07
random,37,2030,0.5837688933213565,0.14922016263467205,0.8203219878613803,0.06896248326866165,0.341190087787289,0.301285549702191,-2.241888979838614,2.241888979838614,10.558365915058427,9.299920775535736e-09,0.0,2.6699886745973345e-10,3.2392839607418756e-07
random,37,2031,0.5837688930410077,0.14922016231562538,0.8203219861074551,0.06896248349922895,0.34119008892801467,0.3012855523272839,-2.2418889800942754,2.2418889800942754,10.558365819591499,9.764916507869985e-09,0.0,2.803488552416411e-10,3.40124815877897e-07
random,37,2032,0.5837688927466415,0.14922016198062676,0.8203219842658358,0.0689624837413247,0.34119009012577706,0.3012855550835023,-2.2418889803628437,2.2418889803628437,10.55836578455397,1.0253162005533949e-08,0.0,2.9436619808365094e-10,3.571310566717918e-07
random,37,2033,0.583768892437557,0.14922016162887847,0.8203219823321369,0.06896248399552517,0.34119009138342726,0.30128555797748896,-2.241888980644882,2.241888980644882,10.558365771506601,1.0765819735122136e-08,0.0,3.0908442472110664e-10,3.749876095053814e-07
random,37,2034,0.5837688921130181,0.14922016125954285,0.8203219803017536,0.06896248426243554,0.34119009270395934,0.30128556101616305,-2.2418889809410336,2.2418889809410336,10.558365765665734,1.1304110315706266e-08,0.0,3.2453895126849375e-10,3.937369899806505e-07
random,37,2035,0.5837688917722526,0.14922016087174067,0.8203219781698523,0.0689624845426913,0.3411900940905174,0.30128556420676805,-2.2418889812519973,2.2418889812519973,10.55836576175728,1.1869315379073462e-08,0.0,3.407655269072052e-10,4.13423839479683e-07
random,37,2036,0.5837688914144485,0.14922016046454847,0.8203219759313565,0.06896248483695969,0.34119009554640256,0.3012855675569028,-2.24188898157851,2.24188898157851,10.55836575822332,1.246278066330839e-08,0.0,3.57804008643825e-10,4.3409503145366717e-07
random,37,2037,0.5837688910387545,0.14922016003699684,0.8203219735809368,0.06896248514594133,0.34119009707508124,0.30128557107454457,-2.241888981921349,2.241888981921349,10.558365754618835,1.3085919160160602e-08,0.0,3.756940314403323e-10,4.5579978302635056e-07
random,37,2038,0.5837688906442758,0.14922015958806784,0.8203219711129973,0.06896248547037188,0.3411900986801929,0.30128557476806855,-2.2418889822813313,2.2418889822813313,10.55836575086066,1.374021451703865e-08,0.0,3.9447867195008257e-10,4.785897721776681e-07
random,37,2039,0.5837688902300733,0.1492201591166926,0.8203219685216621,0.06896248581102374,0.3411901003655591,0.30128557864626937,-2.2418889826593134,2.2418889826593134,10.55836574693816,1.4427224583548054e-08,0.0,4.142025611386657e-10,5.025192607865516e-07
random,37,2040,0.5837688897951605,0.14922015862174876,0.8203219658007609,0.06896248616870795,0.3411901021351924,0.3012855827183804,-2.241888983056196,2.241888983056196,10.558365742777537,1.514858509240116e-08,1.3877787807814457e-17,4.3491277246232585e-10,5.276452238258791e-07
random,37,2041,0.583768889338502,0.149220158102058,0.8203219629438161,0.06896248654427611,0.34119010399330607,0.30128558699409735,-2.241888983472923,2.241888983472923,10.55836573842603,1.5906013546844746e-08,0.0,4.5665848880105386e-10,5.540274850171731e-07
random,37,2042,0.5837688888590109,0.14922015755638296,0.8203219599440256,0.06896248693862242,0.34119010594432414,0.30128559148360073,-2.241888983910488,2.241888983910488,10.558365733891101,1.6701313337297492e-08,0.0,4.794911134808899e-10,5.817288592680319e-07
random,37,2043,0.5837688883555452,0.14922015698342447,0.8203219567942472,0.06896248735268574,0.3411901079928917,0.30128559619757983,-2.2418889843699326,2.2418889843699326,10.558365729086354,1.753637802633643e-08,0.0,5.034657135638554e-10,6.108153022314335e-07
random,37,2044,0.5837688878269064,0.1492201563818184,0.8203219534869818,0.06896248778745188,0.3411901101438858,0.3012856011472584,-2.241888984852351,2.241888984852351,10.558365724046924,1.8413195859520824e-08,0.0,5.286387994019037e-10,6.413560673430052e-07
random,37,2045,0.5837688872718356,0.14922015575013237,0.8203219500143549,0.06896248824395596,0.3411901124024278,0.3012856063444214,-2.2418889853588917,2.2418889853588917,10.558365718757287,1.9333854471653977e-08,0.0,5.550707671275745e-10,6.734238707101556e-07
random,37,2046,0.5837688866890113,0.14922015508686243,0.8203219463680989,0.06896248872328482,0.3411901147738949,0.3012856118014433,-2.2418889858907614,2.2418889858907614,10.558365713225463,2.0300545890707013e-08,0.0,5.828243443417591e-10,7.070950642456633e-07
random,37,2047,0.5837688860770459,0.1492201543904294,0.8203219425395324,0.06896248922657969,0.34119011726393306,0.30128561753131716,-2.241888986449226,2.241888986449226,10.558365707403079,2.1315571746048683e-08,0.0,6.119653672698178e-10,7.424498174579465e-07
random,37,2048,0.5837688854344824,0.14922015365917524,0.8203219385195403,0.06896248975503877,0.3411901198784706,0.30128562354768523,-2.2418889870356167,2.2418889870356167,10.558365701263694,2.2381348746736688e-08,0.0,6.425635579176969e-10,7.795723083308439e-07
random,37,2049,0.5837688847597908,0.14922015289135893,0.8203219342985517,0.06896249030992027,0.3411901226237324,0.30128562986487306,-2.241888987651329,2.241888987651329,10.55836569488387,2.350041443873812e-08,0.0,6.746915248712071e-10,8.185509237473861e-07
random,37,2050,0.5837688840513646,0.14922015208515235,0.8203219298665168,0.06896249089254522,0.3411901255062541,0.30128563649792095,-2.2418889882978297,2.2418889882978297,10.558365688097997,2.467543323718214e-08,0.0,7.084262065859548e-10,8.594784699347555e-07
random,37,2051,0.5837688833075174,0.14922015123863608,0.8203219252128835,0.06896249150430078,0.3411901285328988,0.30128564346262254,-2.2418889889766582,2.2418889889766582,10.558365681035426,2.590920277579877e-08,0.0,7.438472060528056e-10,9.024523934314933e-07
random,37,2052,0.583768882526478,0.14922015034979474,0.8203219203265727,0.06896249214664335,0.3411901317108719,0.30128565077556024,-2.241888989689432,2.241888989689432,10.558365673581301,2.7204660572534754e-08,0.0,7.810394553331435e-10,9.475750131030681e-07
random,37,2053,0.5837688817063864,0.14922014941651207,0.8203219151959503,0.06896249282110223,0.34119013504773965,0.30128565845414645,-2.2418889904378467,2.2418889904378467,10.55836566580981,2.8564891015435352e-08,0.0,8.200915502243333e-10,9.949537637582214e-07
random,37,2054,0.5837688808452908,0.14922014843656617,0.8203219098088019,0.06896249352928317,0.34119013855144636,0.30128566651666283,-2.2418889912236875,2.2418889912236875,10.558365657553264,2.9993132723583585e-08,0.0,8.610956392374192e-10,1.0447014519461326e-06
random,37,2055,0.5837688799411405,0.14922014740762393,0.8203219041523012,0.06896249427287215,0.3411901422303335,0.3012856749823076,-2.2418889920488234,2.2418889920488234,10.558365649031332,3.1492786223922246e-08,0.0,9.041503101769877e-10,1.0969365245434394e-06
random,37,2056,0.5837688789917828,0.1492201463272356,0.8203218982129812,0.06896249505363951,0.3411901460931596,0.3012856838712354,-2.2418889929152224,2.2418889929152224,10.558365639897175,3.306742207554694e-08,0.0,9.493577035613043e-10,1.1517833507706114e-06
random,37,2057,0.5837688779949575,0.14922014519282903,0.8203218919767017,0.06896249587344401,0.341190150149121,0.30128569320461296,-2.2418889938249444,2.2418889938249444,10.55836563052963,3.472078936527366e-08,0.0,9.96825288979153e-10,1.209372518309142e-06
random,37,2058,0.5837688769482912,0.14922014400170341,0.8203218854286152,0.06896249673423742,0.3411901544078739,0.30128570300465934,-2.241888994780161,2.241888994780161,10.558365620397959,3.645682463046152e-08,0.0,1.0466663091790451e-09,1.2698411442245993e-06
random,37,2059,0.5837688758492918,0.1492201427510229,0.820321878553132,0.06896249763806903,0.3411901588795573,0.301285713294714,-2.241888995783141,2.241888995783141,10.558365610184154,3.827966122193363e-08,0.0,1.098999335980011e-09,1.3333332014358294e-06
random,37,2060,0.5837688746953427,0.14922014143780996,0.8203218713338832,0.06896249858709061,0.3411901635748168,0.301285724099268,-2.241888996836283,2.241888996836283,10.558365598808537,4.0193639182116666e-08,0.0,1.1539491584500183e-09,1.3999998615076209e-06
random,37,2061,0.5837688734836965,0.14922014005893802,0.8203218637536813,0.06896249958356146,0.34119016850483036,0.30128573544406434,-2.2418889979420786,2.2418889979420786,10.558365587973057,4.220331550212114e-08,0.0,1.2116461167721582e-09,1.469999854583002e-06
random,37,2062,0.5837688722114683,0.14922013861112443,0.82032185579448,0.06896250062985393,0.34119017368133503,0.30128574735607927,-2.241888999103196,2.241888999103196,10.558365574462849,4.431347507394277e-08,0.0,1.2722282116683914e-09,1.543499847312152e-06
random,37,2063,0.5837688708756292,0.14922013709092213,0.8203218474373294,0.06896250172845879,0.34119017911665395,0.3012857598637533,-2.241889000322326,2.241889000322326,10.55836556475503,4.652914198533981e-08,0.0,1.3358391059981045e-09,1.6206748396777597e-06
random,37,2064,0.5837688694729986,0.14922013549471233,0.8203218386623357,0.06896250288199167,0.3411901848237278,0.30128577299668297,-2.2418890016025497,2.2418890016025497,10.558365544502161,4.885559153355055e-08,0.0,1.4026306782710662e-09,1.7017085816616478e-06
random,37,2065,0.5837688680002369,0.14922013381869376,0.8203218294486015,0.06896250409319811,0.3411901908161401,0.301285786786605,-2.241889002946469,2.241889002946469,10.558365547482792,5.129836278060479e-08,0.0,1.472761690379798e-09,1.7867940107447303e-06
random,37,2066,0.5837688664538376,0.1492201320588793,0.8203218197742086,0.06896250536496325,0.34119019710816495,0.3012858012650809,-2.2418890043585025,2.2418890043585025,10.558365487890956,5.38632717473315e-08,0.0,1.5463992308895058e-09,1.8761337112819668e-06
random,37,2067,0.583768864830119,0.1492201302110704,0.8203218096160755,0.06896250670030966,0.3411902037147565,0.30128581647029495,-2.2418890058384653,2.2418890058384653,10.558365599179849,5.6556425219388124e-08,0.0,1.623718604015778e-09,1.969940396846065e-06
random,37,2068,0.5837688631252149,0.14922012827089604,0.8203217989501731,0.06896250810243185,0.34119021065171945,0.30128583242687196,-2.241889007400954,2.241889007400954,10.558365200378095,5.938423532753092e-08,0.0,1.7049041067807025e-09,2.0684374166883686e-06
random,37,2069,0.5837688613350667,0.14922012623364359,0.8203217877505943,0.06896250957461574,0.34119021793531085,0.30128584921140567,-2.2418890090127883,2.2418890090127883,10.558366415976684,6.235343482234621e-08,0.0,1.790148251856749e-09,2.171859287522787e-06
random,37,2070,0.5837688594554115,0.14922012409479646,0.8203217759925094,0.06896251112055067,0.34119022558378365,0.3012858667265026,-2.241889010809121,2.241889010809121,10.558362162702622,6.54710932628436e-08,0.0,1.8796552092581464e-09,2.2804522518989266e-06
random,37,2071,0.583768857481775,0.14922012184799793,0.8203217636409733,0.06896251274321633,0.34119023361187967,0.30128588553484936,-2.241889012296173,2.241889012296173,10.558377639103359,6.874463657274816e-08,0.0,1.9736364764710856e-09,2.394474864493873e-06
random,37,2072,0.5837688554094631,0.1492201194930171,0.8203217506947165,0.06896251444930959,0.34119024205273163,0.30128590357390267,-2.241889015492063,2.241889015492063,10.558317161444078,7.218191138467071e-08,0.0,2.0723118776544425e-09,2.514198607718567e-06
random,37,2073,0.5837688532336475,0.14922011700235466,0.8203217370025643,0.06896251623076831,0.34119025086645216,0.3012859299139311,-2.241889011773849,2.241889011773849,10.558565881864608,7.579207345112085e-08,0.0,2.175815638771894e-09,2.6399085381044952e-06
random,37,2074,0.5837688509514187,0.14922011447286998,0.8203217230969911,0.0689625181487539,0.3411902603556359,0.30128592251051645,-2.2418890413769894,2.2418890413769894,10.557434319506852,7.960653415501697e-08,0.0,2.282228739325376e-09,2.77190396500972e-06
random,37,2075,0.5837688485821018,0.14922011154730624,0.8203217070140153,0.06896252001333056,0.34119026958058024,0.3012860284803923,-2.2418889636030035,2.2418889636030035,10.562064540107107,8.375029660253004e-08,0.0,2.369316964845325e-09,2.9104991632602064e-06
random,37,2076,0.5837688485452222,0.14922011176889532,0.8203217082321778,0.0689625202252425,0.3411902706290091,0.3012859114628784,-2.241889078901888,2.241889078901888,10.467178715870123,7.68113527164587e-09,0.0,3.6879610476603375e-11,9.550075379447553e-08
random,37,2077,0.5837688483940361,0.14922011158840787,0.8203217072399671,0.06896252027048741,0.3411902708528571,0.3012859347623945,-2.241889054906352,2.241889054906352,10.565787494156538,3.160538546362653e-09,0.0,1.511860636682627e-10,1.002757914841993e-07
random,37,2078,0.5837688483056399,0.14922011147488284,0.8203217066158753,0.06896252033368079,0.34119027116550465,0.3012859414949936,-2.2418890493331425,2.2418890493331425,10.563506723187404,3.052787160628183e-09,0.0,8.839617926525989e-11,1.0528958105840928e-07
random,37,2079,0.5837688482132672,0.1492201113578046,0.8203217059722502,0.06896252040120948,0.3411902714996011,0.30128594773415096,-2.2418890442728685,2.2418890442728685,10.56280172334825,3.1974303638185115e-09,0.0,9.237266507255981e-11,1.1055406011132974e-07
random,37,2080,0.5837688481166572,0.14922011123703233,0.8203217053083174,0.06896252047331067,0.34119027185631984,0.30128595343386094,-2.241889039771843,2.241889039771843,10.562118916205847,3.3503281311254145e-09,0.0,9.661005329064665e-11,1.1608176311689623e-07
random,37,2081,0.5837688480155313,0.14922011111237016,0.8203217046230004,0.06896252055020674,0.3411902722367612,0.3012859585650562,-2.2418890358603263,2.2418890358603263,10.561472262434997,3.512021087567896e-09,0.0,1.0112588544330947e-10,1.2188585127274106e-07
random,37,2082,0.5837688479095956,0.14922011098355736,0.8203217039148657,0.06896252063210084,0.3411902726419301,0.3012859631197717,-2.2418890325485323,2.2418890325485323,10.560875598826426,3.6829933000899647e-09,0.0,1.0593570465289304e-10,1.2798014383637812e-07
random,37,2083,0.5837688477985459,0.1492201108502635,0.8203217031820969,0.06896252071917473,0.3411902730727259,0.3012859671134543,-2.2418890298244056,2.2418890298244056,10.56034108507423,3.863660170954243e-09,0.0,1.110497249712239e-10,1.3437915102819705e-07
random,37,2084,0.5837688476820715,0.1492201107120896,0.8203217024225006,0.0689625208115906,0.341190273529951,0.30128597058456347,-2.2418890276539862,2.2418890276539862,10.559877597866402,4.054374609838638e-09,0.0,1.1647438569184487e-10,1.4109810857960692e-07
random,37,2085,0.5837688475598567,0.1492201105685765,0.8203217016335526,0.06896252090949635,0.34119027401433716,0.3012859735911809,-2.24188902598465,2.24188902598465,10.55948949779036,4.255451349853448e-09,0.0,1.2221479384066924e-10,1.4815301400858726e-07
random,37,2086,0.5837688474315825,0.14922011041921862,0.8203217008124735,0.06896252101303435,0.3411902745265887,0.3012859762051506,-2.241889024750707,2.241889024750707,10.559176155090576,4.467201609239833e-09,0.0,1.2827416906446842e-10,1.5556066470901663e-07
random,37,2087,0.583768847296924,0.1492201102634801,0.8203216999563174,0.06896252112235131,0.3411902750674315,0.3012859785049636,-2.2418890238802183,2.2418890238802183,10.55893238998698,4.689966731625893e-09,0.0,1.3465850656757539e-10,1.6333869794446746e-07
random,37,2088,0.5837688471555486,0.14922011010081057,0.8203216990620591,0.06896252123760804,0.3411902756376612,0.30128598056884903,-2.241889023301612,2.241889023301612,10.558749665064397,4.924141613806546e-09,0.0,1.4137546688886005e-10,1.7150563284169083e-07
random,37,2089,0.5837688470071121,0.14922010993065699,0.8203216981266578,0.06896252135898719,0.3411902762381813,0.3012859824692625,-2.241889022948974,2.241889022948974,10.558617636597468,5.170184398989099e-09,0.0,1.4843648532547604e-10,1.800809144837754e-07
random,37,2090,0.5837688468512575,0.14922010975247085,0.8203216971470985,0.06896252148669837,0.3411902768700291,0.30128598426936987,-2.2418890227654193,2.2418890227654193,10.558525637986497,5.428615644214352e-09,0.0,1.558545514868115e-10,1.8908496020796418e-07
random,37,2091,0.5837688466876119,0.14922010956571086,0.8203216961204053,0.06896252162098081,0.34119027753438796,0.3012859860215258,-2.2418890227045662,2.2418890227045662,10.558463801594321,5.700011845092986e-09,0.0,1.6364565258442099e-10,1.985392082183624e-07
random,37,2092,0.5837688465157845,0.14922010936984115,0.8203216950436323,0.06896252176210373,0.3411902782325899,0.3012859877673455,-2.2418890227304784,2.2418890227304784,10.558423717693605,5.984998108869707e-09,0.0,1.7182733014209361e-10,2.0846616862928053e-07
random,37,2093,0.5837688463353662,0.14922010916432768,0.8203216939138439,0.06896252191036566,0.3411902789661119,0.3012859895388203,-2.241889022816608,2.241889022816608,10.55839867849702,6.284242421716873e-09,0.0,1.8041834692894554e-10,2.1888947706074458e-07
random,37,2094,0.5837688461459268,0.14922010894863308,0.8203216927280857,0.06896252206609296,0.34119027973656874,0.30128599135996104,-2.2418890229442408,2.2418890229442408,10.558383627206666,6.598452468401946e-09,0.0,1.8943935309323479e-10,2.298339509137818e-07
random,37,2095,0.5837688459470157,0.14922010872221106,0.8203216914833548,0.0689625222296383,0.34119028054570505,0.3012859932485776,-2.2418890231007986,2.2418890231007986,10.558374939375057,6.928374306560868e-09,0.0,1.9891110980552185e-10,2.413256484594709e-07
random,37,2096,0.5837688457381589,0.14922010848450123,0.8203216901765702,0.06896252240137926,0.34119028139538893,0.30128599521794097,-2.241889023278267,2.241889023278267,10.558370137400145,7.2747926632546006e-09,0.0,2.0885682072702139e-10,2.5339193088244446e-07
random,37,2097,0.5837688455188594,0.14922010823492432,0.8203216888045477,0.0689625225817174,0.34119028228760717,0.3012859972781976,-2.24188902347185,2.24188902347185,10.55836760471456,7.638532062519859e-09,0.0,2.1929946747434315e-10,2.660615274265667e-07
random,37,2098,0.583768845288595,0.14922010797287835,0.8203216873639778,0.06896252277107771,0.3411902832244624,0.30128599943748374,-2.2418890236789206,2.2418890236789206,10.55836633523488,8.020458445477588e-09,0.0,2.3026447415475104e-10,2.793646037978951e-07
random,37,2099,0.5837688450468174,0.14922010769773494,0.8203216858514062,0.06896252296990865,0.34119028420817327,0.30128600170275527,-2.241889023898237,2.241889023898237,10.558365733316087,8.421481139971208e-09,0.0,2.417775979424164e-10,2.9333283398778986e-07
random,37,2100,0.5837688447929505,0.14922010740883662,0.8203216842632183,0.06896252317868229,0.3411902852410754,0.3012860040803676,-2.241889024129402,2.241889024129402,10.558365464545378,8.842554951270984e-09,0.0,2.538668164575597e-10,3.0799947568717936e-07
random,37,2101,0.5837688445263908,0.14922010710549452,0.8203216825956273,0.06896252339789508,0.341190286325625,0.30128600657645926,-2.24188902437251,2.24188902437251,10.558365351731513,9.284682418511081e-09,0.0,2.665597742534942e-10,3.2339944947153833e-07
random,37,2102,0.5837688442465029,0.14922010678698577,0.8203216808446594,0.06896252362806861,0.3411902874644025,0.301286009197195,-2.241889024627927,2.241889024627927,10.558365306975372,9.74891625068287e-09,0.0,2.7988789064181674e-10,3.3956942194511527e-07
random,37,2103,0.5837688439526206,0.14922010645255182,0.8203216790061443,0.0689625238697508,0.34119028866011886,0.3012860119489086,-2.241889024896171,2.241889024896171,10.55836528946974,1.0236361729602448e-08,0.0,2.9388225186721684e-10,3.5654789304237106e-07
random,37,2104,0.5837688436440442,0.14922010610139633,0.8203216770757042,0.068962524123517,0.3411902899156205,0.3012860148381888,-2.241889025177847,2.241889025177847,10.55836528193772,1.0748179450413481e-08,0.0,3.0857638666503817e-10,3.743752876944896e-07
random,37,2105,0.5837688433200392,0.1492201057326832,0.8203216750487431,0.0689625243899714,0.3411902912338967,0.30128601787192755,-2.2418890254736126,2.2418890254736126,10.558365277559753,1.1285588018550454e-08,0.0,3.240050450159515e-10,3.930940520792141e-07
random,37,2106,0.5837688429798338,0.14922010534553454,0.8203216729204343,0.06896252466974838,0.34119029261808603,0.3012860210573518,-2.2418890257841686,2.2418890257841686,10.558365274016984,1.1849866975159683e-08,0.0,3.402054193912818e-10,4.127487546831748e-07
random,37,2107,0.5837688426226181,0.14922010493902862,0.8203216706857113,0.06896252496351404,0.341190294071484,0.30128602440204755,-2.241889026110253,2.241889026110253,10.558365270577386,1.2442359836288235e-08,0.0,3.5721570146307613e-10,4.3338619241733355e-07
random,37,2108,0.5837688422475419,0.14922010451219758,0.820321668339253,0.06896252527196783,0.34119029559755104,0.3012860279139783,-2.2418890264526423,2.2418890264526423,10.558365266991766,1.3064477280800654e-08,0.0,3.750761923271284e-10,4.550555020382003e-07
random,37,2109,0.5837688418537117,0.14922010406402514,0.8203216658754726,0.06896252559584412,0.34119029719992056,0.30128603160150563,-2.241889026812153,2.241889026812153,10.558365263226907,1.3717700556355535e-08,0.0,3.93830190681399e-10,4.778082771401103e-07
random,37,2110,0.5837688414401901,0.1492201035934443,0.8203216632885044,0.06896252593591402,0.34119029888240754,0.30128603547340993,-2.2418890271896386,2.2418890271896386,10.558365259315044,1.4403584921343503e-08,0.0,4.1352155033536064e-10,5.016986909971159e-07
random,37,2111,0.5837688410059924,0.1492201030993346,0.8203216605721888,0.06896252629298719,0.3411903006490177,0.3012860395389097,-2.2418890275860006,2.2418890275860006,10.558365255169765,1.5123763453412807e-08,0.0,4.3419778883446725e-10,5.267836255469717e-07
random,37,2112,0.5837688405500847,0.14922010258051965,0.8203216577200588,0.06896252666791375,0.3411903025039571,0.301286043807685,-2.241889028002181,2.241889028002181,10.55836525084143,1.5879950819044922e-08,0.0,4.5590764496949987e-10,5.531228068243204e-07
random,37,2113,0.583768840071382,0.14922010203576425,0.8203216547253239,0.06896252706158636,0.34119030445164206,0.30128604828989924,-2.2418890284391724,2.2418890284391724,10.558365246263739,1.6673947480544804e-08,0.0,4.787027441111036e-10,5.807789471655364e-07
random,37,2114,0.5837688395687441,0.1492201014637714,0.820321651580854,0.06896252747494229,0.3411903064967097,0.30128605299622496,-2.2418890288980142,2.2418890288980142,10.558365241502178,1.750764389575904e-08,0.0,5.026378202543924e-10,6.098178945238132e-07
random,37,2115,0.5837688390409743,0.14922010086317916,0.820321648279162,0.0689625279089657,0.34119030864402927,0.30128605793786734,-2.2418890293798,2.2418890293798,10.558365236469427,1.8383025014451316e-08,0.0,5.277698278405296e-10,6.403087892500038e-07
random,37,2116,0.5837688384868163,0.14922010023255775,0.8203216448123878,0.06896252836468991,0.3411903108987129,0.3012860631265927,-2.2418890298856757,2.2418890298856757,10.558365231208525,1.9302175099127246e-08,0.0,5.541580527790302e-10,6.72324228712504e-07
random,37,2117,0.5837688379049502,0.1492200995704056,0.8203216411722767,0.0689625288431999,0.34119031326612853,0.30128606857475493,-2.241889030416848,2.241889030416848,10.558365225660857,2.0267282556817562e-08,0.0,5.818661108492051e-10,7.059404401481293e-07
random,37,2118,0.583768837293991,0.1492200988751463,0.8203216373501626,0.06896252934563495,0.3411903157519129,0.30128607429532567,-2.2418890309745807,2.2418890309745807,10.558365219824994,2.1280645241248324e-08,0.0,6.109591721426e-10,7.412374621555357e-07
random,37,2119,0.5837688366524839,0.14922009814512455,0.8203216333369455,0.06896252987319124,0.3411903183619839,0.3012860803019264,-2.241889031560202,2.241889031560202,10.558365213772424,2.2344675928144526e-08,0.0,6.415070696874636e-10,7.782993352633125e-07
random,37,2120,0.5837688359789016,0.1492200973786022,0.8203216291230704,0.0689625304271248,0.34119032110255576,0.3012860866088572,-2.2418890321751066,2.2418890321751066,10.558365207297886,2.34619079848849e-08,0.0,6.735823010473041e-10,8.172143020264782e-07
random,37,2121,0.5837688352716404,0.14922009657375435,0.8203216246985049,0.06896253100875444,0.3411903239801532,0.3012860932311366,-2.241889032820759,2.241889032820759,10.558365200647664,2.463500146810664e-08,0.0,7.072612495662156e-10,8.580750171278022e-07
random,37,2122,0.5837688345290162,0.14922009572866474,0.8203216200527146,0.06896253161946488,0.34119032700162716,0.30128610018453017,-2.2418890334986976,2.2418890334986976,10.558365193499021,2.5866749432100466e-08,1.3877787807814457e-17,7.426241843688786e-10,9.009787679841923e-07
random,37,2123,0.5837688337492607,0.14922009484132132,0.8203216151746383,0.06896253226071009,0.3411903301741711,0.30128610748559514,-2.2418890342105358,2.2418890342105358,10.558365186141442,2.716008457679401e-08,0.0,7.797554824051645e-10,9.46027706383402e-07
random,37,2124,0.5837688329305177,0.14922009390961155,0.8203216100526629,0.06896253293401677,0.3411903335053384,0.30128611515171455,-2.24188903495797,2.24188903495797,10.55836517831935,2.851808623094675e-08,0.0,8.187429623163212e-10,9.933290917025722e-07
random,37,2125,0.5837688320708377,0.1492200929313171,0.8203216046745931,0.0689625336409879,0.34119033700305956,0.30128612320114145,-2.241889035742779,2.241889035742779,10.558365170142785,2.9943987713684947e-08,0.0,8.596799938587196e-10,1.0429955462877008e-06
random,37,2126,0.5837688311681741,0.14922009190410895,0.8203215990276255,0.06896253438330657,0.3411903406756619,0.3012861316530411,-2.241889036566833,2.241889036566833,10.558365161540392,3.144118396530037e-08,0.0,9.026636105247121e-10,1.095145323602086e-06
random,37,2127,0.5837688302203772,0.14922009082554138,0.8203215930983149,0.06896253516274009,0.3411903445318889,0.3012861405275382,-2.2418890374320943,2.2418890374320943,10.55836515256914,3.301323971906422e-08,0.0,9.477969520332863e-10,1.1499025897821902e-06
random,37,2128,0.5837688292251909,0.14922008969304662,0.8203215868725453,0.06896253598114409,0.34119034858092134,0.30128614984576085,-2.241889038340625,2.241889038340625,10.55836514300378,3.4663897917199855e-08,0.0,9.951862667278988e-10,1.2073977192712997e-06
random,37,2129,0.5837688281802454,0.14922008850392837,0.8203215803354941,0.06896253684046695,0.3411903528323988,0.3012861596298989,-2.241889039294586,2.241889039294586,10.558365133213176,3.6397088630615175e-08,0.0,1.0449454634908761e-09,1.2677676052348647e-06
random,37,2130,0.5837688270830531,0.14922008725535565,0.8203215734715982,0.06896253774275451,0.341190357296443,0.30128616990324275,-2.241889040296255,2.241889040296255,10.558365122524481,3.8216938446831364e-08,0.0,1.097192336985131e-09,1.331155985496608e-06
random,37,2131,0.5837688259310013,0.14922008594435582,0.8203215662645159,0.06896253869015484,0.3411903619836814,0.3012861806902628,-2.2418890413480073,2.2418890413480073,10.558365111968168,4.0127780279884074e-08,0.0,1.152051787300934e-09,1.3977137847714384e-06
random,37,2132,0.5837688247213473,0.14922008456780772,0.820321558697089,0.06896253968492341,0.341190366905273,0.30128619201662443,-2.2418890424523674,2.2418890424523674,10.55836509971611,4.213416367840858e-08,0.0,1.2096540435990732e-09,1.4675994740100104e-06
random,37,2133,0.583768823451211,0.14922008312243404,0.8203215507513009,0.06896254072942842,0.3411903720729343,0.3012862039093331,-2.2418890436119296,2.2418890436119296,10.558365089112886,4.4240865690176017e-08,0.0,1.2701363294453927e-09,1.540979447710511e-06
random,37,2134,0.5837688221175681,0.14922008160479389,0.8203215424082353,0.06896254182615659,0.3411903774989683,0.30128621639662345,-2.2418890448295334,2.2418890448295334,10.558365073267153,4.645290216175983e-08,1.3877787807814457e-17,1.333642862810791e-09,1.6180284200960366e-06
random,37,2135,0.5837688207172436,0.14922008001127368,0.8203215336480273,0.06896254297771862,0.34119038319629136,0.3012862295084193,-2.2418890461078975,2.2418890461078975,10.558365067123832,4.877553974825811e-08,0.0,1.4003245230043149e-09,1.6989298411008385e-06
random,37,2136,0.5837688192469034,0.14922007833808085,0.8203215244498275,0.0689625441868566,0.34119038917847005,0.3012862432754562,-2.2418890474505284,2.2418890474505284,10.558365035530521,5.1214308443625086e-08,0.0,1.470340182940788e-09,1.7838763331558805e-06
random,37,2137,0.5837688177030467,0.14922007658122877,0.8203215147917199,0.06896254545644728,0.34119039545973684,0.30128625773182593,-2.24188904885937,2.24188904885937,10.558365067164619,5.377501474174949e-08,1.3877787807814457e-17,1.5438567091408117e-09,1.8730701498136746e-06
random,37,2138,0.5837688160819976,0.14922007473654417,0.8203215046507624,0.06896254678951816,0.34119040205507023,0.3012862729081304,-2.2418890503414297,2.2418890503414297,10.558364921181612,5.6463755414454776e-08,1.3877787807814457e-17,1.6210490727530669e-09,1.9667236573043583e-06
random,37,2139,0.5837688143798968,0.14922007279960653,0.8203214940026535,0.06896254818922683,0.34119040898009234,0.30128628885239217,-2.241889051888873,2.241889051888873,10.558365298208361,5.928693208270421e-08,0.0,1.702100793643524e-09,2.0650598401695764e-06
random,37,2140,0.5837688125926916,0.1492200707659006,0.8203214828225712,0.0689625496589585,0.3411904162515515,0.30128630556303215,-2.24188905354319,2.24188905354319,10.558364017024147,6.225126647398029e-08,0.0,1.7872051616407703e-09,2.1683128321780552e-06
random,37,2141,0.5837688107161272,0.149220068630244,0.820321471082026,0.06896255120202323,0.341190423885824,0.3012863232202155,-2.2418890551741213,2.2418890551741213,10.55836833244808,6.536381655551456e-08,0.0,1.8765644593798925e-09,2.276728473786958e-06
random,37,2142,0.5837688087457354,0.149220066388843,0.8203214587601622,0.06896255282280901,0.3411904319046194,0.3012863413344725,-2.241889057293675,2.241889057293675,10.558352482091523,6.863199625293103e-08,0.0,1.970391738659316e-09,2.390564897476306e-06
random,37,2143,0.5837688066768311,0.149220064031164,0.8203214457990724,0.06896255452229595,0.3411904403127867,0.30128636209014664,-2.2418890578598845,2.2418890578598845,10.558413901235419,7.206364075715278e-08,0.0,2.068904381147263e-09,2.5100931423501217e-06
random,37,2144,0.5837688045045939,0.14922006157402487,0.8203214322912111,0.06896255631695083,0.341190449191795,0.30128637630907934,-2.24188906569517,2.24188906569517,10.55815808600759,7.566795969657607e-08,0.0,2.1722371679189223e-09,2.635597799467628e-06
random,37,2145,0.5837688022264911,0.14922005891169304,0.8203214176553248,0.06896255815573461,0.34119045828912975,0.30128642542637807,-2.241889041227107,2.241889041227107,10.559247451523031,7.947342891062783e-08,0.0,2.2781028174989615e-09,2.7673776894410092e-06
random,37,2146,0.58376879989556,0.14922005660364313,0.8203214049670656,0.06896256035634817,0.34119046917660795,0.3012862823723107,-2.2418892013299856,2.2418892013299856,10.553115781475732,8.428965763987019e-08,0.0,2.3309311147912126e-09,2.90574657391306e-06
random,37,2147,0.5837687973459808,0.14922005324232346,0.820321386488568,0.06896256214762797,0.34119047803891805,0.30128650822377656,-2.2418890103767897,2.2418890103767897,10.571817092391639,8.87754865758484e-08,0.0,2.549579214417008e-09,3.051033902608713e-06
random,37,2148,0.5837687973105847,0.1492200534746212,0.8203213877656002,0.06896256236976646,0.3411904791379424,0.30128638588133794,-2.241889130917722,2.241889130917722,10.467177707661047,8.052063144254909e-09,0.0,3.539601944879678e-11,1.001120499293484e-07
random,37,2149,0.5837687971512757,0.14922005328402244,0.8203213867178036,0.06896256241641538,0.34119047936873675,0.30128641080054425,-2.241889105294188,2.241889105294188,10.56627657552918,3.320883521810816e-09,0.0,1.5930901042793266e-10,1.0511765242581582e-07
random,37,2150,0.5837687970583216,0.14922005316373804,0.820321386056553,0.06896256248194348,0.3411904796929353,0.30128641835774905,-2.2418890989756495,2.2418890989756495,10.563933258174766,3.205566985573175e-09,0.0,9.2954088870556e-11,1.1037353504710661e-07
random,37,2151,0.5837687969612697,0.14922005303987146,0.8203213853756096,0.06896256255209474,0.34119048004000685,0.3012864253461467,-2.2418890932437776,2.2418890932437776,10.563162661769741,3.3559468634248295e-09,0.0,9.705192205444746e-11,1.1589221179946195e-07
random,37,2152,0.5837687968598398,0.1492200529122981,0.8203213846742886,0.06896256262713049,0.3411904804112443,0.3012864317073323,-2.2418890881568805,2.2418890881568805,10.562412657415333,3.5150830006649634e-09,0.0,1.0142986450745184e-10,1.2168682238943506e-07
random,37,2153,0.5837687967537288,0.14922005278082856,0.8203213839515489,0.06896256270729269,0.34119048080784464,0.3012864374032161,-2.2418890837540104,2.2418890837540104,10.56169983980795,3.683602340485872e-09,0.0,1.0611100886848135e-10,1.2777116350890681e-07
random,37,2154,0.5837687966426173,0.1492200526451954,0.8203213832059199,0.06896256279279747,0.34119048123087736,0.30128644242186475,-2.2418890800493525,2.2418890800493525,10.561041117174424,3.862053073884932e-09,0.0,1.1111156439369552e-10,1.3415972168435217e-07
random,37,2155,0.5837687965261736,0.14922005250504553,0.8203213824354609,0.06896256288383172,0.3411904816812669,0.30128644678097133,-2.2418890770288895,2.2418890770288895,10.560451698563645,4.050882587474451e-09,0.0,1.1644363251406276e-10,1.4086770776856978e-07
random,37,2156,0.5837687964040612,0.1492200523599418,0.8203213816377685,0.06896256298055486,0.34119048215980213,0.3012864505275978,-2.2418890746506213,2.2418890746506213,10.559942895801967,4.250442445405348e-09,0.0,1.221124312777988e-10,1.4791109315699827e-07
random,37,2157,0.5837687962759418,0.14922005220937412,0.8203213808100388,0.06896256308310604,0.3411904826671714,0.30128645373367435,-2.241889072848859,2.241889072848859,10.559520362872634,4.4610216807392885e-09,0.0,1.2811940397483568e-10,1.553066478148482e-07
random,37,2158,0.5837687961414749,0.1492200520527784,0.8203213799491705,0.06896256319161556,0.34119048320401946,0.3012864564879958,-2.2418890715418778,2.2418890715418778,10.55918337879636,4.682896960732652e-09,0.0,1.3446688207352508e-10,1.6307198020559062e-07
random,37,2159,0.5837687960003172,0.149220051889559,0.8203213790518892,0.06896256330621842,0.3411904837710141,0.30128645888655303,-2.2418890706411707,2.2418890706411707,10.558925436539077,4.916381252274582e-09,0.0,1.4115775215373105e-10,1.7122557921587017e-07
random,37,2160,0.5837687958521179,0.1492200517191093,0.82032137811486,0.06896256342706673,0.341190484368908,0.3012864610234001,-2.2418890700602008,2.2418890700602008,10.558735895046299,5.161855859659526e-09,1.3877787807814457e-17,1.4819923066511365e-10,1.7978685817666368e-07
random,37,2161,0.583768795696517,0.14922005154082707,0.8203213771347724,0.0689625635543395,0.3411904849985867,0.3012864629837391,-2.241889069721029,2.241889069721029,10.55860209041064,5.419781846241306e-09,0.0,1.556009765479871e-10,1.8877620108549687e-07
random,37,2162,0.5837687955331392,0.14922005135412242,0.8203213761083834,0.06896256368824814,0.3411904856610962,0.30128646483993643,-2.2418890695581464,2.2418890695581464,10.558511274045197,5.69069588655802e-09,0.0,1.6337775576857894e-10,1.9821501113977173e-07
random,37,2163,0.583768795361594,0.14922005115841966,0.8203213750325282,0.06896256382903883,0.3411904863576544,0.3012864666502611,-2.2418890695196936,2.2418890695196936,10.558451983261186,5.975199277844955e-09,0.0,1.7154522247153636e-10,2.0812576169676033e-07
random,37,2164,0.5837687951814722,0.14922005095315405,0.8203213739041024,0.06896256397699209,0.34119048708964933,0.3012864684596255,-2.241889069566768,2.241889069566768,10.558414753500479,6.273947008183387e-09,0.0,1.8012180635906816e-10,2.1853204978159836e-07
random,37,2165,0.5837687949923444,0.149220050737766,0.8203213727200295,0.06896256413242094,0.34119048785862954,0.30128647030148575,-2.2418890696716165,2.2418890696716165,10.558392288564894,6.587639901665361e-09,0.0,1.8912782451252497e-10,2.294586522706783e-07
random,37,2166,0.5837687947937603,0.1492200505116942,0.8203213714772238,0.06896256429566859,0.34119048866629303,0.30128647220019605,-2.2418890698153993,2.2418890698153993,10.558379283334466,6.9170203058710855e-09,0.0,1.9858403810246728e-10,2.4093158488421224e-07
random,37,2167,0.5837687945852472,0.14922005027436863,0.8203213701725517,0.06896256446710614,0.3411904895144758,0.30128647417334076,-2.241889069985971,2.241889069985971,10.558372077933166,7.262870727243977e-09,0.0,2.0851309567859744e-10,2.529781641284229e-07
random,37,2168,0.5837687943663082,0.14922005002520444,0.820321368802798,0.0689625646471308,0.3411904904051431,0.3012864762337681,-2.241889070175945,2.241889070175945,10.558368269738423,7.626013971350663e-09,0.0,2.1893897805824736e-10,2.6562707233484403e-07
random,37,2169,0.5837687941364226,0.1492200497635967,0.8203213673646373,0.06896256483616467,0.34119049134038326,0.30128647839122313,-2.2418890703811485,2.2418890703811485,10.55836635748401,8.007314429285692e-09,0.0,2.2988566605874894e-10,2.7890842595158625e-07
random,37,2170,0.5837687938950424,0.14922004948891587,0.8203213658546086,0.0689625650346542,0.34119049232240506,0.3012864806535665,-2.241889070599466,2.241889070599466,10.558365449426685,8.407679928213063e-09,0.0,2.4138013809960057e-10,2.9285384724916555e-07
random,37,2171,0.5837687936415934,0.14922004920050447,0.8203213642690975,0.06896256524306998,0.3411904933535367,0.301286483027632,-2.241889070830033,2.241889070830033,10.558365043705242,8.8280636782886e-09,0.0,2.5344903953339326e-10,3.074965396116238e-07
random,37,2172,0.5837687933754719,0.149220048897674,0.8203213626043193,0.06896256546190731,0.3411904944362287,0.3012864855197926,-2.2418890710727104,2.2418890710727104,10.558364873776908,9.269466585147699e-09,0.0,2.661214582033722e-10,3.22871366592205e-07
random,37,2173,0.5837687930960445,0.14922004857970275,0.8203213608563061,0.06896256569168671,0.34119049557305625,0.3012864881363168,-2.2418890713277557,2.2418890713277557,10.558364806995353,9.732939619225184e-09,0.0,2.794274811535047e-10,3.390149349218153e-07
random,37,2174,0.5837687928026455,0.14922004824583324,0.8203213590208939,0.06896256593295512,0.3411904967667254,0.3012864908835777,-2.2418890715956397,2.2418890715956397,10.558364781766382,1.02195862614997e-08,0.0,2.933989717845975e-10,3.5596568166790605e-07
random,37,2175,0.5837687924945766,0.14922004789527044,0.8203213570937121,0.06896256618628688,0.34119049802007767,0.3012864937681718,-2.241889071876947,2.241889071876947,10.558364771756226,1.073056522097629e-08,0.0,3.08068903720482e-10,3.7376396575130135e-07
random,37,2176,0.5837687921711044,0.14922004752717966,0.8203213550701722,0.06896256645228509,0.3411904993360969,0.30128649679698744,-2.241889072172328,2.241889072172328,10.558364766743804,1.1267093075406144e-08,0.0,3.2347213796413143e-10,3.9245216403886644e-07
random,37,2177,0.5837687918314585,0.14922004714068443,0.8203213529454558,0.06896256673158307,0.3411905007179164,0.30128649997724166,-2.241889072482482,2.241889072482482,10.558364763019831,1.1830447286952e-08,0.0,3.396459780091732e-10,4.120747722408098e-07
random,37,2178,0.5837687914748305,0.14922004673486464,0.8203213507145046,0.06896256702484582,0.3411905021688262,0.3012865033165086,-2.2418890728081435,2.2418890728081435,10.55836475954956,1.2421969165667927e-08,0.0,3.5662794939383957e-10,4.326785108528503e-07
random,37,2179,0.5837687911003709,0.14922004630875396,0.8203213483720064,0.06896256733277152,0.3411905036922806,0.3012865068227391,-2.241889073150089,2.241889073150089,10.55836475597212,1.304306708540794e-08,0.0,3.744595744592516e-10,4.543124363954928e-07
random,37,2180,0.5837687907071886,0.14922004586133797,0.8203213459123846,0.06896256765609332,0.34119050529190675,0.30128651050428135,-2.241889073509133,2.241889073509133,10.558364752212661,1.369521985254601e-08,0.0,3.9318237554653024e-10,4.770280582152675e-07
random,37,2181,0.583768790294347,0.1492200453915514,0.8203213433297828,0.06896256799558101,0.3411905069715132,0.30128651436990106,-2.2418890738861297,2.2418890738861297,10.558364748284767,1.437998018556746e-08,0.0,4.1284153873277774e-10,5.008794611260309e-07
random,37,2182,0.5837687898608636,0.14922004489827573,0.8203213406180522,0.06896256835204287,0.341190508735099,0.30128651842880194,-2.2418890742819784,2.2418890742819784,10.558364744164585,1.5098978482058224e-08,0.0,4.334834713404234e-10,5.259234341823324e-07
random,37,2183,0.5837687894057059,0.14922004438033648,0.8203213377707362,0.06896256872632753,0.34119051058686256,0.30128652269064865,-2.241889074697619,2.241889074697619,10.558364739847955,1.5853926609394248e-08,0.0,4.551576893163656e-10,5.522196058914491e-07
random,37,2184,0.5837687889277905,0.14922004383650053,0.820321334781056,0.06896256911932618,0.34119051253121313,0.3012865271655879,-2.241889075134044,2.241889075134044,10.558364735275267,1.6646622064219813e-08,0.0,4.779153739420394e-10,5.798305861860216e-07
random,37,2185,0.5837687884259792,0.1492200432654731,0.8203213316418934,0.06896256953197444,0.34119051457277966,0.30128653186427456,-2.241889075592291,2.241889075592291,10.558364730511393,1.7478952202447093e-08,0.0,5.01811259212559e-10,6.088221154953227e-07
random,37,2186,0.5837687878990775,0.14922004266589461,0.8203213283457743,0.06896256996525478,0.34119051671642286,0.3012865367978964,-2.241889076073452,2.241889076073452,10.55836472551256,1.835289875385997e-08,1.3877787807814457e-17,5.269017444575752e-10,6.392632212700889e-07
random,37,2187,0.5837687873458307,0.14922004203633754,0.8203213248848511,0.0689625704201988,0.3411905189672465,0.30128654197819954,-2.2418890765786728,2.2418890765786728,10.55836472021882,1.9270542513341082e-08,0.0,5.532467817204179e-10,6.712263823335934e-07
random,37,2188,0.5837687867649218,0.149220041375303,0.8203213212508841,0.06896257089788956,0.34119052133060906,0.3012865474175189,-2.241889077109156,2.241889077109156,10.558364714727087,2.02340683505668e-08,0.0,5.809088765573733e-10,7.04787701450273e-07
random,37,2189,0.5837687861549675,0.1492200406812172,0.8203213174352211,0.06896257139946442,0.34119052381213766,0.30128655312880487,-2.2418890776661655,2.2418890776661655,10.558364708902326,2.1245770343033458e-08,0.0,6.099543092830118e-10,7.400270865227867e-07
random,37,2190,0.5837687855145155,0.14922003995242758,0.8203213134287776,0.06896257192611754,0.3411905264177402,0.3012865591256558,-2.2418890782510283,2.2418890782510283,10.558364702805186,2.2308057287217942e-08,0.0,6.404520247471623e-10,7.770284408489261e-07
random,37,2191,0.583768784842041,0.149220039187199,0.8203213092220148,0.06896257247910274,0.3411905291536201,0.30128656542235027,-2.2418890788651358,2.2418890788651358,10.558364696424643,2.342345842531509e-08,0.0,6.724745205133331e-10,8.158798628913725e-07
random,37,2192,0.5837687841359429,0.1492200383837096,0.8203213048049172,0.06896257305973663,0.3411905320262911,0.3012865720338805,-2.241889079509952,2.241889079509952,10.558364689694276,2.4594629438146397e-08,0.0,7.060980689033158e-10,8.566738560359411e-07
random,37,2193,0.58376878339454,0.1492200375400463,0.8203213001669679,0.06896257366940153,0.34119053504259234,0.30128657897598843,-2.241889080187011,2.241889080187011,10.55836468264464,2.5824358803165328e-08,0.0,7.414029390417909e-10,8.995075488377382e-07
random,37,2194,0.5837687826160671,0.1492200366542006,0.8203212952971253,0.06896257430954894,0.34119053820970496,0.30128658626520255,-2.241889080897926,2.241889080897926,10.558364675216398,2.7115574425602083e-08,0.0,7.78472841744815e-10,9.444829262796252e-07
random,37,2195,0.5837687817986708,0.1492200357240634,0.8203212901837947,0.06896257498170291,0.3411905415351692,0.30128659391887935,-2.241889081644391,2.241889081644391,10.558364667483497,2.8471350576435682e-08,1.3877787807814457e-17,8.173963728097533e-10,9.917070725936064e-07
random,37,2196,0.5837687809404047,0.14922003474742015,0.8203212848148024,0.0689625756874637,0.34119054502690227,0.30128660195524054,-2.241889082428184,2.241889082428184,10.558364659263914,2.9894915287498944e-08,0.0,8.58266013814557e-10,1.0412924262232867e-06
random,37,2197,0.5837687800392256,0.14922003372194573,0.8203212791773656,0.06896257642851152,0.341190548693217,0.3012866103934228,-2.241889083251169,2.241889083251169,10.558364650779975,3.138965795100134e-08,0.0,9.011791313184858e-10,1.093357047534451e-06
random,37,2198,0.5837687790929876,0.14922003264519862,0.8203212732580628,0.06896257720661064,0.3411905525428422,0.301286619253514,-2.24188908411531,2.24188908411531,10.558364641634196,3.295913741980987e-08,1.3877787807814457e-17,9.462379768621076e-10,1.1480248999111735e-06
random,37,2199,0.5837687780994381,0.1492200315146153,0.8203212670428012,0.06896257802361354,0.3411905565849427,0.3012866285566144,-2.2418890850226605,2.2418890850226605,10.558364632383833,3.4607090512392e-08,0.0,9.935495759449964e-10,1.2054261449067322e-06
random,37,2200,0.5837687770562113,0.14922003032750408,0.8203212605167834,0.06896257888146526,0.34119056082914173,0.30128663832486835,-2.241889085975388,2.241889085975388,10.558364622186218,3.6337440875258114e-08,0.0,1.043226727226454e-09,1.2656974521520688e-06
random,37,2201,0.5837687759608234,0.1492200290810387,0.8203212536644725,0.0689625797822081,0.3411905652855434,0.3012866485815431,-2.2418890869757524,2.2418890869757524,10.558364612166969,3.8154308325371095e-08,0.0,1.0953878915032078e-09,1.3289823247596722e-06
random,37,2202,0.5837687748106664,0.14922002777225163,0.8203212464695545,0.0689625807279865,0.3411905699647574,0.3012866593510439,-2.241889088026152,2.241889088026152,10.558364600557173,4.006201867947458e-08,0.0,1.1501570806871086e-09,1.3954314409976559e-06
random,37,2203,0.5837687736030018,0.14922002639802684,0.8203212389148998,0.06896258172105202,0.34119057487792315,0.3012866706590431,-2.24188908912906,2.24188908912906,10.55836459030531,4.2065114021333276e-08,0.0,1.207664523938945e-09,1.4652030130475387e-06
random,37,2204,0.5837687723349544,0.14922002495509276,0.8203212309825231,0.0689625827637689,0.34119058003673775,0.30128668253240254,-2.241889090287163,2.241889090287163,10.558364575772051,4.4168363572544935e-08,0.0,1.2680474448245604e-09,1.5384631636999157e-06
random,37,2205,0.5837687710035051,0.14922002344001387,0.8203212226535378,0.06896258385861936,0.34119058545348185,0.30128669499952926,-2.2418890915030887,2.2418890915030887,10.55836456837429,4.6376774964317e-08,0.0,1.3314492841587366e-09,1.6153863218849115e-06
random,37,2206,0.5837687696054837,0.14922002184918381,0.8203212139081186,0.06896258500821029,0.341190591141053,0.3012867080897867,-2.24188909278004,2.24188909278004,10.55836454304452,4.8695606234241795e-08,0.0,1.39802136533973e-09,1.696155637979157e-06
random,37,2207,0.5837687681375616,0.14922002017881336,0.8203212047254346,0.06896258621527733,0.3411905971129857,0.30128672183515254,-2.2418890941202854,2.2418890941202854,10.5583645585806,5.1130378299037084e-08,0.0,1.4679221171931545e-09,1.780963419878115e-06
random,37,2208,0.5837687665962441,0.1492200184249311,0.8203211950836532,0.06896258748269707,0.3411906033835118,0.3012867362661597,-2.2418890955291157,2.2418890955291157,10.558364466368714,5.3686888121587596e-08,0.0,1.5413175180611915e-09,1.8700115908720208e-06
random,37,2209,0.5837687649778612,0.1492200165833461,0.8203211849597354,0.06896258881347811,0.3411906099675163,0.3012867514235401,-2.2418890970037957,2.2418890970037957,10.558364669046627,5.637122250965701e-08,0.0,1.6183828721594296e-09,1.963512170415622e-06
random,37,2210,0.58376876327856,0.14922001464972215,0.8203211743298432,0.06896259021081515,0.3411906168808049,0.3012867673235945,-2.2418890985667566,2.2418890985667566,10.558363997578317,5.9189772583790694e-08,0.0,1.6993012552646292e-09,2.061687778936403e-06
random,37,2211,0.5837687614942941,0.14922001261929635,0.820321163167793,0.06896259167794634,0.3411906241393982,0.3012867840698533,-2.2418891001589394,2.2418891001589394,10.558366082511366,6.214924908769681e-08,0.0,1.7842658461830752e-09,2.1647721678832232e-06
random,37,2212,0.5837687596208161,0.14922001048779993,0.820321151450118,0.0689625932186771,0.3411906317621235,0.3012868014695332,-2.2418891020065566,2.2418891020065566,10.558358873722035,6.52566988151586e-08,0.0,1.8734780393714345e-09,2.2730107762773844e-06
random,37,2213,0.5837687576536658,0.14922000824802578,0.8203211391371976,0.0689625948354942,0.34119063976128394,0.3012868204424931,-2.2418891032742305,2.2418891032742305,10.558385042155399,6.851952913900744e-08,0.0,1.9671503315166206e-09,2.3866613150912537e-06
random,37,2214,0.5837687555881741,0.14922000590324072,0.8203211262469909,0.06896259653700823,0.3411906481794802,0.3012868374938508,-2.241889107349201,2.241889107349201,10.558283172651072,7.19456572471486e-08,0.0,2.0654916665918677e-09,2.5059943808458164e-06
random,37,2215,0.5837687534197201,0.14922000341136596,0.8203211125481742,0.0689625983070594,0.34119065693676226,0.30128686772518953,-2.2418890998416154,2.2418890998416154,10.558698521958343,7.554592071402938e-08,0.0,2.1684539719402096e-09,2.6312940998881073e-06
random,37,2216,0.5837687511493013,0.14922000094031138,0.8203210989638142,0.06896260024612703,0.34119066653024877,0.3012868402269758,-2.2418891485646055,2.2418891485646055,10.556772742107304,7.939584272273865e-08,0.0,2.2704188529232283e-09,2.762858804882513e-06
random,37,2217,0.5837687487833466,0.14921999798200986,0.8203210827008659,0.06896260208074029,0.34119067560695,0.3012869629438661,-2.2418890547250623,2.2418890547250623,10.564077944294649,8.356807079498639e-08,0.0,2.3659546544152477e-09,2.9010017451266388e-06
random,37,2218,0.5837687487463722,0.14921999820289286,0.8203210839151468,0.06896260229195017,0.3411906766519054,0.3012868462846121,-2.241889169671402,2.241889169671402,10.467176752119112,7.65614620478821e-09,0.0,3.6974423522906363e-11,9.518911976196784e-08
random,37,2219,0.5837687485957316,0.14921999802309455,0.8203210829267247,0.06896260233708923,0.3411906768752297,0.3012868694754329,-2.2418891457850942,2.2418891457850942,10.565751645249918,3.1497185891511914e-09,0.0,1.5064061109626437e-10,9.994857575006624e-08
random,37,2220,0.5837687485076447,0.14921999791003765,0.8203210823052064,0.06896260240011379,0.34119067718704205,0.30128687615205435,-2.241889140262567,2.241889140262567,10.563475245355061,3.042440314273646e-09,1.3877787807814457e-17,8.808687113059932e-11,1.0494600453756956e-07
random,37,2221,0.5837687484155898,0.1492199977934301,0.8203210816641687,0.06896260246745366,0.3411906775202043,0.3012868823403255,-2.2418891352479973,2.2418891352479973,10.562774890201503,3.1866902604179535e-09,0.0,9.205491924291209e-11,1.1019330476444805e-07
random,37,2222,0.5837687483193077,0.14921999767313013,0.8203210810028324,0.06896260253934441,0.341190677875882,0.3012868879950405,-2.241889130786923,2.241889130786923,10.562096814892826,3.3391607685965047e-09,1.3877787807814457e-17,9.628209340917238e-11,1.1570297000267045e-07
random,37,2223,0.5837687482185208,0.1492199975489415,0.8203210803201186,0.06896260261600713,0.34119067825516874,0.3012868930877074,-2.2418891269090437,2.2418891269090437,10.561454801349997,3.5003871143439256e-09,0.0,1.0078693435389141e-10,1.2148811850280399e-07
random,37,2224,0.5837687481129374,0.14921999742060407,0.8203210796145973,0.06896260269764407,0.3411906786590653,0.30128689761060945,-2.241889123624325,2.241889123624325,10.560862482497228,3.670849392050566e-09,1.3877787807814457e-17,1.0558331986487701e-10,1.275625244279442e-07
random,37,2225,0.583768748002255,0.14921999728778887,0.8203210788844598,0.06896260278443661,0.34119067908846923,0.301286901579046,-2.241889120920839,2.241889120920839,10.560331818820723,3.8509609640953065e-09,0.0,1.106824631946779e-10,1.339406506493414e-07
random,37,2226,0.5837687478861643,0.14921999715009948,0.8203210781275271,0.06896260287654699,0.34119067954418286,0.3012869050309274,-2.2418891187651413,2.2418891187651413,10.559871529305205,4.041074756095587e-09,0.0,1.1609069261453442e-10,1.4063768318180848e-07
random,37,2227,0.5837687477643517,0.1492199970070801,0.8203210773412932,0.06896260297412368,0.34119068002694103,0.30128690802345154,-2.2418891171054387,2.2418891171054387,10.559485890065108,4.241506940976907e-09,0.0,1.2181256003884755e-10,1.476695673408989e-07
random,37,2228,0.5837687476364991,0.14921999685822893,0.8203210765229997,0.06896260307730966,0.34119068053745094,0.30128691062737506,-2.24188911587707,2.24188911587707,10.559174274997554,4.452570737872982e-09,0.0,1.2785261738201825e-10,1.5505304570794385e-07
random,37,2229,0.5837687475022831,0.14921999670301417,0.820321075669723,0.06896260318625239,0.3411906810764423,0.30128691292005333,-2.2418891150091724,2.2418891150091724,10.558931587101851,4.6746091810982886e-09,0.0,1.342159716699598e-10,1.6280569799334105e-07
random,37,2230,0.5837687473613721,0.14921999654088913,0.820321074778458,0.06896260330111315,0.3411906816447129,0.30128691497867127,-2.241889114431161,2.241889114431161,10.558749423377655,4.908017905304733e-09,0.0,1.4091106059765934e-10,1.709459828930081e-07
random,37,2231,0.5837687472134233,0.14921999637130418,0.8203210738461826,0.06896260342207483,0.3411906822431677,0.30128691687482473,-2.241889114077932,2.241889114077932,10.558617591728968,5.1532548405514005e-09,0.0,1.479487643507582e-10,1.7949328203765852e-07
random,37,2232,0.5837687470580809,0.14921999619371373,0.8203210728698981,0.06896260354934691,0.341190682872843,0.3012869186710405,-2.241889113893201,2.241889113893201,10.558525565220346,5.410839487718229e-09,0.0,1.553424056055519e-10,1.8846794613954146e-07
random,37,2233,0.5837687468949729,0.14921999600757885,0.8203210718466413,0.06896260368316809,0.34119068353491977,0.30128692041924693,-2.2418891138309824,2.2418891138309824,10.558463586887168,5.681346693744948e-09,0.0,1.6310797157359502e-10,1.9789134344651854e-07
random,37,2234,0.5837687467237103,0.14921999581236578,0.8203210707734782,0.06896260382380683,0.34119068423072624,0.30128692216080766,-2.241889113855567,2.241889113855567,10.558423323362229,5.965399541066961e-09,0.0,1.7126267071176926e-10,2.0778591061884446e-07
random,37,2235,0.5837687465438848,0.14921999560754234,0.8203210696474831,0.06896260397156068,0.34119068496173455,0.3012869239275906,-2.2418891139405144,2.2418891139405144,10.558398112291513,6.263663853242565e-09,0.0,1.798254878337957e-10,2.181752061497867e-07
random,37,2236,0.5837687463550679,0.14921999539257286,0.8203210684657112,0.06896260412675481,0.3411906857295535,0.30128692574356547,-2.241889114067134,2.241889114067134,10.558382918626053,6.576844925118536e-09,0.0,1.8881685104332746e-10,2.2908396645727605e-07
random,37,2237,0.5837687461568104,0.1492199951669127,0.8203210672251685,0.0689626042897406,0.34119068653592144,0.3012869276265458,-2.2418891142228303,2.2418891142228303,10.558374124004075,6.905686380988118e-09,0.0,1.9825752151092502e-10,2.4053816478013986e-07
random,37,2238,0.58376874594864,0.14921999493000324,0.8203210659227839,0.06896260446089425,0.34119068738269964,0.3012869295898262,-2.2418891143995525,2.2418891143995525,10.558369248146505,7.250970338170701e-09,0.0,2.0817036983089565e-10,2.525650730191469e-07
random,37,2239,0.5837687457300611,0.149219994681267,0.8203210645553829,0.06896260464061589,0.34119068827186777,0.3012869316435782,-2.241889114592464,2.241889114592464,10.558366667866077,7.613518613384318e-09,0.0,2.1857893273136142e-10,2.6519332667010423e-07
random,37,2240,0.5837687455005534,0.14921999442010392,0.8203210631196666,0.06896260482932898,0.34119068920552087,0.30128693379595783,-2.2418891147989024,2.2418891147989024,10.558365369781601,7.9941943300258e-09,0.0,2.2950774614116654e-10,2.7845299300360943e-07
random,37,2241,0.5837687452595701,0.14921999414588766,0.8203210616121918,0.06896260502748039,0.34119069018586984,0.30128693605393125,-2.2418891150176,2.2418891150176,10.558364751819232,8.393903822546543e-09,0.0,2.409832333682971e-10,2.923756426537899e-07
random,37,2242,0.5837687450065377,0.14921999385796297,0.8203210600293565,0.06896260523554056,0.3411906912152421,0.3012869384238547,-2.2418891152481395,2.2418891152481395,10.558364474664554,8.813598760303534e-09,0.0,2.5303237283225144e-10,3.069944247864794e-07
random,37,2243,0.5837687447408538,0.14921999355564314,0.8203210583673852,0.06896260545400422,0.34119069229608534,0.3012869409118596,-2.241889115490603,2.241889115490603,10.558364357795023,9.254278438855263e-09,0.0,2.656839193093674e-10,3.223441460258034e-07
random,37,2244,0.5837687444618858,0.14921999323820778,0.8203210566223181,0.06896260568339119,0.3411906934309714,0.3012869435240976,-2.2418891157453498,2.2418891157453498,10.558364311214063,9.716992050830078e-09,0.0,2.789680708659148e-10,3.384613533270936e-07
random,37,2245,0.5837687441689692,0.1492199929049009,0.820321054789999,0.06896260592424748,0.3411906946226016,0.30128694626688607,-2.241889116012894,2.241889116012894,10.558364293013016,1.0202841338593818e-08,0.0,2.929165798803979e-10,3.553844209934483e-07
random,37,2246,0.5837687438614069,0.14921999255492885,0.8203210528660648,0.06896260617714652,0.341190695873813,0.3012869491467937,-2.2418891162938346,2.2418891162938346,10.558364285210972,1.071298303478439e-08,0.0,3.0756230895434555e-10,3.731536420431207e-07
random,37,2247,0.5837687435384664,0.14921999218745835,0.8203210508459348,0.06896260644269037,0.34119069718758427,0.30128695217069074,-2.2418891165888293,2.2418891165888293,10.55836428077308,1.1248631793379606e-08,0.0,3.2294045215763845e-10,3.9181132414527674e-07
random,37,2248,0.583768743199379,0.14921999180161444,0.8203210487247988,0.06896260672151128,0.3411906985670435,0.3012869553457818,-2.241889116898575,2.241889116898575,10.558364277240209,1.1811062944366693e-08,1.3877787807814457e-17,3.3908742480548426e-10,4.114018903525406e-07
random,37,2249,0.5837687428433372,0.1492199913964785,0.8203210464976072,0.06896260701427308,0.34119070001547486,0.30128695867962674,-2.24188911722381,2.24188911722381,10.55836427374749,1.2401615604562406e-08,0.0,3.560417516368375e-10,4.319719848701676e-07
random,37,2250,0.5837687424694934,0.1492199909710859,0.8203210441590565,0.06896260732167281,0.34119070153632697,0.3012869621801646,-2.2418891175653064,2.2418891175653064,10.558364270224521,1.3021695850087806e-08,0.0,3.738438447697945e-10,4.53570584113676e-07
random,37,2251,0.5837687420769574,0.1492199905244239,0.8203210417035796,0.06896260764444233,0.34119070313322075,0.3012869658557295,-2.241889117923879,2.241889117923879,10.55836426647173,1.3672780046629353e-08,0.0,3.9253600370159347e-10,4.7624911331935985e-07
random,37,2252,0.5837687416647948,0.14921999005542896,0.8203210391253297,0.06896260798335012,0.3411907048099582,0.30128696971507296,-2.241889118300381,2.241889118300381,10.55836426255161,1.4356418406847835e-08,0.0,4.1216263735321945e-10,5.000615689853278e-07
random,37,2253,0.5837687412320238,0.1492199895629845,0.8203210364181686,0.06896260833920308,0.34119070657053147,0.30128697376738395,-2.2418891186957093,2.2418891186957093,10.558364258432553,1.507423860791934e-08,0.0,4.32770930203219e-10,5.250646474345942e-07
random,37,2254,0.5837687407776145,0.14921998904591804,0.8203210335756508,0.06896260871284843,0.34119070841913207,0.301286978022311,-2.2418891191108052,2.2418891191108052,10.558364254120669,1.5827949749207003e-08,0.0,4.5440928797546576e-10,5.51317879806324e-07
random,37,2255,0.5837687403004849,0.14921998850299856,0.8203210305910086,0.06896260910517577,0.34119071036016135,0.30128698248998487,-2.2418891195466566,2.2418891195466566,10.558364249576714,1.6619346368572172e-08,0.0,4.771296691075122e-10,5.788837737966402e-07
random,37,2256,0.5837687397994985,0.14921998793293334,0.8203210274571356,0.06896260951711917,0.34119071239824067,0.30128698718104274,-2.241889120004302,2.241889120004302,10.558364244801611,1.745031272059345e-08,0.0,5.009863635052625e-10,6.078279624864722e-07
random,37,2257,0.5837687392734632,0.14921998733436526,0.8203210241665712,0.06896260994965941,0.3411907145382222,0.30128699210665427,-2.2418891204848315,2.2418891204848315,10.558364239814972,1.832282730133589e-08,0.0,5.260353264091577e-10,6.382193606107959e-07
random,37,2258,0.583768738721126,0.14921998670586906,0.82032102071148,0.06896261040382629,0.34119071678520096,0.3012869972785469,-2.2418891209893888,2.2418891209893888,10.558364234553723,1.923896749962893e-08,1.3877787807814457e-17,5.523371759963425e-10,6.701303286413357e-07
random,37,2259,0.5837687381411722,0.1492199860459485,0.8203210170836369,0.06896261088070112,0.34119071914452676,0.30128700270903475,-2.2418891215191756,2.2418891215191756,10.55836422902744,2.020091459311037e-08,0.0,5.799537516892883e-10,7.036368450734026e-07
random,37,2260,0.5837687375322206,0.1492199853530323,0.8203210132744038,0.06896261138141924,0.3411907216218166,0.30128700841104794,-2.241889122075454,2.241889122075454,10.558364223254584,2.121095890606637e-08,1.3877787807814457e-17,6.089516668694728e-10,7.388186873270727e-07
random,37,2261,0.5837687368928216,0.1492199846254708,0.8203210092747116,0.06896261190717275,0.34119072422296837,0.3012870143981623,-2.2418891226595488,2.2418891226595488,10.558364217153986,2.2271505282128848e-08,0.0,6.393989782083054e-10,7.757596216934264e-07
random,37,2262,0.5837687362214528,0.14921998386153168,0.8203210050750376,0.0689626124592134,0.34119072695417507,0.30128702068463387,-2.2418891232728493,2.2418891232728493,10.55836421080812,2.338507881869452e-08,1.3877787807814457e-17,6.713688494031089e-10,8.145476027780978e-07
random,37,2263,0.5837687355165155,0.14921998305939627,0.8203210006653834,0.06896261303885548,0.3411907298219392,0.301287027285429,-2.2418891239168195,2.2418891239168195,10.55836420403055,2.4554330859429293e-08,0.0,7.049372197087678e-10,8.552749829170027e-07
random,37,2264,0.5837687347763317,0.1492199822171547,0.82032099603525,0.06896261364747899,0.34119073283308815,0.30128703421626624,-2.2418891245929893,2.2418891245929893,10.55836419708981,2.578204531132926e-08,0.0,7.4018380313845e-10,8.980387320628529e-07
random,37,2265,0.5837687339991386,0.14921998133280173,0.8203209911736135,0.06896261428653294,0.3411907359947909,0.30128704149364527,-2.2418891253029725,2.2418891253029725,10.558364189586811,2.7071145273280723e-08,0.0,7.771930876643296e-10,9.429406686659956e-07
random,37,2266,0.5837687331830862,0.14921998040423193,0.8203209860688996,0.0689626149575388,0.3411907393145749,0.3012870491348958,-2.2418891260484566,2.2418891260484566,10.558364181934706,2.8424699993063388e-08,0.0,8.160524478384446e-10,9.900877020992955e-07
random,37,2267,0.5837687323262313,0.14921997942923448,0.8203209807089548,0.06896261566209405,0.3411907428003436,0.30128705715820914,-2.24188912683122,2.24188912683122,10.558364173675278,2.984593217916189e-08,1.3877787807814457e-17,8.568549203502585e-10,1.0395920872042603e-06
random,37,2268,0.5837687314265337,0.1492199784054881,0.8203209750810178,0.06896261640187608,0.3411907464603959,0.3012870655826909,-2.241889127653125,2.241889127653125,10.558364165229905,3.1338225693439664e-08,0.0,8.996975386921235e-10,1.0915716915644733e-06
random,37,2269,0.5837687304818515,0.14921997733055542,0.8203209691716896,0.06896261717864613,0.3411907503034455,0.30128707442839725,-2.2418891285161306,2.2418891285161306,10.558364156135003,3.290513356575853e-08,0.0,9.446822213377004e-10,1.146150276142697e-06
random,37,2270,0.5837687294899354,0.14921997620187727,0.8203209629669014,0.06896261799425349,0.3411907543386416,0.3012870837163928,-2.2418891294222907,2.2418891294222907,10.558364146837713,3.455038647399577e-08,0.0,9.919161048088654e-10,1.203457789949832e-06
random,37,2271,0.5837687284484238,0.14921997501676648,0.8203209564518807,0.0689626188506399,0.34119075857559106,0.3012870934687873,-2.241889130373767,2.241889130373767,10.558364136721385,3.6277901656317875e-08,1.3877787807814457e-17,1.041511654698013e-09,1.2636306794473235e-06
random,37,2272,0.583768727354837,0.14921997377240154,0.8203209496111168,0.06896261974984418,0.3411907630243808,0.3012871037088086,-2.241889131372819,2.241889131372819,10.558364126644785,3.8091792156653543e-08,1.3877787807814457e-17,1.0935867766903584e-09,1.3268122134196897e-06
random,37,2273,0.5837687262065708,0.14921997246581992,0.8203209424283231,0.06896262069400708,0.3411907676956021,0.30128711446082546,-2.241889132421838,2.241889132421838,10.558364115196067,3.999637673659856e-08,0.0,1.148266148831567e-09,1.3931528240906743e-06
random,37,2274,0.5837687250008918,0.14921997109391086,0.8203209348863988,0.06896262168537634,0.34119077260037567,0.30128712575046174,-2.2418891335233004,2.2418891335233004,10.55836410469463,4.199619001605587e-08,0.0,1.2056790010817053e-09,1.462810465295208e-06
random,37,2275,0.5837687237349293,0.14921996965340828,0.820320926967389,0.06896262272631215,0.3411907777503785,0.30128713760455034,-2.2418891346798766,2.2418891346798766,10.558364090754381,4.409599338458631e-08,0.0,1.2659625570066169e-09,1.5359509885599685e-06
random,37,2276,0.5837687224056689,0.14921996814088248,0.8203209186524392,0.06896262381929251,0.34119078315787027,0.3012871500514201,-2.2418891358942203,2.2418891358942203,10.558364082142544,4.630078629868694e-08,0.0,1.3292603684433857e-09,1.612748537987967e-06
random,37,2277,0.5837687210099461,0.1492199665527331,0.8203209099217567,0.06896262496691978,0.3411907888357263,0.3012871631204617,-2.2418891371694594,2.2418891371694594,10.558364059661953,4.861581817148166e-08,0.0,1.395722759589546e-09,1.6933859648873653e-06
random,37,2278,0.5837687195444375,0.14921996488517764,0.8203209007545477,0.0689626261719252,0.3411907947974592,0.30128717684341083,-2.24188913850804,2.24188913850804,10.558364068267581,5.104660086558815e-08,0.0,1.4655086033599218e-09,1.7780552631317337e-06
random,37,2279,0.5837687180056539,0.14921996313425012,0.8203208911290097,0.06896262743717967,0.3411908010572727,0.30128719125127,-2.2418891399147505,2.2418891399147505,10.55836399451003,5.35989218699842e-08,0.0,1.5387836560520896e-09,1.8669580262883206e-06
random,37,2280,0.5837687163899319,0.14921996129577048,0.8203208810221633,0.06896262876568879,0.3411908076300369,0.30128720638318635,-2.2418891413883113,2.2418891413883113,10.558364145036355,5.627885798069632e-08,0.0,1.6157220006363104e-09,1.9603059276027365e-06
random,37,2281,0.5837687146934243,0.1492199593653981,0.8203208704101463,0.06896263016063535,0.34119081453149863,0.3012872222601853,-2.2418891429465786,2.2418891429465786,10.558363631507932,5.9092789879283046e-08,0.0,1.6965076010677649e-09,2.0583212239828736e-06
random,37,2282,0.5837687129120922,0.14921995733841692,0.8203208592670326,0.06896263162527334,0.34119082177775695,0.3012872389697497,-2.241889144545769,2.241889144545769,10.558365206439154,6.204741727699412e-08,0.0,1.7813320818405032e-09,2.1612372851820174e-06
random,37,2283,0.583768711041694,0.14921995521042752,0.820320847568637,0.06896263316332552,0.34119082938722994,0.30128725637606263,-2.2418891463575696,2.2418891463575696,10.558359754811166,6.514977516805912e-08,0.0,1.870398169678822e-09,2.2692991494411185e-06
random,37,2284,0.5837687090777777,0.1492199529747577,0.8203208352782797,0.06896263477756379,0.3411908373736317,0.3012872751821891,-2.2418891477537874,2.2418891477537874,10.558379484739087,6.840725496676929e-08,0.0,1.96391636286819e-09,2.3827641069131747e-06
random,37,2285,0.5837687070156747,0.1492199506325444,0.8203208224022109,0.06896263647540772,0.3411908457736703,0.30128729277341476,-2.24188915128018,2.24188915128018,10.558302872752437,7.18276961507088e-08,0.0,2.0621029328538043e-09,2.5019023122588334e-06
random,37,2286,0.5837687048506413,0.14921994815079384,0.820320808759051,0.06896263824571644,0.34119085453222653,0.30128732050025686,-2.2418891461334023,2.2418891461334023,10.558615441650343,7.542076007352471e-08,0.0,2.165033485823642e-09,2.6269974278717753e-06
random,37,2287,0.5837687025809947,0.14921994565237828,0.8203207950242769,0.06896264016401607,0.34119086402296395,0.301287305737427,-2.2418891826586496,2.2418891826586496,10.557190340578979,7.923112902067482e-08,0.0,2.269646581787299e-09,2.758347299265364e-06
random,37,2288,0.5837687002220971,0.1492199427255399,0.8203207789342939,0.06896264201015619,0.341190873156694,0.30128741766031863,-2.2418890990867673,2.2418890990867673,10.562830738693307,8.337177963330719e-08,0.0,2.358897521759218e-09,2.8962646642286322e-06
random,37,2289,0.5837687001850758,0.1492199429460705,0.8203207801466375,0.06896264222101608,0.34119087419991784,0.3012873011798121,-2.241889213857208,2.241889213857208,10.467175796661891,7.64368117974188e-09,0.0,3.702138595684801e-11,9.5033684295002e-08
random,37,2290,0.583768700034707,0.14921994276661568,0.8203207791601037,0.06896264226610241,0.3411908744229813,0.3012873243164528,-2.2418891900253493,2.2418891900253493,10.565733746506439,3.1443235292025052e-09,0.0,1.5036871747753366e-10,9.97853685097521e-08
random,37,2291,0.5837686999467745,0.149219942653792,0.8203207785398674,0.06896264232904285,0.3411908747343775,0.30128733096520355,-2.241889184528053,2.241889184528053,10.56345953069473,3.0372814088003924e-09,0.0,8.793255013017642e-11,1.0477463693523972e-07
random,37,2292,0.5837686998548779,0.14921994253741894,0.8203207779001189,0.06896264239628863,0.3411908750670742,0.3012873371281361,-2.2418891795362383,2.2418891795362383,10.562761493849779,3.181334884922855e-09,0.0,9.189660143960054e-11,1.1001336878200171e-07
random,37,2293,0.583768699758759,0.14921994241735426,0.8203207772400761,0.06896264246807454,0.34119087542223314,0.30128734276044083,-2.241889175095059,2.241889175095059,10.562085779133072,3.3335920202885505e-09,0.0,9.611889062455248e-11,1.1551403722110179e-07
random,37,2294,0.5837686996581415,0.14921994229340163,0.8203207765586598,0.06896264254462105,0.341190875800945,0.30128734783391004,-2.241889171233938,2.241889171233938,10.561446079629611,3.494585389762194e-09,0.0,1.0061751432033361e-10,1.2128973908215688e-07
random,37,2295,0.5837686995527337,0.14921994216530107,0.8203207758544405,0.06896264262612989,0.34119087620420785,0.30128735234094933,-2.241889167962718,2.241889167962718,10.56085592718617,3.664793133295613e-09,0.0,1.0540779360468377e-10,1.2735422603626473e-07
random,37,2296,0.5837686994422343,0.14921994203272443,0.8203207751256145,0.0689626427127823,0.34119087663291836,0.30128735629678555,-2.241889165269534,2.241889165269534,10.56032718368943,3.844627642474255e-09,0.0,1.104993874179172e-10,1.3372193733807798e-07
random,37,2297,0.583768699326335,0.14921994189527654,0.8203207743700094,0.06896264280474057,0.34119087708787954,0.3012873597390572,-2.2418891631211957,2.2418891631211957,10.559868490002337,4.0344418105653606e-09,0.0,1.1589929016508904e-10,1.4040803420498188e-07
random,37,2298,0.5837686992047227,0.14921994175250325,0.8203207735851283,0.06896264290215336,0.34119087756982674,0.3012873627245256,-2.2418891614663217,2.2418891614663217,10.559484080475189,4.234552516035377e-09,0.0,1.2161227580520517e-10,1.47428435915231e-07
random,37,2299,0.5837686990770806,0.14921994160390467,0.8203207727682235,0.06896264300516405,0.34119087807946946,0.30128736532340894,-2.2418891602407607,2.2418891602407607,10.559173330608807,4.445273970128859e-09,0.0,1.2764211909654932e-10,1.5479985771099254e-07
random,37,2300,0.5837686989430854,0.14921994144895095,0.8203207719163819,0.06896264311392042,0.3411908786175388,0.30128736761250063,-2.24188915937418,2.24188915937418,10.558931184316425,4.666950017598626e-09,0.0,1.3399525933266432e-10,1.6253985059654218e-07
random,37,2301,0.5837686988024059,0.14921994128709729,0.8203207710266085,0.06896264322858399,0.3411908791848338,0.3012873696684678,-2.2418891587964866,2.2418891587964866,10.558749304850396,4.899976653338905e-09,0.0,1.4067946807472254e-10,1.7066684312636928e-07
random,37,2302,0.5837686986547003,0.14921994111779574,0.8203207700958912,0.06896264334933774,0.3411908797822598,0.30128737156247826,-2.2418891584429783,2.2418891584429783,10.558617575227093,5.144811701022833e-09,0.0,1.477056255083653e-10,1.7920018528268774e-07
random,37,2303,0.5837686984996133,0.14921994094050217,0.8203207691212387,0.06896264347639111,0.34119088041085305,0.30128737335674055,-2.2418891582576705,2.2418891582576705,10.5585255378541,5.401974144020283e-09,0.0,1.5508694328758565e-10,1.8816019454682213e-07
random,37,2304,0.5837686983367735,0.14921994075467881,0.8203207680996946,0.06896264360998253,0.34119088107179313,0.3012873751029693,-2.2418891581947764,2.2418891581947764,10.558463490830412,5.672037974355943e-09,0.0,1.6283985271314805e-10,1.9756820427416324e-07
random,37,2305,0.5837686981657924,0.14921994055979296,0.8203207670283302,0.0689626437503801,0.34119088176640644,0.3012873768424019,-2.2418891582187017,2.2418891582187017,10.558423138997556,5.955625321466073e-09,0.0,1.7098111815272432e-10,2.074466144878714e-07
random,37,2306,0.5837686979862624,0.14921994035531339,0.8203207659042255,0.06896264389788086,0.3411908824961626,0.30128737860684324,-2.2418891583030582,2.2418891583030582,10.55839784282789,6.253400882930623e-09,1.3877787807814457e-17,1.795299464646405e-10,2.1781894521226499e-07
random,37,2307,0.5837686977977562,0.14921994014070522,0.8203207647244399,0.06896264405280941,0.3411908832626676,0.30128738042024095,-2.2418891584291707,2.2418891584291707,10.558382578337058,6.5660687924859445e-09,0.0,1.8850621064103734e-10,2.2870989247287824e-07
random,37,2308,0.5837686975998245,0.1492199399154247,0.8203207634859843,0.0689626442155165,0.34119088406765663,0.3012873823004105,-2.241889158584435,2.241889158584435,10.558373730435804,6.894371423196953e-09,0.0,1.9793167105319753e-10,2.4014538709652214e-07
random,37,2309,0.5837686973919965,0.1492199396789141,0.8203207621857923,0.0689626443863776,0.3411908849129875,0.30128738426065704,-2.241889158760782,2.241889158760782,10.558368817572406,7.239089629949381e-09,0.0,2.0782797705010125e-10,2.5215265645134827e-07
random,37,2310,0.583768697173777,0.1492199394305968,0.8203207608206944,0.06896264456579212,0.34119088580063617,0.301287386311165,-2.2418891589533554,2.2418891589533554,10.558366213387092,7.601043875199695e-09,0.0,2.1821955353829026e-10,2.647602892739157e-07
random,37,2311,0.5837686969446465,0.14921993916987367,0.8203207593873967,0.06896264475418283,0.34119088673269427,0.30128738846009995,-2.2418891591594763,2.2418891591594763,10.558364900884701,7.981095854900061e-09,0.0,2.291304923573989e-10,2.779983037376115e-07
random,37,2312,0.5837686967040593,0.14921993889611937,0.8203207578824615,0.06896264495199575,0.3411908877113685,0.30128739071443306,-2.2418891593778625,2.2418891593778625,10.55836427479282,8.380150425534423e-09,0.0,2.405872168154133e-10,2.918982189244921e-07
random,37,2313,0.583768696451443,0.14921993860867983,0.8203207563022932,0.06896264515970053,0.34119088873898257,0.3012873930805208,-2.241889159608087,2.241889159608087,10.558363993373092,8.799157703694178e-09,0.0,2.5261626124262193e-10,3.0649312987071674e-07
random,37,2314,0.5837686961861959,0.1492199383068694,0.8203207546431224,0.06896264537779105,0.3411908898179797,0.30128739556449163,-2.2418891598502273,2.2418891598502273,10.558363874451901,9.239115312149754e-09,0.0,2.652471575714799e-10,3.2181778636425256e-07
random,37,2315,0.5837686959076863,0.1492199379899689,0.8203207529009956,0.06896264560678621,0.34119089095092725,0.3012873981724908,-2.2418891601046376,2.2418891601046376,10.558363826953576,9.701070787811899e-09,1.3877787807814457e-17,2.785095487567446e-10,3.379086756824652e-07
random,37,2316,0.5837686956152515,0.14921993765722372,0.8203207510717643,0.06896264584723111,0.3411908921405221,0.3012874009108266,-2.241889160371829,2.241889160371829,10.558363808339038,1.0186124001163655e-08,0.0,2.92434854110013e-10,3.5480410946658847e-07
random,37,2317,0.5837686953081948,0.1492199373078414,0.8203207491510721,0.06896264609969817,0.34119089338959635,0.30128740378605867,-2.241889160652401,2.241889160652401,10.558363800438885,1.0695429833297549e-08,0.0,3.0705671338893126e-10,3.725443149399179e-07
random,37,2318,0.5837686949857853,0.14921993694099006,0.8203207471343459,0.06896264636478847,0.3411908947011237,0.30128740680504623,-2.2418891609470077,2.2418891609470077,10.558363795958213,1.1230200935013718e-08,0.0,3.2240943248496023e-10,3.9117153068691383e-07
random,37,2319,0.5837686946472554,0.14921993655579635,0.8203207450167844,0.06896264664313315,0.3411908960782267,0.30128740997498193,-2.241889161256347,2.241889161256347,10.558363792401346,1.1791710543583441e-08,0.0,3.385298708025175e-10,4.1073010722125955e-07
random,37,2320,0.583768694291799,0.14921993615134307,0.8203207427933454,0.06896264693539492,0.3411908975241842,0.30128741330341424,-2.2418891615811543,2.2418891615811543,10.55836378894958,1.2381295586478037e-08,0.0,3.554564420582551e-10,4.3126661258232257e-07
random,37,2321,0.5837686939185698,0.1492199357266673,0.8203207404587356,0.06896264724226958,0.3411908990424386,0.30128741679826837,-2.241889161922203,2.241889161922203,10.55836378539315,1.3000359833414179e-08,0.0,3.73229225303362e-10,4.528299432114387e-07
random,37,2322,0.5837686935266793,0.14921993528075794,0.8203207380073962,0.06896264756448782,0.34119090063660495,0.30128742046786566,-2.2418891622803043,2.2418891622803043,10.558363781673053,1.365037723849677e-08,0.0,3.918905200350764e-10,4.7547144037201067e-07
random,37,2323,0.5837686931151941,0.1492199348125533,0.8203207354334909,0.06896264790281673,0.3411909023104784,0.30128742432094296,-2.241889162656312,2.241889162656312,10.558363777739308,1.4332895451174789e-08,0.0,4.114851792635932e-10,4.992450123906112e-07
random,37,2324,0.5837686926831347,0.1492199343209386,0.8203207327308915,0.06896264825806188,0.34119090406804453,0.30128742836667455,-2.241889163051121,2.241889163051121,10.55836377364902,1.5049539520775074e-08,0.0,4.3205938826673673e-10,5.242072630101418e-07
random,37,2325,0.5837686922294726,0.14921993380474347,0.8203207298931635,0.06896264863106905,0.3411909059134877,0.3012874326146933,-2.2418891634656717,2.2418891634656717,10.558363769336333,1.5802015703633882e-08,0.0,4.5366210787989303e-10,5.50417626160649e-07
random,37,2326,0.5837686917531272,0.1492199332627388,0.8203207269135504,0.06896264902272628,0.3411909078512017,0.30128743707511324,-2.2418891639009506,2.2418891639009506,10.558363764789128,1.659211562954524e-08,0.0,4.76345407562917e-10,5.779385074686815e-07
random,37,2327,0.5837686912529647,0.1492199326936342,0.8203207237849583,0.06896264943396609,0.3411909098857999,0.3012874417585548,-2.2418891643579952,2.2418891643579952,10.558363760048053,1.742172045076368e-08,0.0,5.001624669986882e-10,6.068354328421155e-07
random,37,2328,0.5837686907277941,0.1492199320960747,0.8203207204999385,0.06896264986576754,0.34119091202212637,0.3012874466761688,-2.241889164837894,2.241889164837894,10.558363755040347,1.829280541649148e-08,0.0,5.251705736952772e-10,6.371772044842213e-07
random,37,2329,0.583768690176365,0.1492199314686376,0.8203207170506697,0.0689626503191587,0.34119091426526726,0.3012874518396645,-2.241889165341788,2.241889165341788,10.55836374983784,1.9207444530032032e-08,0.0,5.514291245845016e-10,6.690360647084324e-07
random,37,2330,0.5837686895973646,0.14921993080982898,0.8203207134289393,0.06896265079521899,0.34119091662056317,0.3012874572613352,-2.2418891658708793,2.2418891658708793,10.5583637442777,2.0167815475995865e-08,0.0,5.790004031780427e-10,7.024878679438541e-07
random,37,2331,0.5837686889894144,0.1492199301180804,0.820320709626125,0.06896265129508188,0.34119091909362176,0.3012874629540904,-2.2418891664264273,2.2418891664264273,10.558363738522248,2.1176204845490387e-08,0.0,6.079502457012609e-10,7.376122613410469e-07
random,37,2332,0.5837686883510667,0.1492199293917449,0.8203207056331727,0.0689626518199374,0.3411909216903308,0.30128746893148434,-2.241889167009754,2.241889167009754,10.558363732457353,2.2235013518054245e-08,0.0,6.383477080262878e-10,7.744928744080992e-07
random,37,2333,0.5837686876808015,0.14921992862909306,0.8203207014405753,0.06896265237103516,0.3411909244168726,0.3012874752077484,-2.24188916762225,2.24188916762225,10.558363726056106,2.3346762481957165e-08,1.3877787807814457e-17,6.702651766943291e-10,8.132175181285042e-07
random,37,2334,0.5837686869770233,0.14921992782830928,0.8203206970383516,0.0689626529496872,0.3411909272797385,0.30128748179782694,-2.2418891682653737,2.2418891682653737,10.558363719394139,2.4514098711539253e-08,0.0,7.037781468710591e-10,8.538783940349295e-07
random,37,2335,0.5837686862380562,0.14921992698748693,0.82032069241602,0.06896265355727117,0.3411909302857443,0.3012874887174106,-2.2418891689406557,2.2418891689406557,10.55836371237318,2.573980156427131e-08,0.0,7.389671097257633e-10,8.96572313736676e-07
random,37,2336,0.583768685462141,0.14921992610462412,0.8203206875625756,0.06896265419523363,0.34119093344204693,0.30128749598297444,-2.2418891696497054,2.2418891696497054,10.558363704966496,2.7026789338581297e-08,0.0,7.75915220962986e-10,9.414009294235098e-07
random,37,2337,0.5837686846474303,0.149219925177619,0.8203206824664635,0.0689626548650934,0.3411909367561607,0.301287503611818,-2.241889170394211,2.241889170394211,10.558363697243992,2.8378126272804482e-08,0.0,8.14710743313185e-10,9.884709758946853e-07
random,37,2338,0.583768683791984,0.14921992420426444,0.8203206771155502,0.06896265556844525,0.3411909402359756,0.3012875116221049,-2.241889171175946,2.241889171175946,10.558363689089404,2.9797029794028125e-08,0.0,8.554462693766141e-10,1.0378945246894197e-06
random,37,2339,0.5837686828937657,0.1492199231822431,0.8203206714970965,0.06896265630696376,0.34119094388977667,0.3012875200329081,-2.2418891719967715,2.2418891719967715,10.558363680579882,3.128687820390191e-08,0.0,8.98218277534113e-10,1.0897892509238907e-06
random,37,2340,0.5837686819506366,0.14921992210912174,0.8203206655977259,0.06896265708240706,0.34119094772626224,0.30128752886425303,-2.2418891728586434,2.2418891728586434,10.558363671587376,3.2851218715855454e-08,0.0,9.431291303485523e-10,1.1442787134700852e-06
random,37,2341,0.5837686809603513,0.14921992098234546,0.8203206594033929,0.06896265789662137,0.34119095175456626,0.3012875381371672,-2.241889173763614,2.241889173763614,10.558363662174225,3.449377590555329e-08,0.0,9.902852982079935e-10,1.2014926491435896e-06
random,37,2342,0.5837686799205519,0.1492199197992316,0.8203206528993503,0.06896265875154507,0.341190955984279,0.3012875478737293,-2.241889174713839,2.241889174713839,10.558363652291291,3.621846057363727e-08,0.0,1.0397993577271336e-09,1.2615672816007693e-06
random,37,2343,0.5837686788287629,0.14921991855696345,0.8203206460701131,0.06896265964921353,0.34119096042547026,0.3012875580971215,-2.2418891757115817,2.2418891757115817,10.558363641898222,3.8029379047197656e-08,0.0,1.091788992546583e-09,1.3246456456808077e-06
random,37,2344,0.5837686776823847,0.14921991725258343,0.8203206388994225,0.06896266059176379,0.3411909650887131,0.3012875688316869,-2.2418891767592175,2.2418891767592175,10.55836363104771,3.9930842985778576e-08,0.0,1.146378214578192e-09,1.3908779279648482e-06
random,37,2345,0.5837686764786879,0.1492199158829861,0.8203206313702068,0.06896266158143981,0.3411909699851094,0.3012875801029816,-2.2418891778592442,2.2418891778592442,10.558363619494566,4.19273795996276e-08,0.0,1.2036968088935396e-09,1.4604218243630906e-06
random,37,2346,0.5837686752148067,0.14921991444491078,0.8203206234645405,0.06896266262059769,0.34119097512631597,0.3012875919378481,-2.241889179014277,2.241889179014277,10.558363607697673,4.402374248045498e-08,0.0,1.263881221902352e-09,1.5334429155812452e-06
random,37,2347,0.5837686738877318,0.14921991293493375,0.8203206151636022,0.06896266371171135,0.3411909805245723,0.30128760436445273,-2.241889180227079,2.241889180227079,10.558363594599797,4.6224922874402203e-08,0.0,1.327074894419411e-09,1.6101150613603074e-06
random,37,2348,0.5837686724943034,0.14921991134946005,0.820320606447629,0.06896266485737829,0.3411909861927296,0.30128761741241217,-2.241889181500512,2.241889181500512,10.558363582441814,4.853616161316927e-08,0.0,1.3934283726868557e-09,1.6906208144283228e-06
random,37,2349,0.5837686710312043,0.14921990968471532,0.8203205972958718,0.06896266606032606,0.34119099214428233,0.3012876311127208,-2.2418891828376784,2.2418891828376784,10.558363565877508,5.096296152292471e-08,0.0,1.4630990863295779e-09,1.775151855149739e-06
random,37,2350,0.5837686694949508,0.14921990793673579,0.82032058768654,0.06896266732341816,0.34119099839339756,0.3012876454981956,-2.2418891842415762,2.2418891842415762,10.558363558231123,5.351110058198741e-08,0.0,1.5362535688012713e-09,1.863909447907226e-06
random,37,2351,0.5837686678818851,0.14921990610136132,0.8203205775967639,0.06896266864966229,0.3411910049549558,0.3012876606025198,-2.2418891857160927,2.2418891857160927,10.558363523392023,5.6186645677752236e-08,0.0,1.6130656810275923e-09,1.957104920302587e-06
random,37,2352,0.5837686661881666,0.14921990417421818,0.8203205670024993,0.0689626700422133,0.3411910118445657,0.30128767646341487,-2.241889187263061,2.241889187263061,10.558363565630565,5.8995967007198517e-08,0.0,1.6937184987853016e-09,2.0549601663177165e-06
random,37,2353,0.583768664409763,0.14921990215073255,0.8203205558786021,0.06896267150439415,0.3411910190786673,0.3012876931128386,-2.241889188891718,2.241889188891718,10.558363362438369,6.194575329267271e-08,0.0,1.778403535546147e-09,2.1577081746336026e-06
random,37,2354,0.5837686625424401,0.14921990002603747,0.8203205441983166,0.06896267303965804,0.34119102667434537,0.3012877106109111,-2.2418891905863667,2.2418891905863667,10.558363979054395,6.504302765206732e-08,0.0,1.8673229629229127e-09,2.2655935833652826e-06
random,37,2355,0.5837686605817518,0.14921989779526168,0.8203205319348638,0.0689626746517633,0.34119103465019407,0.3012877289222867,-2.241889192424665,2.241889192424665,10.55836165859799,6.829516443544037e-08,0.0,1.96068827840179e-09,2.378873262533547e-06
random,37,2356,0.5837686585230301,0.14921989545234554,0.8203205190549312,0.06896267634413283,0.34119104302314823,0.3012877483990352,-2.241889194116097,2.241889194116097,10.55837052702771,7.170990774513503e-08,0.0,2.0587217486323084e-09,2.4978169256602244e-06
random,37,2357,0.5837686563613759,0.14921989299490768,0.8203205055454277,0.06896267812256521,0.341191051821896,0.3012877677713944,-2.241889196922905,2.241889196922905,10.558333959419125,7.529540858587945e-08,0.0,2.161654188981288e-09,2.622707771943236e-06
random,37,2358,0.5837686540916911,0.1492198904026552,0.8203204912947952,0.06896267998329643,0.3411910610278152,0.3012877930385851,-2.24188919516042,2.24188919516042,10.558492768066895,7.906063346684728e-08,0.0,2.269684773459346e-09,2.7538431605403978e-06
random,37,2359,0.58376865170975,0.1492198877402948,0.8203204766587517,0.06896268197000399,0.34119107085699907,0.3012877951874581,-2.24188921661326,2.24188921661326,10.557739653125882,8.302532994786282e-08,0.0,2.3819410888137327e-09,2.891535318567418e-06
random,37,2360,0.5837686492383021,0.14921988471496322,0.820320460027313,0.0689626839287556,0.34119108054787156,0.3012878950709798,-2.241889145677293,2.241889145677293,10.561092019253193,8.731556284145071e-08,0.0,2.4714479351928276e-09,3.036112084495789e-06
random,37,2361,0.5837686492027414,0.1492198849461513,0.8203204612982448,0.06896268414979131,0.34119108164144,0.30128777328990114,-2.2418892656658413,2.2418892656658413,10.467174793602162,8.012800202470542e-09,0.0,3.556066552334869e-11,9.962242777251807e-08
random,37,2362,0.5837686490442962,0.1492198847566418,0.8203204602564365,0.06896268419627782,0.3411910818714308,0.30128779803624844,-2.2418892402158823,2.2418892402158823,10.566222816982439,3.303797342164951e-09,0.0,1.584452569147743e-10,1.0460354916114397e-07
random,37,2363,0.5837686489518319,0.14921988463709868,0.8203204595992608,0.06896268426154428,0.3411910821943349,0.3012878055034014,-2.2418892339789664,2.2418892339789664,10.563886098799886,3.1892422458333018e-09,0.0,9.246425847209139e-11,1.0983372661920118e-07
random,37,2364,0.583768648855282,0.1492198845139764,0.8203204589224091,0.06896268433140185,0.3411910825399534,0.3012878124100803,-2.24188922832058,2.24188922832058,10.563122591251993,3.339022145534618e-09,0.0,9.654987920271196e-11,1.1532541295016124e-07
random,37,2365,0.5837686487543685,0.14921988438714828,0.8203204582251851,0.06896268440610917,0.3411910829095659,0.30128781869930454,-2.2418892232976555,2.2418892232976555,10.562379878511631,3.497504237411833e-09,0.0,1.0091349977869868e-10,1.210916835976693e-07
random,37,2366,0.5837686486487914,0.14921988425642427,0.8203204575065437,0.06896268448590599,0.3411910833043586,0.3012878243340286,-2.2418892189482276,2.2418892189482276,10.56167426054885,3.665305357764743e-09,0.0,1.0557710261593911e-10,1.2714626777755278e-07
random,37,2367,0.5837686485382336,0.14921988412153753,0.8203204567650182,0.06896268457100693,0.3411910837253933,0.3012878293027823,-2.2418892152860215,2.2418892152860215,10.561022296078365,3.842966181659615e-09,0.0,1.1055778514901249e-10,1.3350358116643042e-07
random,37,2368,0.5837686484223669,0.14921988398213756,0.8203204559986818,0.06896268466159836,0.341191084173592,0.3012878336229971,-2.241889212297248,2.241889212297248,10.56043884322704,4.030930422255765e-09,0.0,1.1586676063046752e-10,1.4017876022475196e-07
random,37,2369,0.5837686483008575,0.14921988383779156,0.8203204552051548,0.06896268475784006,0.34119108464974535,0.3012878373407304,-2.2418892099408483,2.2418892099408483,10.559934932535903,4.229550039629989e-09,0.0,1.2150935813082242e-10,1.4718769823598957e-07
random,37,2370,0.5837686481733694,0.14921988368799524,0.8203204543816656,0.06896268485987231,0.3411910851545472,0.3012878405262994,-2.2418892081526574,2.2418892081526574,10.559516070363346,4.439117414883119e-09,0.0,1.2748813116303381e-10,1.5454708314778906e-07
random,37,2371,0.5837686480395646,0.14921988353219118,0.8203204535251493,0.06896268496782682,0.3411910856886493,0.3012878432665365,-2.2418892068528087,2.2418892068528087,10.559181551303015,4.659913635448528e-09,0.0,1.3380474506163864e-10,1.6227443730517852e-07
random,37,2372,0.5837686478991018,0.14921988336979047,0.8203204526323686,0.06896268508183995,0.3411910862527263,0.30128784565542976,-2.241889205954693,2.241889205954693,10.558925028350897,4.892255248998586e-09,0.0,1.4046286356261817e-10,1.7038815917043745e-07
random,37,2373,0.5837686477516323,0.14921988320019286,0.8203204517000238,0.06896268520206483,0.3411910868475358,0.30128784778525075,-2.241889205373459,2.241889205373459,10.558736107951075,5.1365253421539835e-09,0.0,1.4746948107102753e-10,1.7890756712895933e-07
random,37,2374,0.5837686475967974,0.14921988302280148,0.8203204507248335,0.06896268532868088,0.3411910874739654,0.30128784973979683,-2.2418892050324972,2.2418892050324972,10.558602393756708,5.393184788154719e-09,0.0,1.5483492266099574e-10,1.878529454854073e-07
random,37,2375,0.5837686474342243,0.14921988283703097,0.8203204497035799,0.06896268546189924,0.34119108813305976,0.30128785159044996,-2.2418892048672197,2.2418892048672197,10.558511371592935,5.662768520400225e-09,0.0,1.6257306612033062e-10,1.972455927596777e-07
random,37,2376,0.583768647263524,0.14921988264230923,0.8203204486331178,0.06896268560196524,0.34119108882603266,0.30128785339487185,-2.2418892048263297,2.2418892048263297,10.558451753139664,5.945875147545949e-09,0.0,1.7070034274979662e-10,2.0710787239766158e-07
random,37,2377,0.5837686470842892,0.1492198824380746,0.8203204475103596,0.06896268574915809,0.34119108955426547,0.3012878551976591,-2.2418892048712067,2.2418892048712067,10.558414184581293,6.243156436523965e-09,0.0,1.7923473816239266e-10,2.1746326601754465e-07
random,37,2378,0.5837686468960929,0.14921988222377022,0.8203204463322441,0.06896268590378914,0.3411910903192985,0.3012878570321474,-2.2418892049741945,2.2418892049741945,10.558391427559007,6.55530966886677e-09,0.0,1.8819634739486446e-10,2.283364293184219e-07
random,37,2379,0.5837686466984867,0.14921988199883732,0.8203204450956993,0.06896268606619967,0.34119109112282037,0.301287858922685,-2.241889205116436,2.241889205116436,10.55837819789954,6.883073522619503e-09,0.0,1.9760615366237744e-10,2.3975325078434303e-07
random,37,2380,0.5837686464910004,0.14921988176270845,0.820320443797606,0.0689626862367587,0.34119109196665676,0.30128786088690124,-2.2418892052857213,2.2418892052857213,10.55837083450104,7.2272265864670905e-09,0.0,2.074863614254241e-10,2.517409133235602e-07
random,37,2381,0.5837686462731397,0.14921988151480142,0.8203204424347634,0.06896268641586126,0.341191092852762,0.30128786293770315,-2.2418892054745845,2.2418892054745845,10.558366923293073,7.588587599203687e-09,0.0,2.1786061843442894e-10,2.6432795898973824e-07
random,37,2382,0.5837686460443859,0.14921988125451402,0.8203204410038611,0.06896268660392715,0.3411910937832131,0.3012878650848853,-2.2418892056787803,2.2418892056787803,10.55836494845682,7.968016760287756e-09,0.0,2.287537936851436e-10,2.775443569392252e-07
random,37,2383,0.5837686458041946,0.14921988098121985,0.8203204395014555,0.06896268680140044,0.34119109476020704,0.3012878673363407,-2.2418892058961357,2.2418892058961357,10.558364004997408,8.366417366243323e-09,0.0,2.4019131128483195e-10,2.9142157478618643e-07
random,37,2384,0.5837686455519938,0.14921988069426456,0.8203204379239493,0.06896268700874927,0.34119109578606,0.3012878696989162,-2.241889206125749,2.241889206125749,10.558363580624144,8.784737988321015e-09,0.0,2.522008157868072e-10,3.059926535254958e-07
random,37,2385,0.5837686452871829,0.14921988039296316,0.8203204362675768,0.0689626872264663,0.34119109686320925,0.30128787217898306,-2.2418892063674525,2.2418892063674525,10.558363401668442,9.22397462351227e-09,1.3877787807814457e-17,2.6481095094510465e-10,3.212922862017706e-07
random,37,2386,0.5837686450091315,0.1492198800765974,0.8203204345283897,0.06896268745506945,0.34119109799421743,0.30128787478279406,-2.241889206621489,2.241889206621489,10.558363330769518,9.685173054408333e-09,0.0,2.780513597144818e-10,3.3735690051185913e-07
random,37,2387,0.5837686447171774,0.14921987974441367,0.8203204327022449,0.06896268769510276,0.341191099181776,0.30128787751669983,-2.2418892068883203,2.2418892068883203,10.558363303912623,1.016943138740661e-08,0.0,2.9195412754035033e-10,3.542247455374521e-07
random,37,2388,0.5837686444106257,0.14921987939562095,0.820320430784794,0.06896268794713768,0.34119110042871215,0.30128788038726884,-2.2418892071685232,2.2418892071685232,10.558363293325337,1.067790260034408e-08,0.0,3.0655167293502927e-10,3.7193598281432473e-07
random,37,2389,0.5837686440887465,0.14921987902938874,0.8203204287714714,0.06896268821177422,0.3411911017379945,0.3012878834013573,-2.241889207462747,2.241889207462747,10.558363288113426,1.1211797328503173e-08,0.0,3.2187918996839926e-10,3.90532781955041e-07
random,37,2390,0.5837686437507733,0.14921987864484504,0.8203204266574832,0.06896268848964247,0.3411911031127405,0.30128788656614774,-2.241889207771684,2.241889207771684,10.558363284330332,1.1772386764852262e-08,0.0,3.3797320497797045e-10,4.1005942105279305e-07
random,37,2391,0.5837686433959015,0.1492198782410743,0.8203204244377965,0.06896268878140398,0.3411911045562229,0.3012878898891776,-2.24188920809607,2.24188920809607,10.558363280864647,1.2361005620223574e-08,0.0,3.548717986134875e-10,4.3056239210543274e-07
random,37,2392,0.583768643023286,0.1492198778171152,0.8203204221071264,0.0689626890877534,0.34119110607187864,0.3012878933783588,-2.241889208436676,2.241889208436676,10.558363277290525,1.2979055366609236e-08,0.0,3.726154940153492e-10,4.520905117107044e-07
random,37,2393,0.58376864263204,0.14921987737195833,0.8203204196599237,0.06896268940942007,0.3411911076633162,0.30128789704199976,-2.2418892087943125,2.2418892087943125,10.558363273615246,1.362800754663265e-08,0.0,3.912460355692815e-10,4.7469503729623964e-07
random,37,2394,0.5837686422212316,0.1492198769045438,0.8203204170903621,0.0689626897471699,0.3411911093343246,0.30128790088882285,-2.241889209169832,2.241889209169832,10.558363269676304,1.430940729087082e-08,0.0,4.108083873077817e-10,4.984297891610517e-07
random,37,2395,0.5837686417898827,0.14921987641375878,0.8203204143923235,0.06896269010180699,0.34119111108888234,0.30128790492798757,-2.2418892095641287,2.2418892095641287,10.558363265578715,1.5024876943208086e-08,0.0,4.3134884553097663e-10,5.233512786191043e-07
random,37,2396,0.5837686413369667,0.14921987589843475,0.8203204115593844,0.06896269047417569,0.34119111293116683,0.3012879091691108,-2.241889209978141,2.241889209978141,10.558363261283045,1.577612000581393e-08,0.0,4.529160380073449e-10,5.495188425500595e-07
random,37,2397,0.5837686408614049,0.14921987535734477,0.8203204085847998,0.06896269086516255,0.3411911148655641,0.30128791362229085,-2.241889210412855,2.241889210412855,10.5583632567662,1.6564925141848623e-08,0.0,4.755618121521366e-10,5.769947846775626e-07
random,37,2398,0.5837686403620649,0.14921987478920057,0.8203204054614874,0.06896269127569843,0.34119111689667964,0.30128791829813023,-2.2418892108693065,2.2418892108693065,10.558363252004751,1.7393170454445528e-08,0.0,4.993400137820458e-10,6.058445239114407e-07
random,37,2399,0.583768639837758,0.14921987419264948,0.8203204021820112,0.0689626917067608,0.34119111902934945,0.3012879232077623,-2.2418892113485813,2.2418892113485813,10.558363247042687,1.826282792394134e-08,0.0,5.243069312044213e-10,6.361367501070128e-07
random,37,2400,0.5837686392872359,0.14921987356627123,0.8203203987385633,0.06896269215937591,0.3411911212686509,0.3012879283628763,-2.2418892118518223,2.2418892118518223,10.558363241782594,1.91759681647301e-08,0.0,5.505220723733828e-10,6.679435876123634e-07
random,37,2401,0.5837686387091877,0.1492198729085744,0.820320395122945,0.06896269263462136,0.34119112361991544,0.30128793377574703,-2.2418892123802268,2.2418892123802268,10.558363236310543,2.0134765303477736e-08,0.0,5.780481648898217e-10,7.013407669929816e-07
random,37,2402,0.5837686381022371,0.14921987221799318,0.820320391326548,0.06896269313362864,0.34119112608874097,0.30128793945926186,-2.241889212935053,2.241889212935053,10.558363230522147,2.1141502162550253e-08,1.3877787807814457e-17,6.069506008898884e-10,7.364078053426307e-07
random,37,2403,0.5837686374649392,0.1492198714928834,0.8203203873403341,0.06896269365758581,0.3411911286810054,0.301287945426953,-2.2418892135176236,2.2418892135176236,10.558363224454336,2.219857571787677e-08,0.0,6.372978811342023e-10,7.732281956097624e-07
random,37,2404,0.5837686367957765,0.14921987073151863,0.8203203831548121,0.06896269420774027,0.34119113140288027,0.3012879516930302,-2.2418892141293236,2.2418892141293236,10.558363218140407,2.330850279251877e-08,0.0,6.691627252308763e-10,8.118896053902505e-07
random,37,2405,0.5837686360931557,0.1492198699320862,0.8203203787600173,0.06896269478540185,0.3411911342608458,0.3012879582724115,-2.2418892147716125,2.2418892147716125,10.558363211401673,2.447392604609965e-08,0.0,7.026208503901898e-10,8.52484085659763e-07
random,37,2406,0.5837686353554039,0.14921986909268276,0.8203203741454861,0.06896269539194587,0.3411911372617065,0.30128796518076356,-2.2418892154460184,2.2418892154460184,10.558363204443783,2.5697620267050653e-08,0.0,7.377517485807061e-10,8.951082899427512e-07
random,37,2407,0.5837686345807649,0.1492198682113099,0.8203203693002324,0.06896269602881636,0.3411911404126067,0.3012879724345339,-2.241889216154148,2.241889216154148,10.558363197041572,2.6982499005058365e-08,0.0,7.746390195961794e-10,9.398637044398888e-07
random,37,2408,0.5837686337673939,0.1492198672858691,0.82032036421272,0.06896269669752957,0.34119114372104786,0.30128798005099455,-2.241889216897687,2.241889216897687,10.558363189341334,2.8331621430040044e-08,0.0,8.133710371893699e-10,9.868568896618832e-07
random,37,2409,0.5837686329133545,0.14921986631415715,0.8203203588708368,0.06896269739967753,0.34119114719490656,0.30128798804827933,-2.2418892176784073,2.2418892176784073,10.558363181202845,2.9748199719792065e-08,0.0,8.540393947598091e-10,1.0361997341449773e-06
random,37,2410,0.5837686320166133,0.14921986529386053,0.8203203532618645,0.06896269813693194,0.34119115084245355,0.3012879964454302,-2.2418892184981676,2.2418892184981676,10.55836317269237,3.123560664075574e-08,0.0,8.967411257998492e-10,1.0880097208522262e-06
random,37,2411,0.5837686310750354,0.14921986422255012,0.8203203473724494,0.06896269891104799,0.34119115467237254,0.30128800526244026,-2.2418892193589204,2.2418892193589204,10.558363163729897,3.2797383581987046e-08,0.0,9.41577926738546e-10,1.1424102068948376e-06
random,37,2412,0.5837686300863787,0.14921986309767532,0.8203203411885697,0.06896269972386865,0.3411911586937815,0.3012880145203029,-2.241889220262716,2.241889220262716,10.558363154345997,3.44372490394631e-08,0.0,9.886567120531708e-10,1.1995307172395795e-06
random,37,2413,0.5837686290482895,0.14921986191655806,0.8203203346955031,0.06896270057732903,0.34119116291625456,0.30128802424106055,-2.241889221211707,2.241889221211707,10.558363144450674,3.615910737730743e-08,0.0,1.038089170180001e-09,1.2595072531015585e-06
random,37,2414,0.583768627958296,0.14921986067638632,0.8203203278777907,0.068962701473461,0.34119116734984406,0.301288034447859,-2.2418892222081537,2.2418892222081537,10.5583631341324,3.796705821157549e-08,0.0,1.089993539871159e-09,1.3224826157566365e-06
random,37,2415,0.5837686268138031,0.1492198593742075,0.8203203207192011,0.06896270241439797,0.34119117200510524,0.30128804516499863,-2.2418892232544314,2.2418892232544314,10.558363123173931,3.986540613146086e-08,0.0,1.1444928338377736e-09,1.3886067465444684e-06
random,37,2416,0.5837686256120859,0.14921985800692142,0.820320313202691,0.06896270340238003,0.3411911768931207,0.30128805641800116,-2.241889224353027,2.241889224353027,10.558363111928031,4.185867092880391e-08,0.0,1.201717281240633e-09,1.4580370838716918e-06
random,37,2417,0.5837686243502832,0.1492198565712729,0.8203203053103659,0.0689627044397593,0.34119118202552756,0.3012880682336508,-2.2418892255065668,2.2418892255065668,10.55836309957766,4.395159840385792e-08,0.0,1.2618026623556489e-09,1.5309389380652764e-06
random,37,2418,0.5837686230253908,0.149219855063844,0.8203202970234357,0.06896270552900535,0.341191187414544,0.30128808064009965,-2.24188922671778,2.24188922671778,10.558363087722482,4.61491716299854e-08,0.0,1.324892417997603e-09,1.6074858849685404e-06
random,37,2419,0.583768621634254,0.14921985348104594,0.8203202883221715,0.0689627066727114,0.34119119307299983,0.3012880936668436,-2.241889227989595,2.241889227989595,10.558363072854847,4.845662283100566e-08,0.0,1.391136761341727e-09,1.6878601792169675e-06
random,37,2420,0.5837686201735611,0.1492198518191103,0.8203202791858569,0.06896270787360007,0.34119119901436523,0.3012881073450086,-2.2418892293249346,2.2418892293249346,10.558363062958838,5.087944583380131e-08,0.0,1.4606928999683078e-09,1.772253188177816e-06
random,37,2421,0.5837686186398341,0.14921985007408115,0.8203202695927446,0.06896270913453059,0.3411912052527861,0.30128812170686864,-2.241889230727262,2.241889230727262,10.55836303797658,5.3423409157817256e-08,0.0,1.5337270342641318e-09,1.8608658475867068e-06
random,37,2422,0.5837686170294212,0.149219848241802,0.8203202595199848,0.06896271045850365,0.3411912118031083,0.3012881367874656,-2.2418892321991097,2.2418892321991097,10.55836305172146,5.6094569732677436e-08,0.0,1.610412914132553e-09,1.953909139966042e-06
random,37,2423,0.5837686153384882,0.1492198463179171,0.8203202489436319,0.06896271184867458,0.34119121868094276,0.3012881526200965,-2.2418892337464777,2.2418892337464777,10.558362948942241,5.8899287311293256e-08,0.0,1.690932949216517e-09,2.0516045969643446e-06
random,37,2424,0.5837686135630094,0.14921984429782537,0.8203202378383923,0.06896271330834122,0.34119122590260537,0.30128816925106183,-2.2418892353648294,2.2418892353648294,10.55836320835445,6.184423965720175e-08,0.0,1.7754788750323769e-09,2.154184826812562e-06
random,37,2425,0.5837686116987575,0.14921984217679113,0.820320226178232,0.06896271484101911,0.34119123348548924,0.3012881866896885,-2.2418892370869585,2.2418892370869585,10.558362251747626,6.493643841022508e-08,0.0,1.8642518639921946e-09,2.26189406815319e-06
random,37,2426,0.5837686097412936,0.1492198399494891,0.8203202139338757,0.0689627164502041,0.34119124144689006,0.30128820509107956,-2.241889238808386,2.241889238808386,10.558365632052272,6.818324588883287e-08,0.0,1.957463857671371e-09,2.37498877156085e-06
random,37,2427,0.583768607685958,0.14921983761171959,0.8203202010822362,0.06896271814033758,0.34119124980878135,0.3012882240449144,-2.241889240967363,2.241889240967363,10.558352508809467,7.159239482668156e-08,0.0,2.055335679429504e-09,2.4937382101388925e-06
random,37,2428,0.5837686055278614,0.1492198351532305,0.8203201875669538,0.06896271991284762,0.3411912585782286,0.3012882455270195,-2.241889241723273,2.241889241723273,10.55840612262621,7.517204675295952e-08,1.3877787807814457e-17,2.158096590321179e-09,2.618425120645837e-06
random,37,2429,0.5837686032619689,0.1492198325894923,0.8203201734730754,0.06896272178376113,0.34119126783452436,0.3012882608168967,-2.241889249463131,2.241889249463131,10.558170860954105,7.893167428988888e-08,0.0,2.2658924736518316e-09,2.749346376678129e-06
random,37,2430,0.5837686008857368,0.14921982981437276,0.8203201582171507,0.0689627237021418,0.34119127732566273,0.301288311433007,-2.2418892245361173,2.2418892245361173,10.559226049688922,8.29004069077083e-08,0.0,2.376232099976505e-09,2.8868136955120355e-06
random,37,2431,0.5837685984617983,0.1492198274243013,0.8203201450779867,0.06896272600648022,0.341191288726317,0.3012881559646564,-2.24188939748542,2.24188939748542,10.552909458761125,8.799699415809341e-08,0.0,2.4239384943669506e-09,3.0311543802876376e-06
random,37,2432,0.5837685957933734,0.14921982390673416,0.8203201257405351,0.06896272786785873,0.3411912979354386,0.30128839553864734,-2.2418891945342376,2.2418891945342376,10.572487590872338,9.26609972453428e-08,0.0,2.66842492546715e-09,3.1827120993020197e-06
random,37,2433,0.583768595759501,0.14921982414909524,0.8203201270728894,0.06896272809956105,0.3411912990817798,0.30128826821664095,-2.2418893199772736,2.2418893199772736,10.467173742189871,8.399746325437262e-09,0.0,3.3872349369801213e-11,1.0443274075834753e-07
random,37,2434,0.5837685955925194,0.14921982394897865,0.8203201259727697,0.06896272814747763,0.34119129931884584,0.3012882946711576,-2.241889292811562,2.241889292811562,10.566711986092447,3.4718343585995625e-09,0.0,1.6698165072881466e-10,1.096543777962649e-07
random,37,2435,0.5837685954952674,0.1492198238223318,0.8203201252765421,0.06896272821514834,0.3411912996536449,0.3012883030173841,-2.2418892857792585,2.2418892857792585,10.564312363096855,3.3492278566963837e-09,1.3877787807814457e-17,9.725198424348491e-11,1.1513709668607816e-07
random,37,2436,0.5837685953938128,0.14921982369208514,0.8203201245605249,0.06896272828771567,0.3411913000126699,0.3012883107215392,-2.2418892794052026,2.2418892794052026,10.56348220598973,3.5048315526004642e-09,0.0,1.0145462248090098e-10,1.2089395152038208e-07
random,37,2437,0.5837685952878562,0.14921982355813246,0.8203201238241343,0.06896272836546533,0.34119130039733425,0.3012883177121891,-2.2418892737602976,2.2418892737602976,10.562670609847801,3.669666256419878e-09,0.0,1.0595657684575599e-10,1.2693864909640118e-07
random,37,2438,0.5837685951770712,0.14921982342029322,0.8203201230663778,0.06896272844865906,0.34119130080893306,0.30128832394158767,-2.2418892688929875,2.2418892688929875,10.561896735735194,3.844454171331683e-09,0.0,1.107849367798508e-10,1.3328558155122126e-07
random,37,2439,0.5837685950611116,0.1492198232782947,0.8203201222857559,0.06896272853752561,0.34119130124859803,0.3012883293934611,-2.241889264821784,2.241889264821784,10.561180602943189,4.029815062723336e-09,0.0,1.1595968629762865e-10,1.3994986062878234e-07
random,37,2440,0.5837685949396187,0.14921982313176158,0.8203201214802057,0.068962728632256,0.3411913017172742,0.30128833408787514,-2.2418892615305825,2.2418892615305825,10.560540591345369,4.226231012339959e-09,0.0,1.214928158077555e-10,1.4694735366022145e-07
random,37,2441,0.5837685948122303,0.14921982298021755,0.8203201206471086,0.06896272873300519,0.34119130221572813,0.30128833808119804,-2.241889258968666,2.241889258968666,10.559990573228392,4.434048735125534e-09,0.0,1.2738843313542247e-10,1.5429472134323253e-07
random,37,2442,0.5837685946785844,0.1492198228230997,0.8203201197833698,0.06896272883990112,0.34119130274459303,0.3012883414603086,-2.2418892570562257,2.2418892570562257,10.559537532911513,4.653523454836468e-09,0.0,1.3364587214681478e-10,1.6200945741039415e-07
random,37,2443,0.5837685945383213,0.14921982265978384,0.8203201188855582,0.0689627289530599,0.3411913033044431,0.30128834433206075,-2.2418892556944314,2.2418892556944314,10.559180563893998,4.884888234088911e-09,0.0,1.402631344404881e-10,1.7010993028091386e-07
random,37,2444,0.5837685943910796,0.1492198224896139,0.8203201179500671,0.06896272907260287,0.3411913038958788,0.3012883468106651,-2.2418892547775138,2.2418892547775138,10.558911647651644,5.128420792843064e-09,0.0,1.4724166330637445e-10,1.7861542679495956e-07
random,37,2445,0.5837685942364929,0.14921982231192804,0.820320116973258,0.0689627291986726,0.34119130451960555,0.3012883490061055,-2.241889254203855,2.241889254203855,10.558717860547244,5.384485400511036e-09,0.0,1.5458678781499202e-10,1.8754619813470755e-07
random,37,2446,0.5837685940741844,0.1492198221260772,0.8203201159515627,0.0689627293314441,0.34119130517648905,0.3012883510158508,-2.2418892538839454,2.2418892538839454,10.558584129544558,5.653544878036331e-09,0.0,1.6230849997356245e-10,1.9692350804144293e-07
random,37,2447,0.583768593903764,0.14921982193143363,0.8203201148815303,0.06896272947113084,0.3411913058675856,0.3012883529206032,-2.241889253744465,2.241889253744465,10.558495653237332,5.9361517082010265e-09,0.0,1.7042034450298615e-10,2.0676968344351509e-07
random,37,2448,0.5837685937248237,0.1492198217273909,0.8203201137598272,0.06896272961798629,0.3411913065941491,0.3012883547835559,-2.2418892537290125,2.2418892537290125,10.558439495953232,6.232931448629721e-09,0.0,1.7894030701626207e-10,2.1710816761569084e-07
random,37,2449,0.5837685935369369,0.14921982151335902,0.8203201125832097,0.06896272977230238,0.3411913073576239,0.3012883566520077,-2.2418892537965767,2.2418892537965767,10.5584053024963,6.544567801592624e-09,0.0,1.8788681721559897e-10,2.279635759964754e-07
random,37,2450,0.5837685933396559,0.14921982128875605,0.8203201113484787,0.06896272993440647,0.34119130815962967,0.3012883585601662,-2.2418892539188713,2.2418892539188713,10.558385348959446,6.871792661624813e-09,0.0,1.9728096933846473e-10,2.3936175479629917e-07
random,37,2451,0.5837685931325107,0.14921982105299944,0.8203201100524318,0.06896273010465803,0.34119130900194483,0.30128836053224733,-2.24188925407738,2.24188925407738,10.558374210870635,7.215381105710635e-09,0.0,2.0714518988995678e-10,2.513298425361141e-07
random,37,2452,0.5837685929150085,0.1492198208054978,0.8203201086918178,0.0689627302834458,0.34119130988649266,0.30128836258533187,-2.2418892542606415,2.2418892542606415,10.558368280505945,7.576149694688143e-09,0.0,2.1750223844207994e-10,2.638963346629198e-07
random,37,2453,0.5837685926866313,0.14921982054564387,0.8203201072632984,0.06896273047118548,0.34119131081532983,0.3012883647317234,-2.241889254462002,2.241889254462002,10.55836527999315,7.954956907651009e-09,0.0,2.2837720603519074e-10,2.770911513960658e-07
random,37,2454,0.5837685924468351,0.14921982027280867,0.8203201057634159,0.06896273066831834,0.34119131179063955,0.30128836698074113,-2.2418892546779174,2.2418892546779174,10.558363843922699,8.352704518998265e-09,0.0,2.3979618291036786e-10,2.909457089658691e-07
random,37,2455,0.583768592195049,0.1492198199863371,0.8203201041885689,0.06896273087531077,0.34119131281472914,0.3012883693399952,-2.2418892549067464,2.2418892549067464,10.5583631971739,8.77033949223346e-09,0.0,2.517861474871097e-10,3.054929944141626e-07
random,37,2456,0.5837685919306738,0.14921981968554449,0.8203201025349934,0.06896273109265405,0.3411913138900294,0.301288371816237,-2.2418892551479495,2.2418892551479495,10.558362924485111,9.208856206646671e-09,1.3877787807814457e-17,2.643751884079393e-10,3.2076764413487074e-07
random,37,2457,0.5837685916530799,0.1492198193697133,0.8203201007987451,0.06896273132086493,0.3411913150190968,0.3012883744158941,-2.2418892554015923,2.2418892554015923,10.558362817103585,9.669298723099707e-09,0.0,2.775938368060338e-10,3.368060263416143e-07
random,37,2458,0.583768591361606,0.14921981903809095,0.8203200989756865,0.06896273156048645,0.34119131620461796,0.3012883771453866,-2.241889255668059,2.241889255668059,10.558362777203822,1.0152763331319825e-08,0.0,2.9147395608219995e-10,3.53646327658695e-07
random,37,2459,0.5837685910555588,0.14921981868988776,0.8203200970614765,0.068962731812089,0.34119131744941505,0.3012883800113042,-2.241889255947897,2.241889255947897,10.558362762419835,1.0660401147579692e-08,0.0,3.060471875926396e-10,3.713286440416298e-07
random,37,2460,0.5837685907342091,0.14921981832427453,0.8203200950515566,0.06896273207627157,0.3411913187564514,0.30128838302050304,-2.241889256241742,2.241889256241742,10.55836275597277,1.1193420814975686e-08,0.0,3.213497246079555e-10,3.898950762437113e-07
random,37,2461,0.5837685903967919,0.14921981794038083,0.8203200929411417,0.06896273235366314,0.34119132012883896,0.30128838618015835,-2.2418892565502837,2.2418892565502837,10.558362751958414,1.1753091413342043e-08,0.0,3.374172052872382e-10,4.093898300558969e-07
random,37,2462,0.583768590042504,0.14921981753729258,0.8203200907252068,0.06896273264492414,0.34119132156984516,0.3012883894977959,-2.241889256874253,2.241889256874253,10.558362748433023,1.2340745503809368e-08,0.0,3.5428782130253467e-10,4.2985932155869175e-07
random,37,2463,0.5837685896705015,0.14921981711405002,0.8203200883984759,0.068962732950748,0.3411913230829008,0.30128839298131527,-2.2418892572144222,2.2418892572144222,10.558362744857758,1.2957782255188754e-08,0.0,3.7200253988345366e-10,4.513522876366264e-07
random,37,2464,0.583768589279899,0.14921981666964557,0.8203200859554096,0.06896273327186289,0.3411913246716083,0.301288396639011,-2.2418892575716005,2.2418892575716005,10.558362741151825,1.360567078795734e-08,0.0,3.906024392819063e-10,4.739199020184577e-07
random,37,2465,0.5837685888697665,0.14921981620302108,0.820320083390191,0.0689627336090333,0.3411913263397501,0.30128840047959193,-2.2418892579466383,2.2418892579466383,10.558362737257257,1.4285953685445307e-08,0.0,4.1013259455269235e-10,4.976158971193806e-07
random,37,2466,0.5837685884391274,0.14921981571306558,0.8203200806967128,0.06896273396306202,0.34119132809129793,0.3012884045122021,-2.2418892583404295,2.2418892583404295,10.558362733144325,1.5000250659408815e-08,0.0,4.3063907995133377e-10,5.224966919753496e-07
random,37,2467,0.5837685879869564,0.14921981519861255,0.8203200778685619,0.06896273433479193,0.341191329930422,0.3012884087464434,-2.241889258753911,2.241889258753911,10.558362728868753,1.5750262416234607e-08,0.0,4.52170967335519e-10,5.486215265741171e-07
random,37,2468,0.583768587512177,0.14921981465843714,0.820320074899005,0.06896273472510807,0.3411913318615009,0.3012884131923971,-2.2418892591880684,2.2418892591880684,10.558362724338904,1.6537774676452678e-08,0.0,4.747794379866832e-10,5.76052602902823e-07
random,37,2469,0.5837685870136583,0.1492198140912532,0.8203200717809715,0.0689627351349397,0.3411913338891322,0.301288417860649,-2.2418892596439344,2.2418892596439344,10.55836271961211,1.7364662460821044e-08,0.0,4.985186707884282e-10,6.048552330479641e-07
random,37,2470,0.5837685864902141,0.14921981349571042,0.8203200685070384,0.06896273556526258,0.3411913360181435,0.301288422762314,-2.241889260122595,2.241889260122595,10.558362714635475,1.8232894537991515e-08,0.0,5.234441768919851e-10,6.350979947003624e-07
random,37,2471,0.5837685859405977,0.14921981287039085,0.8203200650694106,0.06896273601710125,0.3411913382536035,0.301288427909063,-2.241889260625191,2.241889260625191,10.55836270942079,1.914453811434088e-08,0.0,5.496164634521961e-10,6.668528944353806e-07
random,37,2472,0.5837685853635005,0.1492198122138057,0.8203200614599034,0.06896273649153144,0.3411913406008345,0.30128843331315003,-2.2418892611529175,2.2418892611529175,10.558362703917824,2.0101763756701384e-08,1.3877787807814457e-17,5.770971478469278e-10,7.001955391571496e-07
random,37,2473,0.5837685847575484,0.1492198115243917,0.8203200576699232,0.0689627369896827,0.3411913430654248,0.30128843898744184,-2.2418892617070334,2.2418892617070334,10.558362698157689,2.110685054550763e-08,0.0,6.059520663015405e-10,7.352053161150071e-07
random,37,2474,0.5837685841212988,0.14921981080050747,0.8203200536904466,0.068962737512741,0.34119134565324216,0.30128844494544965,-2.241889262288856,2.241889262288856,10.558362692150984,2.2162191531167854e-08,0.0,6.362496085543512e-10,7.719655819207576e-07
random,37,2475,0.583768583453237,0.14921981004042958,0.8203200495119992,0.06896273806195172,0.34119134837044784,0.30128845120135817,-2.2418892628997726,2.2418892628997726,10.558362685749652,2.327029940703212e-08,1.3877787807814457e-17,6.68061828079658e-10,8.105638610167955e-07
random,37,2476,0.5837685827517722,0.14921980924234834,0.8203200451246324,0.06896273863862235,0.34119135122351074,0.3012884577700633,-2.241889263541238,2.241889263541238,10.558362679119012,2.4433812505447594e-08,0.0,7.014647751546477e-10,8.510920540676353e-07
random,37,2477,0.5837685820152343,0.14921980840436372,0.820320040517901,0.06896273924412585,0.3411913542192236,0.301288464667205,-2.241889264214779,2.241889264214779,10.558362672122334,2.5655501063356e-08,0.0,7.365379417478835e-10,8.936466567710171e-07
random,37,2478,0.5837685812418695,0.1492198075244805,0.8203200356808364,0.06896273987990381,0.34119135736471845,0.3012884719092047,-2.241889264922001,2.241889264922001,10.558362664752783,2.693827383240547e-08,0.0,7.733648166308171e-10,9.38328989609568e-07
random,37,2479,0.5837685804298366,0.1492198066006039,0.820320030601923,0.06896274054746987,0.3411913606674841,0.30128847951330584,-2.241889265664587,2.241889265664587,10.558362657052283,2.828518501304899e-08,0.0,8.120328853777892e-10,9.852454390900465e-07
random,37,2480,0.5837685795772022,0.14921980563053433,0.8203200252690687,0.06896274124841334,0.34119136413538365,0.3012884874976134,-2.2418892664443058,2.2418892664443058,10.558362648938274,2.9699441489552947e-08,0.0,8.526344075221459e-10,1.0345077110445488e-06
random,37,2481,0.5837685786819364,0.14921980461196221,0.8203200196695767,0.06896274198440301,0.34119136777667336,0.30128849588113793,-2.2418892672630153,2.2418892672630153,10.558362640432815,3.1184410516984695e-08,0.0,8.952657504224248e-10,1.0862330965967763e-06
random,37,2482,0.5837685777419076,0.14921980354246256,0.820320013790116,0.06896274275719111,0.34119137160002233,0.3012885046838404,-2.2418892681226645,2.2418892681226645,10.558362631501526,3.27436276775836e-08,1.3877787807814457e-17,9.400288325522865e-10,1.140544751426615e-06
random,37,2483,0.5837685767548774,0.149219802419489,0.8203200076166882,0.06896274356861744,0.34119137561453294,0.30128851392667994,-2.241889269025302,2.241889269025302,10.558362622128229,3.4380805354562846e-08,0.0,9.87030235322095e-10,1.1975719889979459e-06
random,37,2484,0.5837685757184958,0.14921980124036804,0.8203200011345959,0.06896274442061376,0.3411913798297625,0.3012885236316642,-2.241889269973076,2.241889269973076,10.558362612303242,3.609984153096802e-08,0.0,1.036381536145825e-09,1.2574505884478432e-06
random,37,2485,0.5837685746302955,0.1492198000022924,0.8203199943284066,0.06896274531520845,0.3411913842557464,0.3012885338218986,-2.2418892709682465,2.2418892709682465,10.558362601873386,3.790482909686806e-08,0.0,1.0882003076417845e-09,1.3203231178702355e-06
random,37,2486,0.5837685734876856,0.14921979870231453,0.8203199871819165,0.06896274625453129,0.3411913889030217,0.3012885445216498,-2.2418892720131796,2.2418892720131796,10.558362591179025,3.980006556615997e-08,0.0,1.1426098955880093e-09,1.3863392737637474e-06
random,37,2487,0.5837685722879454,0.14921979733733942,0.8203199796781109,0.06896274724081855,0.3411913937826522,0.30128855575638663,-2.241889273110372,2.241889273110372,10.558362579490122,4.179006336598824e-08,0.0,1.1997401960783804e-09,1.455656237451935e-06
random,37,2488,0.5837685710282186,0.1492197959041174,0.8203199717991251,0.06896274827641821,0.3411913989062545,0.30128856755287325,-2.241889274262423,2.241889274262423,10.558362568085442,4.387956049631477e-08,0.0,1.2597268783665072e-09,1.5284390493245317e-06
random,37,2489,0.5837685697055057,0.14921979439923636,0.8203199635262014,0.06896274936379579,0.34119140428602673,0.3012885799391664,-2.241889275472106,2.241889275472106,10.558362554337467,4.6073531847485765e-08,0.0,1.3227128281556588e-09,1.6048610017907584e-06
random,37,2490,0.5837685683166578,0.1492197928191134,0.8203199548396435,0.06896275050553982,0.34119140993477554,0.3012885929448286,-2.241889276742235,2.241889276742235,10.558362543806108,4.837720110140514e-08,0.0,1.3888479255541597e-09,1.6851040518802963e-06
random,37,2491,0.5837685668583678,0.14921979115998707,0.8203199457187726,0.06896275170436864,0.34119141586594987,0.3012886066006489,-2.2418892780760054,2.2418892780760054,10.558362523458165,5.079605305334152e-08,0.0,1.4582900442761115e-09,1.7693592544743113e-06
random,37,2492,0.5837685653271639,0.1492197894179063,0.8203199361418688,0.0689627529631356,0.3411914220936666,0.3012886209396185,-2.2418892794761383,2.2418892794761383,10.558362525828535,5.3335846788372063e-08,0.0,1.5312038303960662e-09,1.857827217198027e-06
random,37,2493,0.5837685637194004,0.14921978758872706,0.8203199260861502,0.06896275428483914,0.34119142863276036,0.30128863599450717,-2.241889280947281,2.241889280947281,10.558362463413994,5.600262928172991e-08,0.0,1.6077634779065875e-09,1.9507185780579282e-06
random,37,2494,0.5837685620312493,0.14921978566808428,0.8203199155276206,0.06896275567262006,0.3411914354987703,0.30128865180538067,-2.241889282488903,2.241889282488903,10.558362587738113,5.8802749892627325e-08,0.0,1.6881511744060163e-09,2.048254506960825e-06
random,37,2495,0.5837685602586913,0.14921978365143926,0.820319904441329,0.06896275712980071,0.34119144270813356,0.3012886683960062,-2.2418892841179456,2.2418892841179456,10.558362124654858,6.174287542778593e-08,0.0,1.7725579892768906e-09,2.150667232308866e-06
random,37,2496,0.5837685583975062,0.14921978153387266,0.8203198928002317,0.06896275865978455,0.3411914502776887,0.30128868585461,-2.24188928579171,2.24188928579171,10.558363619906999,6.483000603587944e-08,0.0,1.8611850949312725e-09,2.2582005939243096e-06
random,37,2497,0.5837685564432629,0.14921977931078634,0.8203198805790508,0.06896276026645896,0.34119145822666846,0.30128870404032687,-2.2418892876885903,2.2418892876885903,10.55835813506063,6.807149223129002e-08,0.0,1.9542433227215383e-09,2.371110623620525e-06
random,37,2498,0.5837685543913088,0.14921977697512157,0.8203198677389819,0.06896276195267075,0.34119146656915733,0.3012887237239172,-2.2418892891176547,2.2418892891176547,10.558379125279753,7.147505786205093e-08,0.0,2.0519540511187984e-09,2.4896661548015514e-06
random,37,2499,0.5837685522367706,0.14921977452883098,0.8203198542907594,0.06896276372659405,0.3411914753455966,0.3012887418592592,-2.2418892930391427,2.2418892930391427,10.558292962266302,7.504892191746968e-08,0.0,2.154538214504953e-09,2.614149462541629e-06
random,37,2500,0.5837685522367706,0.14921977452883098,0.8203198542907594,0.06896276372659405,0.3411914753455966,0.3012887418592592,-2.2418892930391427,2.2418892930391427,10.558663508441864,0.0,0.0,0.0,2.7448569356687104e-06
feature_informed,0,0,1.1503205498463214,0.1920610545843128,1.055835239056016,0.25041459089419255,1.2389196589333566,0.2943100851634897,-3.54707043755817,3.54707043755817,9.189698062427649,0.3954415572999087,5.551115123125783e-17,0.3388248614336895,0.1
feature_informed,0,1,1.1403592280734134,0.12035991856303004,0.6616658627841311,0.3233250224782575,1.5996421180690574,0.9705237646819204,-2.7901501997964067,2.7901501997964067,11.065782617573507,0.3054986502845468,5.551115123125783e-17,0.009961321772907983,0.1
feature_informed,0,2,1.0870481571096982,0.19467324864581953,1.0701954983358632,0.22232496890862993,1.0999469865916538,0.19769146459396628,-3.414601136156609,3.414601136156609,9.542005814369487,0.30082146597597725,6.938893903907228e-17,0.053311070963715235,0.1
feature_informed,0,3,0.8640438564242781,0.1405862478109007,0.7728579585625925,0.19113406900516816,0.9456308226164121,0.47994658347757146,-3.0185734146397207,3.0185734146397207,11.290068632035537,0.22901646780735385,6.938893903907228e-17,0.2230043006854201,0.1
feature_informed,0,4,0.7310138149678109,0.16614350673986017,0.913356273795099,0.11038945637951161,0.5461489570523061,0.12611995441082594,-3.0978101082856933,3.0978101082856933,10.276467349942502,0.13392044496250052,2.7755575615628914e-17,0.13303004145646713,0.1
feature_informed,0,5,0.6901769459071434,0.15645895366724225,0.8601164723647188,0.10420348680671124,0.5155440338889262,0.23466927803208687,-2.9088674860061188,2.9088674860061188,10.976188416471752,0.06956809705033222,2.7755575615628914e-17,0.040836869060667524,0.1
feature_informed,0,6,0.6680927078167749,0.15448649006698728,0.8492730633174658,0.09737368141524368,0.4817537498005943,0.2579301257744875,-2.8208140153655066,2.8208140153655066,10.930578592098922,0.042815541291697304,2.7755575615628914e-17,0.022084238090368524,0.1
feature_informed,0,7,0.6362731204944143,0.15295064485564033,0.8408299174679064,0.08616708655090224,0.42630941391922145,0.27034548008504,-2.6572350382862604,2.6572350382862604,10.926419843332202,0.047661869522688506,5.551115123125783e-17,0.031819587322360565,0.1
feature_informed,0,8,0.6214016215502014,0.1502737778642117,0.8261141256279971,0.0830667121234312,0.410970392281017,0.2859362595694307,-2.5732860840917824,2.5732860840917824,10.919570190006818,0.03173288786857463,2.7755575615628914e-17,0.014871498944212913,0.1
feature_informed,0,9,0.6175954457724785,0.14822931692403102,0.8148749188549824,0.08367957588600941,0.41400251976605973,0.3156726461957429,-2.531351195096741,2.531351195096741,10.891501916823215,0.018478498131495245,1.3877787807814457e-17,0.003806175777722909,0.1
feature_informed,0,10,0.614553745018785,0.14695437208761386,0.8078660450931714,0.0837849514318128,0.4145238625312735,0.3358791206562602,-2.5052388679953297,2.5052388679953297,10.888438691358745,0.017084293503539887,2.7755575615628914e-17,0.003041700753693477,0.1
feature_informed,0,11,0.6108878520806479,0.14571475808381856,0.8010513988294239,0.08359690944967078,0.4135935297277869,0.3565387802042534,-2.46521447298166,2.46521447298166,10.886528602301032,0.018638167716207268,0.0,0.0036658929381371275,0.1
feature_informed,0,12,0.6074193552444725,0.14513417434543652,0.79785970142084,0.08279759746051792,0.40963895450337023,0.36700272823673785,-2.4352153792264315,2.4352153792264315,10.883919287817356,0.017849852629171225,2.7755575615628914e-17,0.0034684968361753388,0.1
feature_informed,0,13,0.603599885552846,0.1446192579445682,0.7950290032223877,0.08179023133415468,0.40465503686007964,0.3757865511612422,-2.4006307388509502,2.4006307388509502,10.880465030085205,0.018605166328480405,2.7755575615628914e-17,0.003819469691626498,0.1
feature_informed,0,14,0.5993273198833999,0.14411553465751026,0.792259837977721,0.08059482944710313,0.39874081719378246,0.38269922976482096,-2.3708666495508353,2.3708666495508353,10.874421509918172,0.019975958582347873,2.7755575615628914e-17,0.004272565669446116,0.1
feature_informed,0,15,0.594532618430134,0.14389423489866504,0.7910432660689126,0.07888917658939523,0.3903021441548658,0.385991331824489,-2.3278777024609756,2.3278777024609756,10.863841167641885,0.020112470312996462,0.0,0.004794701453265882,0.1
feature_informed,0,16,0.5909555435588865,0.14448299614182084,0.7942799184410437,0.07682370671293064,0.38008328579781475,0.3773941439457166,-2.303859715654763,2.303859715654763,10.852316385001247,0.01883920820334461,1.3877787807814457e-17,0.0035770748712475875,0.1
feature_informed,0,17,0.5872505737733518,0.14513978724892826,0.7978905577613553,0.07462728003636523,0.36921652208694006,0.369703384920401,-2.2680231260245853,2.2680231260245853,10.839532138932798,0.019154149875903644,1.3877787807814457e-17,0.0037049697855346952,0.1
feature_informed,0,18,0.5841565613855735,0.14606390905666172,0.8029708192016403,0.07240557344109433,0.3582246866374393,0.3558808466033686,-2.230773021721587,2.230773021721587,10.82726835616844,0.016357092714989845,1.3877787807814457e-17,0.003094012387778289,0.1
feature_informed,0,19,0.5820537965703397,0.14696537835407344,0.8079265508735005,0.070618125998208,0.34938133702113155,0.3399852623023644,-2.202524388928969,2.202524388928969,10.820446357053006,0.01269621496843652,0.0,0.0021027648152337486,0.1
feature_informed,0,20,0.581730524625747,0.1471170278518155,0.8087602278729721,0.07034510796622523,0.3480305874267931,0.3335116975864363,-2.203722602735757,2.203722602735757,10.8174333165936,0.005598267103655248,0.0,0.0003232719445926957,0.1
feature_informed,0,21,0.5813645757198902,0.1472829247385263,0.8096722283793636,0.07003896555068653,0.3465159558085241,0.3270483625946289,-2.2043312576536547,2.2043312576536547,10.81213257565028,0.005953192546369185,2.7755575615628914e-17,0.0003659489058568388,0.1
feature_informed,0,22,0.580948750890116,0.14746403712293546,0.8106678744675438,0.06969569775517782,0.34481764734089115,0.32059899858984914,-2.2042618592348595,2.2042618592348595,10.806571626412689,0.006343156540834194,1.3877787807814457e-17,0.0004158248297742029,0.1
feature_informed,0,23,0.580474777542781,0.14766141463426422,0.8117529363626226,0.06931074336254499,0.3429130955209571,0.3141761600991117,-2.2033984810242297,2.2033984810242297,10.800750537529172,0.0067697029251025664,0.0,0.0004739733473350105,0.1
feature_informed,0,24,0.5799331184778987,0.14787619648512265,0.8129336767648703,0.06887889498518131,0.3407765369343195,0.30780116283038966,-2.201591244314323,2.201591244314323,10.794670487599973,0.0072347511827144054,0.0,0.0005416590648822384,0.1
feature_informed,0,25,0.5793127548812108,0.14810962007860157,0.8142168981662915,0.06839420039986457,0.33837852311178956,0.30150442421702883,-2.198646063589938,2.198646063589938,10.788334736066268,0.0077405587714267565,2.7755575615628914e-17,0.000620363596687934,0.1
feature_informed,0,26,0.5786009377658681,0.14836303039606044,0.8156099944589915,0.067849848930494,0.3356853584109459,0.2953261330899294,-2.194308190666128,2.194308190666128,10.781749558566858,0.008289699873872085,0.0,0.0007118171153427388,0.1
feature_informed,0,27,0.5777829021080763,0.148637890409093,0.8171210081738505,0.06723804038609649,0.33265845159033747,0.28931722259823106,-2.1882343261405026,2.1882343261405026,10.774925204141388,0.008885054578781899,0.0,0.0008180356577918158,0.1
feature_informed,0,28,0.5768415374755294,0.14893579280620362,0.8187586949466812,0.06654983372868317,0.3292535670976506,0.28354064533634915,-2.179941019475891,2.179941019475891,10.76787690540189,0.009529804788646946,1.3877787807814457e-17,0.0009413646325469038,0.1
feature_informed,0,29,0.5757570083839628,0.1492584734179396,0.8205325973214671,0.06577497224196063,0.32541996009646545,0.2780729674996554,-2.1686955133485926,2.1686955133485926,10.76062595127148,0.010227434347648962,5.551115123125783e-17,0.0010845290915665329,0.1
feature_informed,0,30,0.5745063170113768,0.14960782688395832,0.8224531308783991,0.06490168149536596,0.3210993768985883,0.2730063122883045,-2.1532282066511126,2.1532282066511126,10.753200806782063,0.010981731461710217,2.7755575615628914e-17,0.0012506913725860436,0.1
feature_informed,0,31,0.5730628003435123,0.1499859253735721,0.8245316871480819,0.06391643583948493,0.3162248997062212,0.2684506916360789,-2.1305411306371216,2.1305411306371216,10.745638226367785,0.011796791650181692,0.0,0.001443516667864464,0.1
feature_informed,0,32,0.5719514920493979,0.15014184586616144,0.825388843487888,0.06327430254770867,0.31304796198866885,0.2733089311119464,-2.1037169415036363,2.1037169415036363,10.737984241092905,0.009068533518039709,1.3877787807814457e-17,0.0011113082941144325,0.1
feature_informed,0,33,0.5714276212392149,0.15002809250788676,0.824763496488272,0.06311048133374646,0.3122374608041996,0.2927142592979149,-2.084311613317668,2.084311613317668,10.728218904798117,0.007441104565052543,0.0,0.0005238708101830136,0.1
feature_informed,0,34,0.5713649607468476,0.15001066209278643,0.8246676746334242,0.06308483176697306,0.3121105602413961,0.29758433094374653,-2.079441541671836,2.079441541671836,10.701862136227671,0.0011401996683080159,0.0,6.266049236725024e-05,0.1
feature_informed,0,35,0.5713649606219124,0.15001066495342477,0.8246676903594795,0.06308483501337127,0.3121105763028666,0.29758272907394034,-2.0794431689886284,2.0794431689886284,10.47592163803241,1.3786701851427403e-07,0.0,1.2493517331790827e-10,1.52587890625e-06
feature_informed,0,36,0.571364959546822,0.15001066421471906,0.8246676862985233,0.06308483489833445,0.31211057573372497,0.2975828530697944,-2.079443019545788,2.079443019545788,10.604064340942724,1.353552746209142e-08,0.0,1.0750904611001033e-09,1.6021728515625002e-06
feature_informed,0,37,0.5713649595428295,0.15001066425520926,0.8246676865211139,0.06308483495808628,0.31211057602934555,0.29758282675998404,-2.0794430458555984,2.0794430458555984,10.603196243097623,2.648640072023556e-09,0.0,3.9924730188545254e-12,1.6822814941406252e-06
feature_informed,0,38,0.5713649595393236,0.15001066429411478,0.8246676867349928,0.06308483501549964,0.3121105763133966,0.2975828015128922,-2.0794430711026903,2.0794430711026903,10.60339655722463,2.5449817820078193e-09,0.0,3.5058622671613193e-12,1.7663955688476565e-06
feature_informed,0,39,0.5713649595362631,0.15001066433139057,0.8246676869399125,0.06308483507050794,0.31211057658554875,0.2975827773532458,-2.0794430952623366,2.0794430952623366,10.603585550461121,2.4383723392172284e-09,0.0,3.060551811984169e-12,1.8547153472900394e-06
feature_informed,0,40,0.571364959533608,0.15001066436699534,0.824667687135646,0.0630848351230503,0.31211057684550075,0.29758275430346287,-2.0794431183121196,2.0794431183121196,10.603763538149027,2.32906311681911e-09,0.0,2.655098363391062e-12,1.9474511146545416e-06
feature_informed,0,41,0.5713649595313198,0.15001066440089242,0.8246676873219916,0.06308483517307262,0.31211057709298484,0.2975827323831567,-2.0794431402324256,2.0794431402324256,10.603930817500602,2.21735681467949e-09,0.0,2.2881696537524476e-12,2.044823670387269e-06
feature_informed,0,42,0.571364959529362,0.15001066443305064,0.824667687498778,0.06308483522052881,0.31211057732777314,0.29758271160864475,-2.0794431610069375,2.0794431610069375,10.60408767259798,2.1036072661889386e-09,0.0,1.9578783039264636e-12,2.1470648539066323e-06
feature_informed,0,43,0.5713649595276994,0.15001066446344483,0.8246676876658667,0.0630848352653819,0.31211057754968263,0.29758269199246834,-2.079443180623114,2.079443180623114,10.604234378980403,1.9882183741460066e-09,0.0,1.662558979376172e-12,2.2544180966019643e-06
feature_informed,0,44,0.5713649595262991,0.15001066449205694,0.8246676878231588,0.0630848353076051,0.3121105777585808,0.2975826735429303,-2.079443199072652,2.079443199072652,10.604371207873054,1.8716423699069397e-09,0.0,1.40032430095971e-12,2.3671390014320627e-06
feature_informed,0,45,0.5713649595251299,0.15001066451887637,0.8246676879705959,0.06308483534718284,0.3121105779543907,0.29758265626366043,-2.079443216351922,2.079443216351922,10.60449843008277,1.7543768220696286e-09,0.0,1.1691758672327524e-12,2.485495951503666e-06
feature_informed,0,46,0.5713649595241626,0.15001066454390086,0.8246676881081653,0.06308483538411176,0.31211057813709553,0.29758264015321945,-2.079443232462363,2.079443232462363,10.604616319568988,1.6369607979013888e-09,0.0,9.673373213558989e-13,2.6097707490788495e-06
feature_informed,0,47,0.5713649595233702,0.15001066456713688,0.8246676882359029,0.0630848354184014,0.3121105783067426,0.2975826252047527,-2.07944324741083,2.07944324741083,10.604725156685404,1.5199695175361714e-09,1.3877787807814457e-17,7.923661726749742e-13,2.740259286532792e-06
feature_informed,0,48,0.5713649595227281,0.15001066458860016,0.8246676883538949,0.06308483545007504,0.3121105784634471,0.29758261140570647,-2.079443261209876,2.079443261209876,10.604825231070732,1.4040077321724768e-09,0.0,6.42041975140728e-13,2.8772722508594317e-06
feature_informed,0,49,0.5713649595222134,0.15001066460831605,0.824667688462281,0.06308483547916997,0.31211057860739355,0.29758259873762116,-2.0794432738779616,2.0794432738779616,10.604916844162286,1.2897018238902789e-09,0.0,5.146993942162226e-13,3.0211358634024033e-06
feature_informed,0,50,0.571364959521806,0.15001066462631957,0.8246676885612534,0.06308483550573801,0.31211057873883824,0.2975825871760131,-2.0794432854395692,2.0794432854395692,10.60500031127664,1.17769030855753e-09,0.0,4.0745185003743245e-13,3.1721926565725235e-06
feature_informed,0,51,0.5713649595214875,0.15001066464265564,0.8246676886510592,0.06308483552984531,0.31211057885810845,0.297582576690359,-2.0794432959252234,2.0794432959252234,10.60507596322114,1.068613050919333e-09,0.0,3.185229857649574e-13,3.33080228940115e-06
feature_informed,0,52,0.5713649595212418,0.1500106646573787,0.8246676887319976,0.0630848355515723,0.3121105789656021,0.29758256724419546,-2.079443305371387,2.079443305371387,10.605144147369389,9.630993640677628e-10,0.0,2.4569235534954714e-13,3.4973424038712074e-06
feature_informed,0,53,0.5713649595210553,0.1500106646705525,0.8246676888044192,0.06308483557101299,0.31211057906178447,0.297582558795341,-2.0794433138202413,2.0794433138202413,10.605205228139814,8.617550144747e-10,0.0,1.865174681370263e-13,3.672209524064768e-06
feature_informed,0,54,0.5713649595209156,0.1500106646822494,0.8246676888687218,0.06308483558827431,0.3121105791471844,0.2975825512962509,-2.0794433213193315,2.0794433213193315,10.605259586834224,7.651485082963694e-10,1.3877787807814457e-17,1.396660564978447e-13,3.8558200002680064e-06
feature_informed,0,55,0.571364959520813,0.15001066469254987,0.8246676889253474,0.0630848356034748,0.31211057922238844,0.297582544694503,-2.0794433279210796,2.0794433279210796,10.605307620767254,6.737972218024307e-10,0.0,1.0258460747536446e-13,4.048611000281407e-06
feature_informed,0,56,0.5713649595207386,0.15001066470154106,0.8246676889747755,0.0630848356167432,0.3121105792880335,0.2975825389334186,-2.0794433336821636,2.0794433336821636,10.605349741687458,5.881537225665364e-10,0.0,7.438494264988549e-14,4.251041550295478e-06
feature_informed,0,57,0.5713649595206861,0.150010664709316,0.8246676890175175,0.06308483562821678,0.3121105793447987,0.29758253395280454,-2.079443338662778,2.079443338662778,10.605386373434875,5.085928771810095e-10,0.0,5.2513549064769904e-14,4.463593627810252e-06
feature_informed,0,58,0.5713649595206497,0.15001066471597205,0.8246676890541084,0.06308483563803917,0.31211057939339476,0.2975825296898076,-2.079443342925775,2.079443342925775,10.605417948900111,4.354004879318865e-10,0.0,3.6415315207705135e-14,4.686773309200765e-06
feature_informed,0,59,0.5713649595206248,0.15001066472160943,0.8246676890850992,0.06308483564635828,0.31211057943455334,0.2975825260798577,-2.079443346535725,2.079443346535725,10.605444906290991,3.6876404234330505e-10,0.0,2.4868995751603507e-14,4.921111974660803e-06
feature_informed,0,60,0.5713649595206083,0.15001066472632957,0.8246676891110477,0.06308483565332386,0.3121105794690153,0.2975825230576752,-2.0794433495579074,2.0794433495579074,10.60546768483332,3.0876629722679787e-10,0.0,1.6542323066914832e-14,5.1671675733938435e-06
feature_informed,0,61,0.5713649595205975,0.15001066473023364,0.8246676891325099,0.06308483565908515,0.3121105794975192,0.2975825205583085,-2.079443352057274,2.079443352057274,10.605486720005313,2.553821579943573e-10,0.0,1.0769163338864018e-14,5.425525952063536e-06
feature_informed,0,62,0.571364959520591,0.1500106647334207,0.8246676891500304,0.06308483566378832,0.312110579520788,0.2975825185181656,-2.079443354097417,2.079443354097417,10.605502438488275,2.0847951345674187e-10,1.3877787807814457e-17,6.5503158452884236e-15,5.6968022496667134e-06
feature_informed,0,63,0.5713649595205869,0.15001066473598626,0.8246676891641344,0.06308483566757433,0.3121105795395192,0.297582516876,-2.0794433557395826,2.0794433557395826,10.60551525303061,1.678239339072755e-10,0.0,4.107825191113079e-15,5.981642362150049e-06
feature_informed,0,64,0.5713649595205843,0.15001066473802077,0.8246676891753189,0.06308483567057671,0.3121105795543734,0.2975825155738124,-2.07944335704177,2.07944335704177,10.6055255574483,1.3308767228042364e-10,0.0,2.55351295663786e-15,6.280724480257552e-06
feature_informed,0,65,0.5713649595205829,0.15001066473960853,0.8246676891840474,0.0630848356729198,0.3121105795659657,0.29758251455762846,-2.079443358057954,2.079443358057954,10.605533721988607,1.0386232781108706e-10,0.0,1.4432899320127035e-15,6.59476070427043e-06
feature_informed,0,66,0.5713649595205822,0.15001066474082655,0.8246676891907434,0.0630848356747172,0.3121105795748584,0.29758251377812406,-2.0794433588374583,2.0794433588374583,10.605540089304837,7.96748041380135e-11,0.0,6.661338147750939e-16,6.924498739483952e-06
feature_informed,0,67,0.5713649595205816,0.15001066474174385,0.824667689195786,0.06308483567607091,0.3121105795815558,0.2975825131910707,-2.079443359424512,2.079443359424512,10.605544971223177,6.00057168398495e-11,0.0,5.551115123125783e-16,7.27072367645815e-06
feature_informed,0,68,0.5713649595205814,0.15001066474242122,0.8246676891995098,0.0630848356770705,0.31211057958650124,0.29758251275759123,-2.0794433598579913,2.0794433598579913,10.605548646483909,4.430911185680843e-11,0.0,2.220446049250313e-16,7.634259860281058e-06
feature_informed,0,69,0.5713649595205813,0.1500106647429109,0.8246676892022018,0.06308483567779315,0.3121105795900765,0.297582512444219,-2.0794433601713633,2.0794433601713633,10.60555135953933,3.2032575526250514e-11,0.0,1.1102230246251565e-16,8.015972853295112e-06
feature_informed,0,70,0.5713649595205813,0.15001066474325694,0.8246676892041042,0.0630848356783038,0.3121105795926029,0.2975825122227751,-2.0794433603928075,2.0794433603928075,10.605553320470682,2.263603431123793e-11,0.0,0.0,8.416771495959867e-06
feature_informed,0,71,0.5713649595205813,0.15001066474349556,0.8246676892054159,0.06308483567865592,0.312110579594345,0.29758251207008035,-2.0794433605455023,2.0794433605455023,10.605554705958292,1.560860055444952e-11,1.3877787807814457e-17,0.0,8.83761007075786e-06
feature_informed,0,72,0.5713649595205812,0.1500106647436558,0.8246676892062967,0.06308483567889239,0.31211057959551497,0.2975825119675364,-2.079443360648046,2.079443360648046,10.605555661212039,1.0482184465399941e-11,0.0,1.1102230246251565e-16,9.279490574295754e-06
feature_informed,0,73,0.5713649595205812,0.15001066474376037,0.8246676892068717,0.06308483567904671,0.31211057959627847,0.2975825119006089,-2.0794433607149734,2.0794433607149734,10.605556302679545,6.841445707363969e-12,0.0,0.0,9.743465103010541e-06
feature_informed,0,74,0.5713649595205812,0.15001066474382654,0.8246676892072354,0.0630848356791444,0.3121105795967618,0.29758251185825557,-2.079443360757327,2.079443360757327,10.605556721327446,4.3294489597943755e-12,0.0,0.0,1.0230638358161069e-05
feature_informed,0,75,0.5713649595205813,0.15001066474386707,0.8246676892074583,0.06308483567920417,0.3121105795970575,0.297582511832336,-2.0794433607832463,2.0794433607832463,10.605556986250217,2.649561410804719e-12,0.0,-1.1102230246251565e-16,1.0742170276069123e-05
feature_informed,0,76,0.5713649595205813,0.150010664743891,0.8246676892075898,0.06308483567923943,0.312110579597232,0.297582511817041,-2.0794433607985416,2.0794433607985416,10.605557148375507,1.5634980128588011e-12,0.0,0.0,1.127927878987258e-05
feature_informed,0,77,0.5713649595205813,0.15001066474390454,0.8246676892076642,0.06308483567925945,0.31211057959733096,0.29758251180836726,-2.079443360807215,2.079443360807215,10.605557244044302,8.866496768241892e-13,0.0,0.0,1.1843242729366209e-05
feature_informed,0,78,0.5713649595205813,0.1500106647439119,0.8246676892077047,0.0630848356792703,0.3121105795973847,0.2975825118036576,-2.0794433608119247,2.0794433608119247,10.605557298297011,4.8142070716174e-13,0.0,0.0,1.243540486583452e-05
feature_informed,0,79,0.5713649595205813,0.1500106647439157,0.8246676892077256,0.06308483567927592,0.3121105795974125,0.29758251180122003,-2.0794433608143623,2.0794433608143623,10.605557327754973,2.4918367692056955e-13,0.0,0.0,1.3057175109126246e-05
feature_informed,0,80,0.5713649595205813,0.15001066474391758,0.8246676892077359,0.06308483567927868,0.31211057959742616,0.2975825118000231,-2.0794433608155596,2.0794433608155596,10.605557343001474,1.223505233614487e-13,0.0,0.0,1.3710033864582558e-05
feature_informed,0,81,0.5713649595205811,0.15001066474391841,0.8246676892077405,0.06308483567927996,0.3121105795974325,0.2975825117994689,-2.0794433608161134,2.0794433608161134,10.605557350487931,5.6656714399911824e-14,1.3877787807814457e-17,2.220446049250313e-16,1.4395535557811686e-05
feature_informed,0,82,0.5713649595205813,0.1500106647439188,0.8246676892077427,0.06308483567928053,0.31211057959743527,0.2975825117992284,-2.079443360816354,2.079443360816354,10.605557353954401,2.4578327744515707e-14,0.0,-2.220446049250313e-16,1.5115312335702271e-05
feature_informed,0,83,0.5713649595205813,0.15001066474391897,0.8246676892077436,0.06308483567928073,0.3121105795974363,0.2975825117991316,-2.079443360816451,2.079443360816451,10.605557355458691,9.892322810635495e-15,0.0,0.0,1.5871077952487385e-05
feature_informed,0,84,0.5713649595205813,0.15001066474391903,0.8246676892077439,0.06308483567928082,0.3121105795974367,0.29758251179909573,-2.079443360816487,2.079443360816487,10.605557356064029,3.658462386876109e-15,0.0,0.0,1.6664631850111754e-05
feature_informed,0,85,0.5713649595205813,0.15001066474391903,0.8246676892077439,0.06308483567928085,0.3121105795974369,0.29758251179908385,-2.079443360816499,2.079443360816499,10.60555735628837,1.2282756539379876e-15,0.0,0.0,1.7497863442617344e-05
feature_informed,0,86,0.5713649595205812,0.15001066474391903,0.8246676892077439,0.06308483567928086,0.31211057959743693,0.29758251179908013,-2.0794433608165024,2.0794433608165024,10.605557356363024,3.737304166302622e-16,0.0,1.1102230246251565e-16,1.8372756614748213e-05
feature_informed,0,87,0.5713649595205812,0.15001066474391903,0.8246676892077439,0.06308483567928086,0.31211057959743693,0.2975825117990792,-2.0794433608165033,2.0794433608165033,10.605557356385942,1.0874881521854114e-16,1.3877787807814457e-17,0.0,1.9291394445485625e-05
feature_informed,0,88,0.5713649595205812,0.15001066474391903,0.8246676892077439,0.06308483567928086,0.31211057959743693,0.2975825117990789,-2.0794433608165037,2.0794433608165037,10.605557356391994,2.4348917242174724e-17,0.0,0.0,2.025596416775991e-05
feature_informed,0,89,0.5713649595205812,0.15001066474391903,0.8246676892077439,0.06308483567928086,0.31211057959743693,0.29758251179907885,-2.0794433608165037,2.0794433608165037,10.605557356393726,8.775261333554552e-19,0.0,0.0,2.1268762376147906e-05
feature_informed,0,90,0.5713649595205812,0.15001066474391903,0.8246676892077439,0.06308483567928086,0.31211057959743693,0.2975825117990788,-2.0794433608165037,2.0794433608165037,10.6055573563938,7.647013447811823e-18,0.0,0.0,2.2332200494955303e-05
feature_informed,0,91,0.5713649595205812,0.15001066474391903,0.8246676892077439,0.06308483567928086,0.31211057959743693,0.29758251179907885,-2.0794433608165037,2.0794433608165037,10.605557356394465,5.204170427930421e-18,0.0,0.0,2.3448810519703067e-05
feature_informed,0,92,0.5713649595205812,0.15001066474391903,0.8246676892077439,0.06308483567928086,0.31211057959743693,0.2975825117990788,-2.0794433608165037,2.0794433608165037,10.605557356394012,1.514494909690689e-18,0.0,0.0,2.4621251045688222e-05
feature_informed,0,93,0.5713649595205812,0.15001066474391903,0.8246676892077439,0.06308483567928086,0.31211057959743693,0.2975825117990788,-2.0794433608165037,2.0794433608165037,10.605557356394145,1.866860615748478e-18,0.0,0.0,2.5852313597972635e-05
feature_informed,0,94,0.5713649595205812,0.15001066474391903,0.8246676892077439,0.06308483567928086,0.31211057959743693,0.2975825117990789,-2.0794433608165037,2.0794433608165037,10.605557356394305,7.030373462210693e-18,0.0,0.0,2.7144929277871267e-05
feature_informed,0,95,0.5713649595205812,0.15001066474391903,0.8246676892077439,0.06308483567928086,0.31211057959743693,0.2975825117990788,-2.0794433608165037,2.0794433608165037,10.605557356393698,7.569086416664428e-18,0.0,0.0,2.8502175741764832e-05
feature_informed,0,96,0.5713649595205812,0.15001066474391903,0.8246676892077439,0.06308483567928086,0.31211057959743693,0.2975825117990789,-2.0794433608165037,2.0794433608165037,10.605557356394353,1.417621710923682e-17,0.0,0.0,2.9927284528853074e-05
feature_informed,0,97,0.5713649595205812,0.15001066474391903,0.8246676892077439,0.06308483567928086,0.31211057959743693,0.297582511799079,-2.0794433608165033,2.0794433608165033,10.605557356394101,1.123504501238104e-17,0.0,0.0,3.142364875529573e-05
feature_informed,0,98,0.5713649595205812,0.15001066474391903,0.8246676892077439,0.06308483567928086,0.31211057959743693,0.29758251179907874,-2.0794433608165037,2.0794433608165037,10.605557356393131,2.1711131584506075e-17,0.0,0.0,3.2994831193060516e-05
feature_informed,0,99,0.5713649595205812,0.15001066474391903,0.8246676892077439,0.06308483567928086,0.31211057959743693,0.29758251179907896,-2.0794433608165037,2.0794433608165037,10.605557356394575,1.7230044988211102e-17,0.0,0.0,3.4644572752713545e-05
feature_informed,0,100,0.5713649595205812,0.15001066474391903,0.8246676892077439,0.06308483567928086,0.31211057959743693,0.2975825117990789,-2.0794433608165037,2.0794433608165037,10.605557356393692,1.8770250111155296e-18,0.0,0.0,3.637680139034922e-05
feature_informed,0,101,0.5713649595205812,0.15001066474391903,0.8246676892077439,0.06308483567928086,0.31211057959743693,0.29758251179907896,-2.0794433608165037,2.0794433608165037,10.605557356393854,4.228388472693467e-18,0.0,0.0,3.8195641459866685e-05
feature_informed,0,102,0.5713649595205812,0.15001066474391903,0.8246676892077439,0.06308483567928086,0.31211057959743693,0.29758251179907885,-2.0794433608165037,2.0794433608165037,10.605557356393488,1.522765141572443e-17,0.0,0.0,4.0105423532860025e-05
feature_informed,0,103,0.5713649595205812,0.15001066474391903,0.8246676892077439,0.06308483567928086,0.31211057959743693,0.29758251179907885,-2.0794433608165037,2.0794433608165037,10.60555735639403,3.7269449679189215e-19,0.0,0.0,4.211069470950303e-05
feature_informed,0,104,0.5713649595205812,0.15001066474391903,0.8246676892077439,0.06308483567928086,0.31211057959743693,0.29758251179907885,-2.0794433608165037,2.0794433608165037,10.605557356393998,1.8228149024912543e-18,0.0,0.0,4.421622944497818e-05
feature_informed,0,105,0.5713649595205812,0.15001066474391903,0.8246676892077439,0.06308483567928086,0.31211057959743693,0.2975825117990788,-2.0794433608165037,2.0794433608165037,10.60555735639384,1.4525554412783983e-17,1.3877787807814457e-17,0.0,4.6427040917227087e-05
feature_informed,0,106,0.5713649595205812,0.15001066474391903,0.8246676892077439,0.06308483567928086,0.31211057959743693,0.2975825117990788,-2.0794433608165037,2.0794433608165037,10.605557356394211,2.371692252312041e-18,1.3877787807814457e-17,0.0,4.874839296308844e-05
feature_informed,0,107,0.5713649595205812,0.15001066474391903,0.8246676892077439,0.06308483567928086,0.31211057959743693,0.2975825117990789,-2.0794433608165037,2.0794433608165037,10.605557356394417,1.66216151535491e-17,0.0,0.0,5.118581261124287e-05
feature_informed,0,108,0.5713649595205812,0.15001066474391903,0.8246676892077439,0.06308483567928086,0.31211057959743693,0.2975825117990787,-2.0794433608165037,2.0794433608165037,10.605557356393625,2.0596742686822744e-17,0.0,0.0,5.374510324180501e-05
feature_informed,0,109,0.5713649595205812,0.15001066474391903,0.8246676892077439,0.06308483567928086,0.31211057959743693,0.29758251179907896,-2.0794433608165037,2.0794433608165037,10.605557356394941,3.215893972719412e-17,0.0,0.0,5.6432358403895264e-05
feature_informed,0,110,0.5713649595205812,0.15001066474391903,0.8246676892077439,0.06308483567928086,0.31211057959743693,0.29758251179907874,-2.0794433608165037,2.0794433608165037,10.605557356393536,3.030379695696762e-17,1.3877787807814457e-17,0.0,5.925397632409003e-05
feature_informed,0,111,0.5713649595205812,0.15001066474391903,0.8246676892077439,0.06308483567928086,0.31211057959743693,0.29758251179907896,-2.0794433608165037,2.0794433608165037,10.60555735639459,3.016409034578266e-17,0.0,0.0,6.221667514029453e-05
feature_informed,0,112,0.5713649595205812,0.15001066474391903,0.8246676892077439,0.06308483567928086,0.31211057959743693,0.2975825117990788,-2.0794433608165037,2.0794433608165037,10.605557356393566,2.959565369752685e-17,1.3877787807814457e-17,0.0,6.532750889730925e-05
feature_informed,0,113,0.5713649595205812,0.15001066474391903,0.8246676892077439,0.06308483567928086,0.31211057959743693,0.2975825117990789,-2.0794433608165037,2.0794433608165037,10.605557356394456,1.647034253848016e-17,0.0,0.0,6.859388434217472e-05
feature_informed,0,114,0.5713649595205812,0.15001066474391905,0.824667689207744,0.06308483567928086,0.31211057959743693,0.29758251179907863,-2.0794433608165037,2.0794433608165037,10.605557356393687,2.3131453389679806e-17,0.0,0.0,7.202357855928346e-05
feature_informed,0,115,0.5713649595205812,0.15001066474391903,0.8246676892077439,0.06308483567928086,0.31211057959743693,0.2975825117990793,-2.0794433608165033,2.0794433608165033,10.60555735639529,6.13758033964758e-17,0.0,0.0,7.562475748724764e-05
feature_informed,0,116,0.5713649595205812,0.15001066474391903,0.8246676892077439,0.06308483567928086,0.31211057959743693,0.2975825117990779,-2.0794433608165046,2.0794433608165046,10.605557356391387,1.3718677757765022e-16,0.0,0.0,7.940599536161003e-05
