initialization_kind,initialization_seed,iteration,total_objective,feature_raw,feature_normalized,gw_raw,gw_normalized,coverage_loss,entropy_loss,shannon_plan_entropy,gradient_norm,step_norm,source_marginal_feasibility_error,objective_improvement,learning_rate
uniform,0,0,0.8637890070217726,0.13919394257390214,0.7652039084693707,0.23437097804149648,1.159544302678978,0.486499978055115,-3.372924660854748,3.372924660854748,8.813485607349318,0.14144994152088694,8.326672684688674e-17,0.13621099297286776,0.1
uniform,0,1,0.8466894319975213,0.13357920634141407,0.7343374926564602,0.23926255457281734,1.1837452500207049,0.6313062771690666,-3.19138346953504,3.19138346953504,8.407255655626802,0.041986118878323556,5.551115123125783e-17,0.0170995750242513,0.1
uniform,0,2,0.8304974277948021,0.13293360255417655,0.7307883544383622,0.2283235172024231,1.1296246478641219,0.6526856642394977,-3.095370029601222,3.095370029601222,8.41105878058869,0.0340741806887392,5.551115123125783e-17,0.016192004202719268,0.1
uniform,0,3,0.8049288311879121,0.13310276783015634,0.7317183225674588,0.20708757085813778,1.0245603570492723,0.6529296148366122,-2.9573562359734735,2.9573562359734735,8.430894827309546,0.043373162083263535,4.163336342344337e-17,0.025568596606889926,0.1
uniform,0,4,0.7842533785737064,0.1352928948076227,0.7437583129018922,0.18307091442758827,0.9057385755891487,0.6513198090856338,-2.882873993199979,2.882873993199979,8.477301525934537,0.04383821750797778,5.551115123125783e-17,0.02067545261420578,0.1
uniform,0,5,0.759425568613818,0.1363893059607063,0.7497857167106718,0.1593429568797074,0.7883451243232565,0.6890292536411032,-2.7421262209899613,2.7421262209899613,8.558041465155563,0.04758913558384929,1.3877787807814457e-17,0.024827809959888314,0.1
uniform,0,6,0.7448073946828158,0.13525452326444865,0.7435473694206758,0.15130700672508712,0.7485874704692355,0.7412187718530818,-2.617007617483382,2.617007617483382,8.642426475518457,0.030997740022008252,2.7755575615628914e-17,0.014618173931002287,0.1
uniform,0,7,0.7407100247830334,0.13384849712144206,0.7358178901046666,0.15268123495786196,0.7553864288181336,0.7590041086757903,-2.5944354722540277,2.5944354722540277,8.667942872656814,0.019951494109517874,2.7755575615628914e-17,0.004097369899782377,0.1
uniform,0,8,0.735542564222058,0.13294832998442468,0.7308693169212058,0.15150404377270407,0.7495623061246145,0.7722955532495442,-2.5722138721778807,2.5722138721778807,8.658484319725524,0.021683913349837197,4.163336342344337e-17,0.00516746056097539,0.1
uniform,0,9,0.72773683571803,0.13232853913381218,0.7274620825793059,0.14725920866937356,0.7285610951342028,0.7828945935865397,-2.536884796154982,2.536884796154982,8.655640877926084,0.026330474870309595,2.7755575615628914e-17,0.007805728504027942,0.1
uniform,0,10,0.7152287941215651,0.13197246711574329,0.7255046144963954,0.13833348964488548,0.6844013329970748,0.7856944765284694,-2.4660606488050583,2.4660606488050583,8.658158884229158,0.033153200529308806,2.7755575615628914e-17,0.012508041596464903,0.1
uniform,0,11,0.7029198270236314,0.13165381278379212,0.7237528461668916,0.12944399086867234,0.6404207695938506,0.804049892124654,-2.363053337508244,2.363053337508244,8.66638990218153,0.030494986057263137,2.7755575615628914e-17,0.01230896709793372,0.1
uniform,0,12,0.6991096878953297,0.13142718443503273,0.7225069809012493,0.1271189739226024,0.6289178088775706,0.8172816466445965,-2.3143201667475326,2.3143201667475326,8.688802309278486,0.015202673473489713,1.3877787807814457e-17,0.0038101391283017483,0.1
uniform,0,13,0.697085091057061,0.1318831570661217,0.7250136419887394,0.12396213654422639,0.6132994382620252,0.8087314445465474,-2.3135687865241623,2.3135687865241623,8.695759204703666,0.013702418857965621,0.0,0.002024596838268722,0.1
uniform,0,14,0.6942709620603621,0.1322542244490857,0.7270535454967444,0.1204499954448306,0.5959232117512153,0.802427793288781,-2.3066797508422594,2.3066797508422594,8.700985925973685,0.016003454490018026,0.0,0.0028141289966988614,0.1
uniform,0,15,0.6901404303887602,0.1325463044149816,0.7286592240726673,0.1161368524678507,0.5745840493370389,0.7981006345821583,-2.2903208032229734,2.2903208032229734,8.706522813245854,0.019278949878166033,0.0,0.004130531671601934,0.1
uniform,0,16,0.6838848604957913,0.13276309477967294,0.7298510060662855,0.11035660461102215,0.5459864237843085,0.7956071503916757,-2.25699844647547,2.25699844647547,8.71268010803588,0.023649713281476723,0.0,0.006255569892968826,0.1
uniform,0,17,0.6754910609002944,0.13319014387578107,0.7321986630936504,0.10214672415922915,0.5053682543202267,0.7894501018270131,-2.203527652382002,2.203527652382002,8.719933847898044,0.02645432128027955,1.3877787807814457e-17,0.008393799595496909,0.1
uniform,0,18,0.6673485270680293,0.13379228395183168,0.7355088641779781,0.09355633253215112,0.46286751573818313,0.7802104051469066,-2.1482290491653337,2.1482290491653337,8.729370521285974,0.024991148005563468,0.0,0.008142533832265153,0.1
uniform,0,19,0.6649137466693896,0.13310688344175553,0.7317409477048981,0.09387258034837878,0.4644321435628643,0.7927074899684169,-2.1329099955550914,2.1329099955550914,8.73850652651511,0.015273605880471434,0.0,0.0024347803986396466,0.1
uniform,0,20,0.6620347436859582,0.1323615757858797,0.7276436980635529,0.09402937490698406,0.4652078805531738,0.80749352859048,-2.1074575890307226,2.1074575890307226,8.734845144155582,0.016608589033995855,0.0,0.0028790029834314668,0.1
uniform,0,21,0.6601045036309371,0.13189376453345797,0.7250719554132647,0.09402821628153064,0.46520214828395395,0.8174447163617056,-2.079441541671836,2.079441541671836,8.731416652869155,0.010424802127949235,0.0,0.0019302400550210708,0.1
uniform,0,22,0.6601045036309371,0.13189376453345797,0.7250719554132647,0.09402821628153064,0.46520214828395395,0.8174447163617056,-2.079441541671836,2.079441541671836,8.729559239980823,0.0,0.0,0.0,0.1
uniform,0,23,0.6601045036309371,0.13189376453345797,0.7250719554132647,0.09402821628153064,0.46520214828395395,0.8174447163617056,-2.079441541671836,2.079441541671836,8.729559239980823,0.0,0.0,0.0,0.1
uniform,0,24,0.6601045036309371,0.13189376453345797,0.7250719554132647,0.09402821628153064,0.46520214828395395,0.8174447163617056,-2.079441541671836,2.079441541671836,8.729559239980823,0.0,0.0,0.0,0.1
uniform,0,25,0.6601045036309371,0.13189376453345797,0.7250719554132647,0.09402821628153064,0.46520214828395395,0.8174447163617056,-2.079441541671836,2.079441541671836,8.729559239980823,0.0,0.0,0.0,0.1
uniform,0,26,0.6601045036309371,0.13189376453345797,0.7250719554132647,0.09402821628153064,0.46520214828395395,0.8174447163617056,-2.079441541671836,2.079441541671836,8.729559239980823,0.0,0.0,0.0,0.1
uniform,0,27,0.6601045036309371,0.13189376453345797,0.7250719554132647,0.09402821628153064,0.46520214828395395,0.8174447163617056,-2.079441541671836,2.079441541671836,8.729559239980823,0.0,0.0,0.0,0.1
uniform,0,28,0.6601045036309371,0.13189376453345797,0.7250719554132647,0.09402821628153064,0.46520214828395395,0.8174447163617056,-2.079441541671836,2.079441541671836,8.729559239980823,0.0,0.0,0.0,0.1
uniform,0,29,0.6601045036309371,0.13189376453345797,0.7250719554132647,0.09402821628153064,0.46520214828395395,0.8174447163617056,-2.079441541671836,2.079441541671836,8.729559239980823,0.0,0.0,0.0,0.1
uniform,0,30,0.6601045036309371,0.13189376453345797,0.7250719554132647,0.09402821628153064,0.46520214828395395,0.8174447163617056,-2.079441541671836,2.079441541671836,8.729559239980823,0.0,0.0,0.0,0.1
uniform,0,31,0.6601045036309371,0.13189376453345797,0.7250719554132647,0.09402821628153064,0.46520214828395395,0.8174447163617056,-2.079441541671836,2.079441541671836,8.729559239980823,0.0,0.0,0.0,0.1
uniform,0,32,0.6601045036309371,0.13189376453345797,0.7250719554132647,0.09402821628153064,0.46520214828395395,0.8174447163617056,-2.079441541671836,2.079441541671836,8.729559239980823,0.0,0.0,0.0,0.1
uniform,0,33,0.6601045036309371,0.13189376453345797,0.7250719554132647,0.09402821628153064,0.46520214828395395,0.8174447163617056,-2.079441541671836,2.079441541671836,8.729559239980823,0.0,0.0,0.0,0.1
uniform,0,34,0.6601045036309371,0.13189376453345797,0.7250719554132647,0.09402821628153064,0.46520214828395395,0.8174447163617056,-2.079441541671836,2.079441541671836,8.729559239980823,0.0,0.0,0.0,0.1
uniform,0,35,0.6601045036309371,0.13189376453345797,0.7250719554132647,0.09402821628153064,0.46520214828395395,0.8174447163617056,-2.079441541671836,2.079441541671836,8.729559239980823,0.0,0.0,0.0,0.1
uniform,0,36,0.6601045036309371,0.13189376453345797,0.7250719554132647,0.09402821628153064,0.46520214828395395,0.8174447163617056,-2.079441541671836,2.079441541671836,8.729559239980823,0.0,0.0,0.0,0.1
uniform,0,37,0.6601045036309371,0.13189376453345797,0.7250719554132647,0.09402821628153064,0.46520214828395395,0.8174447163617056,-2.079441541671836,2.079441541671836,8.729559239980823,0.0,0.0,0.0,0.1
uniform,0,38,0.6601045036309371,0.13189376453345797,0.7250719554132647,0.09402821628153064,0.46520214828395395,0.8174447163617056,-2.079441541671836,2.079441541671836,8.729559239980823,0.0,0.0,0.0,0.1
uniform,0,39,0.6601045036309371,0.13189376453345797,0.7250719554132647,0.09402821628153064,0.46520214828395395,0.8174447163617056,-2.079441541671836,2.079441541671836,8.729559239980823,0.0,0.0,0.0,0.1
uniform,0,40,0.6601045036309371,0.13189376453345797,0.7250719554132647,0.09402821628153064,0.46520214828395395,0.8174447163617056,-2.079441541671836,2.079441541671836,8.729559239980823,0.0,0.0,0.0,0.1
uniform,0,41,0.6601045036309371,0.13189376453345797,0.7250719554132647,0.09402821628153064,0.46520214828395395,0.8174447163617056,-2.079441541671836,2.079441541671836,8.729559239980823,0.0,0.0,0.0,0.1
uniform,0,42,0.6601045036309371,0.13189376453345797,0.7250719554132647,0.09402821628153064,0.46520214828395395,0.8174447163617056,-2.079441541671836,2.079441541671836,8.729559239980823,0.0,0.0,0.0,0.1
uniform,0,43,0.6601045036309371,0.13189376453345797,0.7250719554132647,0.09402821628153064,0.46520214828395395,0.8174447163617056,-2.079441541671836,2.079441541671836,8.729559239980823,0.0,0.0,0.0,0.1
uniform,0,44,0.6601045036309371,0.13189376453345797,0.7250719554132647,0.09402821628153064,0.46520214828395395,0.8174447163617056,-2.079441541671836,2.079441541671836,8.729559239980823,0.0,0.0,0.0,0.1
uniform,0,45,0.6601045036309371,0.13189376453345797,0.7250719554132647,0.09402821628153064,0.46520214828395395,0.8174447163617056,-2.079441541671836,2.079441541671836,8.729559239980823,0.0,0.0,0.0,0.1
uniform,0,46,0.6601045036309371,0.13189376453345797,0.7250719554132647,0.09402821628153064,0.46520214828395395,0.8174447163617056,-2.079441541671836,2.079441541671836,8.729559239980823,0.0,0.0,0.0,0.1
uniform,0,47,0.6601045036309371,0.13189376453345797,0.7250719554132647,0.09402821628153064,0.46520214828395395,0.8174447163617056,-2.079441541671836,2.079441541671836,8.729559239980823,0.0,0.0,0.0,0.1
uniform,0,48,0.6601045036309371,0.13189376453345797,0.7250719554132647,0.09402821628153064,0.46520214828395395,0.8174447163617056,-2.079441541671836,2.079441541671836,8.729559239980823,0.0,0.0,0.0,0.1
uniform,0,49,0.6601045036309371,0.13189376453345797,0.7250719554132647,0.09402821628153064,0.46520214828395395,0.8174447163617056,-2.079441541671836,2.079441541671836,8.729559239980823,0.0,0.0,0.0,0.1
uniform,0,50,0.6601045036309371,0.13189376453345797,0.7250719554132647,0.09402821628153064,0.46520214828395395,0.8174447163617056,-2.079441541671836,2.079441541671836,8.729559239980823,0.0,0.0,0.0,0.1
uniform,0,51,0.6601045036309371,0.13189376453345797,0.7250719554132647,0.09402821628153064,0.46520214828395395,0.8174447163617056,-2.079441541671836,2.079441541671836,8.729559239980823,0.0,0.0,0.0,0.1
uniform,0,52,0.6601045036309371,0.13189376453345797,0.7250719554132647,0.09402821628153064,0.46520214828395395,0.8174447163617056,-2.079441541671836,2.079441541671836,8.729559239980823,0.0,0.0,0.0,0.1
uniform,0,53,0.6601045036309371,0.13189376453345797,0.7250719554132647,0.09402821628153064,0.46520214828395395,0.8174447163617056,-2.079441541671836,2.079441541671836,8.729559239980823,0.0,0.0,0.0,0.1
uniform,0,54,0.6601045036309371,0.13189376453345797,0.7250719554132647,0.09402821628153064,0.46520214828395395,0.8174447163617056,-2.079441541671836,2.079441541671836,8.729559239980823,0.0,0.0,0.0,0.1
uniform,0,55,0.6601045036309371,0.13189376453345797,0.7250719554132647,0.09402821628153064,0.46520214828395395,0.8174447163617056,-2.079441541671836,2.079441541671836,8.729559239980823,0.0,0.0,0.0,0.1
uniform,0,56,0.6601045036309371,0.13189376453345797,0.7250719554132647,0.09402821628153064,0.46520214828395395,0.8174447163617056,-2.079441541671836,2.079441541671836,8.729559239980823,0.0,0.0,0.0,0.1
uniform,0,57,0.6601045036309371,0.13189376453345797,0.7250719554132647,0.09402821628153064,0.46520214828395395,0.8174447163617056,-2.079441541671836,2.079441541671836,8.729559239980823,0.0,0.0,0.0,0.1
uniform,0,58,0.6601045036309371,0.13189376453345797,0.7250719554132647,0.09402821628153064,0.46520214828395395,0.8174447163617056,-2.079441541671836,2.079441541671836,8.729559239980823,0.0,0.0,0.0,0.1
uniform,0,59,0.6601045036309371,0.13189376453345797,0.7250719554132647,0.09402821628153064,0.46520214828395395,0.8174447163617056,-2.079441541671836,2.079441541671836,8.729559239980823,0.0,0.0,0.0,0.1
uniform,0,60,0.6601045036309371,0.13189376453345797,0.7250719554132647,0.09402821628153064,0.46520214828395395,0.8174447163617056,-2.079441541671836,2.079441541671836,8.729559239980823,0.0,0.0,0.0,0.1
uniform,0,61,0.6601045036309371,0.13189376453345797,0.7250719554132647,0.09402821628153064,0.46520214828395395,0.8174447163617056,-2.079441541671836,2.079441541671836,8.729559239980823,0.0,0.0,0.0,0.1
uniform,0,62,0.6601045036309371,0.13189376453345797,0.7250719554132647,0.09402821628153064,0.46520214828395395,0.8174447163617056,-2.079441541671836,2.079441541671836,8.729559239980823,0.0,0.0,0.0,0.1
uniform,0,63,0.6601045036309371,0.13189376453345797,0.7250719554132647,0.09402821628153064,0.46520214828395395,0.8174447163617056,-2.079441541671836,2.079441541671836,8.729559239980823,0.0,0.0,0.0,0.1
uniform,0,64,0.6601045036309371,0.13189376453345797,0.7250719554132647,0.09402821628153064,0.46520214828395395,0.8174447163617056,-2.079441541671836,2.079441541671836,8.729559239980823,0.0,0.0,0.0,0.1
uniform,0,65,0.6601045036309371,0.13189376453345797,0.7250719554132647,0.09402821628153064,0.46520214828395395,0.8174447163617056,-2.079441541671836,2.079441541671836,8.729559239980823,0.0,0.0,0.0,0.1
uniform,0,66,0.6601045036309371,0.13189376453345797,0.7250719554132647,0.09402821628153064,0.46520214828395395,0.8174447163617056,-2.079441541671836,2.079441541671836,8.729559239980823,0.0,0.0,0.0,0.1
uniform,0,67,0.6601045036309371,0.13189376453345797,0.7250719554132647,0.09402821628153064,0.46520214828395395,0.8174447163617056,-2.079441541671836,2.079441541671836,8.729559239980823,0.0,0.0,0.0,0.1
uniform,0,68,0.6601045036309371,0.13189376453345797,0.7250719554132647,0.09402821628153064,0.46520214828395395,0.8174447163617056,-2.079441541671836,2.079441541671836,8.729559239980823,0.0,0.0,0.0,0.1
uniform,0,69,0.6601045036309371,0.13189376453345797,0.7250719554132647,0.09402821628153064,0.46520214828395395,0.8174447163617056,-2.079441541671836,2.079441541671836,8.729559239980823,0.0,0.0,0.0,0.1
uniform,0,70,0.6601045036309371,0.13189376453345797,0.7250719554132647,0.09402821628153064,0.46520214828395395,0.8174447163617056,-2.079441541671836,2.079441541671836,8.729559239980823,0.0,0.0,0.0,0.1
uniform,0,71,0.6601045036309371,0.13189376453345797,0.7250719554132647,0.09402821628153064,0.46520214828395395,0.8174447163617056,-2.079441541671836,2.079441541671836,8.729559239980823,0.0,0.0,0.0,0.1
uniform,0,72,0.6601045036309371,0.13189376453345797,0.7250719554132647,0.09402821628153064,0.46520214828395395,0.8174447163617056,-2.079441541671836,2.079441541671836,8.729559239980823,0.0,0.0,0.0,0.1
uniform,0,73,0.6601045036309371,0.13189376453345797,0.7250719554132647,0.09402821628153064,0.46520214828395395,0.8174447163617056,-2.079441541671836,2.079441541671836,8.729559239980823,0.0,0.0,0.0,0.1
uniform,0,74,0.6601045036309371,0.13189376453345797,0.7250719554132647,0.09402821628153064,0.46520214828395395,0.8174447163617056,-2.079441541671836,2.079441541671836,8.729559239980823,0.0,0.0,0.0,0.1
uniform,0,75,0.6601045036309371,0.13189376453345797,0.7250719554132647,0.09402821628153064,0.46520214828395395,0.8174447163617056,-2.079441541671836,2.079441541671836,8.729559239980823,0.0,0.0,0.0,0.1
uniform,0,76,0.6601045036309371,0.13189376453345797,0.7250719554132647,0.09402821628153064,0.46520214828395395,0.8174447163617056,-2.079441541671836,2.079441541671836,8.729559239980823,0.0,0.0,0.0,0.1
uniform,0,77,0.6601045036309371,0.13189376453345797,0.7250719554132647,0.09402821628153064,0.46520214828395395,0.8174447163617056,-2.079441541671836,2.079441541671836,8.729559239980823,0.0,0.0,0.0,0.1
uniform,0,78,0.6601045036309371,0.13189376453345797,0.7250719554132647,0.09402821628153064,0.46520214828395395,0.8174447163617056,-2.079441541671836,2.079441541671836,8.729559239980823,0.0,0.0,0.0,0.1
uniform,0,79,0.6601045036309371,0.13189376453345797,0.7250719554132647,0.09402821628153064,0.46520214828395395,0.8174447163617056,-2.079441541671836,2.079441541671836,8.729559239980823,0.0,0.0,0.0,0.1
uniform,0,80,0.6601045036309371,0.13189376453345797,0.7250719554132647,0.09402821628153064,0.46520214828395395,0.8174447163617056,-2.079441541671836,2.079441541671836,8.729559239980823,0.0,0.0,0.0,0.1
uniform,0,81,0.6601045036309371,0.13189376453345797,0.7250719554132647,0.09402821628153064,0.46520214828395395,0.8174447163617056,-2.079441541671836,2.079441541671836,8.729559239980823,0.0,0.0,0.0,0.1
uniform,0,82,0.6601045036309371,0.13189376453345797,0.7250719554132647,0.09402821628153064,0.46520214828395395,0.8174447163617056,-2.079441541671836,2.079441541671836,8.729559239980823,0.0,0.0,0.0,0.1
uniform,0,83,0.6601045036309371,0.13189376453345797,0.7250719554132647,0.09402821628153064,0.46520214828395395,0.8174447163617056,-2.079441541671836,2.079441541671836,8.729559239980823,0.0,0.0,0.0,0.1
uniform,0,84,0.6601045036309371,0.13189376453345797,0.7250719554132647,0.09402821628153064,0.46520214828395395,0.8174447163617056,-2.079441541671836,2.079441541671836,8.729559239980823,0.0,0.0,0.0,0.1
uniform,0,85,0.6601045036309371,0.13189376453345797,0.7250719554132647,0.09402821628153064,0.46520214828395395,0.8174447163617056,-2.079441541671836,2.079441541671836,8.729559239980823,0.0,0.0,0.0,0.1
uniform,0,86,0.6601045036309371,0.13189376453345797,0.7250719554132647,0.09402821628153064,0.46520214828395395,0.8174447163617056,-2.079441541671836,2.079441541671836,8.729559239980823,0.0,0.0,0.0,0.1
uniform,0,87,0.6601045036309371,0.13189376453345797,0.7250719554132647,0.09402821628153064,0.46520214828395395,0.8174447163617056,-2.079441541671836,2.079441541671836,8.729559239980823,0.0,0.0,0.0,0.1
uniform,0,88,0.6601045036309371,0.13189376453345797,0.7250719554132647,0.09402821628153064,0.46520214828395395,0.8174447163617056,-2.079441541671836,2.079441541671836,8.729559239980823,0.0,0.0,0.0,0.1
uniform,0,89,0.6601045036309371,0.13189376453345797,0.7250719554132647,0.09402821628153064,0.46520214828395395,0.8174447163617056,-2.079441541671836,2.079441541671836,8.729559239980823,0.0,0.0,0.0,0.1
uniform,0,90,0.6601045036309371,0.13189376453345797,0.7250719554132647,0.09402821628153064,0.46520214828395395,0.8174447163617056,-2.079441541671836,2.079441541671836,8.729559239980823,0.0,0.0,0.0,0.1
uniform,0,91,0.6601045036309371,0.13189376453345797,0.7250719554132647,0.09402821628153064,0.46520214828395395,0.8174447163617056,-2.079441541671836,2.079441541671836,8.729559239980823,0.0,0.0,0.0,0.1
uniform,0,92,0.6601045036309371,0.13189376453345797,0.7250719554132647,0.09402821628153064,0.46520214828395395,0.8174447163617056,-2.079441541671836,2.079441541671836,8.729559239980823,0.0,0.0,0.0,0.1
uniform,0,93,0.6601045036309371,0.13189376453345797,0.7250719554132647,0.09402821628153064,0.46520214828395395,0.8174447163617056,-2.079441541671836,2.079441541671836,8.729559239980823,0.0,0.0,0.0,0.1
uniform,0,94,0.6601045036309371,0.13189376453345797,0.7250719554132647,0.09402821628153064,0.46520214828395395,0.8174447163617056,-2.079441541671836,2.079441541671836,8.729559239980823,0.0,0.0,0.0,0.1
uniform,0,95,0.6601045036309371,0.13189376453345797,0.7250719554132647,0.09402821628153064,0.46520214828395395,0.8174447163617056,-2.079441541671836,2.079441541671836,8.729559239980823,0.0,0.0,0.0,0.1
uniform,0,96,0.6601045036309371,0.13189376453345797,0.7250719554132647,0.09402821628153064,0.46520214828395395,0.8174447163617056,-2.079441541671836,2.079441541671836,8.729559239980823,0.0,0.0,0.0,0.1
uniform,0,97,0.6601045036309371,0.13189376453345797,0.7250719554132647,0.09402821628153064,0.46520214828395395,0.8174447163617056,-2.079441541671836,2.079441541671836,8.729559239980823,0.0,0.0,0.0,0.1
uniform,0,98,0.6601045036309371,0.13189376453345797,0.7250719554132647,0.09402821628153064,0.46520214828395395,0.8174447163617056,-2.079441541671836,2.079441541671836,8.729559239980823,0.0,0.0,0.0,0.1
uniform,0,99,0.6601045036309371,0.13189376453345797,0.7250719554132647,0.09402821628153064,0.46520214828395395,0.8174447163617056,-2.079441541671836,2.079441541671836,8.729559239980823,0.0,0.0,0.0,0.1
uniform,0,100,0.6601045036309371,0.13189376453345797,0.7250719554132647,0.09402821628153064,0.46520214828395395,0.8174447163617056,-2.079441541671836,2.079441541671836,8.729559239980823,0.0,0.0,0.0,0.1
uniform,0,101,0.6601045036309371,0.13189376453345797,0.7250719554132647,0.09402821628153064,0.46520214828395395,0.8174447163617056,-2.079441541671836,2.079441541671836,8.729559239980823,0.0,0.0,0.0,0.1
random,11,0,0.8388131492119254,0.14561361763532754,0.8004953899610884,0.19277846460402526,0.9537664269644365,0.3160185507827196,-3.1187552270666323,3.1187552270666323,8.752221791515298,0.10677267834434043,2.7755575615628914e-17,0.10677822145152538,0.1
random,11,1,0.8078767727092007,0.14496465905882175,0.7969278091454699,0.16992988262590875,0.8407236634003927,0.3648157831479304,-2.9877816277324287,2.9877816277324287,8.484788589390032,0.051426763905413155,2.7755575615628914e-17,0.03093637650272474,0.1
random,11,2,0.7703995331925754,0.14339936316174423,0.7883227612805539,0.14484762522578193,0.71662984892864,0.4346647389061105,-2.773352349204922,2.773352349204922,8.535270177522834,0.05458829804926018,5.551115123125783e-17,0.037477239516625294,0.1
random,11,3,0.7530643873767044,0.14176154709492156,0.7793190414885002,0.1362918602985737,0.6743004250413173,0.5136406655586903,-2.68029785884185,2.68029785884185,8.577634835853454,0.03825981831703809,4.163336342344337e-17,0.017335145815870923,0.1
random,11,4,0.7399954363547313,0.1409529799197682,0.7748740293619208,0.12842102190769802,0.6353596573331629,0.5534649834177198,-2.5934807670119104,2.5934807670119104,8.589909847120799,0.02800885882884003,1.3877787807814457e-17,0.01306895102197314,0.1
random,11,5,0.7347988758970577,0.13986933711189925,0.7689168181741869,0.12783191152297027,0.6324450490656702,0.5681776076353704,-2.5729579156999702,2.5729579156999702,8.596952937730231,0.02197186909900443,2.7755575615628914e-17,0.0051965604576735824,0.1
random,11,6,0.7276183345552217,0.13869551100714378,0.7624638338947497,0.125939387647022,0.6230818365366377,0.5867434086757263,-2.535489998762083,2.535489998762083,8.584622878363584,0.02558201264870229,2.7755575615628914e-17,0.007180541341835989,0.1
random,11,7,0.717128619283889,0.13739367004235442,0.7553071015252111,0.12179815026273928,0.602593172559923,0.609461167340533,-2.4634107078944734,2.4634107078944734,8.573447314358784,0.030740467022187117,1.3877787807814457e-17,0.010489715271332689,0.1
random,11,8,0.7088693413191873,0.1369402637710283,0.7528145487278143,0.11663198792350223,0.5770337190933064,0.6221942081397313,-2.395845130144629,2.395845130144629,8.563660615244327,0.02582446688418555,1.3877787807814457e-17,0.008259277964701717,0.1
random,11,9,0.7016426440628806,0.1365397341410784,0.75061267964768,0.11212439836930001,0.5547325373084822,0.6339538622237915,-2.3254485146479613,2.3254485146479613,8.564580190706875,0.02300002570644079,1.3877787807814457e-17,0.007226697256306758,0.1
random,11,10,0.6951840688900404,0.13603249037631127,0.7478241609508951,0.10859355720364904,0.5372637927074757,0.6521481538131697,-2.2552766246168092,2.2552766246168092,8.563823333106175,0.023572768028088286,0.0,0.0064585751728402085,0.1
random,11,11,0.6904915024958038,0.13554103221789113,0.745122421947615,0.10643790186753323,0.5265987441403701,0.6783265537840473,-2.205185247311479,2.205185247311479,8.561677862628667,0.019510520991272044,2.7755575615628914e-17,0.004692566394236541,0.1
random,11,12,0.6859148852512297,0.13507863875527715,0.7425804630210974,0.10427910480053151,0.5159181519416264,0.7124167976212817,-2.152773032290504,2.152773032290504,8.562614028754627,0.020934537694289847,1.3877787807814457e-17,0.004576617244574144,0.1
random,11,13,0.6814971268834238,0.1347494163003613,0.7407705975585703,0.10180482453776087,0.5036767148579838,0.7520386983911369,-2.079441541671836,2.079441541671836,8.565360779326157,0.018661565366303638,0.0,0.004417758367805891,0.1
random,11,14,0.6814971268834238,0.1347494163003613,0.7407705975585703,0.10180482453776087,0.5036767148579838,0.7520386983911369,-2.079441541671836,2.079441541671836,8.569127427881332,0.0,0.0,0.0,0.1
random,11,15,0.6814971268834238,0.1347494163003613,0.7407705975585703,0.10180482453776087,0.5036767148579838,0.7520386983911369,-2.079441541671836,2.079441541671836,8.569127427881332,0.0,0.0,0.0,0.1
random,11,16,0.6814971268834238,0.1347494163003613,0.7407705975585703,0.10180482453776087,0.5036767148579838,0.7520386983911369,-2.079441541671836,2.079441541671836,8.569127427881332,0.0,0.0,0.0,0.1
random,11,17,0.6814971268834238,0.1347494163003613,0.7407705975585703,0.10180482453776087,0.5036767148579838,0.7520386983911369,-2.079441541671836,2.079441541671836,8.569127427881332,0.0,0.0,0.0,0.1
random,11,18,0.6814971268834238,0.1347494163003613,0.7407705975585703,0.10180482453776087,0.5036767148579838,0.7520386983911369,-2.079441541671836,2.079441541671836,8.569127427881332,0.0,0.0,0.0,0.1
random,11,19,0.6814971268834238,0.1347494163003613,0.7407705975585703,0.10180482453776087,0.5036767148579838,0.7520386983911369,-2.079441541671836,2.079441541671836,8.569127427881332,0.0,0.0,0.0,0.1
random,11,20,0.6814971268834238,0.1347494163003613,0.7407705975585703,0.10180482453776087,0.5036767148579838,0.7520386983911369,-2.079441541671836,2.079441541671836,8.569127427881332,0.0,0.0,0.0,0.1
random,11,21,0.6814971268834238,0.1347494163003613,0.7407705975585703,0.10180482453776087,0.5036767148579838,0.7520386983911369,-2.079441541671836,2.079441541671836,8.569127427881332,0.0,0.0,0.0,0.1
random,11,22,0.6814971268834238,0.1347494163003613,0.7407705975585703,0.10180482453776087,0.5036767148579838,0.7520386983911369,-2.079441541671836,2.079441541671836,8.569127427881332,0.0,0.0,0.0,0.1
random,11,23,0.6814971268834238,0.1347494163003613,0.7407705975585703,0.10180482453776087,0.5036767148579838,0.7520386983911369,-2.079441541671836,2.079441541671836,8.569127427881332,0.0,0.0,0.0,0.1
random,11,24,0.6814971268834238,0.1347494163003613,0.7407705975585703,0.10180482453776087,0.5036767148579838,0.7520386983911369,-2.079441541671836,2.079441541671836,8.569127427881332,0.0,0.0,0.0,0.1
random,11,25,0.6814971268834238,0.1347494163003613,0.7407705975585703,0.10180482453776087,0.5036767148579838,0.7520386983911369,-2.079441541671836,2.079441541671836,8.569127427881332,0.0,0.0,0.0,0.1
random,11,26,0.6814971268834238,0.1347494163003613,0.7407705975585703,0.10180482453776087,0.5036767148579838,0.7520386983911369,-2.079441541671836,2.079441541671836,8.569127427881332,0.0,0.0,0.0,0.1
random,11,27,0.6814971268834238,0.1347494163003613,0.7407705975585703,0.10180482453776087,0.5036767148579838,0.7520386983911369,-2.079441541671836,2.079441541671836,8.569127427881332,0.0,0.0,0.0,0.1
random,11,28,0.6814971268834238,0.1347494163003613,0.7407705975585703,0.10180482453776087,0.5036767148579838,0.7520386983911369,-2.079441541671836,2.079441541671836,8.569127427881332,0.0,0.0,0.0,0.1
random,11,29,0.6814971268834238,0.1347494163003613,0.7407705975585703,0.10180482453776087,0.5036767148579838,0.7520386983911369,-2.079441541671836,2.079441541671836,8.569127427881332,0.0,0.0,0.0,0.1
random,11,30,0.6814971268834238,0.1347494163003613,0.7407705975585703,0.10180482453776087,0.5036767148579838,0.7520386983911369,-2.079441541671836,2.079441541671836,8.569127427881332,0.0,0.0,0.0,0.1
random,11,31,0.6814971268834238,0.1347494163003613,0.7407705975585703,0.10180482453776087,0.5036767148579838,0.7520386983911369,-2.079441541671836,2.079441541671836,8.569127427881332,0.0,0.0,0.0,0.1
random,11,32,0.6814971268834238,0.1347494163003613,0.7407705975585703,0.10180482453776087,0.5036767148579838,0.7520386983911369,-2.079441541671836,2.079441541671836,8.569127427881332,0.0,0.0,0.0,0.1
random,11,33,0.6814971268834238,0.1347494163003613,0.7407705975585703,0.10180482453776087,0.5036767148579838,0.7520386983911369,-2.079441541671836,2.079441541671836,8.569127427881332,0.0,0.0,0.0,0.1
random,11,34,0.6814971268834238,0.1347494163003613,0.7407705975585703,0.10180482453776087,0.5036767148579838,0.7520386983911369,-2.079441541671836,2.079441541671836,8.569127427881332,0.0,0.0,0.0,0.1
random,11,35,0.6814971268834238,0.1347494163003613,0.7407705975585703,0.10180482453776087,0.5036767148579838,0.7520386983911369,-2.079441541671836,2.079441541671836,8.569127427881332,0.0,0.0,0.0,0.1
random,11,36,0.6814971268834238,0.1347494163003613,0.7407705975585703,0.10180482453776087,0.5036767148579838,0.7520386983911369,-2.079441541671836,2.079441541671836,8.569127427881332,0.0,0.0,0.0,0.1
random,11,37,0.6814971268834238,0.1347494163003613,0.7407705975585703,0.10180482453776087,0.5036767148579838,0.7520386983911369,-2.079441541671836,2.079441541671836,8.569127427881332,0.0,0.0,0.0,0.1
random,11,38,0.6814971268834238,0.1347494163003613,0.7407705975585703,0.10180482453776087,0.5036767148579838,0.7520386983911369,-2.079441541671836,2.079441541671836,8.569127427881332,0.0,0.0,0.0,0.1
random,11,39,0.6814971268834238,0.1347494163003613,0.7407705975585703,0.10180482453776087,0.5036767148579838,0.7520386983911369,-2.079441541671836,2.079441541671836,8.569127427881332,0.0,0.0,0.0,0.1
random,11,40,0.6814971268834238,0.1347494163003613,0.7407705975585703,0.10180482453776087,0.5036767148579838,0.7520386983911369,-2.079441541671836,2.079441541671836,8.569127427881332,0.0,0.0,0.0,0.1
random,11,41,0.6814971268834238,0.1347494163003613,0.7407705975585703,0.10180482453776087,0.5036767148579838,0.7520386983911369,-2.079441541671836,2.079441541671836,8.569127427881332,0.0,0.0,0.0,0.1
random,11,42,0.6814971268834238,0.1347494163003613,0.7407705975585703,0.10180482453776087,0.5036767148579838,0.7520386983911369,-2.079441541671836,2.079441541671836,8.569127427881332,0.0,0.0,0.0,0.1
random,11,43,0.6814971268834238,0.1347494163003613,0.7407705975585703,0.10180482453776087,0.5036767148579838,0.7520386983911369,-2.079441541671836,2.079441541671836,8.569127427881332,0.0,0.0,0.0,0.1
random,11,44,0.6814971268834238,0.1347494163003613,0.7407705975585703,0.10180482453776087,0.5036767148579838,0.7520386983911369,-2.079441541671836,2.079441541671836,8.569127427881332,0.0,0.0,0.0,0.1
random,11,45,0.6814971268834238,0.1347494163003613,0.7407705975585703,0.10180482453776087,0.5036767148579838,0.7520386983911369,-2.079441541671836,2.079441541671836,8.569127427881332,0.0,0.0,0.0,0.1
random,11,46,0.6814971268834238,0.1347494163003613,0.7407705975585703,0.10180482453776087,0.5036767148579838,0.7520386983911369,-2.079441541671836,2.079441541671836,8.569127427881332,0.0,0.0,0.0,0.1
random,11,47,0.6814971268834238,0.1347494163003613,0.7407705975585703,0.10180482453776087,0.5036767148579838,0.7520386983911369,-2.079441541671836,2.079441541671836,8.569127427881332,0.0,0.0,0.0,0.1
random,11,48,0.6814971268834238,0.1347494163003613,0.7407705975585703,0.10180482453776087,0.5036767148579838,0.7520386983911369,-2.079441541671836,2.079441541671836,8.569127427881332,0.0,0.0,0.0,0.1
random,11,49,0.6814971268834238,0.1347494163003613,0.7407705975585703,0.10180482453776087,0.5036767148579838,0.7520386983911369,-2.079441541671836,2.079441541671836,8.569127427881332,0.0,0.0,0.0,0.1
random,11,50,0.6814971268834238,0.1347494163003613,0.7407705975585703,0.10180482453776087,0.5036767148579838,0.7520386983911369,-2.079441541671836,2.079441541671836,8.569127427881332,0.0,0.0,0.0,0.1
random,11,51,0.6814971268834238,0.1347494163003613,0.7407705975585703,0.10180482453776087,0.5036767148579838,0.7520386983911369,-2.079441541671836,2.079441541671836,8.569127427881332,0.0,0.0,0.0,0.1
random,11,52,0.6814971268834238,0.1347494163003613,0.7407705975585703,0.10180482453776087,0.5036767148579838,0.7520386983911369,-2.079441541671836,2.079441541671836,8.569127427881332,0.0,0.0,0.0,0.1
random,11,53,0.6814971268834238,0.1347494163003613,0.7407705975585703,0.10180482453776087,0.5036767148579838,0.7520386983911369,-2.079441541671836,2.079441541671836,8.569127427881332,0.0,0.0,0.0,0.1
random,11,54,0.6814971268834238,0.1347494163003613,0.7407705975585703,0.10180482453776087,0.5036767148579838,0.7520386983911369,-2.079441541671836,2.079441541671836,8.569127427881332,0.0,0.0,0.0,0.1
random,11,55,0.6814971268834238,0.1347494163003613,0.7407705975585703,0.10180482453776087,0.5036767148579838,0.7520386983911369,-2.079441541671836,2.079441541671836,8.569127427881332,0.0,0.0,0.0,0.1
random,11,56,0.6814971268834238,0.1347494163003613,0.7407705975585703,0.10180482453776087,0.5036767148579838,0.7520386983911369,-2.079441541671836,2.079441541671836,8.569127427881332,0.0,0.0,0.0,0.1
random,11,57,0.6814971268834238,0.1347494163003613,0.7407705975585703,0.10180482453776087,0.5036767148579838,0.7520386983911369,-2.079441541671836,2.079441541671836,8.569127427881332,0.0,0.0,0.0,0.1
random,11,58,0.6814971268834238,0.1347494163003613,0.7407705975585703,0.10180482453776087,0.5036767148579838,0.7520386983911369,-2.079441541671836,2.079441541671836,8.569127427881332,0.0,0.0,0.0,0.1
random,11,59,0.6814971268834238,0.1347494163003613,0.7407705975585703,0.10180482453776087,0.5036767148579838,0.7520386983911369,-2.079441541671836,2.079441541671836,8.569127427881332,0.0,0.0,0.0,0.1
random,11,60,0.6814971268834238,0.1347494163003613,0.7407705975585703,0.10180482453776087,0.5036767148579838,0.7520386983911369,-2.079441541671836,2.079441541671836,8.569127427881332,0.0,0.0,0.0,0.1
random,11,61,0.6814971268834238,0.1347494163003613,0.7407705975585703,0.10180482453776087,0.5036767148579838,0.7520386983911369,-2.079441541671836,2.079441541671836,8.569127427881332,0.0,0.0,0.0,0.1
random,11,62,0.6814971268834238,0.1347494163003613,0.7407705975585703,0.10180482453776087,0.5036767148579838,0.7520386983911369,-2.079441541671836,2.079441541671836,8.569127427881332,0.0,0.0,0.0,0.1
random,11,63,0.6814971268834238,0.1347494163003613,0.7407705975585703,0.10180482453776087,0.5036767148579838,0.7520386983911369,-2.079441541671836,2.079441541671836,8.569127427881332,0.0,0.0,0.0,0.1
random,11,64,0.6814971268834238,0.1347494163003613,0.7407705975585703,0.10180482453776087,0.5036767148579838,0.7520386983911369,-2.079441541671836,2.079441541671836,8.569127427881332,0.0,0.0,0.0,0.1
random,11,65,0.6814971268834238,0.1347494163003613,0.7407705975585703,0.10180482453776087,0.5036767148579838,0.7520386983911369,-2.079441541671836,2.079441541671836,8.569127427881332,0.0,0.0,0.0,0.1
random,11,66,0.6814971268834238,0.1347494163003613,0.7407705975585703,0.10180482453776087,0.5036767148579838,0.7520386983911369,-2.079441541671836,2.079441541671836,8.569127427881332,0.0,0.0,0.0,0.1
random,11,67,0.6814971268834238,0.1347494163003613,0.7407705975585703,0.10180482453776087,0.5036767148579838,0.7520386983911369,-2.079441541671836,2.079441541671836,8.569127427881332,0.0,0.0,0.0,0.1
random,11,68,0.6814971268834238,0.1347494163003613,0.7407705975585703,0.10180482453776087,0.5036767148579838,0.7520386983911369,-2.079441541671836,2.079441541671836,8.569127427881332,0.0,0.0,0.0,0.1
random,11,69,0.6814971268834238,0.1347494163003613,0.7407705975585703,0.10180482453776087,0.5036767148579838,0.7520386983911369,-2.079441541671836,2.079441541671836,8.569127427881332,0.0,0.0,0.0,0.1
random,11,70,0.6814971268834238,0.1347494163003613,0.7407705975585703,0.10180482453776087,0.5036767148579838,0.7520386983911369,-2.079441541671836,2.079441541671836,8.569127427881332,0.0,0.0,0.0,0.1
random,11,71,0.6814971268834238,0.1347494163003613,0.7407705975585703,0.10180482453776087,0.5036767148579838,0.7520386983911369,-2.079441541671836,2.079441541671836,8.569127427881332,0.0,0.0,0.0,0.1
random,11,72,0.6814971268834238,0.1347494163003613,0.7407705975585703,0.10180482453776087,0.5036767148579838,0.7520386983911369,-2.079441541671836,2.079441541671836,8.569127427881332,0.0,0.0,0.0,0.1
random,11,73,0.6814971268834238,0.1347494163003613,0.7407705975585703,0.10180482453776087,0.5036767148579838,0.7520386983911369,-2.079441541671836,2.079441541671836,8.569127427881332,0.0,0.0,0.0,0.1
random,11,74,0.6814971268834238,0.1347494163003613,0.7407705975585703,0.10180482453776087,0.5036767148579838,0.7520386983911369,-2.079441541671836,2.079441541671836,8.569127427881332,0.0,0.0,0.0,0.1
random,11,75,0.6814971268834238,0.1347494163003613,0.7407705975585703,0.10180482453776087,0.5036767148579838,0.7520386983911369,-2.079441541671836,2.079441541671836,8.569127427881332,0.0,0.0,0.0,0.1
random,11,76,0.6814971268834238,0.1347494163003613,0.7407705975585703,0.10180482453776087,0.5036767148579838,0.7520386983911369,-2.079441541671836,2.079441541671836,8.569127427881332,0.0,0.0,0.0,0.1
random,11,77,0.6814971268834238,0.1347494163003613,0.7407705975585703,0.10180482453776087,0.5036767148579838,0.7520386983911369,-2.079441541671836,2.079441541671836,8.569127427881332,0.0,0.0,0.0,0.1
random,11,78,0.6814971268834238,0.1347494163003613,0.7407705975585703,0.10180482453776087,0.5036767148579838,0.7520386983911369,-2.079441541671836,2.079441541671836,8.569127427881332,0.0,0.0,0.0,0.1
random,11,79,0.6814971268834238,0.1347494163003613,0.7407705975585703,0.10180482453776087,0.5036767148579838,0.7520386983911369,-2.079441541671836,2.079441541671836,8.569127427881332,0.0,0.0,0.0,0.1
random,11,80,0.6814971268834238,0.1347494163003613,0.7407705975585703,0.10180482453776087,0.5036767148579838,0.7520386983911369,-2.079441541671836,2.079441541671836,8.569127427881332,0.0,0.0,0.0,0.1
random,11,81,0.6814971268834238,0.1347494163003613,0.7407705975585703,0.10180482453776087,0.5036767148579838,0.7520386983911369,-2.079441541671836,2.079441541671836,8.569127427881332,0.0,0.0,0.0,0.1
random,11,82,0.6814971268834238,0.1347494163003613,0.7407705975585703,0.10180482453776087,0.5036767148579838,0.7520386983911369,-2.079441541671836,2.079441541671836,8.569127427881332,0.0,0.0,0.0,0.1
random,11,83,0.6814971268834238,0.1347494163003613,0.7407705975585703,0.10180482453776087,0.5036767148579838,0.7520386983911369,-2.079441541671836,2.079441541671836,8.569127427881332,0.0,0.0,0.0,0.1
random,11,84,0.6814971268834238,0.1347494163003613,0.7407705975585703,0.10180482453776087,0.5036767148579838,0.7520386983911369,-2.079441541671836,2.079441541671836,8.569127427881332,0.0,0.0,0.0,0.1
random,11,85,0.6814971268834238,0.1347494163003613,0.7407705975585703,0.10180482453776087,0.5036767148579838,0.7520386983911369,-2.079441541671836,2.079441541671836,8.569127427881332,0.0,0.0,0.0,0.1
random,11,86,0.6814971268834238,0.1347494163003613,0.7407705975585703,0.10180482453776087,0.5036767148579838,0.7520386983911369,-2.079441541671836,2.079441541671836,8.569127427881332,0.0,0.0,0.0,0.1
random,11,87,0.6814971268834238,0.1347494163003613,0.7407705975585703,0.10180482453776087,0.5036767148579838,0.7520386983911369,-2.079441541671836,2.079441541671836,8.569127427881332,0.0,0.0,0.0,0.1
random,11,88,0.6814971268834238,0.1347494163003613,0.7407705975585703,0.10180482453776087,0.5036767148579838,0.7520386983911369,-2.079441541671836,2.079441541671836,8.569127427881332,0.0,0.0,0.0,0.1
random,11,89,0.6814971268834238,0.1347494163003613,0.7407705975585703,0.10180482453776087,0.5036767148579838,0.7520386983911369,-2.079441541671836,2.079441541671836,8.569127427881332,0.0,0.0,0.0,0.1
random,11,90,0.6814971268834238,0.1347494163003613,0.7407705975585703,0.10180482453776087,0.5036767148579838,0.7520386983911369,-2.079441541671836,2.079441541671836,8.569127427881332,0.0,0.0,0.0,0.1
random,11,91,0.6814971268834238,0.1347494163003613,0.7407705975585703,0.10180482453776087,0.5036767148579838,0.7520386983911369,-2.079441541671836,2.079441541671836,8.569127427881332,0.0,0.0,0.0,0.1
random,11,92,0.6814971268834238,0.1347494163003613,0.7407705975585703,0.10180482453776087,0.5036767148579838,0.7520386983911369,-2.079441541671836,2.079441541671836,8.569127427881332,0.0,0.0,0.0,0.1
random,11,93,0.6814971268834238,0.1347494163003613,0.7407705975585703,0.10180482453776087,0.5036767148579838,0.7520386983911369,-2.079441541671836,2.079441541671836,8.569127427881332,0.0,0.0,0.0,0.1
random,23,0,0.8579012233411473,0.14951225527976847,0.8219277361398606,0.1952151137229259,0.9658216849450075,0.2528424634616481,-3.225635236013803,3.225635236013803,8.72416091295468,0.11270432632818289,1.1102230246251565e-16,0.101385899760705,0.1
random,23,1,0.8352642104293653,0.14558789725601173,0.8003539949088624,0.18999490875677247,0.939994856990874,0.3295126787984162,-3.0988484883677465,3.0988484883677465,8.488684472926352,0.04412193646558995,4.163336342344337e-17,0.022637012911781995,0.1
random,23,2,0.8088197447275534,0.14361514815778942,0.7895090163668711,0.17519080300726605,0.8667519298096001,0.38700093301582067,-2.9556000220683227,2.9556000220683227,8.494215870588405,0.046336252953904825,5.551115123125783e-17,0.026444465701811914,0.1
random,23,3,0.7814082887071776,0.1395920159963471,0.7673922748097447,0.1664397514474424,0.8234563303994766,0.4882352993553522,-2.769240108306862,2.769240108306862,8.51254929687026,0.047731196645650155,4.163336342344337e-17,0.027411456020375757,0.1
random,23,4,0.7619002536182461,0.13747325296871546,0.755744600206352,0.15773043489576594,0.7803672138539284,0.5659636523051768,-2.6461410802599827,2.6461410802599827,8.50591740175009,0.03647024507398468,2.7755575615628914e-17,0.019508035088931508,0.1
random,23,5,0.747357117832056,0.13767325465351446,0.7568440882162373,0.1453057090449483,0.718896206679512,0.5963901100624609,-2.59701008279606,2.59701008279606,8.513608738798744,0.03633210083154837,2.7755575615628914e-17,0.014543135786190042,0.1
random,23,6,0.7254689210594335,0.13826503948340405,0.7600973624351492,0.12563655844023705,0.6215835969322865,0.6242952006570089,-2.5049713540806953,2.5049713540806953,8.543172217792081,0.04415760264190107,1.3877787807814457e-17,0.021888196772622548,0.1
random,23,7,0.7087912269310743,0.13712716219388252,0.7538420029475184,0.1159458154922971,0.5736388988817425,0.6941707210864265,-2.3495922795020183,2.3495922795020183,8.584708953815628,0.03388542501394432,0.0,0.016677694128359177,0.1
random,23,8,0.6980009541308749,0.13640619560444403,0.7498785657324164,0.1096252607954148,0.5423681193262503,0.7338550365992293,-2.2415150890413784,2.2415150890413784,8.600632381596329,0.028715387363808794,0.0,0.010790272800199396,0.1
random,23,9,0.6909363209914197,0.1362055087928304,0.7487753113106698,0.10458253198675738,0.5174193500336692,0.7265198159818838,-2.1837725833372983,2.1837725833372983,8.603490641431826,0.02481499857325672,0.0,0.0070646331394552675,0.1
random,23,10,0.6880182248298035,0.13610027259365276,0.7481967864881515,0.10257407063270371,0.5074825398547593,0.7243304836812792,-2.157991695748163,2.157991695748163,8.594584679782836,0.014754595613141262,0.0,0.0029180961616162016,0.1
random,23,11,0.6853868882195331,0.13601590224309973,0.7477329694512296,0.10072789711699683,0.4983486445244436,0.7228873111816482,-2.135259251082506,2.135259251082506,8.58909958464892,0.01579251756048394,0.0,0.002631336610270374,0.1
random,23,12,0.6829647254515118,0.13587671524994616,0.74696780374646,0.099233568077656,0.49095549056666726,0.7291826597091833,-2.099080346015758,2.099080346015758,8.584400184368691,0.013497678317134427,0.0,0.0024221627680213187,0.1
random,23,13,0.68237590394375,0.13568281004497348,0.7459018304866045,0.09940388403308353,0.49179812431518694,0.7520386983911369,-2.079441541671836,2.079441541671836,8.580502961938882,0.006476863835534999,0.0,0.0005888215077617387,0.1
random,23,14,0.68237590394375,0.13568281004497348,0.7459018304866045,0.09940388403308353,0.49179812431518694,0.7520386983911369,-2.079441541671836,2.079441541671836,8.578817082385394,0.0,0.0,0.0,0.1
random,23,15,0.68237590394375,0.13568281004497348,0.7459018304866045,0.09940388403308353,0.49179812431518694,0.7520386983911369,-2.079441541671836,2.079441541671836,8.578817082385394,0.0,0.0,0.0,0.1
random,23,16,0.68237590394375,0.13568281004497348,0.7459018304866045,0.09940388403308353,0.49179812431518694,0.7520386983911369,-2.079441541671836,2.079441541671836,8.578817082385394,0.0,0.0,0.0,0.1
random,23,17,0.68237590394375,0.13568281004497348,0.7459018304866045,0.09940388403308353,0.49179812431518694,0.7520386983911369,-2.079441541671836,2.079441541671836,8.578817082385394,0.0,0.0,0.0,0.1
random,23,18,0.68237590394375,0.13568281004497348,0.7459018304866045,0.09940388403308353,0.49179812431518694,0.7520386983911369,-2.079441541671836,2.079441541671836,8.578817082385394,0.0,0.0,0.0,0.1
random,23,19,0.68237590394375,0.13568281004497348,0.7459018304866045,0.09940388403308353,0.49179812431518694,0.7520386983911369,-2.079441541671836,2.079441541671836,8.578817082385394,0.0,0.0,0.0,0.1
random,23,20,0.68237590394375,0.13568281004497348,0.7459018304866045,0.09940388403308353,0.49179812431518694,0.7520386983911369,-2.079441541671836,2.079441541671836,8.578817082385394,0.0,0.0,0.0,0.1
random,23,21,0.68237590394375,0.13568281004497348,0.7459018304866045,0.09940388403308353,0.49179812431518694,0.7520386983911369,-2.079441541671836,2.079441541671836,8.578817082385394,0.0,0.0,0.0,0.1
random,23,22,0.68237590394375,0.13568281004497348,0.7459018304866045,0.09940388403308353,0.49179812431518694,0.7520386983911369,-2.079441541671836,2.079441541671836,8.578817082385394,0.0,0.0,0.0,0.1
random,23,23,0.68237590394375,0.13568281004497348,0.7459018304866045,0.09940388403308353,0.49179812431518694,0.7520386983911369,-2.079441541671836,2.079441541671836,8.578817082385394,0.0,0.0,0.0,0.1
random,23,24,0.68237590394375,0.13568281004497348,0.7459018304866045,0.09940388403308353,0.49179812431518694,0.7520386983911369,-2.079441541671836,2.079441541671836,8.578817082385394,0.0,0.0,0.0,0.1
random,23,25,0.68237590394375,0.13568281004497348,0.7459018304866045,0.09940388403308353,0.49179812431518694,0.7520386983911369,-2.079441541671836,2.079441541671836,8.578817082385394,0.0,0.0,0.0,0.1
random,23,26,0.68237590394375,0.13568281004497348,0.7459018304866045,0.09940388403308353,0.49179812431518694,0.7520386983911369,-2.079441541671836,2.079441541671836,8.578817082385394,0.0,0.0,0.0,0.1
random,23,27,0.68237590394375,0.13568281004497348,0.7459018304866045,0.09940388403308353,0.49179812431518694,0.7520386983911369,-2.079441541671836,2.079441541671836,8.578817082385394,0.0,0.0,0.0,0.1
random,23,28,0.68237590394375,0.13568281004497348,0.7459018304866045,0.09940388403308353,0.49179812431518694,0.7520386983911369,-2.079441541671836,2.079441541671836,8.578817082385394,0.0,0.0,0.0,0.1
random,23,29,0.68237590394375,0.13568281004497348,0.7459018304866045,0.09940388403308353,0.49179812431518694,0.7520386983911369,-2.079441541671836,2.079441541671836,8.578817082385394,0.0,0.0,0.0,0.1
random,23,30,0.68237590394375,0.13568281004497348,0.7459018304866045,0.09940388403308353,0.49179812431518694,0.7520386983911369,-2.079441541671836,2.079441541671836,8.578817082385394,0.0,0.0,0.0,0.1
random,23,31,0.68237590394375,0.13568281004497348,0.7459018304866045,0.09940388403308353,0.49179812431518694,0.7520386983911369,-2.079441541671836,2.079441541671836,8.578817082385394,0.0,0.0,0.0,0.1
random,23,32,0.68237590394375,0.13568281004497348,0.7459018304866045,0.09940388403308353,0.49179812431518694,0.7520386983911369,-2.079441541671836,2.079441541671836,8.578817082385394,0.0,0.0,0.0,0.1
random,23,33,0.68237590394375,0.13568281004497348,0.7459018304866045,0.09940388403308353,0.49179812431518694,0.7520386983911369,-2.079441541671836,2.079441541671836,8.578817082385394,0.0,0.0,0.0,0.1
random,23,34,0.68237590394375,0.13568281004497348,0.7459018304866045,0.09940388403308353,0.49179812431518694,0.7520386983911369,-2.079441541671836,2.079441541671836,8.578817082385394,0.0,0.0,0.0,0.1
random,23,35,0.68237590394375,0.13568281004497348,0.7459018304866045,0.09940388403308353,0.49179812431518694,0.7520386983911369,-2.079441541671836,2.079441541671836,8.578817082385394,0.0,0.0,0.0,0.1
random,23,36,0.68237590394375,0.13568281004497348,0.7459018304866045,0.09940388403308353,0.49179812431518694,0.7520386983911369,-2.079441541671836,2.079441541671836,8.578817082385394,0.0,0.0,0.0,0.1
random,23,37,0.68237590394375,0.13568281004497348,0.7459018304866045,0.09940388403308353,0.49179812431518694,0.7520386983911369,-2.079441541671836,2.079441541671836,8.578817082385394,0.0,0.0,0.0,0.1
random,23,38,0.68237590394375,0.13568281004497348,0.7459018304866045,0.09940388403308353,0.49179812431518694,0.7520386983911369,-2.079441541671836,2.079441541671836,8.578817082385394,0.0,0.0,0.0,0.1
random,23,39,0.68237590394375,0.13568281004497348,0.7459018304866045,0.09940388403308353,0.49179812431518694,0.7520386983911369,-2.079441541671836,2.079441541671836,8.578817082385394,0.0,0.0,0.0,0.1
random,23,40,0.68237590394375,0.13568281004497348,0.7459018304866045,0.09940388403308353,0.49179812431518694,0.7520386983911369,-2.079441541671836,2.079441541671836,8.578817082385394,0.0,0.0,0.0,0.1
random,23,41,0.68237590394375,0.13568281004497348,0.7459018304866045,0.09940388403308353,0.49179812431518694,0.7520386983911369,-2.079441541671836,2.079441541671836,8.578817082385394,0.0,0.0,0.0,0.1
random,23,42,0.68237590394375,0.13568281004497348,0.7459018304866045,0.09940388403308353,0.49179812431518694,0.7520386983911369,-2.079441541671836,2.079441541671836,8.578817082385394,0.0,0.0,0.0,0.1
random,23,43,0.68237590394375,0.13568281004497348,0.7459018304866045,0.09940388403308353,0.49179812431518694,0.7520386983911369,-2.079441541671836,2.079441541671836,8.578817082385394,0.0,0.0,0.0,0.1
random,23,44,0.68237590394375,0.13568281004497348,0.7459018304866045,0.09940388403308353,0.49179812431518694,0.7520386983911369,-2.079441541671836,2.079441541671836,8.578817082385394,0.0,0.0,0.0,0.1
random,23,45,0.68237590394375,0.13568281004497348,0.7459018304866045,0.09940388403308353,0.49179812431518694,0.7520386983911369,-2.079441541671836,2.079441541671836,8.578817082385394,0.0,0.0,0.0,0.1
random,23,46,0.68237590394375,0.13568281004497348,0.7459018304866045,0.09940388403308353,0.49179812431518694,0.7520386983911369,-2.079441541671836,2.079441541671836,8.578817082385394,0.0,0.0,0.0,0.1
random,23,47,0.68237590394375,0.13568281004497348,0.7459018304866045,0.09940388403308353,0.49179812431518694,0.7520386983911369,-2.079441541671836,2.079441541671836,8.578817082385394,0.0,0.0,0.0,0.1
random,23,48,0.68237590394375,0.13568281004497348,0.7459018304866045,0.09940388403308353,0.49179812431518694,0.7520386983911369,-2.079441541671836,2.079441541671836,8.578817082385394,0.0,0.0,0.0,0.1
random,23,49,0.68237590394375,0.13568281004497348,0.7459018304866045,0.09940388403308353,0.49179812431518694,0.7520386983911369,-2.079441541671836,2.079441541671836,8.578817082385394,0.0,0.0,0.0,0.1
random,23,50,0.68237590394375,0.13568281004497348,0.7459018304866045,0.09940388403308353,0.49179812431518694,0.7520386983911369,-2.079441541671836,2.079441541671836,8.578817082385394,0.0,0.0,0.0,0.1
random,23,51,0.68237590394375,0.13568281004497348,0.7459018304866045,0.09940388403308353,0.49179812431518694,0.7520386983911369,-2.079441541671836,2.079441541671836,8.578817082385394,0.0,0.0,0.0,0.1
random,23,52,0.68237590394375,0.13568281004497348,0.7459018304866045,0.09940388403308353,0.49179812431518694,0.7520386983911369,-2.079441541671836,2.079441541671836,8.578817082385394,0.0,0.0,0.0,0.1
random,23,53,0.68237590394375,0.13568281004497348,0.7459018304866045,0.09940388403308353,0.49179812431518694,0.7520386983911369,-2.079441541671836,2.079441541671836,8.578817082385394,0.0,0.0,0.0,0.1
random,23,54,0.68237590394375,0.13568281004497348,0.7459018304866045,0.09940388403308353,0.49179812431518694,0.7520386983911369,-2.079441541671836,2.079441541671836,8.578817082385394,0.0,0.0,0.0,0.1
random,23,55,0.68237590394375,0.13568281004497348,0.7459018304866045,0.09940388403308353,0.49179812431518694,0.7520386983911369,-2.079441541671836,2.079441541671836,8.578817082385394,0.0,0.0,0.0,0.1
random,23,56,0.68237590394375,0.13568281004497348,0.7459018304866045,0.09940388403308353,0.49179812431518694,0.7520386983911369,-2.079441541671836,2.079441541671836,8.578817082385394,0.0,0.0,0.0,0.1
random,23,57,0.68237590394375,0.13568281004497348,0.7459018304866045,0.09940388403308353,0.49179812431518694,0.7520386983911369,-2.079441541671836,2.079441541671836,8.578817082385394,0.0,0.0,0.0,0.1
random,23,58,0.68237590394375,0.13568281004497348,0.7459018304866045,0.09940388403308353,0.49179812431518694,0.7520386983911369,-2.079441541671836,2.079441541671836,8.578817082385394,0.0,0.0,0.0,0.1
random,23,59,0.68237590394375,0.13568281004497348,0.7459018304866045,0.09940388403308353,0.49179812431518694,0.7520386983911369,-2.079441541671836,2.079441541671836,8.578817082385394,0.0,0.0,0.0,0.1
random,23,60,0.68237590394375,0.13568281004497348,0.7459018304866045,0.09940388403308353,0.49179812431518694,0.7520386983911369,-2.079441541671836,2.079441541671836,8.578817082385394,0.0,0.0,0.0,0.1
random,23,61,0.68237590394375,0.13568281004497348,0.7459018304866045,0.09940388403308353,0.49179812431518694,0.7520386983911369,-2.079441541671836,2.079441541671836,8.578817082385394,0.0,0.0,0.0,0.1
random,23,62,0.68237590394375,0.13568281004497348,0.7459018304866045,0.09940388403308353,0.49179812431518694,0.7520386983911369,-2.079441541671836,2.079441541671836,8.578817082385394,0.0,0.0,0.0,0.1
random,23,63,0.68237590394375,0.13568281004497348,0.7459018304866045,0.09940388403308353,0.49179812431518694,0.7520386983911369,-2.079441541671836,2.079441541671836,8.578817082385394,0.0,0.0,0.0,0.1
random,23,64,0.68237590394375,0.13568281004497348,0.7459018304866045,0.09940388403308353,0.49179812431518694,0.7520386983911369,-2.079441541671836,2.079441541671836,8.578817082385394,0.0,0.0,0.0,0.1
random,23,65,0.68237590394375,0.13568281004497348,0.7459018304866045,0.09940388403308353,0.49179812431518694,0.7520386983911369,-2.079441541671836,2.079441541671836,8.578817082385394,0.0,0.0,0.0,0.1
random,23,66,0.68237590394375,0.13568281004497348,0.7459018304866045,0.09940388403308353,0.49179812431518694,0.7520386983911369,-2.079441541671836,2.079441541671836,8.578817082385394,0.0,0.0,0.0,0.1
random,23,67,0.68237590394375,0.13568281004497348,0.7459018304866045,0.09940388403308353,0.49179812431518694,0.7520386983911369,-2.079441541671836,2.079441541671836,8.578817082385394,0.0,0.0,0.0,0.1
random,23,68,0.68237590394375,0.13568281004497348,0.7459018304866045,0.09940388403308353,0.49179812431518694,0.7520386983911369,-2.079441541671836,2.079441541671836,8.578817082385394,0.0,0.0,0.0,0.1
random,23,69,0.68237590394375,0.13568281004497348,0.7459018304866045,0.09940388403308353,0.49179812431518694,0.7520386983911369,-2.079441541671836,2.079441541671836,8.578817082385394,0.0,0.0,0.0,0.1
random,23,70,0.68237590394375,0.13568281004497348,0.7459018304866045,0.09940388403308353,0.49179812431518694,0.7520386983911369,-2.079441541671836,2.079441541671836,8.578817082385394,0.0,0.0,0.0,0.1
random,23,71,0.68237590394375,0.13568281004497348,0.7459018304866045,0.09940388403308353,0.49179812431518694,0.7520386983911369,-2.079441541671836,2.079441541671836,8.578817082385394,0.0,0.0,0.0,0.1
random,23,72,0.68237590394375,0.13568281004497348,0.7459018304866045,0.09940388403308353,0.49179812431518694,0.7520386983911369,-2.079441541671836,2.079441541671836,8.578817082385394,0.0,0.0,0.0,0.1
random,23,73,0.68237590394375,0.13568281004497348,0.7459018304866045,0.09940388403308353,0.49179812431518694,0.7520386983911369,-2.079441541671836,2.079441541671836,8.578817082385394,0.0,0.0,0.0,0.1
random,23,74,0.68237590394375,0.13568281004497348,0.7459018304866045,0.09940388403308353,0.49179812431518694,0.7520386983911369,-2.079441541671836,2.079441541671836,8.578817082385394,0.0,0.0,0.0,0.1
random,23,75,0.68237590394375,0.13568281004497348,0.7459018304866045,0.09940388403308353,0.49179812431518694,0.7520386983911369,-2.079441541671836,2.079441541671836,8.578817082385394,0.0,0.0,0.0,0.1
random,23,76,0.68237590394375,0.13568281004497348,0.7459018304866045,0.09940388403308353,0.49179812431518694,0.7520386983911369,-2.079441541671836,2.079441541671836,8.578817082385394,0.0,0.0,0.0,0.1
random,23,77,0.68237590394375,0.13568281004497348,0.7459018304866045,0.09940388403308353,0.49179812431518694,0.7520386983911369,-2.079441541671836,2.079441541671836,8.578817082385394,0.0,0.0,0.0,0.1
random,23,78,0.68237590394375,0.13568281004497348,0.7459018304866045,0.09940388403308353,0.49179812431518694,0.7520386983911369,-2.079441541671836,2.079441541671836,8.578817082385394,0.0,0.0,0.0,0.1
random,23,79,0.68237590394375,0.13568281004497348,0.7459018304866045,0.09940388403308353,0.49179812431518694,0.7520386983911369,-2.079441541671836,2.079441541671836,8.578817082385394,0.0,0.0,0.0,0.1
random,23,80,0.68237590394375,0.13568281004497348,0.7459018304866045,0.09940388403308353,0.49179812431518694,0.7520386983911369,-2.079441541671836,2.079441541671836,8.578817082385394,0.0,0.0,0.0,0.1
random,23,81,0.68237590394375,0.13568281004497348,0.7459018304866045,0.09940388403308353,0.49179812431518694,0.7520386983911369,-2.079441541671836,2.079441541671836,8.578817082385394,0.0,0.0,0.0,0.1
random,23,82,0.68237590394375,0.13568281004497348,0.7459018304866045,0.09940388403308353,0.49179812431518694,0.7520386983911369,-2.079441541671836,2.079441541671836,8.578817082385394,0.0,0.0,0.0,0.1
random,23,83,0.68237590394375,0.13568281004497348,0.7459018304866045,0.09940388403308353,0.49179812431518694,0.7520386983911369,-2.079441541671836,2.079441541671836,8.578817082385394,0.0,0.0,0.0,0.1
random,23,84,0.68237590394375,0.13568281004497348,0.7459018304866045,0.09940388403308353,0.49179812431518694,0.7520386983911369,-2.079441541671836,2.079441541671836,8.578817082385394,0.0,0.0,0.0,0.1
random,23,85,0.68237590394375,0.13568281004497348,0.7459018304866045,0.09940388403308353,0.49179812431518694,0.7520386983911369,-2.079441541671836,2.079441541671836,8.578817082385394,0.0,0.0,0.0,0.1
random,23,86,0.68237590394375,0.13568281004497348,0.7459018304866045,0.09940388403308353,0.49179812431518694,0.7520386983911369,-2.079441541671836,2.079441541671836,8.578817082385394,0.0,0.0,0.0,0.1
random,23,87,0.68237590394375,0.13568281004497348,0.7459018304866045,0.09940388403308353,0.49179812431518694,0.7520386983911369,-2.079441541671836,2.079441541671836,8.578817082385394,0.0,0.0,0.0,0.1
random,23,88,0.68237590394375,0.13568281004497348,0.7459018304866045,0.09940388403308353,0.49179812431518694,0.7520386983911369,-2.079441541671836,2.079441541671836,8.578817082385394,0.0,0.0,0.0,0.1
random,23,89,0.68237590394375,0.13568281004497348,0.7459018304866045,0.09940388403308353,0.49179812431518694,0.7520386983911369,-2.079441541671836,2.079441541671836,8.578817082385394,0.0,0.0,0.0,0.1
random,23,90,0.68237590394375,0.13568281004497348,0.7459018304866045,0.09940388403308353,0.49179812431518694,0.7520386983911369,-2.079441541671836,2.079441541671836,8.578817082385394,0.0,0.0,0.0,0.1
random,23,91,0.68237590394375,0.13568281004497348,0.7459018304866045,0.09940388403308353,0.49179812431518694,0.7520386983911369,-2.079441541671836,2.079441541671836,8.578817082385394,0.0,0.0,0.0,0.1
random,23,92,0.68237590394375,0.13568281004497348,0.7459018304866045,0.09940388403308353,0.49179812431518694,0.7520386983911369,-2.079441541671836,2.079441541671836,8.578817082385394,0.0,0.0,0.0,0.1
random,23,93,0.68237590394375,0.13568281004497348,0.7459018304866045,0.09940388403308353,0.49179812431518694,0.7520386983911369,-2.079441541671836,2.079441541671836,8.578817082385394,0.0,0.0,0.0,0.1
random,37,0,0.8504554493168799,0.1431249683154273,0.7868143047702852,0.21048698764370136,1.0413788829566635,0.33908468183036766,-3.1384763395953437,3.1384763395953437,8.812655205169722,0.13642634493250233,5.551115123125783e-17,0.14147508385857954,0.1
random,37,1,0.8108922908452366,0.13696154382799638,0.7529315335797648,0.19904593284057473,0.9847745626416519,0.48145750848537006,-2.9653685053444274,2.9653685053444274,8.45246275289312,0.05547302754617195,5.551115123125783e-17,0.03956315847164327,0.1
random,37,2,0.7652138783027855,0.1357684398876578,0.7463725714476838,0.16609239609855628,0.8217377988680911,0.542965180210273,-2.7654265355223266,2.7654265355223266,8.465630491457826,0.061358808215858006,5.551115123125783e-17,0.045678412542451086,0.1
random,37,3,0.7308789387544108,0.13340152088023866,0.7333606857146105,0.14622284196225532,0.7234336978738117,0.6536297944795423,-2.566471277206711,2.566471277206711,8.54117577750482,0.05201175242813521,2.7755575615628914e-17,0.03433493954837474,0.1
random,37,4,0.7063272440291476,0.13180470336494032,0.7245823511030315,0.1316958780705321,0.6515619228074958,0.6950152011781878,-2.399353249690004,2.399353249690004,8.573506756179235,0.03880451123538026,2.7755575615628914e-17,0.024551694725263196,0.1
random,37,5,0.7014223209491803,0.13074952039386084,0.7187815948438886,0.13124768499746603,0.6493444992650557,0.7131513968846657,-2.3329536056213174,2.3329536056213174,8.593188886350424,0.017322859619186365,0.0,0.0049049230799672605,0.1
random,37,6,0.6987092697134538,0.13031171443668185,0.716374803115817,0.13051360740279527,0.6457126695063641,0.7223372290317716,-2.293297408617726,2.293297408617726,8.582677344609706,0.01579257860167372,1.3877787807814457e-17,0.0027130512357265157,0.1
random,37,7,0.6966970822832504,0.13034445430429603,0.7165547870590683,0.12877763027983208,0.6371239679557966,0.7235958543688648,-2.2602460953630983,2.2602460953630983,8.577026529855855,0.012950070744311296,1.3877787807814457e-17,0.0020121874302033715,0.1
random,37,8,0.6962905414671148,0.13033690107978735,0.7165132640099419,0.12847412304768258,0.6356223738386337,0.7271847139095199,-2.2584550673837542,2.2584550673837542,8.5721886736073,0.005122115742983854,0.0,0.00040654081613566984,0.1
random,37,9,0.6958939110095399,0.13030969639881057,0.7163637091670575,0.1282441355189245,0.6344845165369868,0.7316375104061473,-2.26050732699129,2.26050732699129,8.57250026250932,0.005996301104715065,1.3877787807814457e-17,0.0003966304575748758,0.1
random,37,10,0.6953115453230072,0.13027466362877232,0.7161711202363751,0.12789007686584736,0.6327328205829037,0.7367963586564881,-2.2618865738693303,2.2618865738693303,8.57329909769678,0.0072493446415364746,1.3877787807814457e-17,0.0005823656865326932,0.1
random,37,11,0.6944446450752555,0.13023134011834364,0.7159329538413752,0.12733361070803775,0.6299797187768962,0.7428363519966992,-2.262054531483165,2.262054531483165,8.574221839641417,0.008831051582187615,1.3877787807814457e-17,0.0008669002477517118,0.1
random,37,12,0.693142243823367,0.13017907925169286,0.7156456552802333,0.12645483713795352,0.6256320094527681,0.7500181768751936,-2.260112413244033,2.260112413244033,8.575332712477836,0.010813135004760797,0.0,0.0013024012518885186,0.1
random,37,13,0.6911736042260321,0.1301170114317225,0.7153044440353094,0.12507010530142953,0.6187810847982006,0.7587608093469329,-2.2545485420380134,2.2545485420380134,8.576724403088656,0.01328516417641532,0.0,0.0019686395973348425,0.1
random,37,14,0.6881860145929993,0.1300439955684154,0.7149030470854874,0.12289805389798995,0.608034917115535,0.7698524548754802,-2.24269261691373,2.24269261691373,8.578532046845206,0.01635878919730381,1.3877787807814457e-17,0.0029875896330328056,0.1
random,37,15,0.683640263229181,0.12995855884262403,0.7144333677640063,0.11950764340881825,0.5912609496247051,0.7857895922164265,-2.2186453312963956,2.2186453312963956,8.5809543286421,0.02017287134016278,1.3877787807814457e-17,0.004545751363818296,0.1
random,37,16,0.676907989581277,0.13006056498336055,0.7149941356834726,0.11372461174807416,0.5626495512746897,0.787759387497258,-2.1859647126663866,2.1859647126663866,8.584285367400708,0.024516077118747044,1.3877787807814457e-17,0.0067322736479040746,0.1
random,37,17,0.6699494595249007,0.13077668385981045,0.7189309231115406,0.10571153616460344,0.5230050687649807,0.7785263229545268,-2.15189424740177,2.15189424740177,8.589455779770187,0.023326443601680024,0.0,0.006958530056376255,0.1
random,37,18,0.6634041895596193,0.1320408426101073,0.725880501511041,0.09620571243094399,0.47597525370535393,0.7595915489404874,-2.129366047114295,2.129366047114295,8.599489277640291,0.025024652820653907,0.0,0.006545269965281375,0.1
random,37,19,0.6572005518458891,0.13307885843045292,0.7315868831832162,0.08772993337569014,0.4340415578339082,0.7520386983911369,-2.079441541671836,2.079441541671836,8.614375626221031,0.0220828977239535,0.0,0.006203637713730226,0.1
random,37,20,0.6572005518458891,0.13307885843045292,0.7315868831832162,0.08772993337569014,0.4340415578339082,0.7520386983911369,-2.079441541671836,2.079441541671836,8.627580078077228,0.0,0.0,0.0,0.1
random,37,21,0.6572005518458891,0.13307885843045292,0.7315868831832162,0.08772993337569014,0.4340415578339082,0.7520386983911369,-2.079441541671836,2.079441541671836,8.627580078077228,0.0,0.0,0.0,0.1
random,37,22,0.6572005518458891,0.13307885843045292,0.7315868831832162,0.08772993337569014,0.4340415578339082,0.7520386983911369,-2.079441541671836,2.079441541671836,8.627580078077228,0.0,0.0,0.0,0.1
random,37,23,0.6572005518458891,0.13307885843045292,0.7315868831832162,0.08772993337569014,0.4340415578339082,0.7520386983911369,-2.079441541671836,2.079441541671836,8.627580078077228,0.0,0.0,0.0,0.1
random,37,24,0.6572005518458891,0.13307885843045292,0.7315868831832162,0.08772993337569014,0.4340415578339082,0.7520386983911369,-2.079441541671836,2.079441541671836,8.627580078077228,0.0,0.0,0.0,0.1
random,37,25,0.6572005518458891,0.13307885843045292,0.7315868831832162,0.08772993337569014,0.4340415578339082,0.7520386983911369,-2.079441541671836,2.079441541671836,8.627580078077228,0.0,0.0,0.0,0.1
random,37,26,0.6572005518458891,0.13307885843045292,0.7315868831832162,0.08772993337569014,0.4340415578339082,0.7520386983911369,-2.079441541671836,2.079441541671836,8.627580078077228,0.0,0.0,0.0,0.1
random,37,27,0.6572005518458891,0.13307885843045292,0.7315868831832162,0.08772993337569014,0.4340415578339082,0.7520386983911369,-2.079441541671836,2.079441541671836,8.627580078077228,0.0,0.0,0.0,0.1
random,37,28,0.6572005518458891,0.13307885843045292,0.7315868831832162,0.08772993337569014,0.4340415578339082,0.7520386983911369,-2.079441541671836,2.079441541671836,8.627580078077228,0.0,0.0,0.0,0.1
random,37,29,0.6572005518458891,0.13307885843045292,0.7315868831832162,0.08772993337569014,0.4340415578339082,0.7520386983911369,-2.079441541671836,2.079441541671836,8.627580078077228,0.0,0.0,0.0,0.1
random,37,30,0.6572005518458891,0.13307885843045292,0.7315868831832162,0.08772993337569014,0.4340415578339082,0.7520386983911369,-2.079441541671836,2.079441541671836,8.627580078077228,0.0,0.0,0.0,0.1
random,37,31,0.6572005518458891,0.13307885843045292,0.7315868831832162,0.08772993337569014,0.4340415578339082,0.7520386983911369,-2.079441541671836,2.079441541671836,8.627580078077228,0.0,0.0,0.0,0.1
random,37,32,0.6572005518458891,0.13307885843045292,0.7315868831832162,0.08772993337569014,0.4340415578339082,0.7520386983911369,-2.079441541671836,2.079441541671836,8.627580078077228,0.0,0.0,0.0,0.1
random,37,33,0.6572005518458891,0.13307885843045292,0.7315868831832162,0.08772993337569014,0.4340415578339082,0.7520386983911369,-2.079441541671836,2.079441541671836,8.627580078077228,0.0,0.0,0.0,0.1
random,37,34,0.6572005518458891,0.13307885843045292,0.7315868831832162,0.08772993337569014,0.4340415578339082,0.7520386983911369,-2.079441541671836,2.079441541671836,8.627580078077228,0.0,0.0,0.0,0.1
random,37,35,0.6572005518458891,0.13307885843045292,0.7315868831832162,0.08772993337569014,0.4340415578339082,0.7520386983911369,-2.079441541671836,2.079441541671836,8.627580078077228,0.0,0.0,0.0,0.1
random,37,36,0.6572005518458891,0.13307885843045292,0.7315868831832162,0.08772993337569014,0.4340415578339082,0.7520386983911369,-2.079441541671836,2.079441541671836,8.627580078077228,0.0,0.0,0.0,0.1
random,37,37,0.6572005518458891,0.13307885843045292,0.7315868831832162,0.08772993337569014,0.4340415578339082,0.7520386983911369,-2.079441541671836,2.079441541671836,8.627580078077228,0.0,0.0,0.0,0.1
random,37,38,0.6572005518458891,0.13307885843045292,0.7315868831832162,0.08772993337569014,0.4340415578339082,0.7520386983911369,-2.079441541671836,2.079441541671836,8.627580078077228,0.0,0.0,0.0,0.1
random,37,39,0.6572005518458891,0.13307885843045292,0.7315868831832162,0.08772993337569014,0.4340415578339082,0.7520386983911369,-2.079441541671836,2.079441541671836,8.627580078077228,0.0,0.0,0.0,0.1
random,37,40,0.6572005518458891,0.13307885843045292,0.7315868831832162,0.08772993337569014,0.4340415578339082,0.7520386983911369,-2.079441541671836,2.079441541671836,8.627580078077228,0.0,0.0,0.0,0.1
random,37,41,0.6572005518458891,0.13307885843045292,0.7315868831832162,0.08772993337569014,0.4340415578339082,0.7520386983911369,-2.079441541671836,2.079441541671836,8.627580078077228,0.0,0.0,0.0,0.1
random,37,42,0.6572005518458891,0.13307885843045292,0.7315868831832162,0.08772993337569014,0.4340415578339082,0.7520386983911369,-2.079441541671836,2.079441541671836,8.627580078077228,0.0,0.0,0.0,0.1
random,37,43,0.6572005518458891,0.13307885843045292,0.7315868831832162,0.08772993337569014,0.4340415578339082,0.7520386983911369,-2.079441541671836,2.079441541671836,8.627580078077228,0.0,0.0,0.0,0.1
random,37,44,0.6572005518458891,0.13307885843045292,0.7315868831832162,0.08772993337569014,0.4340415578339082,0.7520386983911369,-2.079441541671836,2.079441541671836,8.627580078077228,0.0,0.0,0.0,0.1
random,37,45,0.6572005518458891,0.13307885843045292,0.7315868831832162,0.08772993337569014,0.4340415578339082,0.7520386983911369,-2.079441541671836,2.079441541671836,8.627580078077228,0.0,0.0,0.0,0.1
random,37,46,0.6572005518458891,0.13307885843045292,0.7315868831832162,0.08772993337569014,0.4340415578339082,0.7520386983911369,-2.079441541671836,2.079441541671836,8.627580078077228,0.0,0.0,0.0,0.1
random,37,47,0.6572005518458891,0.13307885843045292,0.7315868831832162,0.08772993337569014,0.4340415578339082,0.7520386983911369,-2.079441541671836,2.079441541671836,8.627580078077228,0.0,0.0,0.0,0.1
random,37,48,0.6572005518458891,0.13307885843045292,0.7315868831832162,0.08772993337569014,0.4340415578339082,0.7520386983911369,-2.079441541671836,2.079441541671836,8.627580078077228,0.0,0.0,0.0,0.1
random,37,49,0.6572005518458891,0.13307885843045292,0.7315868831832162,0.08772993337569014,0.4340415578339082,0.7520386983911369,-2.079441541671836,2.079441541671836,8.627580078077228,0.0,0.0,0.0,0.1
random,37,50,0.6572005518458891,0.13307885843045292,0.7315868831832162,0.08772993337569014,0.4340415578339082,0.7520386983911369,-2.079441541671836,2.079441541671836,8.627580078077228,0.0,0.0,0.0,0.1
random,37,51,0.6572005518458891,0.13307885843045292,0.7315868831832162,0.08772993337569014,0.4340415578339082,0.7520386983911369,-2.079441541671836,2.079441541671836,8.627580078077228,0.0,0.0,0.0,0.1
random,37,52,0.6572005518458891,0.13307885843045292,0.7315868831832162,0.08772993337569014,0.4340415578339082,0.7520386983911369,-2.079441541671836,2.079441541671836,8.627580078077228,0.0,0.0,0.0,0.1
random,37,53,0.6572005518458891,0.13307885843045292,0.7315868831832162,0.08772993337569014,0.4340415578339082,0.7520386983911369,-2.079441541671836,2.079441541671836,8.627580078077228,0.0,0.0,0.0,0.1
random,37,54,0.6572005518458891,0.13307885843045292,0.7315868831832162,0.08772993337569014,0.4340415578339082,0.7520386983911369,-2.079441541671836,2.079441541671836,8.627580078077228,0.0,0.0,0.0,0.1
random,37,55,0.6572005518458891,0.13307885843045292,0.7315868831832162,0.08772993337569014,0.4340415578339082,0.7520386983911369,-2.079441541671836,2.079441541671836,8.627580078077228,0.0,0.0,0.0,0.1
random,37,56,0.6572005518458891,0.13307885843045292,0.7315868831832162,0.08772993337569014,0.4340415578339082,0.7520386983911369,-2.079441541671836,2.079441541671836,8.627580078077228,0.0,0.0,0.0,0.1
random,37,57,0.6572005518458891,0.13307885843045292,0.7315868831832162,0.08772993337569014,0.4340415578339082,0.7520386983911369,-2.079441541671836,2.079441541671836,8.627580078077228,0.0,0.0,0.0,0.1
random,37,58,0.6572005518458891,0.13307885843045292,0.7315868831832162,0.08772993337569014,0.4340415578339082,0.7520386983911369,-2.079441541671836,2.079441541671836,8.627580078077228,0.0,0.0,0.0,0.1
random,37,59,0.6572005518458891,0.13307885843045292,0.7315868831832162,0.08772993337569014,0.4340415578339082,0.7520386983911369,-2.079441541671836,2.079441541671836,8.627580078077228,0.0,0.0,0.0,0.1
random,37,60,0.6572005518458891,0.13307885843045292,0.7315868831832162,0.08772993337569014,0.4340415578339082,0.7520386983911369,-2.079441541671836,2.079441541671836,8.627580078077228,0.0,0.0,0.0,0.1
random,37,61,0.6572005518458891,0.13307885843045292,0.7315868831832162,0.08772993337569014,0.4340415578339082,0.7520386983911369,-2.079441541671836,2.079441541671836,8.627580078077228,0.0,0.0,0.0,0.1
random,37,62,0.6572005518458891,0.13307885843045292,0.7315868831832162,0.08772993337569014,0.4340415578339082,0.7520386983911369,-2.079441541671836,2.079441541671836,8.627580078077228,0.0,0.0,0.0,0.1
random,37,63,0.6572005518458891,0.13307885843045292,0.7315868831832162,0.08772993337569014,0.4340415578339082,0.7520386983911369,-2.079441541671836,2.079441541671836,8.627580078077228,0.0,0.0,0.0,0.1
random,37,64,0.6572005518458891,0.13307885843045292,0.7315868831832162,0.08772993337569014,0.4340415578339082,0.7520386983911369,-2.079441541671836,2.079441541671836,8.627580078077228,0.0,0.0,0.0,0.1
random,37,65,0.6572005518458891,0.13307885843045292,0.7315868831832162,0.08772993337569014,0.4340415578339082,0.7520386983911369,-2.079441541671836,2.079441541671836,8.627580078077228,0.0,0.0,0.0,0.1
random,37,66,0.6572005518458891,0.13307885843045292,0.7315868831832162,0.08772993337569014,0.4340415578339082,0.7520386983911369,-2.079441541671836,2.079441541671836,8.627580078077228,0.0,0.0,0.0,0.1
random,37,67,0.6572005518458891,0.13307885843045292,0.7315868831832162,0.08772993337569014,0.4340415578339082,0.7520386983911369,-2.079441541671836,2.079441541671836,8.627580078077228,0.0,0.0,0.0,0.1
random,37,68,0.6572005518458891,0.13307885843045292,0.7315868831832162,0.08772993337569014,0.4340415578339082,0.7520386983911369,-2.079441541671836,2.079441541671836,8.627580078077228,0.0,0.0,0.0,0.1
random,37,69,0.6572005518458891,0.13307885843045292,0.7315868831832162,0.08772993337569014,0.4340415578339082,0.7520386983911369,-2.079441541671836,2.079441541671836,8.627580078077228,0.0,0.0,0.0,0.1
random,37,70,0.6572005518458891,0.13307885843045292,0.7315868831832162,0.08772993337569014,0.4340415578339082,0.7520386983911369,-2.079441541671836,2.079441541671836,8.627580078077228,0.0,0.0,0.0,0.1
random,37,71,0.6572005518458891,0.13307885843045292,0.7315868831832162,0.08772993337569014,0.4340415578339082,0.7520386983911369,-2.079441541671836,2.079441541671836,8.627580078077228,0.0,0.0,0.0,0.1
random,37,72,0.6572005518458891,0.13307885843045292,0.7315868831832162,0.08772993337569014,0.4340415578339082,0.7520386983911369,-2.079441541671836,2.079441541671836,8.627580078077228,0.0,0.0,0.0,0.1
random,37,73,0.6572005518458891,0.13307885843045292,0.7315868831832162,0.08772993337569014,0.4340415578339082,0.7520386983911369,-2.079441541671836,2.079441541671836,8.627580078077228,0.0,0.0,0.0,0.1
random,37,74,0.6572005518458891,0.13307885843045292,0.7315868831832162,0.08772993337569014,0.4340415578339082,0.7520386983911369,-2.079441541671836,2.079441541671836,8.627580078077228,0.0,0.0,0.0,0.1
random,37,75,0.6572005518458891,0.13307885843045292,0.7315868831832162,0.08772993337569014,0.4340415578339082,0.7520386983911369,-2.079441541671836,2.079441541671836,8.627580078077228,0.0,0.0,0.0,0.1
random,37,76,0.6572005518458891,0.13307885843045292,0.7315868831832162,0.08772993337569014,0.4340415578339082,0.7520386983911369,-2.079441541671836,2.079441541671836,8.627580078077228,0.0,0.0,0.0,0.1
random,37,77,0.6572005518458891,0.13307885843045292,0.7315868831832162,0.08772993337569014,0.4340415578339082,0.7520386983911369,-2.079441541671836,2.079441541671836,8.627580078077228,0.0,0.0,0.0,0.1
random,37,78,0.6572005518458891,0.13307885843045292,0.7315868831832162,0.08772993337569014,0.4340415578339082,0.7520386983911369,-2.079441541671836,2.079441541671836,8.627580078077228,0.0,0.0,0.0,0.1
random,37,79,0.6572005518458891,0.13307885843045292,0.7315868831832162,0.08772993337569014,0.4340415578339082,0.7520386983911369,-2.079441541671836,2.079441541671836,8.627580078077228,0.0,0.0,0.0,0.1
random,37,80,0.6572005518458891,0.13307885843045292,0.7315868831832162,0.08772993337569014,0.4340415578339082,0.7520386983911369,-2.079441541671836,2.079441541671836,8.627580078077228,0.0,0.0,0.0,0.1
random,37,81,0.6572005518458891,0.13307885843045292,0.7315868831832162,0.08772993337569014,0.4340415578339082,0.7520386983911369,-2.079441541671836,2.079441541671836,8.627580078077228,0.0,0.0,0.0,0.1
random,37,82,0.6572005518458891,0.13307885843045292,0.7315868831832162,0.08772993337569014,0.4340415578339082,0.7520386983911369,-2.079441541671836,2.079441541671836,8.627580078077228,0.0,0.0,0.0,0.1
random,37,83,0.6572005518458891,0.13307885843045292,0.7315868831832162,0.08772993337569014,0.4340415578339082,0.7520386983911369,-2.079441541671836,2.079441541671836,8.627580078077228,0.0,0.0,0.0,0.1
random,37,84,0.6572005518458891,0.13307885843045292,0.7315868831832162,0.08772993337569014,0.4340415578339082,0.7520386983911369,-2.079441541671836,2.079441541671836,8.627580078077228,0.0,0.0,0.0,0.1
random,37,85,0.6572005518458891,0.13307885843045292,0.7315868831832162,0.08772993337569014,0.4340415578339082,0.7520386983911369,-2.079441541671836,2.079441541671836,8.627580078077228,0.0,0.0,0.0,0.1
random,37,86,0.6572005518458891,0.13307885843045292,0.7315868831832162,0.08772993337569014,0.4340415578339082,0.7520386983911369,-2.079441541671836,2.079441541671836,8.627580078077228,0.0,0.0,0.0,0.1
random,37,87,0.6572005518458891,0.13307885843045292,0.7315868831832162,0.08772993337569014,0.4340415578339082,0.7520386983911369,-2.079441541671836,2.079441541671836,8.627580078077228,0.0,0.0,0.0,0.1
random,37,88,0.6572005518458891,0.13307885843045292,0.7315868831832162,0.08772993337569014,0.4340415578339082,0.7520386983911369,-2.079441541671836,2.079441541671836,8.627580078077228,0.0,0.0,0.0,0.1
random,37,89,0.6572005518458891,0.13307885843045292,0.7315868831832162,0.08772993337569014,0.4340415578339082,0.7520386983911369,-2.079441541671836,2.079441541671836,8.627580078077228,0.0,0.0,0.0,0.1
random,37,90,0.6572005518458891,0.13307885843045292,0.7315868831832162,0.08772993337569014,0.4340415578339082,0.7520386983911369,-2.079441541671836,2.079441541671836,8.627580078077228,0.0,0.0,0.0,0.1
random,37,91,0.6572005518458891,0.13307885843045292,0.7315868831832162,0.08772993337569014,0.4340415578339082,0.7520386983911369,-2.079441541671836,2.079441541671836,8.627580078077228,0.0,0.0,0.0,0.1
random,37,92,0.6572005518458891,0.13307885843045292,0.7315868831832162,0.08772993337569014,0.4340415578339082,0.7520386983911369,-2.079441541671836,2.079441541671836,8.627580078077228,0.0,0.0,0.0,0.1
random,37,93,0.6572005518458891,0.13307885843045292,0.7315868831832162,0.08772993337569014,0.4340415578339082,0.7520386983911369,-2.079441541671836,2.079441541671836,8.627580078077228,0.0,0.0,0.0,0.1
random,37,94,0.6572005518458891,0.13307885843045292,0.7315868831832162,0.08772993337569014,0.4340415578339082,0.7520386983911369,-2.079441541671836,2.079441541671836,8.627580078077228,0.0,0.0,0.0,0.1
random,37,95,0.6572005518458891,0.13307885843045292,0.7315868831832162,0.08772993337569014,0.4340415578339082,0.7520386983911369,-2.079441541671836,2.079441541671836,8.627580078077228,0.0,0.0,0.0,0.1
random,37,96,0.6572005518458891,0.13307885843045292,0.7315868831832162,0.08772993337569014,0.4340415578339082,0.7520386983911369,-2.079441541671836,2.079441541671836,8.627580078077228,0.0,0.0,0.0,0.1
random,37,97,0.6572005518458891,0.13307885843045292,0.7315868831832162,0.08772993337569014,0.4340415578339082,0.7520386983911369,-2.079441541671836,2.079441541671836,8.627580078077228,0.0,0.0,0.0,0.1
random,37,98,0.6572005518458891,0.13307885843045292,0.7315868831832162,0.08772993337569014,0.4340415578339082,0.7520386983911369,-2.079441541671836,2.079441541671836,8.627580078077228,0.0,0.0,0.0,0.1
random,37,99,0.6572005518458891,0.13307885843045292,0.7315868831832162,0.08772993337569014,0.4340415578339082,0.7520386983911369,-2.079441541671836,2.079441541671836,8.627580078077228,0.0,0.0,0.0,0.1
feature_informed,0,0,0.861186098260742,0.12819839397056518,0.7047570484160232,0.2689197089091867,1.3304732477948984,0.7451455069068856,-3.102671883414231,3.102671883414231,8.205438298832538,0.15825233649871318,1.1102230246251565e-16,0.15110652058047447,0.1
feature_informed,0,1,0.83759667856663,0.12982591552137623,0.7137041752002043,0.24442254915414885,1.2092741886659069,0.7369270764160862,-3.050640361532936,3.050640361532936,8.353171867670161,0.049707215893503416,1.1102230246251565e-16,0.02358941969411199,0.1
feature_informed,0,2,0.8150449356785072,0.13144817083298466,0.7226223513939629,0.22078189901579826,1.0923126885321406,0.7153084425536714,-2.995393824135726,2.995393824135726,8.397493841631892,0.04302635621070782,5.551115123125783e-17,0.022551742888122783,0.1
feature_informed,0,3,0.7787462044630753,0.13222116508015852,0.7268718051289753,0.18885787304712073,0.9343694024653748,0.7105316573268669,-2.8460717674548253,2.8460717674548253,8.451701398498768,0.0540511421703684,5.551115123125783e-17,0.03629873121543192,0.1
feature_informed,0,4,0.7517083596334095,0.13201122925274986,0.7257177052257014,0.16769776564846361,0.8296803228565338,0.7472797142811689,-2.6865812663881865,2.6865812663881865,8.52539356128012,0.045889663414524544,2.7755575615628914e-17,0.027037844829665758,0.1
feature_informed,0,5,0.7394323248166228,0.1318818586505811,0.7250065040872754,0.15820392362681615,0.7827097870046653,0.7691088419804442,-2.6121377547793503,2.6121377547793503,8.589281004926804,0.02516829985507422,1.3877787807814457e-17,0.01227603481678674,0.1
feature_informed,0,6,0.7342053018773256,0.13103302256459393,0.7203401179023854,0.15680746690829603,0.7758008538021461,0.7817364653907892,-2.586238320160666,2.586238320160666,8.61253076228989,0.021626876572072917,2.7755575615628914e-17,0.005227022939297221,0.1
feature_informed,0,7,0.725852561352335,0.1304389511741272,0.7170742735596719,0.152034641537424,0.7521874247303245,0.7913558205095166,-2.5411939475666294,2.5411939475666294,8.609319727164985,0.02705002809674914,1.3877787807814457e-17,0.008352740524990576,0.1
feature_informed,0,8,0.7129674192542176,0.13029546664545358,0.7162854826100394,0.14209538843831962,0.7030132291867521,0.7868094645035557,-2.4614580854512216,2.4614580854512216,8.610966719515545,0.03268073361738664,5.551115123125783e-17,0.01288514209811742,0.1
feature_informed,0,9,0.6982917791064738,0.13140121876699934,0.7223642374003629,0.12654425545096104,0.6260744042248063,0.7625696369623676,-2.3805588043565384,2.3805588043565384,8.619232848219369,0.03476410069056487,0.0,0.014675640147743807,0.1
feature_informed,0,10,0.6893952703484606,0.13286064362747207,0.730387270491463,0.11448655990621978,0.5664192699194532,0.7429434900121852,-2.340316432161676,2.340316432161676,8.645138405777205,0.02451900224457269,1.3877787807814457e-17,0.008896508758013177,0.1
feature_informed,0,11,0.6834926649443402,0.13316515798708156,0.7320613058255402,0.10869925752691972,0.5377867423007404,0.7553002014308454,-2.3067524456786197,2.3067524456786197,8.667199661697262,0.02316098091257798,0.0,0.0059026054041203535,0.1
feature_informed,0,12,0.6750808804713568,0.13361194605599627,0.7345174757584344,0.10040903744473237,0.49677109461012414,0.7555741449763153,-2.2593493442799675,2.2593493442799675,8.675555690449954,0.027482630079842443,1.3877787807814457e-17,0.008411784472983408,0.1
feature_informed,0,13,0.6679061374396581,0.13329362337651235,0.7327675306531277,0.0956694193758959,0.473321957799249,0.7616854079016198,-2.2080995281637072,2.2080995281637072,8.685940264477173,0.022015993383021747,1.3877787807814457e-17,0.007174743031698738,0.1
feature_informed,0,14,0.6630287217187154,0.1323219696360806,0.7274259674636052,0.09496502489743955,0.4698369844840462,0.7779847405338108,-2.1612136978204566,2.1612136978204566,8.689061542065186,0.02143144568272081,1.3877787807814457e-17,0.0048774157209426905,0.1
feature_informed,0,15,0.6630168954637026,0.13231487214652687,0.7273869497689671,0.09497912260970998,0.4699067325479088,0.7784826890361793,-2.1607775349619605,2.1607775349619605,8.685666126041511,0.0010587099903163746,1.3877787807814457e-17,1.182625501283674e-05,0.1
feature_informed,0,16,0.6630023191353629,0.1323069925276231,0.7273436324013366,0.09499360409877211,0.4699783793374415,0.7790413716687858,-2.1602703741973475,2.1602703741973475,8.686329194930908,0.0011753777430921106,1.3877787807814457e-17,1.4576328339677147e-05,0.1
feature_informed,0,17,0.6629843532325785,0.1322982445902576,0.7272955415452307,0.09500823963971197,0.4700507882946223,0.7796688616562103,-2.1596788121099046,2.1596788121099046,8.687067889744496,0.0013049020521129328,0.0,1.7965902784355947e-05,0.1
feature_informed,0,18,0.6629622095448591,0.1322885326474485,0.7272421511716345,0.09502271093779124,0.47012238466453304,0.7803744497101482,-2.158986557116511,2.158986557116511,8.68789113811626,0.0014486996845193068,0.0,2.2143687719466953e-05,0.1
feature_informed,0,19,0.6629349165715134,0.1322777504676973,0.7271828772841731,0.0950365866590259,0.47019103443353455,0.7811688571509247,-2.158173727460619,2.158173727460619,8.68880898927023,0.0016083435323961664,1.3877787807814457e-17,2.7292973345693916e-05,0.1
feature_informed,0,20,0.6629012768994097,0.13226578011300383,0.7271170715312226,0.09504929184381047,0.4702538930039708,0.7820644919920111,-2.157215953372745,2.157215953372745,8.689832769544427,0.001785579817433946,0.0,3.363967210368024e-05,0.1
feature_informed,0,21,0.6628598146693732,0.132252490648833,0.7270440141140898,0.09506006973411546,0.47030721633522315,0.7830757577262476,-2.156083217439906,2.156083217439906,8.690975262434911,0.0019823471915091312,0.0,4.1462230036537484e-05,0.1
feature_informed,0,22,0.6628087108264372,0.13223773671192215,0.7269629059136845,0.09506793419789243,0.47034612556469524,0.7842194270006666,-2.1547383387981593,2.1547383387981593,8.692250917562268,0.0022007979421113386,0.0,5.110384293594006e-05,0.1
feature_informed,0,23,0.6627457233132108,0.1322213569202638,0.7268728597495691,0.09507161050618951,0.470364314004136,0.7855150955038673,-2.153134962266375,2.153134962266375,8.693676093837169,0.002443321534566411,1.3877787807814457e-17,6.298751322642016e-05,0.1
feature_informed,0,24,0.6626680887050381,0.13220317210787152,0.7267728906757714,0.09506946169015558,0.47035368279283807,0.7869857354389863,-2.1512148412161634,2.1512148412161634,8.695269343160277,0.002712570748566203,0.0,7.763460817267198e-05,0.1
feature_informed,0,25,0.6625724009714321,0.13218298336502063,0.7266619052072164,0.09505939705322933,0.47030388826407904,0.7886583732254354,-2.148904080143397,2.148904080143397,8.697051742274647,0.003011490694892441,0.0,9.568773360602023e-05,0.1
feature_informed,0,26,0.6624544620447321,0.13216056986252706,0.7265386893589301,0.09503875860955385,0.47020178010213837,0.7905649229981592,-2.1461077832056215,2.1461077832056215,8.699047281944202,0.0033433510297261244,1.3877787807814457e-17,0.00011793892669997863,0.1
feature_informed,0,27,0.6623090976400485,0.13213568643626616,0.7264018953671884,0.09500418022751557,0.4700307044586291,0.7927432166753782,-2.142702136782341,2.142702136782341,8.701283324518455,0.0037117817189104303,0.0,0.00014536440468360112,0.1
feature_informed,0,28,0.66212993024604,0.1321080609055104,0.7262500269473637,0.09495141303348721,0.46976964014206896,0.7952382837496113,-2.138522094746964,2.138522094746964,8.703791143232475,0.004120812743364952,1.3877787807814457e-17,0.0001791673940084726,0.1
feature_informed,0,29,0.6619090993270426,0.13207739109575284,0.7260814229272138,0.09487510912137996,0.4693921285265292,0.7981039508680432,-2.1333408893629775,2.1333408893629775,8.70660655936755,0.00457491817995798,0.0,0.0002208309189974944,0.1
feature_informed,0,30,0.6616369164610968,0.1320433415334519,0.725894239076591,0.09476855375193532,0.46886494861461403,0.8014048547540393,-2.1268325819882703,2.1268325819882703,8.709770696765549,0.005079065140004184,0.0,0.00027218286594576924,0.1
feature_informed,0,31,0.6613014402838892,0.13200553977654336,0.7256864279348233,0.09462333392978103,0.46814647733108655,0.805218995273892,-2.1184934199321077,2.1184934199321077,8.713330877272025,0.005638768100688254,0.0,0.00033547617720763867,0.1
feature_informed,0,32,0.6608879525903024,0.1319635723405822,0.7254557164151114,0.09442892841501599,0.46718466111587553,0.809641003588048,-2.107434485728021,2.107434485728021,8.717341685627563,0.006260149223704019,0.0,0.00041348769358673376,0.1
feature_informed,0,33,0.6603783126087966,0.131916980175953,0.7251995809409733,0.09417220073482661,0.46591450761226694,0.8147863717995828,-2.091496292187617,2.091496292187617,8.72186623830926,0.006950005320888915,1.3877787807814457e-17,0.0005096399815057717,0.1
feature_informed,0,34,0.6601045036309371,0.13189376453345797,0.7250719554132647,0.09402821628153064,0.46520214828395395,0.8174447163617056,-2.079441541671836,2.079441541671836,8.72697769805133,0.0034630037078577825,0.0,0.0002738089778595576,0.1
feature_informed,0,35,0.6601045036309371,0.13189376453345797,0.7250719554132647,0.09402821628153064,0.46520214828395395,0.8174447163617056,-2.079441541671836,2.079441541671836,8.729559239980823,0.0,0.0,0.0,0.1
feature_informed,0,36,0.6601045036309371,0.13189376453345797,0.7250719554132647,0.09402821628153064,0.46520214828395395,0.8174447163617056,-2.079441541671836,2.079441541671836,8.729559239980823,0.0,0.0,0.0,0.1
feature_informed,0,37,0.6601045036309371,0.13189376453345797,0.7250719554132647,0.09402821628153064,0.46520214828395395,0.8174447163617056,-2.079441541671836,2.079441541671836,8.729559239980823,0.0,0.0,0.0,0.1
feature_informed,0,38,0.6601045036309371,0.13189376453345797,0.7250719554132647,0.09402821628153064,0.46520214828395395,0.8174447163617056,-2.079441541671836,2.079441541671836,8.729559239980823,0.0,0.0,0.0,0.1
feature_informed,0,39,0.6601045036309371,0.13189376453345797,0.7250719554132647,0.09402821628153064,0.46520214828395395,0.8174447163617056,-2.079441541671836,2.079441541671836,8.729559239980823,0.0,0.0,0.0,0.1
feature_informed,0,40,0.6601045036309371,0.13189376453345797,0.7250719554132647,0.09402821628153064,0.46520214828395395,0.8174447163617056,-2.079441541671836,2.079441541671836,8.729559239980823,0.0,0.0,0.0,0.1
feature_informed,0,41,0.6601045036309371,0.13189376453345797,0.7250719554132647,0.09402821628153064,0.46520214828395395,0.8174447163617056,-2.079441541671836,2.079441541671836,8.729559239980823,0.0,0.0,0.0,0.1
feature_informed,0,42,0.6601045036309371,0.13189376453345797,0.7250719554132647,0.09402821628153064,0.46520214828395395,0.8174447163617056,-2.079441541671836,2.079441541671836,8.729559239980823,0.0,0.0,0.0,0.1
feature_informed,0,43,0.6601045036309371,0.13189376453345797,0.7250719554132647,0.09402821628153064,0.46520214828395395,0.8174447163617056,-2.079441541671836,2.079441541671836,8.729559239980823,0.0,0.0,0.0,0.1
feature_informed,0,44,0.6601045036309371,0.13189376453345797,0.7250719554132647,0.09402821628153064,0.46520214828395395,0.8174447163617056,-2.079441541671836,2.079441541671836,8.729559239980823,0.0,0.0,0.0,0.1
feature_informed,0,45,0.6601045036309371,0.13189376453345797,0.7250719554132647,0.09402821628153064,0.46520214828395395,0.8174447163617056,-2.079441541671836,2.079441541671836,8.729559239980823,0.0,0.0,0.0,0.1
feature_informed,0,46,0.6601045036309371,0.13189376453345797,0.7250719554132647,0.09402821628153064,0.46520214828395395,0.8174447163617056,-2.079441541671836,2.079441541671836,8.729559239980823,0.0,0.0,0.0,0.1
feature_informed,0,47,0.6601045036309371,0.13189376453345797,0.7250719554132647,0.09402821628153064,0.46520214828395395,0.8174447163617056,-2.079441541671836,2.079441541671836,8.729559239980823,0.0,0.0,0.0,0.1
feature_informed,0,48,0.6601045036309371,0.13189376453345797,0.7250719554132647,0.09402821628153064,0.46520214828395395,0.8174447163617056,-2.079441541671836,2.079441541671836,8.729559239980823,0.0,0.0,0.0,0.1
feature_informed,0,49,0.6601045036309371,0.13189376453345797,0.7250719554132647,0.09402821628153064,0.46520214828395395,0.8174447163617056,-2.079441541671836,2.079441541671836,8.729559239980823,0.0,0.0,0.0,0.1
feature_informed,0,50,0.6601045036309371,0.13189376453345797,0.7250719554132647,0.09402821628153064,0.46520214828395395,0.8174447163617056,-2.079441541671836,2.079441541671836,8.729559239980823,0.0,0.0,0.0,0.1
feature_informed,0,51,0.6601045036309371,0.13189376453345797,0.7250719554132647,0.09402821628153064,0.46520214828395395,0.8174447163617056,-2.079441541671836,2.079441541671836,8.729559239980823,0.0,0.0,0.0,0.1
feature_informed,0,52,0.6601045036309371,0.13189376453345797,0.7250719554132647,0.09402821628153064,0.46520214828395395,0.8174447163617056,-2.079441541671836,2.079441541671836,8.729559239980823,0.0,0.0,0.0,0.1
feature_informed,0,53,0.6601045036309371,0.13189376453345797,0.7250719554132647,0.09402821628153064,0.46520214828395395,0.8174447163617056,-2.079441541671836,2.079441541671836,8.729559239980823,0.0,0.0,0.0,0.1
feature_informed,0,54,0.6601045036309371,0.13189376453345797,0.7250719554132647,0.09402821628153064,0.46520214828395395,0.8174447163617056,-2.079441541671836,2.079441541671836,8.729559239980823,0.0,0.0,0.0,0.1
feature_informed,0,55,0.6601045036309371,0.13189376453345797,0.7250719554132647,0.09402821628153064,0.46520214828395395,0.8174447163617056,-2.079441541671836,2.079441541671836,8.729559239980823,0.0,0.0,0.0,0.1
feature_informed,0,56,0.6601045036309371,0.13189376453345797,0.7250719554132647,0.09402821628153064,0.46520214828395395,0.8174447163617056,-2.079441541671836,2.079441541671836,8.729559239980823,0.0,0.0,0.0,0.1
feature_informed,0,57,0.6601045036309371,0.13189376453345797,0.7250719554132647,0.09402821628153064,0.46520214828395395,0.8174447163617056,-2.079441541671836,2.079441541671836,8.729559239980823,0.0,0.0,0.0,0.1
feature_informed,0,58,0.6601045036309371,0.13189376453345797,0.7250719554132647,0.09402821628153064,0.46520214828395395,0.8174447163617056,-2.079441541671836,2.079441541671836,8.729559239980823,0.0,0.0,0.0,0.1
feature_informed,0,59,0.6601045036309371,0.13189376453345797,0.7250719554132647,0.09402821628153064,0.46520214828395395,0.8174447163617056,-2.079441541671836,2.079441541671836,8.729559239980823,0.0,0.0,0.0,0.1
feature_informed,0,60,0.6601045036309371,0.13189376453345797,0.7250719554132647,0.09402821628153064,0.46520214828395395,0.8174447163617056,-2.079441541671836,2.079441541671836,8.729559239980823,0.0,0.0,0.0,0.1
feature_informed,0,61,0.6601045036309371,0.13189376453345797,0.7250719554132647,0.09402821628153064,0.46520214828395395,0.8174447163617056,-2.079441541671836,2.079441541671836,8.729559239980823,0.0,0.0,0.0,0.1
feature_informed,0,62,0.6601045036309371,0.13189376453345797,0.7250719554132647,0.09402821628153064,0.46520214828395395,0.8174447163617056,-2.079441541671836,2.079441541671836,8.729559239980823,0.0,0.0,0.0,0.1
feature_informed,0,63,0.6601045036309371,0.13189376453345797,0.7250719554132647,0.09402821628153064,0.46520214828395395,0.8174447163617056,-2.079441541671836,2.079441541671836,8.729559239980823,0.0,0.0,0.0,0.1
feature_informed,0,64,0.6601045036309371,0.13189376453345797,0.7250719554132647,0.09402821628153064,0.46520214828395395,0.8174447163617056,-2.079441541671836,2.079441541671836,8.729559239980823,0.0,0.0,0.0,0.1
feature_informed,0,65,0.6601045036309371,0.13189376453345797,0.7250719554132647,0.09402821628153064,0.46520214828395395,0.8174447163617056,-2.079441541671836,2.079441541671836,8.729559239980823,0.0,0.0,0.0,0.1
feature_informed,0,66,0.6601045036309371,0.13189376453345797,0.7250719554132647,0.09402821628153064,0.46520214828395395,0.8174447163617056,-2.079441541671836,2.079441541671836,8.729559239980823,0.0,0.0,0.0,0.1
feature_informed,0,67,0.6601045036309371,0.13189376453345797,0.7250719554132647,0.09402821628153064,0.46520214828395395,0.8174447163617056,-2.079441541671836,2.079441541671836,8.729559239980823,0.0,0.0,0.0,0.1
feature_informed,0,68,0.6601045036309371,0.13189376453345797,0.7250719554132647,0.09402821628153064,0.46520214828395395,0.8174447163617056,-2.079441541671836,2.079441541671836,8.729559239980823,0.0,0.0,0.0,0.1
feature_informed,0,69,0.6601045036309371,0.13189376453345797,0.7250719554132647,0.09402821628153064,0.46520214828395395,0.8174447163617056,-2.079441541671836,2.079441541671836,8.729559239980823,0.0,0.0,0.0,0.1
feature_informed,0,70,0.6601045036309371,0.13189376453345797,0.7250719554132647,0.09402821628153064,0.46520214828395395,0.8174447163617056,-2.079441541671836,2.079441541671836,8.729559239980823,0.0,0.0,0.0,0.1
feature_informed,0,71,0.6601045036309371,0.13189376453345797,0.7250719554132647,0.09402821628153064,0.46520214828395395,0.8174447163617056,-2.079441541671836,2.079441541671836,8.729559239980823,0.0,0.0,0.0,0.1
feature_informed,0,72,0.6601045036309371,0.13189376453345797,0.7250719554132647,0.09402821628153064,0.46520214828395395,0.8174447163617056,-2.079441541671836,2.079441541671836,8.729559239980823,0.0,0.0,0.0,0.1
feature_informed,0,73,0.6601045036309371,0.13189376453345797,0.7250719554132647,0.09402821628153064,0.46520214828395395,0.8174447163617056,-2.079441541671836,2.079441541671836,8.729559239980823,0.0,0.0,0.0,0.1
feature_informed,0,74,0.6601045036309371,0.13189376453345797,0.7250719554132647,0.09402821628153064,0.46520214828395395,0.8174447163617056,-2.079441541671836,2.079441541671836,8.729559239980823,0.0,0.0,0.0,0.1
feature_informed,0,75,0.6601045036309371,0.13189376453345797,0.7250719554132647,0.09402821628153064,0.46520214828395395,0.8174447163617056,-2.079441541671836,2.079441541671836,8.729559239980823,0.0,0.0,0.0,0.1
feature_informed,0,76,0.6601045036309371,0.13189376453345797,0.7250719554132647,0.09402821628153064,0.46520214828395395,0.8174447163617056,-2.079441541671836,2.079441541671836,8.729559239980823,0.0,0.0,0.0,0.1
feature_informed,0,77,0.6601045036309371,0.13189376453345797,0.7250719554132647,0.09402821628153064,0.46520214828395395,0.8174447163617056,-2.079441541671836,2.079441541671836,8.729559239980823,0.0,0.0,0.0,0.1
feature_informed,0,78,0.6601045036309371,0.13189376453345797,0.7250719554132647,0.09402821628153064,0.46520214828395395,0.8174447163617056,-2.079441541671836,2.079441541671836,8.729559239980823,0.0,0.0,0.0,0.1
feature_informed,0,79,0.6601045036309371,0.13189376453345797,0.7250719554132647,0.09402821628153064,0.46520214828395395,0.8174447163617056,-2.079441541671836,2.079441541671836,8.729559239980823,0.0,0.0,0.0,0.1
feature_informed,0,80,0.6601045036309371,0.13189376453345797,0.7250719554132647,0.09402821628153064,0.46520214828395395,0.8174447163617056,-2.079441541671836,2.079441541671836,8.729559239980823,0.0,0.0,0.0,0.1
feature_informed,0,81,0.6601045036309371,0.13189376453345797,0.7250719554132647,0.09402821628153064,0.46520214828395395,0.8174447163617056,-2.079441541671836,2.079441541671836,8.729559239980823,0.0,0.0,0.0,0.1
feature_informed,0,82,0.6601045036309371,0.13189376453345797,0.7250719554132647,0.09402821628153064,0.46520214828395395,0.8174447163617056,-2.079441541671836,2.079441541671836,8.729559239980823,0.0,0.0,0.0,0.1
feature_informed,0,83,0.6601045036309371,0.13189376453345797,0.7250719554132647,0.09402821628153064,0.46520214828395395,0.8174447163617056,-2.079441541671836,2.079441541671836,8.729559239980823,0.0,0.0,0.0,0.1
feature_informed,0,84,0.6601045036309371,0.13189376453345797,0.7250719554132647,0.09402821628153064,0.46520214828395395,0.8174447163617056,-2.079441541671836,2.079441541671836,8.729559239980823,0.0,0.0,0.0,0.1
feature_informed,0,85,0.6601045036309371,0.13189376453345797,0.7250719554132647,0.09402821628153064,0.46520214828395395,0.8174447163617056,-2.079441541671836,2.079441541671836,8.729559239980823,0.0,0.0,0.0,0.1
feature_informed,0,86,0.6601045036309371,0.13189376453345797,0.7250719554132647,0.09402821628153064,0.46520214828395395,0.8174447163617056,-2.079441541671836,2.079441541671836,8.729559239980823,0.0,0.0,0.0,0.1
feature_informed,0,87,0.6601045036309371,0.13189376453345797,0.7250719554132647,0.09402821628153064,0.46520214828395395,0.8174447163617056,-2.079441541671836,2.079441541671836,8.729559239980823,0.0,0.0,0.0,0.1
feature_informed,0,88,0.6601045036309371,0.13189376453345797,0.7250719554132647,0.09402821628153064,0.46520214828395395,0.8174447163617056,-2.079441541671836,2.079441541671836,8.729559239980823,0.0,0.0,0.0,0.1
feature_informed,0,89,0.6601045036309371,0.13189376453345797,0.7250719554132647,0.09402821628153064,0.46520214828395395,0.8174447163617056,-2.079441541671836,2.079441541671836,8.729559239980823,0.0,0.0,0.0,0.1
feature_informed,0,90,0.6601045036309371,0.13189376453345797,0.7250719554132647,0.09402821628153064,0.46520214828395395,0.8174447163617056,-2.079441541671836,2.079441541671836,8.729559239980823,0.0,0.0,0.0,0.1
feature_informed,0,91,0.6601045036309371,0.13189376453345797,0.7250719554132647,0.09402821628153064,0.46520214828395395,0.8174447163617056,-2.079441541671836,2.079441541671836,8.729559239980823,0.0,0.0,0.0,0.1
feature_informed,0,92,0.6601045036309371,0.13189376453345797,0.7250719554132647,0.09402821628153064,0.46520214828395395,0.8174447163617056,-2.079441541671836,2.079441541671836,8.729559239980823,0.0,0.0,0.0,0.1
feature_informed,0,93,0.6601045036309371,0.13189376453345797,0.7250719554132647,0.09402821628153064,0.46520214828395395,0.8174447163617056,-2.079441541671836,2.079441541671836,8.729559239980823,0.0,0.0,0.0,0.1
feature_informed,0,94,0.6601045036309371,0.13189376453345797,0.7250719554132647,0.09402821628153064,0.46520214828395395,0.8174447163617056,-2.079441541671836,2.079441541671836,8.729559239980823,0.0,0.0,0.0,0.1
feature_informed,0,95,0.6601045036309371,0.13189376453345797,0.7250719554132647,0.09402821628153064,0.46520214828395395,0.8174447163617056,-2.079441541671836,2.079441541671836,8.729559239980823,0.0,0.0,0.0,0.1
feature_informed,0,96,0.6601045036309371,0.13189376453345797,0.7250719554132647,0.09402821628153064,0.46520214828395395,0.8174447163617056,-2.079441541671836,2.079441541671836,8.729559239980823,0.0,0.0,0.0,0.1
feature_informed,0,97,0.6601045036309371,0.13189376453345797,0.7250719554132647,0.09402821628153064,0.46520214828395395,0.8174447163617056,-2.079441541671836,2.079441541671836,8.729559239980823,0.0,0.0,0.0,0.1
feature_informed,0,98,0.6601045036309371,0.13189376453345797,0.7250719554132647,0.09402821628153064,0.46520214828395395,0.8174447163617056,-2.079441541671836,2.079441541671836,8.729559239980823,0.0,0.0,0.0,0.1
feature_informed,0,99,0.6601045036309371,0.13189376453345797,0.7250719554132647,0.09402821628153064,0.46520214828395395,0.8174447163617056,-2.079441541671836,2.079441541671836,8.729559239980823,0.0,0.0,0.0,0.1
feature_informed,0,100,0.6601045036309371,0.13189376453345797,0.7250719554132647,0.09402821628153064,0.46520214828395395,0.8174447163617056,-2.079441541671836,2.079441541671836,8.729559239980823,0.0,0.0,0.0,0.1
feature_informed,0,101,0.6601045036309371,0.13189376453345797,0.7250719554132647,0.09402821628153064,0.46520214828395395,0.8174447163617056,-2.079441541671836,2.079441541671836,8.729559239980823,0.0,0.0,0.0,0.1
feature_informed,0,102,0.6601045036309371,0.13189376453345797,0.7250719554132647,0.09402821628153064,0.46520214828395395,0.8174447163617056,-2.079441541671836,2.079441541671836,8.729559239980823,0.0,0.0,0.0,0.1
feature_informed,0,103,0.6601045036309371,0.13189376453345797,0.7250719554132647,0.09402821628153064,0.46520214828395395,0.8174447163617056,-2.079441541671836,2.079441541671836,8.729559239980823,0.0,0.0,0.0,0.1
feature_informed,0,104,0.6601045036309371,0.13189376453345797,0.7250719554132647,0.09402821628153064,0.46520214828395395,0.8174447163617056,-2.079441541671836,2.079441541671836,8.729559239980823,0.0,0.0,0.0,0.1
feature_informed,0,105,0.6601045036309371,0.13189376453345797,0.7250719554132647,0.09402821628153064,0.46520214828395395,0.8174447163617056,-2.079441541671836,2.079441541671836,8.729559239980823,0.0,0.0,0.0,0.1
feature_informed,0,106,0.6601045036309371,0.13189376453345797,0.7250719554132647,0.09402821628153064,0.46520214828395395,0.8174447163617056,-2.079441541671836,2.079441541671836,8.729559239980823,0.0,0.0,0.0,0.1
feature_informed,0,107,0.6601045036309371,0.13189376453345797,0.7250719554132647,0.09402821628153064,0.46520214828395395,0.8174447163617056,-2.079441541671836,2.079441541671836,8.729559239980823,0.0,0.0,0.0,0.1
feature_informed,0,108,0.6601045036309371,0.13189376453345797,0.7250719554132647,0.09402821628153064,0.46520214828395395,0.8174447163617056,-2.079441541671836,2.079441541671836,8.729559239980823,0.0,0.0,0.0,0.1
feature_informed,0,109,0.6601045036309371,0.13189376453345797,0.7250719554132647,0.09402821628153064,0.46520214828395395,0.8174447163617056,-2.079441541671836,2.079441541671836,8.729559239980823,0.0,0.0,0.0,0.1
feature_informed,0,110,0.6601045036309371,0.13189376453345797,0.7250719554132647,0.09402821628153064,0.46520214828395395,0.8174447163617056,-2.079441541671836,2.079441541671836,8.729559239980823,0.0,0.0,0.0,0.1
feature_informed,0,111,0.6601045036309371,0.13189376453345797,0.7250719554132647,0.09402821628153064,0.46520214828395395,0.8174447163617056,-2.079441541671836,2.079441541671836,8.729559239980823,0.0,0.0,0.0,0.1
feature_informed,0,112,0.6601045036309371,0.13189376453345797,0.7250719554132647,0.09402821628153064,0.46520214828395395,0.8174447163617056,-2.079441541671836,2.079441541671836,8.729559239980823,0.0,0.0,0.0,0.1
feature_informed,0,113,0.6601045036309371,0.13189376453345797,0.7250719554132647,0.09402821628153064,0.46520214828395395,0.8174447163617056,-2.079441541671836,2.079441541671836,8.729559239980823,0.0,0.0,0.0,0.1
feature_informed,0,114,0.6601045036309371,0.13189376453345797,0.7250719554132647,0.09402821628153064,0.46520214828395395,0.8174447163617056,-2.079441541671836,2.079441541671836,8.729559239980823,0.0,0.0,0.0,0.1
